solid PARTassembly
   facet normal 0.0000 0.0000 1.0000
      outer loop
         vertex -10.0500 11.2419 0.0000
         vertex -10.1000 11.1823 0.0000
         vertex -10.0500 8.9000 0.0000
      endloop
   endfacet
   facet normal 0.0000 0.0000 1.0000
      outer loop
         vertex -10.0500 8.9000 0.0000
         vertex -10.1000 11.1823 0.0000
         vertex -10.1000 8.9000 0.0000
      endloop
   endfacet
   facet normal 0.0000 0.0000 1.0000
      outer loop
         vertex -10.0500 8.9000 0.0000
         vertex -10.1000 8.9000 0.0000
         vertex -8.6000 2.1500 0.0000
      endloop
   endfacet
   facet normal 0.0000 0.0000 1.0000
      outer loop
         vertex -8.6000 2.1500 0.0000
         vertex -10.1000 8.9000 0.0000
         vertex -10.3500 8.9000 0.0000
      endloop
   endfacet
   facet normal 0.0000 0.0000 1.0000
      outer loop
         vertex -8.6000 2.1500 0.0000
         vertex -10.3500 8.9000 0.0000
         vertex -10.3500 2.1500 0.0000
      endloop
   endfacet
   facet normal 0.0000 0.0000 1.0000
      outer loop
         vertex -8.6000 2.1500 0.0000
         vertex -8.6000 12.9699 0.0000
         vertex -9.4500 11.9569 0.0000
      endloop
   endfacet
   facet normal 0.0000 0.0000 1.0000
      outer loop
         vertex -8.6000 2.1500 0.0000
         vertex -9.4500 11.9569 0.0000
         vertex -9.4500 8.9000 0.0000
      endloop
   endfacet
   facet normal 0.0000 0.0000 1.0000
      outer loop
         vertex -8.6000 2.1500 0.0000
         vertex -9.4500 8.9000 0.0000
         vertex -10.0500 8.9000 0.0000
      endloop
   endfacet
   facet normal 0.0000 0.0000 1.0000
      outer loop
         vertex 1.5000 0.1000 0.0000
         vertex 1.5000 0.3511 0.0000
         vertex 1.4799 0.4261 0.0000
      endloop
   endfacet
   facet normal 0.0000 0.0000 1.0000
      outer loop
         vertex 1.5000 0.1000 0.0000
         vertex 1.4799 0.4261 0.0000
         vertex 1.4250 0.4810 0.0000
      endloop
   endfacet
   facet normal 0.0000 0.0000 1.0000
      outer loop
         vertex 1.5000 0.1000 0.0000
         vertex 1.4250 0.4810 0.0000
         vertex 1.3500 0.5011 0.0000
      endloop
   endfacet
   facet normal 0.0000 0.0000 1.0000
      outer loop
         vertex 1.5000 0.1000 0.0000
         vertex 1.3500 0.5011 0.0000
         vertex 1.3435 0.5009 0.0000
      endloop
   endfacet
   facet normal 0.0000 0.0000 1.0000
      outer loop
         vertex 1.5000 0.1000 0.0000
         vertex 1.3435 0.5009 0.0000
         vertex 1.3000 0.5000 0.0000
      endloop
   endfacet
   facet normal 0.0000 0.0000 1.0000
      outer loop
         vertex 1.5000 0.1000 0.0000
         vertex 1.3000 0.5000 0.0000
         vertex 0.8000 0.6340 0.0000
      endloop
   endfacet
   facet normal 0.0000 0.0000 1.0000
      outer loop
         vertex 1.5000 0.1000 0.0000
         vertex 0.8000 0.6340 0.0000
         vertex -1.5500 1.2000 0.0000
      endloop
   endfacet
   facet normal 0.0000 0.0000 1.0000
      outer loop
         vertex 1.5000 0.1000 0.0000
         vertex -1.5500 1.2000 0.0000
         vertex -1.6000 1.1866 0.0000
      endloop
   endfacet
   facet normal 0.0000 0.0000 1.0000
      outer loop
         vertex 1.5000 0.1000 0.0000
         vertex -1.6000 1.1866 0.0000
         vertex -1.6366 1.1500 0.0000
      endloop
   endfacet
   facet normal 0.0000 0.0000 1.0000
      outer loop
         vertex 1.5000 0.1000 0.0000
         vertex -1.6366 1.1500 0.0000
         vertex -1.6500 1.1000 0.0000
      endloop
   endfacet
   facet normal 0.0000 0.0000 1.0000
      outer loop
         vertex 1.5000 0.1000 0.0000
         vertex -1.6500 1.1000 0.0000
         vertex -1.8175 0.4750 0.0000
      endloop
   endfacet
   facet normal 0.0000 0.0000 1.0000
      outer loop
         vertex 1.5000 0.1000 0.0000
         vertex -1.8175 0.4750 0.0000
         vertex -2.1500 0.1000 0.0000
      endloop
   endfacet
   facet normal 0.0000 0.0000 1.0000
      outer loop
         vertex -1.5500 1.2000 0.0000
         vertex 0.8000 0.6340 0.0000
         vertex 0.4340 1.0000 0.0000
      endloop
   endfacet
   facet normal 0.0000 0.0000 1.0000
      outer loop
         vertex -1.5500 1.2000 0.0000
         vertex 0.4340 1.0000 0.0000
         vertex 0.3461 1.2000 0.0000
      endloop
   endfacet
   facet normal 0.0000 0.0000 1.0000
      outer loop
         vertex -4.5268 0.2000 0.0000
         vertex -4.5000 0.1000 0.0000
         vertex -4.2500 1.2000 0.0000
      endloop
   endfacet
   facet normal 0.0000 0.0000 1.0000
      outer loop
         vertex -4.2500 1.2000 0.0000
         vertex -4.5000 0.1000 0.0000
         vertex -3.9825 0.4750 0.0000
      endloop
   endfacet
   facet normal 0.0000 0.0000 1.0000
      outer loop
         vertex -4.2500 1.2000 0.0000
         vertex -3.9825 0.4750 0.0000
         vertex -4.2000 1.1866 0.0000
      endloop
   endfacet
   facet normal 0.0000 0.0000 1.0000
      outer loop
         vertex -4.2000 1.1866 0.0000
         vertex -3.9825 0.4750 0.0000
         vertex -4.1500 1.1000 0.0000
      endloop
   endfacet
   facet normal 0.0000 0.0000 1.0000
      outer loop
         vertex -4.2000 1.1866 0.0000
         vertex -4.1500 1.1000 0.0000
         vertex -4.1634 1.1500 0.0000
      endloop
   endfacet
   facet normal 0.0000 0.0000 1.0000
      outer loop
         vertex -4.2500 1.2000 0.0000
         vertex -6.3009 1.2000 0.0000
         vertex -6.1000 0.2732 0.0000
      endloop
   endfacet
   facet normal 0.0000 0.0000 1.0000
      outer loop
         vertex -4.2500 1.2000 0.0000
         vertex -6.1000 0.2732 0.0000
         vertex -6.0000 0.3000 0.0000
      endloop
   endfacet
   facet normal 0.0000 0.0000 1.0000
      outer loop
         vertex -4.2500 1.2000 0.0000
         vertex -6.0000 0.3000 0.0000
         vertex -4.7000 0.3000 0.0000
      endloop
   endfacet
   facet normal 0.0000 0.0000 1.0000
      outer loop
         vertex -4.2500 1.2000 0.0000
         vertex -4.7000 0.3000 0.0000
         vertex -4.6000 0.2732 0.0000
      endloop
   endfacet
   facet normal 0.0000 0.0000 1.0000
      outer loop
         vertex -4.2500 1.2000 0.0000
         vertex -4.6000 0.2732 0.0000
         vertex -4.5268 0.2000 0.0000
      endloop
   endfacet
   facet normal 0.0000 0.0000 1.0000
      outer loop
         vertex -6.3009 1.2000 0.0000
         vertex -6.3759 1.1799 0.0000
         vertex -6.2000 0.1000 0.0000
      endloop
   endfacet
   facet normal 0.0000 0.0000 1.0000
      outer loop
         vertex -6.3009 1.2000 0.0000
         vertex -6.2000 0.1000 0.0000
         vertex -6.1732 0.2000 0.0000
      endloop
   endfacet
   facet normal 0.0000 0.0000 1.0000
      outer loop
         vertex -6.3009 1.2000 0.0000
         vertex -6.1732 0.2000 0.0000
         vertex -6.1000 0.2732 0.0000
      endloop
   endfacet
   facet normal 0.0000 0.0000 1.0000
      outer loop
         vertex -6.2000 0.1000 0.0000
         vertex -6.3759 1.1799 0.0000
         vertex -6.4308 1.1250 0.0000
      endloop
   endfacet
   facet normal 0.0000 0.0000 1.0000
      outer loop
         vertex -6.2000 0.1000 0.0000
         vertex -6.4308 1.1250 0.0000
         vertex -6.4508 1.0554 0.0000
      endloop
   endfacet
   facet normal 0.0000 0.0000 1.0000
      outer loop
         vertex -6.2000 0.1000 0.0000
         vertex -6.4508 1.0554 0.0000
         vertex -6.6175 0.4750 0.0000
      endloop
   endfacet
   facet normal 0.0000 0.0000 1.0000
      outer loop
         vertex -6.2000 0.1000 0.0000
         vertex -6.6175 0.4750 0.0000
         vertex -6.9925 0.1000 0.0000
      endloop
   endfacet
   facet normal 0.0000 0.0000 1.0000
      outer loop
         vertex -3.9825 0.4750 0.0000
         vertex -4.5000 0.1000 0.0000
         vertex -3.6500 0.1000 0.0000
      endloop
   endfacet
   facet normal 0.0000 0.0000 1.0000
      outer loop
         vertex -9.0241 1.1799 0.0000
         vertex -9.0991 1.2000 0.0000
         vertex -8.7825 0.4750 0.0000
      endloop
   endfacet
   facet normal 0.0000 0.0000 1.0000
      outer loop
         vertex -9.0241 1.1799 0.0000
         vertex -8.7825 0.4750 0.0000
         vertex -8.9492 1.0554 0.0000
      endloop
   endfacet
   facet normal 0.0000 0.0000 1.0000
      outer loop
         vertex -9.0241 1.1799 0.0000
         vertex -8.9492 1.0554 0.0000
         vertex -8.9692 1.1250 0.0000
      endloop
   endfacet
   facet normal 0.0000 0.0000 1.0000
      outer loop
         vertex -9.8500 1.2000 0.0000
         vertex -9.8500 0.1000 0.0000
         vertex -8.4075 0.1000 0.0000
      endloop
   endfacet
   facet normal 0.0000 0.0000 1.0000
      outer loop
         vertex -9.8500 1.2000 0.0000
         vertex -8.4075 0.1000 0.0000
         vertex -8.7825 0.4750 0.0000
      endloop
   endfacet
   facet normal 0.0000 0.0000 1.0000
      outer loop
         vertex -9.8500 1.2000 0.0000
         vertex -8.7825 0.4750 0.0000
         vertex -9.0991 1.2000 0.0000
      endloop
   endfacet
   facet normal 0.0000 0.0000 1.0000
      outer loop
         vertex 1.2554 7.7492 0.0000
         vertex 1.3000 7.7500 0.0000
         vertex 1.4000 9.6000 0.0000
      endloop
   endfacet
   facet normal 0.0000 0.0000 1.0000
      outer loop
         vertex 1.4000 9.6000 0.0000
         vertex 1.3000 7.7500 0.0000
         vertex 1.9250 7.5825 0.0000
      endloop
   endfacet
   facet normal 0.0000 0.0000 1.0000
      outer loop
         vertex 1.4000 9.6000 0.0000
         vertex 1.9250 7.5825 0.0000
         vertex 2.0250 9.7675 0.0000
      endloop
   endfacet
   facet normal 0.0000 0.0000 1.0000
      outer loop
         vertex 2.0250 9.7675 0.0000
         vertex 1.9250 7.5825 0.0000
         vertex 2.2000 7.3675 0.0000
      endloop
   endfacet
   facet normal 0.0000 0.0000 1.0000
      outer loop
         vertex 2.0250 9.7675 0.0000
         vertex 2.2000 7.3675 0.0000
         vertex 2.2000 9.9043 0.0000
      endloop
   endfacet
   facet normal 0.0000 0.0000 1.0000
      outer loop
         vertex 1.2500 7.7491 0.0000
         vertex 1.2554 7.7492 0.0000
         vertex 1.4000 9.6000 0.0000
      endloop
   endfacet
   facet normal 0.0000 0.0000 1.0000
      outer loop
         vertex 1.2500 7.7491 0.0000
         vertex 1.4000 9.6000 0.0000
         vertex 1.2148 9.6138 0.0000
      endloop
   endfacet
   facet normal 0.0000 0.0000 1.0000
      outer loop
         vertex 1.2500 7.7491 0.0000
         vertex 1.2148 9.6138 0.0000
         vertex 1.2000 9.6149 0.0000
      endloop
   endfacet
   facet normal 0.0000 0.0000 1.0000
      outer loop
         vertex 1.2500 7.7491 0.0000
         vertex 1.2000 9.6149 0.0000
         vertex 1.1750 7.7692 0.0000
      endloop
   endfacet
   facet normal 0.0000 0.0000 1.0000
      outer loop
         vertex 1.1500 9.6015 0.0000
         vertex 1.1134 9.5649 0.0000
         vertex 1.1201 7.8241 0.0000
      endloop
   endfacet
   facet normal 0.0000 0.0000 1.0000
      outer loop
         vertex 1.1500 9.6015 0.0000
         vertex 1.1201 7.8241 0.0000
         vertex 1.1750 7.7692 0.0000
      endloop
   endfacet
   facet normal 0.0000 0.0000 1.0000
      outer loop
         vertex 1.1500 9.6015 0.0000
         vertex 1.1750 7.7692 0.0000
         vertex 1.2000 9.6149 0.0000
      endloop
   endfacet
   facet normal 0.0000 0.0000 1.0000
      outer loop
         vertex 1.1000 9.5149 0.0000
         vertex 1.1000 7.8991 0.0000
         vertex 1.1201 7.8241 0.0000
      endloop
   endfacet
   facet normal 0.0000 0.0000 1.0000
      outer loop
         vertex 1.1000 9.5149 0.0000
         vertex 1.1201 7.8241 0.0000
         vertex 1.1134 9.5649 0.0000
      endloop
   endfacet
   facet normal 0.0000 0.0000 1.0000
      outer loop
         vertex 1.2565 2.4991 0.0000
         vertex 1.3000 2.5000 0.0000
         vertex 1.3000 5.2500 0.0000
      endloop
   endfacet
   facet normal 0.0000 0.0000 1.0000
      outer loop
         vertex 1.3000 5.2500 0.0000
         vertex 1.3000 2.5000 0.0000
         vertex 1.8000 2.3660 0.0000
      endloop
   endfacet
   facet normal 0.0000 0.0000 1.0000
      outer loop
         vertex 1.3000 5.2500 0.0000
         vertex 1.8000 2.3660 0.0000
         vertex 1.9250 5.4175 0.0000
      endloop
   endfacet
   facet normal 0.0000 0.0000 1.0000
      outer loop
         vertex 1.9250 5.4175 0.0000
         vertex 1.8000 2.3660 0.0000
         vertex 2.1660 2.0000 0.0000
      endloop
   endfacet
   facet normal 0.0000 0.0000 1.0000
      outer loop
         vertex 1.9250 5.4175 0.0000
         vertex 2.1660 2.0000 0.0000
         vertex 2.2000 5.6325 0.0000
      endloop
   endfacet
   facet normal 0.0000 0.0000 1.0000
      outer loop
         vertex 2.2000 5.6325 0.0000
         vertex 2.1660 2.0000 0.0000
         vertex 2.2000 1.8732 0.0000
      endloop
   endfacet
   facet normal 0.0000 0.0000 1.0000
      outer loop
         vertex 1.3000 5.2500 0.0000
         vertex 1.2554 5.2508 0.0000
         vertex 1.2565 2.4991 0.0000
      endloop
   endfacet
   facet normal 0.0000 0.0000 1.0000
      outer loop
         vertex 1.2565 2.4991 0.0000
         vertex 1.2554 5.2508 0.0000
         vertex 1.2500 5.2509 0.0000
      endloop
   endfacet
   facet normal 0.0000 0.0000 1.0000
      outer loop
         vertex 1.2565 2.4991 0.0000
         vertex 1.2500 5.2509 0.0000
         vertex 1.2500 2.4989 0.0000
      endloop
   endfacet
   facet normal 0.0000 0.0000 1.0000
      outer loop
         vertex 1.2500 2.4989 0.0000
         vertex 1.2500 5.2509 0.0000
         vertex 1.1750 5.2308 0.0000
      endloop
   endfacet
   facet normal 0.0000 0.0000 1.0000
      outer loop
         vertex 1.2500 2.4989 0.0000
         vertex 1.1750 5.2308 0.0000
         vertex 1.1750 2.5190 0.0000
      endloop
   endfacet
   facet normal 0.0000 0.0000 1.0000
      outer loop
         vertex 1.1750 2.5190 0.0000
         vertex 1.1750 5.2308 0.0000
         vertex 1.1201 5.1759 0.0000
      endloop
   endfacet
   facet normal 0.0000 0.0000 1.0000
      outer loop
         vertex 1.1750 2.5190 0.0000
         vertex 1.1201 5.1759 0.0000
         vertex 1.1201 2.5739 0.0000
      endloop
   endfacet
   facet normal 0.0000 0.0000 1.0000
      outer loop
         vertex 1.1201 2.5739 0.0000
         vertex 1.1201 5.1759 0.0000
         vertex 1.1000 5.1009 0.0000
      endloop
   endfacet
   facet normal 0.0000 0.0000 1.0000
      outer loop
         vertex 1.1201 2.5739 0.0000
         vertex 1.1000 5.1009 0.0000
         vertex 1.1000 2.6489 0.0000
      endloop
   endfacet
   facet normal 0.0000 0.0000 1.0000
      outer loop
         vertex 2.2000 13.9000 0.0000
         vertex 1.2500 13.9000 0.0000
         vertex 1.2661 12.0928 0.0000
      endloop
   endfacet
   facet normal 0.0000 0.0000 1.0000
      outer loop
         vertex 2.2000 13.9000 0.0000
         vertex 1.2661 12.0928 0.0000
         vertex 1.4000 12.1000 0.0000
      endloop
   endfacet
   facet normal 0.0000 0.0000 1.0000
      outer loop
         vertex 2.2000 13.9000 0.0000
         vertex 1.4000 12.1000 0.0000
         vertex 2.0250 11.9325 0.0000
      endloop
   endfacet
   facet normal 0.0000 0.0000 1.0000
      outer loop
         vertex 2.2000 13.9000 0.0000
         vertex 2.0250 11.9325 0.0000
         vertex 2.2000 11.7957 0.0000
      endloop
   endfacet
   facet normal 0.0000 0.0000 1.0000
      outer loop
         vertex 1.2661 12.0928 0.0000
         vertex 1.2500 13.9000 0.0000
         vertex 1.2500 12.0919 0.0000
      endloop
   endfacet
   facet normal 0.0000 0.0000 1.0000
      outer loop
         vertex 1.2500 12.0919 0.0000
         vertex 1.2500 13.9000 0.0000
         vertex 1.1750 13.8799 0.0000
      endloop
   endfacet
   facet normal 0.0000 0.0000 1.0000
      outer loop
         vertex 1.2500 12.0919 0.0000
         vertex 1.1750 13.8799 0.0000
         vertex 1.1750 12.1120 0.0000
      endloop
   endfacet
   facet normal 0.0000 0.0000 1.0000
      outer loop
         vertex 1.1750 12.1120 0.0000
         vertex 1.1750 13.8799 0.0000
         vertex 1.1201 13.8250 0.0000
      endloop
   endfacet
   facet normal 0.0000 0.0000 1.0000
      outer loop
         vertex 1.1750 12.1120 0.0000
         vertex 1.1201 13.8250 0.0000
         vertex 1.1201 12.1669 0.0000
      endloop
   endfacet
   facet normal 0.0000 0.0000 1.0000
      outer loop
         vertex 1.1201 12.1669 0.0000
         vertex 1.1201 13.8250 0.0000
         vertex 1.1000 13.7500 0.0000
      endloop
   endfacet
   facet normal 0.0000 0.0000 1.0000
      outer loop
         vertex 1.1201 12.1669 0.0000
         vertex 1.1000 13.7500 0.0000
         vertex 1.1000 12.2419 0.0000
      endloop
   endfacet
   facet normal 0.0000 0.0000 1.0000
      outer loop
         vertex -2.1000 14.0000 0.0000
         vertex -2.1000 12.5000 0.0000
         vertex -0.1000 12.5000 0.0000
      endloop
   endfacet
   facet normal 0.0000 0.0000 1.0000
      outer loop
         vertex -2.1000 14.0000 0.0000
         vertex -0.1000 12.5000 0.0000
         vertex -0.1000 14.0000 0.0000
      endloop
   endfacet
   facet normal 0.0000 0.0000 1.0000
      outer loop
         vertex -2.1000 14.0000 0.0000
         vertex -0.1000 14.0000 0.0000
         vertex 0.0600 14.4000 0.0000
      endloop
   endfacet
   facet normal 0.0000 0.0000 1.0000
      outer loop
         vertex -2.1000 14.0000 0.0000
         vertex 0.0600 14.4000 0.0000
         vertex -2.2600 14.4000 0.0000
      endloop
   endfacet
   facet normal 0.0000 0.0000 -1.0000
      outer loop
         vertex -10.3500 0.4000 0.0000
         vertex -10.3098 0.2500 0.0000
         vertex -10.3000 0.0402 0.0000
      endloop
   endfacet
   facet normal 0.0000 0.0000 -1.0000
      outer loop
         vertex -10.3000 0.0402 0.0000
         vertex -10.3098 0.2500 0.0000
         vertex -10.2000 0.1402 0.0000
      endloop
   endfacet
   facet normal 0.0000 0.0000 -1.0000
      outer loop
         vertex -10.3000 0.0402 0.0000
         vertex -10.2000 0.1402 0.0000
         vertex -10.1500 0.0000 0.0000
      endloop
   endfacet
   facet normal 0.0000 0.0000 -1.0000
      outer loop
         vertex -10.1500 0.0000 0.0000
         vertex -10.2000 0.1402 0.0000
         vertex -10.0500 0.1000 0.0000
      endloop
   endfacet
   facet normal 0.0000 0.0000 -1.0000
      outer loop
         vertex -10.1500 0.0000 0.0000
         vertex -10.0500 0.1000 0.0000
         vertex -9.8500 0.0000 0.0000
      endloop
   endfacet
   facet normal 0.0000 0.0000 -1.0000
      outer loop
         vertex -9.8500 0.0000 0.0000
         vertex -10.0500 0.1000 0.0000
         vertex -9.8500 0.1000 0.0000
      endloop
   endfacet
   facet normal 0.0000 0.0000 -1.0000
      outer loop
         vertex -10.4098 0.1500 0.0000
         vertex -10.4500 0.3000 0.0000
         vertex -10.3500 2.1500 0.0000
      endloop
   endfacet
   facet normal 0.0000 0.0000 -1.0000
      outer loop
         vertex -10.4098 0.1500 0.0000
         vertex -10.3500 2.1500 0.0000
         vertex -10.3500 0.4000 0.0000
      endloop
   endfacet
   facet normal 0.0000 0.0000 -1.0000
      outer loop
         vertex -10.4098 0.1500 0.0000
         vertex -10.3500 0.4000 0.0000
         vertex -10.3000 0.0402 0.0000
      endloop
   endfacet
   facet normal 0.0000 0.0000 -1.0000
      outer loop
         vertex -10.3500 2.1500 0.0000
         vertex -10.4500 0.3000 0.0000
         vertex -10.4500 2.1500 0.0000
      endloop
   endfacet
   facet normal 0.0000 0.0000 -1.0000
      outer loop
         vertex -7.1063 0.0000 0.0000
         vertex -8.2937 0.0000 0.0000
         vertex -8.3250 0.0175 0.0000
      endloop
   endfacet
   facet normal 0.0000 0.0000 -1.0000
      outer loop
         vertex -7.1063 0.0000 0.0000
         vertex -8.3250 0.0175 0.0000
         vertex -8.4075 0.1000 0.0000
      endloop
   endfacet
   facet normal 0.0000 0.0000 -1.0000
      outer loop
         vertex -7.1063 0.0000 0.0000
         vertex -8.4075 0.1000 0.0000
         vertex -6.9925 0.1000 0.0000
      endloop
   endfacet
   facet normal 0.0000 0.0000 -1.0000
      outer loop
         vertex -7.1063 0.0000 0.0000
         vertex -6.9925 0.1000 0.0000
         vertex -7.0750 0.0175 0.0000
      endloop
   endfacet
   facet normal 0.0000 0.0000 -1.0000
      outer loop
         vertex -2.3000 14.5000 0.0000
         vertex -2.2600 14.4000 0.0000
         vertex -7.2101 14.5000 0.0000
      endloop
   endfacet
   facet normal 0.0000 0.0000 -1.0000
      outer loop
         vertex -7.2101 14.5000 0.0000
         vertex -2.2600 14.4000 0.0000
         vertex -7.2601 14.4000 0.0000
      endloop
   endfacet
   facet normal 0.0000 0.0000 -1.0000
      outer loop
         vertex -7.2101 14.5000 0.0000
         vertex -7.2601 14.4000 0.0000
         vertex -7.3601 14.4598 0.0000
      endloop
   endfacet
   facet normal 0.0000 0.0000 -1.0000
      outer loop
         vertex -7.3601 14.4598 0.0000
         vertex -7.2601 14.4000 0.0000
         vertex -7.4101 14.3598 0.0000
      endloop
   endfacet
   facet normal 0.0000 0.0000 -1.0000
      outer loop
         vertex -7.3601 14.4598 0.0000
         vertex -7.4101 14.3598 0.0000
         vertex -7.4399 14.3928 0.0000
      endloop
   endfacet
   facet normal 0.0000 0.0000 -1.0000
      outer loop
         vertex -7.4399 14.3928 0.0000
         vertex -7.4101 14.3598 0.0000
         vertex -7.4899 14.2928 0.0000
      endloop
   endfacet
   facet normal 0.0000 0.0000 -1.0000
      outer loop
         vertex -7.4399 14.3928 0.0000
         vertex -7.4899 14.2928 0.0000
         vertex -8.6000 12.9699 0.0000
      endloop
   endfacet
   facet normal 0.0000 0.0000 -1.0000
      outer loop
         vertex -7.4399 14.3928 0.0000
         vertex -8.6000 12.9699 0.0000
         vertex -8.6000 13.0103 0.0000
      endloop
   endfacet
   facet normal 0.0000 0.0000 -1.0000
      outer loop
         vertex 2.2000 1.8732 0.0000
         vertex 2.3000 1.5000 0.0000
         vertex 2.2000 0.4000 0.0000
      endloop
   endfacet
   facet normal 0.0000 0.0000 -1.0000
      outer loop
         vertex 2.2000 0.4000 0.0000
         vertex 2.3000 1.5000 0.0000
         vertex 2.2598 0.1500 0.0000
      endloop
   endfacet
   facet normal 0.0000 0.0000 -1.0000
      outer loop
         vertex 2.2000 0.4000 0.0000
         vertex 2.2598 0.1500 0.0000
         vertex 2.1598 0.2500 0.0000
      endloop
   endfacet
   facet normal 0.0000 0.0000 -1.0000
      outer loop
         vertex 2.1598 0.2500 0.0000
         vertex 2.2598 0.1500 0.0000
         vertex 2.1500 0.0402 0.0000
      endloop
   endfacet
   facet normal 0.0000 0.0000 -1.0000
      outer loop
         vertex 2.1598 0.2500 0.0000
         vertex 2.1500 0.0402 0.0000
         vertex 2.0500 0.1402 0.0000
      endloop
   endfacet
   facet normal 0.0000 0.0000 -1.0000
      outer loop
         vertex 2.0500 0.1402 0.0000
         vertex 2.1500 0.0402 0.0000
         vertex 2.0000 0.0000 0.0000
      endloop
   endfacet
   facet normal 0.0000 0.0000 -1.0000
      outer loop
         vertex 2.0500 0.1402 0.0000
         vertex 2.0000 0.0000 0.0000
         vertex 1.9000 0.1000 0.0000
      endloop
   endfacet
   facet normal 0.0000 0.0000 -1.0000
      outer loop
         vertex 1.9000 0.1000 0.0000
         vertex 2.0000 0.0000 0.0000
         vertex 1.5000 -0.0000 0.0000
      endloop
   endfacet
   facet normal 0.0000 0.0000 -1.0000
      outer loop
         vertex 1.9000 0.1000 0.0000
         vertex 1.5000 -0.0000 0.0000
         vertex 1.5000 0.1000 0.0000
      endloop
   endfacet
   facet normal 0.0000 0.0000 -1.0000
      outer loop
         vertex 2.2598 0.1500 0.0000
         vertex 2.3000 1.5000 0.0000
         vertex 2.3000 0.3000 0.0000
      endloop
   endfacet
   facet normal 0.0000 0.0000 -1.0000
      outer loop
         vertex 2.2598 14.3500 0.0000
         vertex 2.3000 14.2000 0.0000
         vertex 2.3000 13.9000 0.0000
      endloop
   endfacet
   facet normal 0.0000 0.0000 -1.0000
      outer loop
         vertex 2.2598 14.3500 0.0000
         vertex 2.3000 13.9000 0.0000
         vertex 2.2000 13.9000 0.0000
      endloop
   endfacet
   facet normal 0.0000 0.0000 -1.0000
      outer loop
         vertex 2.2598 14.3500 0.0000
         vertex 2.2000 13.9000 0.0000
         vertex 2.2000 14.1000 0.0000
      endloop
   endfacet
   facet normal 0.0000 0.0000 -1.0000
      outer loop
         vertex 2.2598 14.3500 0.0000
         vertex 2.2000 14.1000 0.0000
         vertex 2.1598 14.2500 0.0000
      endloop
   endfacet
   facet normal 0.0000 0.0000 -1.0000
      outer loop
         vertex 2.2598 14.3500 0.0000
         vertex 2.1598 14.2500 0.0000
         vertex 2.1500 14.4598 0.0000
      endloop
   endfacet
   facet normal 0.0000 0.0000 -1.0000
      outer loop
         vertex 0.0600 14.4000 0.0000
         vertex 0.1000 14.5000 0.0000
         vertex 1.9000 14.4000 0.0000
      endloop
   endfacet
   facet normal 0.0000 0.0000 -1.0000
      outer loop
         vertex 1.9000 14.4000 0.0000
         vertex 0.1000 14.5000 0.0000
         vertex 2.0000 14.5000 0.0000
      endloop
   endfacet
   facet normal 0.0000 0.0000 -1.0000
      outer loop
         vertex 1.9000 14.4000 0.0000
         vertex 2.0000 14.5000 0.0000
         vertex 2.0500 14.3598 0.0000
      endloop
   endfacet
   facet normal 0.0000 0.0000 -1.0000
      outer loop
         vertex 2.0500 14.3598 0.0000
         vertex 2.0000 14.5000 0.0000
         vertex 2.1500 14.4598 0.0000
      endloop
   endfacet
   facet normal 0.0000 0.0000 -1.0000
      outer loop
         vertex 2.0500 14.3598 0.0000
         vertex 2.1500 14.4598 0.0000
         vertex 2.1598 14.2500 0.0000
      endloop
   endfacet
   facet normal 0.0000 0.0000 -1.0000
      outer loop
         vertex 2.3000 9.9825 0.0000
         vertex 2.2000 9.9043 0.0000
         vertex 2.2000 11.7957 0.0000
      endloop
   endfacet
   facet normal 0.0000 0.0000 -1.0000
      outer loop
         vertex 2.3000 9.9825 0.0000
         vertex 2.2000 11.7957 0.0000
         vertex 2.3000 11.7175 0.0000
      endloop
   endfacet
   facet normal 0.0000 0.0000 1.0000
      outer loop
         vertex -7.1750 5.0103 14.0000
         vertex -7.4000 4.9500 14.0000
         vertex -5.8500 3.4500 14.0000
      endloop
   endfacet
   facet normal 0.0000 0.0000 1.0000
      outer loop
         vertex -5.8500 3.4500 14.0000
         vertex -7.4000 4.9500 14.0000
         vertex -7.6250 5.0103 14.0000
      endloop
   endfacet
   facet normal 0.0000 0.0000 1.0000
      outer loop
         vertex -5.8500 3.4500 14.0000
         vertex -7.6250 5.0103 14.0000
         vertex -10.1500 0.0000 14.0000
      endloop
   endfacet
   facet normal 0.0000 0.0000 1.0000
      outer loop
         vertex -10.1500 0.0000 14.0000
         vertex -7.6250 5.0103 14.0000
         vertex -7.7897 5.1750 14.0000
      endloop
   endfacet
   facet normal 0.0000 0.0000 1.0000
      outer loop
         vertex -10.1500 0.0000 14.0000
         vertex -7.7897 5.1750 14.0000
         vertex -10.0457 8.9000 14.0000
      endloop
   endfacet
   facet normal 0.0000 0.0000 1.0000
      outer loop
         vertex -10.0457 8.9000 14.0000
         vertex -7.7897 5.1750 14.0000
         vertex -10.0427 8.9000 14.0000
      endloop
   endfacet
   facet normal 0.0000 0.0000 1.0000
      outer loop
         vertex -10.0457 8.9000 14.0000
         vertex -10.0427 8.9000 14.0000
         vertex -10.0457 11.2874 14.0000
      endloop
   endfacet
   facet normal 0.0000 0.0000 1.0000
      outer loop
         vertex -10.0457 11.2874 14.0000
         vertex -10.0427 8.9000 14.0000
         vertex -10.0427 11.2910 14.0000
      endloop
   endfacet
   facet normal 0.0000 0.0000 1.0000
      outer loop
         vertex 0.2000 8.2500 14.0000
         vertex 2.0000 0.0000 14.0000
         vertex 2.0000 14.5000 14.0000
      endloop
   endfacet
   facet normal 0.0000 0.0000 1.0000
      outer loop
         vertex 2.0000 14.5000 14.0000
         vertex 2.0000 0.0000 14.0000
         vertex 2.1500 0.0402 14.0000
      endloop
   endfacet
   facet normal 0.0000 0.0000 1.0000
      outer loop
         vertex 2.0000 14.5000 14.0000
         vertex 2.1500 0.0402 14.0000
         vertex 2.1500 14.4598 14.0000
      endloop
   endfacet
   facet normal 0.0000 0.0000 1.0000
      outer loop
         vertex 2.1500 14.4598 14.0000
         vertex 2.1500 0.0402 14.0000
         vertex 2.2598 0.1500 14.0000
      endloop
   endfacet
   facet normal 0.0000 0.0000 1.0000
      outer loop
         vertex 2.1500 14.4598 14.0000
         vertex 2.2598 0.1500 14.0000
         vertex 2.2598 14.3500 14.0000
      endloop
   endfacet
   facet normal 0.0000 0.0000 1.0000
      outer loop
         vertex 2.2598 14.3500 14.0000
         vertex 2.2598 0.1500 14.0000
         vertex 2.3000 0.3000 14.0000
      endloop
   endfacet
   facet normal 0.0000 0.0000 1.0000
      outer loop
         vertex 2.2598 14.3500 14.0000
         vertex 2.3000 0.3000 14.0000
         vertex 2.3000 14.2000 14.0000
      endloop
   endfacet
   facet normal 0.0000 0.0000 1.0000
      outer loop
         vertex 2.0000 14.5000 14.0000
         vertex -7.2101 14.5000 14.0000
         vertex -7.1750 5.7897 14.0000
      endloop
   endfacet
   facet normal 0.0000 0.0000 1.0000
      outer loop
         vertex 2.0000 14.5000 14.0000
         vertex -7.1750 5.7897 14.0000
         vertex -7.0103 5.6250 14.0000
      endloop
   endfacet
   facet normal 0.0000 0.0000 1.0000
      outer loop
         vertex 2.0000 14.5000 14.0000
         vertex -7.0103 5.6250 14.0000
         vertex -6.9500 5.4000 14.0000
      endloop
   endfacet
   facet normal 0.0000 0.0000 1.0000
      outer loop
         vertex 2.0000 14.5000 14.0000
         vertex -6.9500 5.4000 14.0000
         vertex -2.3500 9.1839 14.0000
      endloop
   endfacet
   facet normal 0.0000 0.0000 1.0000
      outer loop
         vertex 2.0000 14.5000 14.0000
         vertex -2.3500 9.1839 14.0000
         vertex -0.5500 8.2500 14.0000
      endloop
   endfacet
   facet normal 0.0000 0.0000 1.0000
      outer loop
         vertex 2.0000 14.5000 14.0000
         vertex -0.5500 8.2500 14.0000
         vertex 0.2000 8.2500 14.0000
      endloop
   endfacet
   facet normal 0.0000 0.0000 1.0000
      outer loop
         vertex -2.3500 9.1839 14.0000
         vertex -6.9500 5.4000 14.0000
         vertex -5.3814 5.3808 14.0000
      endloop
   endfacet
   facet normal 0.0000 0.0000 1.0000
      outer loop
         vertex -2.3500 9.1839 14.0000
         vertex -5.3814 5.3808 14.0000
         vertex -5.1061 5.6561 14.0000
      endloop
   endfacet
   facet normal 0.0000 0.0000 1.0000
      outer loop
         vertex -2.3500 9.1839 14.0000
         vertex -5.1061 5.6561 14.0000
         vertex -5.0750 5.6799 14.0000
      endloop
   endfacet
   facet normal 0.0000 0.0000 1.0000
      outer loop
         vertex -2.3500 9.1839 14.0000
         vertex -5.0750 5.6799 14.0000
         vertex -5.0000 5.7000 14.0000
      endloop
   endfacet
   facet normal 0.0000 0.0000 1.0000
      outer loop
         vertex -2.3500 9.1839 14.0000
         vertex -5.0000 5.7000 14.0000
         vertex -4.9250 5.6799 14.0000
      endloop
   endfacet
   facet normal 0.0000 0.0000 1.0000
      outer loop
         vertex -2.3500 9.1839 14.0000
         vertex -4.9250 5.6799 14.0000
         vertex -4.8701 5.6250 14.0000
      endloop
   endfacet
   facet normal 0.0000 0.0000 1.0000
      outer loop
         vertex -2.3500 9.1839 14.0000
         vertex -4.8701 5.6250 14.0000
         vertex -4.8500 5.5500 14.0000
      endloop
   endfacet
   facet normal 0.0000 0.0000 1.0000
      outer loop
         vertex -2.3500 9.1839 14.0000
         vertex -4.8500 5.5500 14.0000
         vertex -2.3500 7.4500 14.0000
      endloop
   endfacet
   facet normal 0.0000 0.0000 1.0000
      outer loop
         vertex -6.9500 5.4000 14.0000
         vertex -7.0103 5.1750 14.0000
         vertex -5.8500 3.4500 14.0000
      endloop
   endfacet
   facet normal 0.0000 0.0000 1.0000
      outer loop
         vertex -6.9500 5.4000 14.0000
         vertex -5.8500 3.4500 14.0000
         vertex -5.8500 4.2494 14.0000
      endloop
   endfacet
   facet normal 0.0000 0.0000 1.0000
      outer loop
         vertex -6.9500 5.4000 14.0000
         vertex -5.8500 4.2494 14.0000
         vertex -5.6356 5.0494 14.0000
      endloop
   endfacet
   facet normal 0.0000 0.0000 1.0000
      outer loop
         vertex -6.9500 5.4000 14.0000
         vertex -5.6356 5.0494 14.0000
         vertex -5.3814 5.3808 14.0000
      endloop
   endfacet
   facet normal 0.0000 0.0000 1.0000
      outer loop
         vertex -7.7897 5.6250 14.0000
         vertex -7.6250 5.7897 14.0000
         vertex -7.4399 14.3928 14.0000
      endloop
   endfacet
   facet normal 0.0000 0.0000 1.0000
      outer loop
         vertex -7.4399 14.3928 14.0000
         vertex -7.6250 5.7897 14.0000
         vertex -7.4000 5.8500 14.0000
      endloop
   endfacet
   facet normal 0.0000 0.0000 1.0000
      outer loop
         vertex -7.4399 14.3928 14.0000
         vertex -7.4000 5.8500 14.0000
         vertex -7.3601 14.4598 14.0000
      endloop
   endfacet
   facet normal 0.0000 0.0000 1.0000
      outer loop
         vertex -7.3601 14.4598 14.0000
         vertex -7.4000 5.8500 14.0000
         vertex -7.1750 5.7897 14.0000
      endloop
   endfacet
   facet normal 0.0000 0.0000 1.0000
      outer loop
         vertex -7.3601 14.4598 14.0000
         vertex -7.1750 5.7897 14.0000
         vertex -7.2101 14.5000 14.0000
      endloop
   endfacet
   facet normal 0.0000 0.0000 1.0000
      outer loop
         vertex -7.8500 5.4000 14.0000
         vertex -7.7897 5.6250 14.0000
         vertex -7.4399 14.3928 14.0000
      endloop
   endfacet
   facet normal 0.0000 0.0000 1.0000
      outer loop
         vertex -7.8500 5.4000 14.0000
         vertex -7.4399 14.3928 14.0000
         vertex -9.4500 11.9973 14.0000
      endloop
   endfacet
   facet normal 0.0000 0.0000 1.0000
      outer loop
         vertex -7.8500 5.4000 14.0000
         vertex -9.4500 11.9973 14.0000
         vertex -9.4500 8.9000 14.0000
      endloop
   endfacet
   facet normal 0.0000 0.0000 1.0000
      outer loop
         vertex -7.8500 5.4000 14.0000
         vertex -9.4500 8.9000 14.0000
         vertex -7.7897 5.1750 14.0000
      endloop
   endfacet
   facet normal 0.0000 0.0000 1.0000
      outer loop
         vertex 2.0000 0.0000 14.0000
         vertex 0.2000 8.2500 14.0000
         vertex 0.2000 7.4500 14.0000
      endloop
   endfacet
   facet normal 0.0000 0.0000 1.0000
      outer loop
         vertex 2.0000 0.0000 14.0000
         vertex 0.2000 7.4500 14.0000
         vertex -2.3500 7.4500 14.0000
      endloop
   endfacet
   facet normal 0.0000 0.0000 1.0000
      outer loop
         vertex 2.0000 0.0000 14.0000
         vertex -2.3500 7.4500 14.0000
         vertex -4.8500 5.5500 14.0000
      endloop
   endfacet
   facet normal 0.0000 0.0000 1.0000
      outer loop
         vertex 2.0000 0.0000 14.0000
         vertex -4.8500 5.5500 14.0000
         vertex -4.8500 3.9500 14.0000
      endloop
   endfacet
   facet normal 0.0000 0.0000 1.0000
      outer loop
         vertex 2.0000 0.0000 14.0000
         vertex -4.8500 3.9500 14.0000
         vertex -4.9170 3.7000 14.0000
      endloop
   endfacet
   facet normal 0.0000 0.0000 1.0000
      outer loop
         vertex 2.0000 0.0000 14.0000
         vertex -4.9170 3.7000 14.0000
         vertex -5.1000 3.5170 14.0000
      endloop
   endfacet
   facet normal 0.0000 0.0000 1.0000
      outer loop
         vertex 2.0000 0.0000 14.0000
         vertex -5.1000 3.5170 14.0000
         vertex -5.3500 3.4500 14.0000
      endloop
   endfacet
   facet normal 0.0000 0.0000 1.0000
      outer loop
         vertex 2.0000 0.0000 14.0000
         vertex -5.3500 3.4500 14.0000
         vertex -5.8500 3.4500 14.0000
      endloop
   endfacet
   facet normal 0.0000 0.0000 1.0000
      outer loop
         vertex 2.0000 0.0000 14.0000
         vertex -5.8500 3.4500 14.0000
         vertex -10.1500 0.0000 14.0000
      endloop
   endfacet
   facet normal 0.0000 0.0000 1.0000
      outer loop
         vertex -10.0457 8.9000 14.0000
         vertex -10.4500 8.9000 14.0000
         vertex -10.4098 0.1500 14.0000
      endloop
   endfacet
   facet normal 0.0000 0.0000 1.0000
      outer loop
         vertex -10.0457 8.9000 14.0000
         vertex -10.4098 0.1500 14.0000
         vertex -10.3000 0.0402 14.0000
      endloop
   endfacet
   facet normal 0.0000 0.0000 1.0000
      outer loop
         vertex -10.0457 8.9000 14.0000
         vertex -10.3000 0.0402 14.0000
         vertex -10.1500 0.0000 14.0000
      endloop
   endfacet
   facet normal 0.0000 0.0000 1.0000
      outer loop
         vertex -10.4098 0.1500 14.0000
         vertex -10.4500 8.9000 14.0000
         vertex -10.4500 0.3000 14.0000
      endloop
   endfacet
   facet normal 0.0000 0.0000 1.0000
      outer loop
         vertex -10.0427 8.9000 14.0000
         vertex -7.7897 5.1750 14.0000
         vertex -9.4500 8.9000 14.0000
      endloop
   endfacet
   facet normal 0.0000 0.0000 1.0000
      outer loop
         vertex -7.1750 5.0103 14.0000
         vertex -5.8500 3.4500 14.0000
         vertex -7.0103 5.1750 14.0000
      endloop
   endfacet
   facet normal -1.0000 0.0000 0.0000
      outer loop
         vertex -10.4500 0.3000 0.0000
         vertex -10.4500 0.3000 14.0000
         vertex -10.4500 2.1500 11.3000
      endloop
   endfacet
   facet normal -1.0000 0.0000 0.0000
      outer loop
         vertex -10.4500 0.3000 0.0000
         vertex -10.4500 2.1500 11.3000
         vertex -10.4500 2.1500 10.5000
      endloop
   endfacet
   facet normal -1.0000 0.0000 0.0000
      outer loop
         vertex -10.4500 0.3000 0.0000
         vertex -10.4500 2.1500 10.5000
         vertex -10.4500 2.1500 7.8000
      endloop
   endfacet
   facet normal -1.0000 0.0000 0.0000
      outer loop
         vertex -10.4500 0.3000 0.0000
         vertex -10.4500 2.1500 7.8000
         vertex -10.4500 2.1500 7.0000
      endloop
   endfacet
   facet normal -1.0000 0.0000 0.0000
      outer loop
         vertex -10.4500 0.3000 0.0000
         vertex -10.4500 2.1500 7.0000
         vertex -10.4500 2.1500 4.3000
      endloop
   endfacet
   facet normal -1.0000 0.0000 0.0000
      outer loop
         vertex -10.4500 0.3000 0.0000
         vertex -10.4500 2.1500 4.3000
         vertex -10.4500 2.1500 3.5000
      endloop
   endfacet
   facet normal -1.0000 0.0000 0.0000
      outer loop
         vertex -10.4500 0.3000 0.0000
         vertex -10.4500 2.1500 3.5000
         vertex -10.4500 2.1500 0.8000
      endloop
   endfacet
   facet normal -1.0000 0.0000 0.0000
      outer loop
         vertex -10.4500 0.3000 0.0000
         vertex -10.4500 2.1500 0.8000
         vertex -10.4500 2.1500 0.0000
      endloop
   endfacet
   facet normal -1.0000 0.0000 0.0000
      outer loop
         vertex -10.4500 3.4500 13.2000
         vertex -10.4500 3.4500 11.6000
         vertex -10.4500 2.4500 11.6000
      endloop
   endfacet
   facet normal -1.0000 0.0000 0.0000
      outer loop
         vertex -10.4500 3.4500 13.2000
         vertex -10.4500 2.4500 11.6000
         vertex -10.4500 2.3000 11.5598
      endloop
   endfacet
   facet normal -1.0000 0.0000 0.0000
      outer loop
         vertex -10.4500 3.4500 13.2000
         vertex -10.4500 2.3000 11.5598
         vertex -10.4500 2.1902 11.4500
      endloop
   endfacet
   facet normal -1.0000 0.0000 0.0000
      outer loop
         vertex -10.4500 3.4500 13.2000
         vertex -10.4500 2.1902 11.4500
         vertex -10.4500 0.3000 14.0000
      endloop
   endfacet
   facet normal -1.0000 0.0000 0.0000
      outer loop
         vertex -10.4500 3.4500 13.2000
         vertex -10.4500 0.3000 14.0000
         vertex -10.4500 8.9000 14.0000
      endloop
   endfacet
   facet normal -1.0000 0.0000 0.0000
      outer loop
         vertex -10.4500 3.4500 13.2000
         vertex -10.4500 8.9000 14.0000
         vertex -10.4500 8.9000 13.2000
      endloop
   endfacet
   facet normal -1.0000 0.0000 0.0000
      outer loop
         vertex -10.4500 3.4500 9.7000
         vertex -10.4500 3.4500 8.1000
         vertex -10.4500 2.4500 8.1000
      endloop
   endfacet
   facet normal -1.0000 0.0000 0.0000
      outer loop
         vertex -10.4500 3.4500 9.7000
         vertex -10.4500 2.4500 8.1000
         vertex -10.4500 2.3000 8.0598
      endloop
   endfacet
   facet normal -1.0000 0.0000 0.0000
      outer loop
         vertex -10.4500 3.4500 9.7000
         vertex -10.4500 2.3000 8.0598
         vertex -10.4500 2.1902 7.9500
      endloop
   endfacet
   facet normal -1.0000 0.0000 0.0000
      outer loop
         vertex -10.4500 3.4500 9.7000
         vertex -10.4500 2.1902 7.9500
         vertex -10.4500 2.1500 10.5000
      endloop
   endfacet
   facet normal -1.0000 0.0000 0.0000
      outer loop
         vertex -10.4500 3.4500 9.7000
         vertex -10.4500 2.1500 10.5000
         vertex -10.4500 8.9000 10.5000
      endloop
   endfacet
   facet normal -1.0000 0.0000 0.0000
      outer loop
         vertex -10.4500 3.4500 9.7000
         vertex -10.4500 8.9000 10.5000
         vertex -10.4500 8.9000 9.7000
      endloop
   endfacet
   facet normal -1.0000 0.0000 0.0000
      outer loop
         vertex -10.4500 3.4500 6.2000
         vertex -10.4500 3.4500 4.6000
         vertex -10.4500 2.4500 4.6000
      endloop
   endfacet
   facet normal -1.0000 0.0000 0.0000
      outer loop
         vertex -10.4500 3.4500 6.2000
         vertex -10.4500 2.4500 4.6000
         vertex -10.4500 2.3000 4.5598
      endloop
   endfacet
   facet normal -1.0000 0.0000 0.0000
      outer loop
         vertex -10.4500 3.4500 6.2000
         vertex -10.4500 2.3000 4.5598
         vertex -10.4500 2.1902 4.4500
      endloop
   endfacet
   facet normal -1.0000 0.0000 0.0000
      outer loop
         vertex -10.4500 3.4500 6.2000
         vertex -10.4500 2.1902 4.4500
         vertex -10.4500 2.1500 7.0000
      endloop
   endfacet
   facet normal -1.0000 0.0000 0.0000
      outer loop
         vertex -10.4500 3.4500 6.2000
         vertex -10.4500 2.1500 7.0000
         vertex -10.4500 8.9000 7.0000
      endloop
   endfacet
   facet normal -1.0000 0.0000 0.0000
      outer loop
         vertex -10.4500 3.4500 6.2000
         vertex -10.4500 8.9000 7.0000
         vertex -10.4500 8.9000 6.2000
      endloop
   endfacet
   facet normal -1.0000 0.0000 0.0000
      outer loop
         vertex -10.4500 3.4500 2.7000
         vertex -10.4500 3.4500 1.1000
         vertex -10.4500 2.4500 1.1000
      endloop
   endfacet
   facet normal -1.0000 0.0000 0.0000
      outer loop
         vertex -10.4500 3.4500 2.7000
         vertex -10.4500 2.4500 1.1000
         vertex -10.4500 2.3000 1.0598
      endloop
   endfacet
   facet normal -1.0000 0.0000 0.0000
      outer loop
         vertex -10.4500 3.4500 2.7000
         vertex -10.4500 2.3000 1.0598
         vertex -10.4500 2.1902 0.9500
      endloop
   endfacet
   facet normal -1.0000 0.0000 0.0000
      outer loop
         vertex -10.4500 3.4500 2.7000
         vertex -10.4500 2.1902 0.9500
         vertex -10.4500 2.1500 3.5000
      endloop
   endfacet
   facet normal -1.0000 0.0000 0.0000
      outer loop
         vertex -10.4500 3.4500 2.7000
         vertex -10.4500 2.1500 3.5000
         vertex -10.4500 8.9000 3.5000
      endloop
   endfacet
   facet normal -1.0000 0.0000 0.0000
      outer loop
         vertex -10.4500 3.4500 2.7000
         vertex -10.4500 8.9000 3.5000
         vertex -10.4500 8.9000 2.7000
      endloop
   endfacet
   facet normal -1.0000 0.0000 0.0000
      outer loop
         vertex -10.4500 2.1500 11.3000
         vertex -10.4500 0.3000 14.0000
         vertex -10.4500 2.1902 11.4500
      endloop
   endfacet
   facet normal -1.0000 0.0000 0.0000
      outer loop
         vertex -10.4500 2.1500 10.5000
         vertex -10.4500 2.1902 7.9500
         vertex -10.4500 2.1500 7.8000
      endloop
   endfacet
   facet normal -1.0000 0.0000 0.0000
      outer loop
         vertex -10.4500 2.1500 7.0000
         vertex -10.4500 2.1902 4.4500
         vertex -10.4500 2.1500 4.3000
      endloop
   endfacet
   facet normal -1.0000 0.0000 0.0000
      outer loop
         vertex -10.4500 2.1500 3.5000
         vertex -10.4500 2.1902 0.9500
         vertex -10.4500 2.1500 0.8000
      endloop
   endfacet
   facet normal -0.3399 -0.9405 0.0000
      outer loop
         vertex -10.1500 0.0000 0.0000
         vertex -10.1500 0.0000 14.0000
         vertex -10.3000 0.0402 14.0000
      endloop
   endfacet
   facet normal -0.4210 -0.9071 0.0000
      outer loop
         vertex -10.1500 0.0000 0.0000
         vertex -10.3000 0.0402 14.0000
         vertex -10.3000 0.0402 0.0000
      endloop
   endfacet
   facet normal -0.6414 -0.7672 0.0000
      outer loop
         vertex -10.4098 0.1500 0.0000
         vertex -10.3000 0.0402 0.0000
         vertex -10.3000 0.0402 14.0000
      endloop
   endfacet
   facet normal -0.7672 -0.6414 0.0000
      outer loop
         vertex -10.4098 0.1500 0.0000
         vertex -10.3000 0.0402 14.0000
         vertex -10.4098 0.1500 14.0000
      endloop
   endfacet
   facet normal -0.9405 -0.3399 0.0000
      outer loop
         vertex -10.4500 0.3000 14.0000
         vertex -10.4500 0.3000 0.0000
         vertex -10.4098 0.1500 0.0000
      endloop
   endfacet
   facet normal -0.9071 -0.4210 0.0000
      outer loop
         vertex -10.4500 0.3000 14.0000
         vertex -10.4098 0.1500 0.0000
         vertex -10.4098 0.1500 14.0000
      endloop
   endfacet
   facet normal 0.0000 1.0000 0.0000
      outer loop
         vertex -10.4500 8.9000 3.5000
         vertex -10.0457 8.9000 3.5000
         vertex -10.1207 8.9000 3.4799
      endloop
   endfacet
   facet normal 0.0000 1.0000 0.0000
      outer loop
         vertex -10.4500 8.9000 3.5000
         vertex -10.1207 8.9000 3.4799
         vertex -10.1417 8.9000 3.4652
      endloop
   endfacet
   facet normal 0.0000 1.0000 0.0000
      outer loop
         vertex -10.4500 8.9000 3.5000
         vertex -10.1417 8.9000 3.4652
         vertex -10.3460 8.9000 3.2950
      endloop
   endfacet
   facet normal 0.0000 1.0000 0.0000
      outer loop
         vertex -10.4500 8.9000 3.5000
         vertex -10.3460 8.9000 3.2950
         vertex -10.3799 8.9000 3.2547
      endloop
   endfacet
   facet normal 0.0000 1.0000 0.0000
      outer loop
         vertex -10.4500 8.9000 3.5000
         vertex -10.3799 8.9000 3.2547
         vertex -10.4000 8.9000 3.1797
      endloop
   endfacet
   facet normal 0.0000 1.0000 0.0000
      outer loop
         vertex -10.4500 8.9000 3.5000
         vertex -10.4000 8.9000 3.1797
         vertex -10.4000 8.9000 3.0203
      endloop
   endfacet
   facet normal 0.0000 1.0000 0.0000
      outer loop
         vertex -10.4500 8.9000 3.5000
         vertex -10.4000 8.9000 3.0203
         vertex -10.4500 8.9000 2.7000
      endloop
   endfacet
   facet normal 0.0000 1.0000 0.0000
      outer loop
         vertex -10.4500 8.9000 2.7000
         vertex -10.4000 8.9000 3.0203
         vertex -10.3799 8.9000 2.9453
      endloop
   endfacet
   facet normal 0.0000 1.0000 0.0000
      outer loop
         vertex -10.4500 8.9000 2.7000
         vertex -10.3799 8.9000 2.9453
         vertex -10.3460 8.9000 2.9050
      endloop
   endfacet
   facet normal 0.0000 1.0000 0.0000
      outer loop
         vertex -10.4500 8.9000 2.7000
         vertex -10.3460 8.9000 2.9050
         vertex -10.1417 8.9000 2.7348
      endloop
   endfacet
   facet normal 0.0000 1.0000 0.0000
      outer loop
         vertex -10.4500 8.9000 2.7000
         vertex -10.1417 8.9000 2.7348
         vertex -10.1207 8.9000 2.7201
      endloop
   endfacet
   facet normal 0.0000 1.0000 0.0000
      outer loop
         vertex -10.4500 8.9000 2.7000
         vertex -10.1207 8.9000 2.7201
         vertex -10.0457 8.9000 2.7000
      endloop
   endfacet
   facet normal 0.0000 1.0000 0.0000
      outer loop
         vertex -10.4500 8.9000 7.0000
         vertex -10.0457 8.9000 7.0000
         vertex -10.1207 8.9000 6.9799
      endloop
   endfacet
   facet normal 0.0000 1.0000 0.0000
      outer loop
         vertex -10.4500 8.9000 7.0000
         vertex -10.1207 8.9000 6.9799
         vertex -10.1417 8.9000 6.9652
      endloop
   endfacet
   facet normal 0.0000 1.0000 0.0000
      outer loop
         vertex -10.4500 8.9000 7.0000
         vertex -10.1417 8.9000 6.9652
         vertex -10.3460 8.9000 6.7950
      endloop
   endfacet
   facet normal 0.0000 1.0000 0.0000
      outer loop
         vertex -10.4500 8.9000 7.0000
         vertex -10.3460 8.9000 6.7950
         vertex -10.3799 8.9000 6.7547
      endloop
   endfacet
   facet normal 0.0000 1.0000 0.0000
      outer loop
         vertex -10.4500 8.9000 7.0000
         vertex -10.3799 8.9000 6.7547
         vertex -10.4000 8.9000 6.6797
      endloop
   endfacet
   facet normal 0.0000 1.0000 0.0000
      outer loop
         vertex -10.4500 8.9000 7.0000
         vertex -10.4000 8.9000 6.6797
         vertex -10.4000 8.9000 6.5203
      endloop
   endfacet
   facet normal 0.0000 1.0000 0.0000
      outer loop
         vertex -10.4500 8.9000 7.0000
         vertex -10.4000 8.9000 6.5203
         vertex -10.4500 8.9000 6.2000
      endloop
   endfacet
   facet normal 0.0000 1.0000 0.0000
      outer loop
         vertex -10.4500 8.9000 6.2000
         vertex -10.4000 8.9000 6.5203
         vertex -10.3799 8.9000 6.4453
      endloop
   endfacet
   facet normal 0.0000 1.0000 0.0000
      outer loop
         vertex -10.4500 8.9000 6.2000
         vertex -10.3799 8.9000 6.4453
         vertex -10.3460 8.9000 6.4050
      endloop
   endfacet
   facet normal 0.0000 1.0000 0.0000
      outer loop
         vertex -10.4500 8.9000 6.2000
         vertex -10.3460 8.9000 6.4050
         vertex -10.1417 8.9000 6.2348
      endloop
   endfacet
   facet normal 0.0000 1.0000 0.0000
      outer loop
         vertex -10.4500 8.9000 6.2000
         vertex -10.1417 8.9000 6.2348
         vertex -10.1207 8.9000 6.2201
      endloop
   endfacet
   facet normal 0.0000 1.0000 0.0000
      outer loop
         vertex -10.4500 8.9000 6.2000
         vertex -10.1207 8.9000 6.2201
         vertex -10.0457 8.9000 6.2000
      endloop
   endfacet
   facet normal 0.0000 1.0000 0.0000
      outer loop
         vertex -10.4500 8.9000 10.5000
         vertex -10.0457 8.9000 10.5000
         vertex -10.1207 8.9000 10.4799
      endloop
   endfacet
   facet normal 0.0000 1.0000 0.0000
      outer loop
         vertex -10.4500 8.9000 10.5000
         vertex -10.1207 8.9000 10.4799
         vertex -10.1417 8.9000 10.4652
      endloop
   endfacet
   facet normal 0.0000 1.0000 0.0000
      outer loop
         vertex -10.4500 8.9000 10.5000
         vertex -10.1417 8.9000 10.4652
         vertex -10.3460 8.9000 10.2950
      endloop
   endfacet
   facet normal 0.0000 1.0000 0.0000
      outer loop
         vertex -10.4500 8.9000 10.5000
         vertex -10.3460 8.9000 10.2950
         vertex -10.3799 8.9000 10.2547
      endloop
   endfacet
   facet normal 0.0000 1.0000 0.0000
      outer loop
         vertex -10.4500 8.9000 10.5000
         vertex -10.3799 8.9000 10.2547
         vertex -10.4000 8.9000 10.1797
      endloop
   endfacet
   facet normal 0.0000 1.0000 0.0000
      outer loop
         vertex -10.4500 8.9000 10.5000
         vertex -10.4000 8.9000 10.1797
         vertex -10.4000 8.9000 10.0203
      endloop
   endfacet
   facet normal 0.0000 1.0000 0.0000
      outer loop
         vertex -10.4500 8.9000 10.5000
         vertex -10.4000 8.9000 10.0203
         vertex -10.4500 8.9000 9.7000
      endloop
   endfacet
   facet normal 0.0000 1.0000 0.0000
      outer loop
         vertex -10.4500 8.9000 9.7000
         vertex -10.4000 8.9000 10.0203
         vertex -10.3799 8.9000 9.9453
      endloop
   endfacet
   facet normal 0.0000 1.0000 0.0000
      outer loop
         vertex -10.4500 8.9000 9.7000
         vertex -10.3799 8.9000 9.9453
         vertex -10.3460 8.9000 9.9050
      endloop
   endfacet
   facet normal 0.0000 1.0000 0.0000
      outer loop
         vertex -10.4500 8.9000 9.7000
         vertex -10.3460 8.9000 9.9050
         vertex -10.1417 8.9000 9.7348
      endloop
   endfacet
   facet normal 0.0000 1.0000 0.0000
      outer loop
         vertex -10.4500 8.9000 9.7000
         vertex -10.1417 8.9000 9.7348
         vertex -10.1207 8.9000 9.7201
      endloop
   endfacet
   facet normal 0.0000 1.0000 0.0000
      outer loop
         vertex -10.4500 8.9000 9.7000
         vertex -10.1207 8.9000 9.7201
         vertex -10.0457 8.9000 9.7000
      endloop
   endfacet
   facet normal 0.0000 1.0000 0.0000
      outer loop
         vertex -10.4500 8.9000 14.0000
         vertex -10.0457 8.9000 14.0000
         vertex -10.1207 8.9000 13.9799
      endloop
   endfacet
   facet normal 0.0000 1.0000 0.0000
      outer loop
         vertex -10.4500 8.9000 14.0000
         vertex -10.1207 8.9000 13.9799
         vertex -10.1417 8.9000 13.9652
      endloop
   endfacet
   facet normal 0.0000 1.0000 0.0000
      outer loop
         vertex -10.4500 8.9000 14.0000
         vertex -10.1417 8.9000 13.9652
         vertex -10.3460 8.9000 13.7950
      endloop
   endfacet
   facet normal 0.0000 1.0000 0.0000
      outer loop
         vertex -10.4500 8.9000 14.0000
         vertex -10.3460 8.9000 13.7950
         vertex -10.3799 8.9000 13.7547
      endloop
   endfacet
   facet normal 0.0000 1.0000 0.0000
      outer loop
         vertex -10.4500 8.9000 14.0000
         vertex -10.3799 8.9000 13.7547
         vertex -10.4000 8.9000 13.6797
      endloop
   endfacet
   facet normal 0.0000 1.0000 0.0000
      outer loop
         vertex -10.4500 8.9000 14.0000
         vertex -10.4000 8.9000 13.6797
         vertex -10.4000 8.9000 13.5203
      endloop
   endfacet
   facet normal 0.0000 1.0000 0.0000
      outer loop
         vertex -10.4500 8.9000 14.0000
         vertex -10.4000 8.9000 13.5203
         vertex -10.4500 8.9000 13.2000
      endloop
   endfacet
   facet normal 0.0000 1.0000 0.0000
      outer loop
         vertex -10.4500 8.9000 13.2000
         vertex -10.4000 8.9000 13.5203
         vertex -10.3799 8.9000 13.4453
      endloop
   endfacet
   facet normal 0.0000 1.0000 0.0000
      outer loop
         vertex -10.4500 8.9000 13.2000
         vertex -10.3799 8.9000 13.4453
         vertex -10.3460 8.9000 13.4050
      endloop
   endfacet
   facet normal 0.0000 1.0000 0.0000
      outer loop
         vertex -10.4500 8.9000 13.2000
         vertex -10.3460 8.9000 13.4050
         vertex -10.1417 8.9000 13.2348
      endloop
   endfacet
   facet normal 0.0000 1.0000 0.0000
      outer loop
         vertex -10.4500 8.9000 13.2000
         vertex -10.1417 8.9000 13.2348
         vertex -10.1207 8.9000 13.2201
      endloop
   endfacet
   facet normal 0.0000 1.0000 0.0000
      outer loop
         vertex -10.4500 8.9000 13.2000
         vertex -10.1207 8.9000 13.2201
         vertex -10.0457 8.9000 13.2000
      endloop
   endfacet
   facet normal 0.0000 0.0000 -1.0000
      outer loop
         vertex -10.4500 3.4500 1.1000
         vertex -8.6000 3.4500 1.1000
         vertex -8.6000 2.4500 1.1000
      endloop
   endfacet
   facet normal 0.0000 0.0000 -1.0000
      outer loop
         vertex -10.4500 3.4500 1.1000
         vertex -8.6000 2.4500 1.1000
         vertex -10.4500 2.4500 1.1000
      endloop
   endfacet
   facet normal 0.0000 0.0000 -1.0000
      outer loop
         vertex -8.6000 3.4500 2.7000
         vertex -10.4500 3.4500 2.7000
         vertex -10.0457 8.9000 2.7000
      endloop
   endfacet
   facet normal 0.0000 0.0000 -1.0000
      outer loop
         vertex -8.6000 3.4500 2.7000
         vertex -10.0457 8.9000 2.7000
         vertex -10.0427 8.9000 2.7000
      endloop
   endfacet
   facet normal 0.0000 0.0000 -1.0000
      outer loop
         vertex -8.6000 3.4500 2.7000
         vertex -10.0427 8.9000 2.7000
         vertex -9.4500 8.9000 2.7000
      endloop
   endfacet
   facet normal 0.0000 0.0000 -1.0000
      outer loop
         vertex -8.6000 3.4500 2.7000
         vertex -9.4500 8.9000 2.7000
         vertex -8.6000 13.0103 2.7000
      endloop
   endfacet
   facet normal 0.0000 0.0000 -1.0000
      outer loop
         vertex -8.6000 13.0103 2.7000
         vertex -9.4500 8.9000 2.7000
         vertex -9.4500 11.9973 2.7000
      endloop
   endfacet
   facet normal 0.0000 0.0000 -1.0000
      outer loop
         vertex -10.0457 8.9000 2.7000
         vertex -10.4500 3.4500 2.7000
         vertex -10.4500 8.9000 2.7000
      endloop
   endfacet
   facet normal 0.0000 0.0000 -1.0000
      outer loop
         vertex -8.6000 3.4500 6.2000
         vertex -10.4500 3.4500 6.2000
         vertex -10.0457 8.9000 6.2000
      endloop
   endfacet
   facet normal 0.0000 0.0000 -1.0000
      outer loop
         vertex -8.6000 3.4500 6.2000
         vertex -10.0457 8.9000 6.2000
         vertex -10.0427 8.9000 6.2000
      endloop
   endfacet
   facet normal 0.0000 0.0000 -1.0000
      outer loop
         vertex -8.6000 3.4500 6.2000
         vertex -10.0427 8.9000 6.2000
         vertex -9.4500 8.9000 6.2000
      endloop
   endfacet
   facet normal 0.0000 0.0000 -1.0000
      outer loop
         vertex -8.6000 3.4500 6.2000
         vertex -9.4500 8.9000 6.2000
         vertex -8.6000 13.0103 6.2000
      endloop
   endfacet
   facet normal 0.0000 0.0000 -1.0000
      outer loop
         vertex -8.6000 13.0103 6.2000
         vertex -9.4500 8.9000 6.2000
         vertex -9.4500 11.9973 6.2000
      endloop
   endfacet
   facet normal 0.0000 0.0000 -1.0000
      outer loop
         vertex -10.0457 8.9000 6.2000
         vertex -10.4500 3.4500 6.2000
         vertex -10.4500 8.9000 6.2000
      endloop
   endfacet
   facet normal 0.0000 0.0000 -1.0000
      outer loop
         vertex -8.6000 3.4500 9.7000
         vertex -10.4500 3.4500 9.7000
         vertex -10.0457 8.9000 9.7000
      endloop
   endfacet
   facet normal 0.0000 0.0000 -1.0000
      outer loop
         vertex -8.6000 3.4500 9.7000
         vertex -10.0457 8.9000 9.7000
         vertex -10.0427 8.9000 9.7000
      endloop
   endfacet
   facet normal 0.0000 0.0000 -1.0000
      outer loop
         vertex -8.6000 3.4500 9.7000
         vertex -10.0427 8.9000 9.7000
         vertex -9.4500 8.9000 9.7000
      endloop
   endfacet
   facet normal 0.0000 0.0000 -1.0000
      outer loop
         vertex -8.6000 3.4500 9.7000
         vertex -9.4500 8.9000 9.7000
         vertex -8.6000 13.0103 9.7000
      endloop
   endfacet
   facet normal 0.0000 0.0000 -1.0000
      outer loop
         vertex -8.6000 13.0103 9.7000
         vertex -9.4500 8.9000 9.7000
         vertex -9.4500 11.9973 9.7000
      endloop
   endfacet
   facet normal 0.0000 0.0000 -1.0000
      outer loop
         vertex -10.0457 8.9000 9.7000
         vertex -10.4500 3.4500 9.7000
         vertex -10.4500 8.9000 9.7000
      endloop
   endfacet
   facet normal 0.0000 0.0000 -1.0000
      outer loop
         vertex -8.6000 3.4500 13.2000
         vertex -10.4500 3.4500 13.2000
         vertex -10.0457 8.9000 13.2000
      endloop
   endfacet
   facet normal 0.0000 0.0000 -1.0000
      outer loop
         vertex -8.6000 3.4500 13.2000
         vertex -10.0457 8.9000 13.2000
         vertex -10.0427 8.9000 13.2000
      endloop
   endfacet
   facet normal 0.0000 0.0000 -1.0000
      outer loop
         vertex -8.6000 3.4500 13.2000
         vertex -10.0427 8.9000 13.2000
         vertex -9.4500 8.9000 13.2000
      endloop
   endfacet
   facet normal 0.0000 0.0000 -1.0000
      outer loop
         vertex -8.6000 3.4500 13.2000
         vertex -9.4500 8.9000 13.2000
         vertex -8.6000 13.0103 13.2000
      endloop
   endfacet
   facet normal 0.0000 0.0000 -1.0000
      outer loop
         vertex -8.6000 13.0103 13.2000
         vertex -9.4500 8.9000 13.2000
         vertex -9.4500 11.9973 13.2000
      endloop
   endfacet
   facet normal 0.0000 0.0000 -1.0000
      outer loop
         vertex -10.0457 8.9000 13.2000
         vertex -10.4500 3.4500 13.2000
         vertex -10.4500 8.9000 13.2000
      endloop
   endfacet
   facet normal 0.0000 0.0000 1.0000
      outer loop
         vertex -8.7000 12.9926 13.1500
         vertex -10.4500 10.9070 13.1500
         vertex -10.4203 7.0081 13.1500
      endloop
   endfacet
   facet normal 0.0000 0.0000 1.0000
      outer loop
         vertex -8.7000 12.9926 13.1500
         vertex -10.4203 7.0081 13.1500
         vertex -10.3329 6.7805 13.1500
      endloop
   endfacet
   facet normal 0.0000 0.0000 1.0000
      outer loop
         vertex -8.7000 12.9926 13.1500
         vertex -10.3329 6.7805 13.1500
         vertex -8.7904 3.8794 13.1500
      endloop
   endfacet
   facet normal 0.0000 0.0000 1.0000
      outer loop
         vertex -8.7000 12.9926 13.1500
         vertex -8.7904 3.8794 13.1500
         vertex -8.7769 3.8550 13.1500
      endloop
   endfacet
   facet normal 0.0000 0.0000 1.0000
      outer loop
         vertex -8.7000 12.9926 13.1500
         vertex -8.7769 3.8550 13.1500
         vertex -8.7000 7.0800 13.1500
      endloop
   endfacet
   facet normal 0.0000 0.0000 1.0000
      outer loop
         vertex -8.7000 7.0800 13.1500
         vertex -8.7769 3.8550 13.1500
         vertex -8.6000 3.6781 13.1500
      endloop
   endfacet
   facet normal 0.0000 0.0000 1.0000
      outer loop
         vertex -8.7000 7.0800 13.1500
         vertex -8.6000 3.6781 13.1500
         vertex -8.6000 7.0800 13.1500
      endloop
   endfacet
   facet normal 0.0000 0.0000 1.0000
      outer loop
         vertex -10.4203 7.0081 13.1500
         vertex -10.4500 10.9070 13.1500
         vertex -10.4500 7.2500 13.1500
      endloop
   endfacet
   facet normal 0.0000 0.0000 1.0000
      outer loop
         vertex -8.6000 2.1500 10.5000
         vertex -8.6000 13.0103 10.5000
         vertex -9.4500 11.9973 10.5000
      endloop
   endfacet
   facet normal 0.0000 0.0000 1.0000
      outer loop
         vertex -8.6000 2.1500 10.5000
         vertex -9.4500 11.9973 10.5000
         vertex -9.4500 8.9000 10.5000
      endloop
   endfacet
   facet normal 0.0000 0.0000 1.0000
      outer loop
         vertex -8.6000 2.1500 10.5000
         vertex -9.4500 8.9000 10.5000
         vertex -10.0427 8.9000 10.5000
      endloop
   endfacet
   facet normal 0.0000 0.0000 1.0000
      outer loop
         vertex -8.6000 2.1500 10.5000
         vertex -10.0427 8.9000 10.5000
         vertex -10.0457 8.9000 10.5000
      endloop
   endfacet
   facet normal 0.0000 0.0000 1.0000
      outer loop
         vertex -8.6000 2.1500 10.5000
         vertex -10.0457 8.9000 10.5000
         vertex -10.4500 8.9000 10.5000
      endloop
   endfacet
   facet normal 0.0000 0.0000 1.0000
      outer loop
         vertex -8.6000 2.1500 10.5000
         vertex -10.4500 8.9000 10.5000
         vertex -10.4500 2.1500 10.5000
      endloop
   endfacet
   facet normal 0.0000 0.0000 -1.0000
      outer loop
         vertex -10.3329 6.7805 10.5500
         vertex -10.4203 7.0081 10.5500
         vertex -10.4500 7.2500 10.5500
      endloop
   endfacet
   facet normal 0.0000 0.0000 -1.0000
      outer loop
         vertex -10.3329 6.7805 10.5500
         vertex -10.4500 7.2500 10.5500
         vertex -10.4500 10.9070 10.5500
      endloop
   endfacet
   facet normal 0.0000 0.0000 -1.0000
      outer loop
         vertex -10.3329 6.7805 10.5500
         vertex -10.4500 10.9070 10.5500
         vertex -8.7000 12.9926 10.5500
      endloop
   endfacet
   facet normal 0.0000 0.0000 -1.0000
      outer loop
         vertex -10.3329 6.7805 10.5500
         vertex -8.7000 12.9926 10.5500
         vertex -8.7000 7.0800 10.5500
      endloop
   endfacet
   facet normal 0.0000 0.0000 -1.0000
      outer loop
         vertex -10.3329 6.7805 10.5500
         vertex -8.7000 7.0800 10.5500
         vertex -8.6000 7.0800 10.5500
      endloop
   endfacet
   facet normal 0.0000 0.0000 -1.0000
      outer loop
         vertex -10.3329 6.7805 10.5500
         vertex -8.6000 7.0800 10.5500
         vertex -8.6000 3.6781 10.5500
      endloop
   endfacet
   facet normal 0.0000 0.0000 -1.0000
      outer loop
         vertex -10.3329 6.7805 10.5500
         vertex -8.6000 3.6781 10.5500
         vertex -8.7769 3.8550 10.5500
      endloop
   endfacet
   facet normal 0.0000 0.0000 -1.0000
      outer loop
         vertex -10.3329 6.7805 10.5500
         vertex -8.7769 3.8550 10.5500
         vertex -8.7904 3.8794 10.5500
      endloop
   endfacet
   facet normal 0.0000 0.0000 1.0000
      outer loop
         vertex -8.7000 7.0800 9.6500
         vertex -8.7000 12.9926 9.6500
         vertex -10.4500 10.9070 9.6500
      endloop
   endfacet
   facet normal 0.0000 0.0000 1.0000
      outer loop
         vertex -8.7000 7.0800 9.6500
         vertex -10.4500 10.9070 9.6500
         vertex -10.4500 7.2500 9.6500
      endloop
   endfacet
   facet normal 0.0000 0.0000 1.0000
      outer loop
         vertex -8.7000 7.0800 9.6500
         vertex -10.4500 7.2500 9.6500
         vertex -10.4203 7.0081 9.6500
      endloop
   endfacet
   facet normal 0.0000 0.0000 1.0000
      outer loop
         vertex -8.7000 7.0800 9.6500
         vertex -10.4203 7.0081 9.6500
         vertex -10.3329 6.7805 9.6500
      endloop
   endfacet
   facet normal 0.0000 0.0000 1.0000
      outer loop
         vertex -8.7000 7.0800 9.6500
         vertex -10.3329 6.7805 9.6500
         vertex -8.7904 3.8794 9.6500
      endloop
   endfacet
   facet normal 0.0000 0.0000 1.0000
      outer loop
         vertex -8.7000 7.0800 9.6500
         vertex -8.7904 3.8794 9.6500
         vertex -8.7769 3.8550 9.6500
      endloop
   endfacet
   facet normal 0.0000 0.0000 1.0000
      outer loop
         vertex -8.7000 7.0800 9.6500
         vertex -8.7769 3.8550 9.6500
         vertex -8.6000 3.6781 9.6500
      endloop
   endfacet
   facet normal 0.0000 0.0000 1.0000
      outer loop
         vertex -8.7000 7.0800 9.6500
         vertex -8.6000 3.6781 9.6500
         vertex -8.6000 7.0800 9.6500
      endloop
   endfacet
   facet normal 0.0000 0.0000 1.0000
      outer loop
         vertex -8.6000 2.1500 7.0000
         vertex -8.6000 13.0103 7.0000
         vertex -9.4500 11.9973 7.0000
      endloop
   endfacet
   facet normal 0.0000 0.0000 1.0000
      outer loop
         vertex -8.6000 2.1500 7.0000
         vertex -9.4500 11.9973 7.0000
         vertex -9.4500 8.9000 7.0000
      endloop
   endfacet
   facet normal 0.0000 0.0000 1.0000
      outer loop
         vertex -8.6000 2.1500 7.0000
         vertex -9.4500 8.9000 7.0000
         vertex -10.0427 8.9000 7.0000
      endloop
   endfacet
   facet normal 0.0000 0.0000 1.0000
      outer loop
         vertex -8.6000 2.1500 7.0000
         vertex -10.0427 8.9000 7.0000
         vertex -10.0457 8.9000 7.0000
      endloop
   endfacet
   facet normal 0.0000 0.0000 1.0000
      outer loop
         vertex -8.6000 2.1500 7.0000
         vertex -10.0457 8.9000 7.0000
         vertex -10.4500 8.9000 7.0000
      endloop
   endfacet
   facet normal 0.0000 0.0000 1.0000
      outer loop
         vertex -8.6000 2.1500 7.0000
         vertex -10.4500 8.9000 7.0000
         vertex -10.4500 2.1500 7.0000
      endloop
   endfacet
   facet normal 0.0000 0.0000 -1.0000
      outer loop
         vertex -8.6000 7.0800 7.0500
         vertex -8.6000 3.6781 7.0500
         vertex -8.7000 7.0800 7.0500
      endloop
   endfacet
   facet normal 0.0000 0.0000 -1.0000
      outer loop
         vertex -8.7000 7.0800 7.0500
         vertex -8.6000 3.6781 7.0500
         vertex -8.7769 3.8550 7.0500
      endloop
   endfacet
   facet normal 0.0000 0.0000 -1.0000
      outer loop
         vertex -8.7000 7.0800 7.0500
         vertex -8.7769 3.8550 7.0500
         vertex -8.7000 12.9926 7.0500
      endloop
   endfacet
   facet normal 0.0000 0.0000 -1.0000
      outer loop
         vertex -8.7000 12.9926 7.0500
         vertex -8.7769 3.8550 7.0500
         vertex -8.7904 3.8794 7.0500
      endloop
   endfacet
   facet normal 0.0000 0.0000 -1.0000
      outer loop
         vertex -8.7000 12.9926 7.0500
         vertex -8.7904 3.8794 7.0500
         vertex -10.3329 6.7805 7.0500
      endloop
   endfacet
   facet normal 0.0000 0.0000 -1.0000
      outer loop
         vertex -8.7000 12.9926 7.0500
         vertex -10.3329 6.7805 7.0500
         vertex -10.4203 7.0081 7.0500
      endloop
   endfacet
   facet normal 0.0000 0.0000 -1.0000
      outer loop
         vertex -8.7000 12.9926 7.0500
         vertex -10.4203 7.0081 7.0500
         vertex -10.4500 7.2500 7.0500
      endloop
   endfacet
   facet normal 0.0000 0.0000 -1.0000
      outer loop
         vertex -8.7000 12.9926 7.0500
         vertex -10.4500 7.2500 7.0500
         vertex -10.4500 10.9070 7.0500
      endloop
   endfacet
   facet normal 0.0000 0.0000 1.0000
      outer loop
         vertex -10.4203 7.0081 6.1500
         vertex -10.3329 6.7805 6.1500
         vertex -8.7904 3.8794 6.1500
      endloop
   endfacet
   facet normal 0.0000 0.0000 1.0000
      outer loop
         vertex -10.4203 7.0081 6.1500
         vertex -8.7904 3.8794 6.1500
         vertex -8.7769 3.8550 6.1500
      endloop
   endfacet
   facet normal 0.0000 0.0000 1.0000
      outer loop
         vertex -10.4203 7.0081 6.1500
         vertex -8.7769 3.8550 6.1500
         vertex -8.6000 3.6781 6.1500
      endloop
   endfacet
   facet normal 0.0000 0.0000 1.0000
      outer loop
         vertex -10.4203 7.0081 6.1500
         vertex -8.6000 3.6781 6.1500
         vertex -8.6000 7.0800 6.1500
      endloop
   endfacet
   facet normal 0.0000 0.0000 1.0000
      outer loop
         vertex -10.4203 7.0081 6.1500
         vertex -8.6000 7.0800 6.1500
         vertex -8.7000 7.0800 6.1500
      endloop
   endfacet
   facet normal 0.0000 0.0000 1.0000
      outer loop
         vertex -10.4203 7.0081 6.1500
         vertex -8.7000 7.0800 6.1500
         vertex -8.7000 12.9926 6.1500
      endloop
   endfacet
   facet normal 0.0000 0.0000 1.0000
      outer loop
         vertex -10.4203 7.0081 6.1500
         vertex -8.7000 12.9926 6.1500
         vertex -10.4500 10.9070 6.1500
      endloop
   endfacet
   facet normal 0.0000 0.0000 1.0000
      outer loop
         vertex -10.4203 7.0081 6.1500
         vertex -10.4500 10.9070 6.1500
         vertex -10.4500 7.2500 6.1500
      endloop
   endfacet
   facet normal 0.0000 0.0000 1.0000
      outer loop
         vertex -8.6000 2.1500 3.5000
         vertex -8.6000 13.0103 3.5000
         vertex -9.4500 11.9973 3.5000
      endloop
   endfacet
   facet normal 0.0000 0.0000 1.0000
      outer loop
         vertex -8.6000 2.1500 3.5000
         vertex -9.4500 11.9973 3.5000
         vertex -9.4500 8.9000 3.5000
      endloop
   endfacet
   facet normal 0.0000 0.0000 1.0000
      outer loop
         vertex -8.6000 2.1500 3.5000
         vertex -9.4500 8.9000 3.5000
         vertex -10.0427 8.9000 3.5000
      endloop
   endfacet
   facet normal 0.0000 0.0000 1.0000
      outer loop
         vertex -8.6000 2.1500 3.5000
         vertex -10.0427 8.9000 3.5000
         vertex -10.0457 8.9000 3.5000
      endloop
   endfacet
   facet normal 0.0000 0.0000 1.0000
      outer loop
         vertex -8.6000 2.1500 3.5000
         vertex -10.0457 8.9000 3.5000
         vertex -10.4500 8.9000 3.5000
      endloop
   endfacet
   facet normal 0.0000 0.0000 1.0000
      outer loop
         vertex -8.6000 2.1500 3.5000
         vertex -10.4500 8.9000 3.5000
         vertex -10.4500 2.1500 3.5000
      endloop
   endfacet
   facet normal 0.0000 0.0000 -1.0000
      outer loop
         vertex -8.6000 7.0800 3.5500
         vertex -8.6000 3.6781 3.5500
         vertex -8.7000 7.0800 3.5500
      endloop
   endfacet
   facet normal 0.0000 0.0000 -1.0000
      outer loop
         vertex -8.7000 7.0800 3.5500
         vertex -8.6000 3.6781 3.5500
         vertex -8.7769 3.8550 3.5500
      endloop
   endfacet
   facet normal 0.0000 0.0000 -1.0000
      outer loop
         vertex -8.7000 7.0800 3.5500
         vertex -8.7769 3.8550 3.5500
         vertex -8.7000 12.9926 3.5500
      endloop
   endfacet
   facet normal 0.0000 0.0000 -1.0000
      outer loop
         vertex -8.7000 12.9926 3.5500
         vertex -8.7769 3.8550 3.5500
         vertex -8.7904 3.8794 3.5500
      endloop
   endfacet
   facet normal 0.0000 0.0000 -1.0000
      outer loop
         vertex -8.7000 12.9926 3.5500
         vertex -8.7904 3.8794 3.5500
         vertex -10.3329 6.7805 3.5500
      endloop
   endfacet
   facet normal 0.0000 0.0000 -1.0000
      outer loop
         vertex -8.7000 12.9926 3.5500
         vertex -10.3329 6.7805 3.5500
         vertex -10.4203 7.0081 3.5500
      endloop
   endfacet
   facet normal 0.0000 0.0000 -1.0000
      outer loop
         vertex -8.7000 12.9926 3.5500
         vertex -10.4203 7.0081 3.5500
         vertex -10.4500 7.2500 3.5500
      endloop
   endfacet
   facet normal 0.0000 0.0000 -1.0000
      outer loop
         vertex -8.7000 12.9926 3.5500
         vertex -10.4500 7.2500 3.5500
         vertex -10.4500 10.9070 3.5500
      endloop
   endfacet
   facet normal 0.0000 0.0000 -1.0000
      outer loop
         vertex -8.6000 2.4500 4.6000
         vertex -10.4500 2.4500 4.6000
         vertex -10.4500 3.4500 4.6000
      endloop
   endfacet
   facet normal 0.0000 0.0000 -1.0000
      outer loop
         vertex -8.6000 2.4500 4.6000
         vertex -10.4500 3.4500 4.6000
         vertex -8.6000 3.4500 4.6000
      endloop
   endfacet
   facet normal 0.0000 0.0000 -1.0000
      outer loop
         vertex -8.6000 2.4500 8.1000
         vertex -10.4500 2.4500 8.1000
         vertex -10.4500 3.4500 8.1000
      endloop
   endfacet
   facet normal 0.0000 0.0000 -1.0000
      outer loop
         vertex -8.6000 2.4500 8.1000
         vertex -10.4500 3.4500 8.1000
         vertex -8.6000 3.4500 8.1000
      endloop
   endfacet
   facet normal 0.0000 0.0000 -1.0000
      outer loop
         vertex -8.6000 2.4500 11.6000
         vertex -10.4500 2.4500 11.6000
         vertex -10.4500 3.4500 11.6000
      endloop
   endfacet
   facet normal 0.0000 0.0000 -1.0000
      outer loop
         vertex -8.6000 2.4500 11.6000
         vertex -10.4500 3.4500 11.6000
         vertex -8.6000 3.4500 11.6000
      endloop
   endfacet
   facet normal 0.0000 1.0000 0.0000
      outer loop
         vertex -8.6000 3.4500 11.6000
         vertex -10.4500 3.4500 11.6000
         vertex -10.4500 3.4500 13.2000
      endloop
   endfacet
   facet normal 0.0000 1.0000 0.0000
      outer loop
         vertex -8.6000 3.4500 11.6000
         vertex -10.4500 3.4500 13.2000
         vertex -8.6000 3.4500 13.2000
      endloop
   endfacet
   facet normal -0.9596 -0.2814 0.0000
      outer loop
         vertex -10.4203 7.0081 13.1500
         vertex -10.4203 7.0081 10.5500
         vertex -10.3329 6.7805 10.5500
      endloop
   endfacet
   facet normal -0.9473 -0.3203 0.0000
      outer loop
         vertex -10.4203 7.0081 13.1500
         vertex -10.3329 6.7805 10.5500
         vertex -10.3329 6.7805 13.1500
      endloop
   endfacet
   facet normal -0.9794 -0.2020 0.0000
      outer loop
         vertex -10.4203 7.0081 10.5500
         vertex -10.4203 7.0081 13.1500
         vertex -10.4500 7.2500 13.1500
      endloop
   endfacet
   facet normal -0.9868 -0.1620 0.0000
      outer loop
         vertex -10.4203 7.0081 10.5500
         vertex -10.4500 7.2500 13.1500
         vertex -10.4500 7.2500 10.5500
      endloop
   endfacet
   facet normal 0.0000 0.3399 -0.9405
      outer loop
         vertex -10.4500 2.4500 11.6000
         vertex -8.6000 2.4500 11.6000
         vertex -8.6000 2.3000 11.5598
      endloop
   endfacet
   facet normal 0.0000 0.4210 -0.9071
      outer loop
         vertex -10.4500 2.4500 11.6000
         vertex -8.6000 2.3000 11.5598
         vertex -10.4500 2.3000 11.5598
      endloop
   endfacet
   facet normal 0.0000 1.0000 0.0000
      outer loop
         vertex -8.6000 3.4500 9.7000
         vertex -8.6000 3.4500 8.1000
         vertex -10.4500 3.4500 8.1000
      endloop
   endfacet
   facet normal 0.0000 1.0000 0.0000
      outer loop
         vertex -8.6000 3.4500 9.7000
         vertex -10.4500 3.4500 8.1000
         vertex -10.4500 3.4500 9.7000
      endloop
   endfacet
   facet normal -0.9596 -0.2814 0.0000
      outer loop
         vertex -10.4203 7.0081 9.6500
         vertex -10.4203 7.0081 7.0500
         vertex -10.3329 6.7805 7.0500
      endloop
   endfacet
   facet normal -0.9473 -0.3203 0.0000
      outer loop
         vertex -10.4203 7.0081 9.6500
         vertex -10.3329 6.7805 7.0500
         vertex -10.3329 6.7805 9.6500
      endloop
   endfacet
   facet normal -0.9794 -0.2020 0.0000
      outer loop
         vertex -10.4203 7.0081 7.0500
         vertex -10.4203 7.0081 9.6500
         vertex -10.4500 7.2500 9.6500
      endloop
   endfacet
   facet normal -0.9868 -0.1620 0.0000
      outer loop
         vertex -10.4203 7.0081 7.0500
         vertex -10.4500 7.2500 9.6500
         vertex -10.4500 7.2500 7.0500
      endloop
   endfacet
   facet normal 0.0000 0.3399 -0.9405
      outer loop
         vertex -10.4500 2.4500 8.1000
         vertex -8.6000 2.4500 8.1000
         vertex -8.6000 2.3000 8.0598
      endloop
   endfacet
   facet normal 0.0000 0.4210 -0.9071
      outer loop
         vertex -10.4500 2.4500 8.1000
         vertex -8.6000 2.3000 8.0598
         vertex -10.4500 2.3000 8.0598
      endloop
   endfacet
   facet normal 0.0000 1.0000 0.0000
      outer loop
         vertex -10.4500 3.4500 6.2000
         vertex -8.6000 3.4500 6.2000
         vertex -8.6000 3.4500 4.6000
      endloop
   endfacet
   facet normal 0.0000 1.0000 0.0000
      outer loop
         vertex -10.4500 3.4500 6.2000
         vertex -8.6000 3.4500 4.6000
         vertex -10.4500 3.4500 4.6000
      endloop
   endfacet
   facet normal -0.9473 -0.3203 0.0000
      outer loop
         vertex -10.3329 6.7805 3.5500
         vertex -10.3329 6.7805 6.1500
         vertex -10.4203 7.0081 6.1500
      endloop
   endfacet
   facet normal -0.9596 -0.2814 0.0000
      outer loop
         vertex -10.3329 6.7805 3.5500
         vertex -10.4203 7.0081 6.1500
         vertex -10.4203 7.0081 3.5500
      endloop
   endfacet
   facet normal -0.9794 -0.2020 0.0000
      outer loop
         vertex -10.4203 7.0081 3.5500
         vertex -10.4203 7.0081 6.1500
         vertex -10.4500 7.2500 6.1500
      endloop
   endfacet
   facet normal -0.9868 -0.1620 0.0000
      outer loop
         vertex -10.4203 7.0081 3.5500
         vertex -10.4500 7.2500 6.1500
         vertex -10.4500 7.2500 3.5500
      endloop
   endfacet
   facet normal 0.0000 0.3399 -0.9405
      outer loop
         vertex -10.4500 2.4500 4.6000
         vertex -8.6000 2.4500 4.6000
         vertex -8.6000 2.3000 4.5598
      endloop
   endfacet
   facet normal 0.0000 0.4210 -0.9071
      outer loop
         vertex -10.4500 2.4500 4.6000
         vertex -8.6000 2.3000 4.5598
         vertex -10.4500 2.3000 4.5598
      endloop
   endfacet
   facet normal 0.0000 1.0000 0.0000
      outer loop
         vertex -8.6000 3.4500 1.1000
         vertex -10.4500 3.4500 1.1000
         vertex -10.4500 3.4500 2.7000
      endloop
   endfacet
   facet normal 0.0000 1.0000 0.0000
      outer loop
         vertex -8.6000 3.4500 1.1000
         vertex -10.4500 3.4500 2.7000
         vertex -8.6000 3.4500 2.7000
      endloop
   endfacet
   facet normal 0.0000 0.0000 1.0000
      outer loop
         vertex -8.7000 7.0800 2.6500
         vertex -8.7000 12.9926 2.6500
         vertex -10.4500 10.9070 2.6500
      endloop
   endfacet
   facet normal 0.0000 0.0000 1.0000
      outer loop
         vertex -8.7000 7.0800 2.6500
         vertex -10.4500 10.9070 2.6500
         vertex -10.4500 7.2500 2.6500
      endloop
   endfacet
   facet normal 0.0000 0.0000 1.0000
      outer loop
         vertex -8.7000 7.0800 2.6500
         vertex -10.4500 7.2500 2.6500
         vertex -10.4203 7.0081 2.6500
      endloop
   endfacet
   facet normal 0.0000 0.0000 1.0000
      outer loop
         vertex -8.7000 7.0800 2.6500
         vertex -10.4203 7.0081 2.6500
         vertex -10.3329 6.7805 2.6500
      endloop
   endfacet
   facet normal 0.0000 0.0000 1.0000
      outer loop
         vertex -8.7000 7.0800 2.6500
         vertex -10.3329 6.7805 2.6500
         vertex -8.7904 3.8794 2.6500
      endloop
   endfacet
   facet normal 0.0000 0.0000 1.0000
      outer loop
         vertex -8.7000 7.0800 2.6500
         vertex -8.7904 3.8794 2.6500
         vertex -8.7769 3.8550 2.6500
      endloop
   endfacet
   facet normal 0.0000 0.0000 1.0000
      outer loop
         vertex -8.7000 7.0800 2.6500
         vertex -8.7769 3.8550 2.6500
         vertex -8.6000 3.6781 2.6500
      endloop
   endfacet
   facet normal 0.0000 0.0000 1.0000
      outer loop
         vertex -8.7000 7.0800 2.6500
         vertex -8.6000 3.6781 2.6500
         vertex -8.6000 7.0800 2.6500
      endloop
   endfacet
   facet normal 0.0000 0.0000 -1.0000
      outer loop
         vertex -8.6000 7.0800 0.0500
         vertex -8.6000 3.6781 0.0500
         vertex -8.7000 7.0800 0.0500
      endloop
   endfacet
   facet normal 0.0000 0.0000 -1.0000
      outer loop
         vertex -8.7000 7.0800 0.0500
         vertex -8.6000 3.6781 0.0500
         vertex -8.7769 3.8550 0.0500
      endloop
   endfacet
   facet normal 0.0000 0.0000 -1.0000
      outer loop
         vertex -8.7000 7.0800 0.0500
         vertex -8.7769 3.8550 0.0500
         vertex -8.7000 12.9926 0.0500
      endloop
   endfacet
   facet normal 0.0000 0.0000 -1.0000
      outer loop
         vertex -8.7000 12.9926 0.0500
         vertex -8.7769 3.8550 0.0500
         vertex -8.7904 3.8794 0.0500
      endloop
   endfacet
   facet normal 0.0000 0.0000 -1.0000
      outer loop
         vertex -8.7000 12.9926 0.0500
         vertex -8.7904 3.8794 0.0500
         vertex -10.3329 6.7805 0.0500
      endloop
   endfacet
   facet normal 0.0000 0.0000 -1.0000
      outer loop
         vertex -8.7000 12.9926 0.0500
         vertex -10.3329 6.7805 0.0500
         vertex -10.4203 7.0081 0.0500
      endloop
   endfacet
   facet normal 0.0000 0.0000 -1.0000
      outer loop
         vertex -8.7000 12.9926 0.0500
         vertex -10.4203 7.0081 0.0500
         vertex -10.4500 7.2500 0.0500
      endloop
   endfacet
   facet normal 0.0000 0.0000 -1.0000
      outer loop
         vertex -8.7000 12.9926 0.0500
         vertex -10.4500 7.2500 0.0500
         vertex -10.4500 10.9070 0.0500
      endloop
   endfacet
   facet normal -0.9473 -0.3203 0.0000
      outer loop
         vertex -10.3329 6.7805 0.0500
         vertex -10.3329 6.7805 2.6500
         vertex -10.4203 7.0081 2.6500
      endloop
   endfacet
   facet normal -0.9596 -0.2814 0.0000
      outer loop
         vertex -10.3329 6.7805 0.0500
         vertex -10.4203 7.0081 2.6500
         vertex -10.4203 7.0081 0.0500
      endloop
   endfacet
   facet normal -0.9794 -0.2020 0.0000
      outer loop
         vertex -10.4203 7.0081 0.0500
         vertex -10.4203 7.0081 2.6500
         vertex -10.4500 7.2500 2.6500
      endloop
   endfacet
   facet normal -0.9868 -0.1620 0.0000
      outer loop
         vertex -10.4203 7.0081 0.0500
         vertex -10.4500 7.2500 2.6500
         vertex -10.4500 7.2500 0.0500
      endloop
   endfacet
   facet normal 0.0000 0.3399 -0.9405
      outer loop
         vertex -10.4500 2.4500 1.1000
         vertex -8.6000 2.4500 1.1000
         vertex -8.6000 2.3000 1.0598
      endloop
   endfacet
   facet normal 0.0000 0.4210 -0.9071
      outer loop
         vertex -10.4500 2.4500 1.1000
         vertex -8.6000 2.3000 1.0598
         vertex -10.4500 2.3000 1.0598
      endloop
   endfacet
   facet normal -0.9184 0.0000 -0.3956
      outer loop
         vertex -10.3799 10.8891 13.4453
         vertex -10.3799 8.9000 13.4453
         vertex -10.4000 8.9000 13.5203
      endloop
   endfacet
   facet normal -0.9449 0.0000 -0.3274
      outer loop
         vertex -10.3799 10.8891 13.4453
         vertex -10.4000 8.9000 13.5203
         vertex -10.4000 10.8652 13.5203
      endloop
   endfacet
   facet normal -1.0000 0.0000 0.0000
      outer loop
         vertex -10.4000 8.9000 13.6797
         vertex -10.4000 10.8652 13.6797
         vertex -10.4000 10.8652 13.5203
      endloop
   endfacet
   facet normal -1.0000 0.0000 0.0000
      outer loop
         vertex -10.4000 8.9000 13.6797
         vertex -10.4000 10.8652 13.5203
         vertex -10.4000 8.9000 13.5203
      endloop
   endfacet
   facet normal -0.9449 0.0000 -0.3274
      outer loop
         vertex -10.3799 8.9000 9.9453
         vertex -10.4000 8.9000 10.0203
         vertex -10.4000 10.8652 10.0203
      endloop
   endfacet
   facet normal -0.9184 0.0000 -0.3956
      outer loop
         vertex -10.3799 8.9000 9.9453
         vertex -10.4000 10.8652 10.0203
         vertex -10.3799 10.8891 9.9453
      endloop
   endfacet
   facet normal -1.0000 0.0000 0.0000
      outer loop
         vertex -10.4000 10.8652 10.0203
         vertex -10.4000 8.9000 10.0203
         vertex -10.4000 8.9000 10.1797
      endloop
   endfacet
   facet normal -1.0000 0.0000 0.0000
      outer loop
         vertex -10.4000 10.8652 10.0203
         vertex -10.4000 8.9000 10.1797
         vertex -10.4000 10.8652 10.1797
      endloop
   endfacet
   facet normal -0.9449 0.0000 0.3274
      outer loop
         vertex -10.4000 10.8652 6.6797
         vertex -10.4000 8.9000 6.6797
         vertex -10.3799 8.9000 6.7547
      endloop
   endfacet
   facet normal -0.9184 0.0000 0.3956
      outer loop
         vertex -10.4000 10.8652 6.6797
         vertex -10.3799 8.9000 6.7547
         vertex -10.3799 10.8891 6.7547
      endloop
   endfacet
   facet normal -0.9449 0.0000 0.3274
      outer loop
         vertex -10.4000 10.8652 10.1797
         vertex -10.4000 8.9000 10.1797
         vertex -10.3799 8.9000 10.2547
      endloop
   endfacet
   facet normal -0.9184 0.0000 0.3956
      outer loop
         vertex -10.4000 10.8652 10.1797
         vertex -10.3799 8.9000 10.2547
         vertex -10.3799 10.8891 10.2547
      endloop
   endfacet
   facet normal -0.9449 0.0000 -0.3274
      outer loop
         vertex -10.3799 8.9000 6.4453
         vertex -10.4000 8.9000 6.5203
         vertex -10.4000 10.8652 6.5203
      endloop
   endfacet
   facet normal -0.9184 0.0000 -0.3956
      outer loop
         vertex -10.3799 8.9000 6.4453
         vertex -10.4000 10.8652 6.5203
         vertex -10.3799 10.8891 6.4453
      endloop
   endfacet
   facet normal -1.0000 0.0000 0.0000
      outer loop
         vertex -10.4000 8.9000 6.5203
         vertex -10.4000 8.9000 6.6797
         vertex -10.4000 10.8652 6.6797
      endloop
   endfacet
   facet normal -1.0000 0.0000 0.0000
      outer loop
         vertex -10.4000 8.9000 6.5203
         vertex -10.4000 10.8652 6.6797
         vertex -10.4000 10.8652 6.5203
      endloop
   endfacet
   facet normal -0.9449 0.0000 -0.3274
      outer loop
         vertex -10.4000 8.9000 3.0203
         vertex -10.4000 10.8652 3.0203
         vertex -10.3799 10.8891 2.9453
      endloop
   endfacet
   facet normal -0.9184 0.0000 -0.3956
      outer loop
         vertex -10.4000 8.9000 3.0203
         vertex -10.3799 10.8891 2.9453
         vertex -10.3799 8.9000 2.9453
      endloop
   endfacet
   facet normal -1.0000 0.0000 0.0000
      outer loop
         vertex -10.4000 10.8652 3.0203
         vertex -10.4000 8.9000 3.0203
         vertex -10.4000 8.9000 3.1797
      endloop
   endfacet
   facet normal -1.0000 0.0000 0.0000
      outer loop
         vertex -10.4000 10.8652 3.0203
         vertex -10.4000 8.9000 3.1797
         vertex -10.4000 10.8652 3.1797
      endloop
   endfacet
   facet normal -0.9449 0.0000 0.3274
      outer loop
         vertex -10.4000 10.8652 3.1797
         vertex -10.4000 8.9000 3.1797
         vertex -10.3799 8.9000 3.2547
      endloop
   endfacet
   facet normal -0.9184 0.0000 0.3956
      outer loop
         vertex -10.4000 10.8652 3.1797
         vertex -10.3799 8.9000 3.2547
         vertex -10.3799 10.8891 3.2547
      endloop
   endfacet
   facet normal -0.9449 0.0000 0.3274
      outer loop
         vertex -10.4000 10.8652 13.6797
         vertex -10.4000 8.9000 13.6797
         vertex -10.3799 8.9000 13.7547
      endloop
   endfacet
   facet normal -0.9184 0.0000 0.3956
      outer loop
         vertex -10.4000 10.8652 13.6797
         vertex -10.3799 8.9000 13.7547
         vertex -10.3799 10.8891 13.7547
      endloop
   endfacet
   facet normal 0.9405 -0.3399 0.0000
      outer loop
         vertex 2.3000 0.3000 0.0000
         vertex 2.3000 0.3000 14.0000
         vertex 2.2598 0.1500 14.0000
      endloop
   endfacet
   facet normal 0.9071 -0.4210 0.0000
      outer loop
         vertex 2.3000 0.3000 0.0000
         vertex 2.2598 0.1500 14.0000
         vertex 2.2598 0.1500 0.0000
      endloop
   endfacet
   facet normal 0.7672 -0.6414 0.0000
      outer loop
         vertex 2.1500 0.0402 0.0000
         vertex 2.2598 0.1500 0.0000
         vertex 2.2598 0.1500 14.0000
      endloop
   endfacet
   facet normal 0.6414 -0.7672 0.0000
      outer loop
         vertex 2.1500 0.0402 0.0000
         vertex 2.2598 0.1500 14.0000
         vertex 2.1500 0.0402 14.0000
      endloop
   endfacet
   facet normal 0.3399 -0.9405 0.0000
      outer loop
         vertex 2.0000 0.0000 14.0000
         vertex 2.0000 0.0000 0.0000
         vertex 2.1500 0.0402 0.0000
      endloop
   endfacet
   facet normal 0.4210 -0.9071 0.0000
      outer loop
         vertex 2.0000 0.0000 14.0000
         vertex 2.1500 0.0402 0.0000
         vertex 2.1500 0.0402 14.0000
      endloop
   endfacet
   facet normal 0.0000 -1.0000 0.0000
      outer loop
         vertex -8.2937 0.0000 0.0000
         vertex -7.1063 0.0000 2.8500
         vertex -8.2937 0.0000 2.8500
      endloop
   endfacet
   facet normal 0.0000 -1.0000 0.0000
      outer loop
         vertex -8.2937 0.0000 2.8500
         vertex -7.1063 0.0000 2.8500
         vertex 1.5000 0.0000 3.5000
      endloop
   endfacet
   facet normal 0.0000 -1.0000 0.0000
      outer loop
         vertex -8.2937 0.0000 2.8500
         vertex 1.5000 0.0000 3.5000
         vertex -9.8500 0.0000 2.8500
      endloop
   endfacet
   facet normal 0.0000 -1.0000 0.0000
      outer loop
         vertex -9.8500 0.0000 2.8500
         vertex 1.5000 0.0000 3.5000
         vertex -7.1063 0.0000 3.5000
      endloop
   endfacet
   facet normal 0.0000 -1.0000 0.0000
      outer loop
         vertex -9.8500 0.0000 2.8500
         vertex -7.1063 0.0000 3.5000
         vertex -8.2937 0.0000 3.5000
      endloop
   endfacet
   facet normal 0.0000 -1.0000 0.0000
      outer loop
         vertex -8.2937 0.0000 3.5000
         vertex -7.1063 0.0000 3.5000
         vertex -7.1063 0.0000 6.3500
      endloop
   endfacet
   facet normal 0.0000 -1.0000 0.0000
      outer loop
         vertex -8.2937 0.0000 3.5000
         vertex -7.1063 0.0000 6.3500
         vertex -8.2937 0.0000 6.3500
      endloop
   endfacet
   facet normal 0.0000 -1.0000 0.0000
      outer loop
         vertex -8.2937 0.0000 6.3500
         vertex -7.1063 0.0000 6.3500
         vertex 1.5000 0.0000 7.0000
      endloop
   endfacet
   facet normal 0.0000 -1.0000 0.0000
      outer loop
         vertex -8.2937 0.0000 6.3500
         vertex 1.5000 0.0000 7.0000
         vertex -9.8500 0.0000 6.3500
      endloop
   endfacet
   facet normal 0.0000 -1.0000 0.0000
      outer loop
         vertex -9.8500 0.0000 6.3500
         vertex 1.5000 0.0000 7.0000
         vertex -7.1063 0.0000 7.0000
      endloop
   endfacet
   facet normal 0.0000 -1.0000 0.0000
      outer loop
         vertex -9.8500 0.0000 6.3500
         vertex -7.1063 0.0000 7.0000
         vertex -8.2937 0.0000 7.0000
      endloop
   endfacet
   facet normal 0.0000 -1.0000 0.0000
      outer loop
         vertex -8.2937 0.0000 7.0000
         vertex -7.1063 0.0000 7.0000
         vertex -7.1063 0.0000 9.8500
      endloop
   endfacet
   facet normal 0.0000 -1.0000 0.0000
      outer loop
         vertex -8.2937 0.0000 7.0000
         vertex -7.1063 0.0000 9.8500
         vertex -8.2937 0.0000 9.8500
      endloop
   endfacet
   facet normal 0.0000 -1.0000 0.0000
      outer loop
         vertex -8.2937 0.0000 9.8500
         vertex -7.1063 0.0000 9.8500
         vertex 1.5000 0.0000 10.5000
      endloop
   endfacet
   facet normal 0.0000 -1.0000 0.0000
      outer loop
         vertex -8.2937 0.0000 9.8500
         vertex 1.5000 0.0000 10.5000
         vertex -9.8500 0.0000 9.8500
      endloop
   endfacet
   facet normal 0.0000 -1.0000 0.0000
      outer loop
         vertex -9.8500 0.0000 9.8500
         vertex 1.5000 0.0000 10.5000
         vertex -7.1063 0.0000 10.5000
      endloop
   endfacet
   facet normal 0.0000 -1.0000 0.0000
      outer loop
         vertex -9.8500 0.0000 9.8500
         vertex -7.1063 0.0000 10.5000
         vertex -8.2937 0.0000 10.5000
      endloop
   endfacet
   facet normal 0.0000 -1.0000 0.0000
      outer loop
         vertex -8.2937 0.0000 10.5000
         vertex -7.1063 0.0000 10.5000
         vertex -7.1063 0.0000 13.3500
      endloop
   endfacet
   facet normal 0.0000 -1.0000 0.0000
      outer loop
         vertex -8.2937 0.0000 10.5000
         vertex -7.1063 0.0000 13.3500
         vertex -8.2937 0.0000 13.3500
      endloop
   endfacet
   facet normal 0.0000 -1.0000 0.0000
      outer loop
         vertex -8.2937 0.0000 13.3500
         vertex -7.1063 0.0000 13.3500
         vertex 2.0000 0.0000 14.0000
      endloop
   endfacet
   facet normal 0.0000 -1.0000 0.0000
      outer loop
         vertex -8.2937 0.0000 13.3500
         vertex 2.0000 0.0000 14.0000
         vertex -9.8500 0.0000 13.3500
      endloop
   endfacet
   facet normal 0.0000 -1.0000 0.0000
      outer loop
         vertex -9.8500 0.0000 13.3500
         vertex 2.0000 0.0000 14.0000
         vertex -10.1500 0.0000 14.0000
      endloop
   endfacet
   facet normal 0.0000 -1.0000 0.0000
      outer loop
         vertex -9.8500 0.0000 13.3500
         vertex -10.1500 0.0000 14.0000
         vertex -9.8500 0.0000 10.5000
      endloop
   endfacet
   facet normal 0.0000 -1.0000 0.0000
      outer loop
         vertex -9.8500 0.0000 10.5000
         vertex -10.1500 0.0000 14.0000
         vertex -9.8500 0.0000 9.8500
      endloop
   endfacet
   facet normal 0.0000 -1.0000 0.0000
      outer loop
         vertex -9.8500 0.0000 10.5000
         vertex -9.8500 0.0000 9.8500
         vertex -8.2937 0.0000 10.5000
      endloop
   endfacet
   facet normal 0.0000 -1.0000 0.0000
      outer loop
         vertex -10.1500 0.0000 14.0000
         vertex -10.1500 0.0000 0.0000
         vertex -9.8500 0.0000 2.8500
      endloop
   endfacet
   facet normal 0.0000 -1.0000 0.0000
      outer loop
         vertex -10.1500 0.0000 14.0000
         vertex -9.8500 0.0000 2.8500
         vertex -9.8500 0.0000 3.5000
      endloop
   endfacet
   facet normal 0.0000 -1.0000 0.0000
      outer loop
         vertex -10.1500 0.0000 14.0000
         vertex -9.8500 0.0000 3.5000
         vertex -9.8500 0.0000 6.3500
      endloop
   endfacet
   facet normal 0.0000 -1.0000 0.0000
      outer loop
         vertex -10.1500 0.0000 14.0000
         vertex -9.8500 0.0000 6.3500
         vertex -9.8500 0.0000 7.0000
      endloop
   endfacet
   facet normal 0.0000 -1.0000 0.0000
      outer loop
         vertex -10.1500 0.0000 14.0000
         vertex -9.8500 0.0000 7.0000
         vertex -9.8500 0.0000 9.8500
      endloop
   endfacet
   facet normal 0.0000 -1.0000 0.0000
      outer loop
         vertex 2.0000 0.0000 14.0000
         vertex -7.1063 0.0000 13.3500
         vertex 1.5000 0.0000 13.3500
      endloop
   endfacet
   facet normal 0.0000 -1.0000 0.0000
      outer loop
         vertex 2.0000 0.0000 14.0000
         vertex 1.5000 0.0000 13.3500
         vertex 1.5000 0.0000 10.5000
      endloop
   endfacet
   facet normal 0.0000 -1.0000 0.0000
      outer loop
         vertex 2.0000 0.0000 14.0000
         vertex 1.5000 0.0000 10.5000
         vertex 1.5000 0.0000 9.8500
      endloop
   endfacet
   facet normal 0.0000 -1.0000 0.0000
      outer loop
         vertex 2.0000 0.0000 14.0000
         vertex 1.5000 0.0000 9.8500
         vertex 1.5000 0.0000 7.0000
      endloop
   endfacet
   facet normal 0.0000 -1.0000 0.0000
      outer loop
         vertex 2.0000 0.0000 14.0000
         vertex 1.5000 0.0000 7.0000
         vertex 1.5000 0.0000 6.3500
      endloop
   endfacet
   facet normal 0.0000 -1.0000 0.0000
      outer loop
         vertex 2.0000 0.0000 14.0000
         vertex 1.5000 0.0000 6.3500
         vertex 1.5000 0.0000 3.5000
      endloop
   endfacet
   facet normal 0.0000 -1.0000 0.0000
      outer loop
         vertex 2.0000 0.0000 14.0000
         vertex 1.5000 0.0000 3.5000
         vertex 1.5000 0.0000 2.8500
      endloop
   endfacet
   facet normal 0.0000 -1.0000 0.0000
      outer loop
         vertex 2.0000 0.0000 14.0000
         vertex 1.5000 0.0000 2.8500
         vertex 1.5000 -0.0000 0.0000
      endloop
   endfacet
   facet normal 0.0000 -1.0000 0.0000
      outer loop
         vertex 2.0000 0.0000 14.0000
         vertex 1.5000 -0.0000 0.0000
         vertex 2.0000 0.0000 0.0000
      endloop
   endfacet
   facet normal 0.0000 -1.0000 0.0000
      outer loop
         vertex 1.5000 0.0000 2.8500
         vertex 1.5000 0.0000 3.5000
         vertex -7.1063 0.0000 2.8500
      endloop
   endfacet
   facet normal 0.0000 -1.0000 0.0000
      outer loop
         vertex 1.5000 0.0000 6.3500
         vertex 1.5000 0.0000 7.0000
         vertex -7.1063 0.0000 6.3500
      endloop
   endfacet
   facet normal 0.0000 -1.0000 0.0000
      outer loop
         vertex 1.5000 0.0000 9.8500
         vertex 1.5000 0.0000 10.5000
         vertex -7.1063 0.0000 9.8500
      endloop
   endfacet
   facet normal 0.0000 -1.0000 0.0000
      outer loop
         vertex -9.8500 0.0000 2.8500
         vertex -10.1500 0.0000 0.0000
         vertex -9.8500 0.0000 0.0000
      endloop
   endfacet
   facet normal 0.0000 -1.0000 0.0000
      outer loop
         vertex -9.8500 0.0000 3.5000
         vertex -9.8500 0.0000 2.8500
         vertex -8.2937 0.0000 3.5000
      endloop
   endfacet
   facet normal 0.0000 -1.0000 0.0000
      outer loop
         vertex -9.8500 0.0000 7.0000
         vertex -9.8500 0.0000 6.3500
         vertex -8.2937 0.0000 7.0000
      endloop
   endfacet
   facet normal 0.0000 -1.0000 0.0000
      outer loop
         vertex -7.1063 0.0000 2.8500
         vertex -8.2937 0.0000 0.0000
         vertex -7.1063 0.0000 0.0000
      endloop
   endfacet
   facet normal 0.0000 0.0000 -1.0000
      outer loop
         vertex -8.9692 1.1250 2.8500
         vertex -8.9492 1.0554 2.8500
         vertex -9.0241 1.1799 2.8500
      endloop
   endfacet
   facet normal 0.0000 0.0000 -1.0000
      outer loop
         vertex -9.0241 1.1799 2.8500
         vertex -8.9492 1.0554 2.8500
         vertex -8.7825 0.4750 2.8500
      endloop
   endfacet
   facet normal 0.0000 0.0000 -1.0000
      outer loop
         vertex -9.0241 1.1799 2.8500
         vertex -8.7825 0.4750 2.8500
         vertex -9.0991 1.2000 2.8500
      endloop
   endfacet
   facet normal 0.0000 0.0000 -1.0000
      outer loop
         vertex -9.0991 1.2000 2.8500
         vertex -8.7825 0.4750 2.8500
         vertex -9.8500 0.0000 2.8500
      endloop
   endfacet
   facet normal 0.0000 0.0000 -1.0000
      outer loop
         vertex -9.0991 1.2000 2.8500
         vertex -9.8500 0.0000 2.8500
         vertex -9.8500 1.2000 2.8500
      endloop
   endfacet
   facet normal 0.0000 0.0000 -1.0000
      outer loop
         vertex -9.8500 0.0000 2.8500
         vertex -8.7825 0.4750 2.8500
         vertex -8.3250 0.0175 2.8500
      endloop
   endfacet
   facet normal 0.0000 0.0000 -1.0000
      outer loop
         vertex -9.8500 0.0000 2.8500
         vertex -8.3250 0.0175 2.8500
         vertex -8.2937 0.0000 2.8500
      endloop
   endfacet
   facet normal 0.0000 0.0000 -1.0000
      outer loop
         vertex 1.5000 0.0000 2.8500
         vertex -7.1063 0.0000 2.8500
         vertex -7.0750 0.0175 2.8500
      endloop
   endfacet
   facet normal 0.0000 0.0000 -1.0000
      outer loop
         vertex 1.5000 0.0000 2.8500
         vertex -7.0750 0.0175 2.8500
         vertex -3.6500 0.1000 2.8500
      endloop
   endfacet
   facet normal 0.0000 0.0000 -1.0000
      outer loop
         vertex 1.5000 0.0000 2.8500
         vertex -3.6500 0.1000 2.8500
         vertex -2.1500 0.1000 2.8500
      endloop
   endfacet
   facet normal 0.0000 0.0000 -1.0000
      outer loop
         vertex 1.5000 0.0000 2.8500
         vertex -2.1500 0.1000 2.8500
         vertex -1.8175 0.4750 2.8500
      endloop
   endfacet
   facet normal 0.0000 0.0000 -1.0000
      outer loop
         vertex 1.5000 0.0000 2.8500
         vertex -1.8175 0.4750 2.8500
         vertex -1.6500 1.1000 2.8500
      endloop
   endfacet
   facet normal 0.0000 0.0000 -1.0000
      outer loop
         vertex 1.5000 0.0000 2.8500
         vertex -1.6500 1.1000 2.8500
         vertex -1.6366 1.1500 2.8500
      endloop
   endfacet
   facet normal 0.0000 0.0000 -1.0000
      outer loop
         vertex 1.5000 0.0000 2.8500
         vertex -1.6366 1.1500 2.8500
         vertex -1.6000 1.1866 2.8500
      endloop
   endfacet
   facet normal 0.0000 0.0000 -1.0000
      outer loop
         vertex 1.5000 0.0000 2.8500
         vertex -1.6000 1.1866 2.8500
         vertex -1.5500 1.2000 2.8500
      endloop
   endfacet
   facet normal 0.0000 0.0000 -1.0000
      outer loop
         vertex 1.5000 0.0000 2.8500
         vertex -1.5500 1.2000 2.8500
         vertex 0.8000 0.6340 2.8500
      endloop
   endfacet
   facet normal 0.0000 0.0000 -1.0000
      outer loop
         vertex 1.5000 0.0000 2.8500
         vertex 0.8000 0.6340 2.8500
         vertex 1.3000 0.5000 2.8500
      endloop
   endfacet
   facet normal 0.0000 0.0000 -1.0000
      outer loop
         vertex 1.5000 0.0000 2.8500
         vertex 1.3000 0.5000 2.8500
         vertex 1.3435 0.5009 2.8500
      endloop
   endfacet
   facet normal 0.0000 0.0000 -1.0000
      outer loop
         vertex 1.5000 0.0000 2.8500
         vertex 1.3435 0.5009 2.8500
         vertex 1.3500 0.5011 2.8500
      endloop
   endfacet
   facet normal 0.0000 0.0000 -1.0000
      outer loop
         vertex 1.5000 0.0000 2.8500
         vertex 1.3500 0.5011 2.8500
         vertex 1.4250 0.4810 2.8500
      endloop
   endfacet
   facet normal 0.0000 0.0000 -1.0000
      outer loop
         vertex 1.5000 0.0000 2.8500
         vertex 1.4250 0.4810 2.8500
         vertex 1.4799 0.4261 2.8500
      endloop
   endfacet
   facet normal 0.0000 0.0000 -1.0000
      outer loop
         vertex 1.5000 0.0000 2.8500
         vertex 1.4799 0.4261 2.8500
         vertex 1.5000 0.3511 2.8500
      endloop
   endfacet
   facet normal 0.0000 0.0000 -1.0000
      outer loop
         vertex 0.4340 1.0000 2.8500
         vertex 0.8000 0.6340 2.8500
         vertex -1.5500 1.2000 2.8500
      endloop
   endfacet
   facet normal 0.0000 0.0000 -1.0000
      outer loop
         vertex 0.4340 1.0000 2.8500
         vertex -1.5500 1.2000 2.8500
         vertex 0.3461 1.2000 2.8500
      endloop
   endfacet
   facet normal 0.0000 0.0000 -1.0000
      outer loop
         vertex -6.3009 1.2000 2.8500
         vertex -4.2500 1.2000 2.8500
         vertex -3.9825 0.4750 2.8500
      endloop
   endfacet
   facet normal 0.0000 0.0000 -1.0000
      outer loop
         vertex -3.9825 0.4750 2.8500
         vertex -4.2500 1.2000 2.8500
         vertex -4.2000 1.1866 2.8500
      endloop
   endfacet
   facet normal 0.0000 0.0000 -1.0000
      outer loop
         vertex -3.9825 0.4750 2.8500
         vertex -4.2000 1.1866 2.8500
         vertex -4.1500 1.1000 2.8500
      endloop
   endfacet
   facet normal 0.0000 0.0000 -1.0000
      outer loop
         vertex -4.1500 1.1000 2.8500
         vertex -4.2000 1.1866 2.8500
         vertex -4.1634 1.1500 2.8500
      endloop
   endfacet
   facet normal 0.0000 0.0000 -1.0000
      outer loop
         vertex -3.6500 0.1000 2.8500
         vertex -7.0750 0.0175 2.8500
         vertex -6.6175 0.4750 2.8500
      endloop
   endfacet
   facet normal 0.0000 0.0000 -1.0000
      outer loop
         vertex -3.6500 0.1000 2.8500
         vertex -6.6175 0.4750 2.8500
         vertex -6.4508 1.0554 2.8500
      endloop
   endfacet
   facet normal 0.0000 0.0000 -1.0000
      outer loop
         vertex -3.6500 0.1000 2.8500
         vertex -6.4508 1.0554 2.8500
         vertex -6.4308 1.1250 2.8500
      endloop
   endfacet
   facet normal 0.0000 0.0000 -1.0000
      outer loop
         vertex -3.6500 0.1000 2.8500
         vertex -6.4308 1.1250 2.8500
         vertex -6.3759 1.1799 2.8500
      endloop
   endfacet
   facet normal 0.0000 0.0000 -1.0000
      outer loop
         vertex -3.6500 0.1000 2.8500
         vertex -6.3759 1.1799 2.8500
         vertex -6.3009 1.2000 2.8500
      endloop
   endfacet
   facet normal 0.0000 0.0000 -1.0000
      outer loop
         vertex -3.6500 0.1000 2.8500
         vertex -6.3009 1.2000 2.8500
         vertex -3.9825 0.4750 2.8500
      endloop
   endfacet
   facet normal 0.0000 0.0000 1.0000
      outer loop
         vertex 1.5000 0.0000 3.5000
         vertex 1.5000 0.3511 3.5000
         vertex 1.4799 0.4261 3.5000
      endloop
   endfacet
   facet normal 0.0000 0.0000 1.0000
      outer loop
         vertex 1.5000 0.0000 3.5000
         vertex 1.4799 0.4261 3.5000
         vertex 1.4250 0.4810 3.5000
      endloop
   endfacet
   facet normal 0.0000 0.0000 1.0000
      outer loop
         vertex 1.5000 0.0000 3.5000
         vertex 1.4250 0.4810 3.5000
         vertex 1.3500 0.5011 3.5000
      endloop
   endfacet
   facet normal 0.0000 0.0000 1.0000
      outer loop
         vertex 1.5000 0.0000 3.5000
         vertex 1.3500 0.5011 3.5000
         vertex 1.3435 0.5009 3.5000
      endloop
   endfacet
   facet normal 0.0000 0.0000 1.0000
      outer loop
         vertex 1.5000 0.0000 3.5000
         vertex 1.3435 0.5009 3.5000
         vertex 1.3000 0.5000 3.5000
      endloop
   endfacet
   facet normal 0.0000 0.0000 1.0000
      outer loop
         vertex 1.5000 0.0000 3.5000
         vertex 1.3000 0.5000 3.5000
         vertex 0.8000 0.6340 3.5000
      endloop
   endfacet
   facet normal 0.0000 0.0000 1.0000
      outer loop
         vertex 1.5000 0.0000 3.5000
         vertex 0.8000 0.6340 3.5000
         vertex -1.5500 1.2000 3.5000
      endloop
   endfacet
   facet normal 0.0000 0.0000 1.0000
      outer loop
         vertex 1.5000 0.0000 3.5000
         vertex -1.5500 1.2000 3.5000
         vertex -1.6000 1.1866 3.5000
      endloop
   endfacet
   facet normal 0.0000 0.0000 1.0000
      outer loop
         vertex 1.5000 0.0000 3.5000
         vertex -1.6000 1.1866 3.5000
         vertex -1.6366 1.1500 3.5000
      endloop
   endfacet
   facet normal 0.0000 0.0000 1.0000
      outer loop
         vertex 1.5000 0.0000 3.5000
         vertex -1.6366 1.1500 3.5000
         vertex -1.6500 1.1000 3.5000
      endloop
   endfacet
   facet normal 0.0000 0.0000 1.0000
      outer loop
         vertex 1.5000 0.0000 3.5000
         vertex -1.6500 1.1000 3.5000
         vertex -1.8175 0.4750 3.5000
      endloop
   endfacet
   facet normal 0.0000 0.0000 1.0000
      outer loop
         vertex 1.5000 0.0000 3.5000
         vertex -1.8175 0.4750 3.5000
         vertex -2.1500 0.1000 3.5000
      endloop
   endfacet
   facet normal 0.0000 0.0000 1.0000
      outer loop
         vertex 1.5000 0.0000 3.5000
         vertex -2.1500 0.1000 3.5000
         vertex -3.6500 0.1000 3.5000
      endloop
   endfacet
   facet normal 0.0000 0.0000 1.0000
      outer loop
         vertex 1.5000 0.0000 3.5000
         vertex -3.6500 0.1000 3.5000
         vertex -7.0750 0.0175 3.5000
      endloop
   endfacet
   facet normal 0.0000 0.0000 1.0000
      outer loop
         vertex 1.5000 0.0000 3.5000
         vertex -7.0750 0.0175 3.5000
         vertex -7.1063 0.0000 3.5000
      endloop
   endfacet
   facet normal 0.0000 0.0000 1.0000
      outer loop
         vertex -1.5500 1.2000 3.5000
         vertex 0.8000 0.6340 3.5000
         vertex 0.4340 1.0000 3.5000
      endloop
   endfacet
   facet normal 0.0000 0.0000 1.0000
      outer loop
         vertex -1.5500 1.2000 3.5000
         vertex 0.4340 1.0000 3.5000
         vertex 0.3461 1.2000 3.5000
      endloop
   endfacet
   facet normal 0.0000 0.0000 1.0000
      outer loop
         vertex -4.2000 1.1866 3.5000
         vertex -4.2500 1.2000 3.5000
         vertex -3.9825 0.4750 3.5000
      endloop
   endfacet
   facet normal 0.0000 0.0000 1.0000
      outer loop
         vertex -4.2000 1.1866 3.5000
         vertex -3.9825 0.4750 3.5000
         vertex -4.1500 1.1000 3.5000
      endloop
   endfacet
   facet normal 0.0000 0.0000 1.0000
      outer loop
         vertex -4.2000 1.1866 3.5000
         vertex -4.1500 1.1000 3.5000
         vertex -4.1634 1.1500 3.5000
      endloop
   endfacet
   facet normal 0.0000 0.0000 1.0000
      outer loop
         vertex -6.3009 1.2000 3.5000
         vertex -6.3759 1.1799 3.5000
         vertex -3.6500 0.1000 3.5000
      endloop
   endfacet
   facet normal 0.0000 0.0000 1.0000
      outer loop
         vertex -6.3009 1.2000 3.5000
         vertex -3.6500 0.1000 3.5000
         vertex -3.9825 0.4750 3.5000
      endloop
   endfacet
   facet normal 0.0000 0.0000 1.0000
      outer loop
         vertex -6.3009 1.2000 3.5000
         vertex -3.9825 0.4750 3.5000
         vertex -4.2500 1.2000 3.5000
      endloop
   endfacet
   facet normal 0.0000 0.0000 1.0000
      outer loop
         vertex -3.6500 0.1000 3.5000
         vertex -6.3759 1.1799 3.5000
         vertex -6.4308 1.1250 3.5000
      endloop
   endfacet
   facet normal 0.0000 0.0000 1.0000
      outer loop
         vertex -3.6500 0.1000 3.5000
         vertex -6.4308 1.1250 3.5000
         vertex -6.4508 1.0554 3.5000
      endloop
   endfacet
   facet normal 0.0000 0.0000 1.0000
      outer loop
         vertex -3.6500 0.1000 3.5000
         vertex -6.4508 1.0554 3.5000
         vertex -6.6175 0.4750 3.5000
      endloop
   endfacet
   facet normal 0.0000 0.0000 1.0000
      outer loop
         vertex -3.6500 0.1000 3.5000
         vertex -6.6175 0.4750 3.5000
         vertex -7.0750 0.0175 3.5000
      endloop
   endfacet
   facet normal 0.0000 0.0000 -1.0000
      outer loop
         vertex 1.5000 0.0000 6.3500
         vertex -7.1063 0.0000 6.3500
         vertex -7.0750 0.0175 6.3500
      endloop
   endfacet
   facet normal 0.0000 0.0000 -1.0000
      outer loop
         vertex 1.5000 0.0000 6.3500
         vertex -7.0750 0.0175 6.3500
         vertex -3.6500 0.1000 6.3500
      endloop
   endfacet
   facet normal 0.0000 0.0000 -1.0000
      outer loop
         vertex 1.5000 0.0000 6.3500
         vertex -3.6500 0.1000 6.3500
         vertex -2.1500 0.1000 6.3500
      endloop
   endfacet
   facet normal 0.0000 0.0000 -1.0000
      outer loop
         vertex 1.5000 0.0000 6.3500
         vertex -2.1500 0.1000 6.3500
         vertex -1.8175 0.4750 6.3500
      endloop
   endfacet
   facet normal 0.0000 0.0000 -1.0000
      outer loop
         vertex 1.5000 0.0000 6.3500
         vertex -1.8175 0.4750 6.3500
         vertex -1.6500 1.1000 6.3500
      endloop
   endfacet
   facet normal 0.0000 0.0000 -1.0000
      outer loop
         vertex 1.5000 0.0000 6.3500
         vertex -1.6500 1.1000 6.3500
         vertex -1.6366 1.1500 6.3500
      endloop
   endfacet
   facet normal 0.0000 0.0000 -1.0000
      outer loop
         vertex 1.5000 0.0000 6.3500
         vertex -1.6366 1.1500 6.3500
         vertex -1.6000 1.1866 6.3500
      endloop
   endfacet
   facet normal 0.0000 0.0000 -1.0000
      outer loop
         vertex 1.5000 0.0000 6.3500
         vertex -1.6000 1.1866 6.3500
         vertex -1.5500 1.2000 6.3500
      endloop
   endfacet
   facet normal 0.0000 0.0000 -1.0000
      outer loop
         vertex 1.5000 0.0000 6.3500
         vertex -1.5500 1.2000 6.3500
         vertex 0.8000 0.6340 6.3500
      endloop
   endfacet
   facet normal 0.0000 0.0000 -1.0000
      outer loop
         vertex 1.5000 0.0000 6.3500
         vertex 0.8000 0.6340 6.3500
         vertex 1.3000 0.5000 6.3500
      endloop
   endfacet
   facet normal 0.0000 0.0000 -1.0000
      outer loop
         vertex 1.5000 0.0000 6.3500
         vertex 1.3000 0.5000 6.3500
         vertex 1.3435 0.5009 6.3500
      endloop
   endfacet
   facet normal 0.0000 0.0000 -1.0000
      outer loop
         vertex 1.5000 0.0000 6.3500
         vertex 1.3435 0.5009 6.3500
         vertex 1.3500 0.5011 6.3500
      endloop
   endfacet
   facet normal 0.0000 0.0000 -1.0000
      outer loop
         vertex 1.5000 0.0000 6.3500
         vertex 1.3500 0.5011 6.3500
         vertex 1.4250 0.4810 6.3500
      endloop
   endfacet
   facet normal 0.0000 0.0000 -1.0000
      outer loop
         vertex 1.5000 0.0000 6.3500
         vertex 1.4250 0.4810 6.3500
         vertex 1.4799 0.4261 6.3500
      endloop
   endfacet
   facet normal 0.0000 0.0000 -1.0000
      outer loop
         vertex 1.5000 0.0000 6.3500
         vertex 1.4799 0.4261 6.3500
         vertex 1.5000 0.3511 6.3500
      endloop
   endfacet
   facet normal 0.0000 0.0000 -1.0000
      outer loop
         vertex 0.4340 1.0000 6.3500
         vertex 0.8000 0.6340 6.3500
         vertex -1.5500 1.2000 6.3500
      endloop
   endfacet
   facet normal 0.0000 0.0000 -1.0000
      outer loop
         vertex 0.4340 1.0000 6.3500
         vertex -1.5500 1.2000 6.3500
         vertex 0.3461 1.2000 6.3500
      endloop
   endfacet
   facet normal 0.0000 0.0000 -1.0000
      outer loop
         vertex -6.3009 1.2000 6.3500
         vertex -4.2500 1.2000 6.3500
         vertex -3.9825 0.4750 6.3500
      endloop
   endfacet
   facet normal 0.0000 0.0000 -1.0000
      outer loop
         vertex -3.9825 0.4750 6.3500
         vertex -4.2500 1.2000 6.3500
         vertex -4.2000 1.1866 6.3500
      endloop
   endfacet
   facet normal 0.0000 0.0000 -1.0000
      outer loop
         vertex -3.9825 0.4750 6.3500
         vertex -4.2000 1.1866 6.3500
         vertex -4.1500 1.1000 6.3500
      endloop
   endfacet
   facet normal 0.0000 0.0000 -1.0000
      outer loop
         vertex -4.1500 1.1000 6.3500
         vertex -4.2000 1.1866 6.3500
         vertex -4.1634 1.1500 6.3500
      endloop
   endfacet
   facet normal 0.0000 0.0000 -1.0000
      outer loop
         vertex -3.6500 0.1000 6.3500
         vertex -7.0750 0.0175 6.3500
         vertex -6.6175 0.4750 6.3500
      endloop
   endfacet
   facet normal 0.0000 0.0000 -1.0000
      outer loop
         vertex -3.6500 0.1000 6.3500
         vertex -6.6175 0.4750 6.3500
         vertex -6.4508 1.0554 6.3500
      endloop
   endfacet
   facet normal 0.0000 0.0000 -1.0000
      outer loop
         vertex -3.6500 0.1000 6.3500
         vertex -6.4508 1.0554 6.3500
         vertex -6.4308 1.1250 6.3500
      endloop
   endfacet
   facet normal 0.0000 0.0000 -1.0000
      outer loop
         vertex -3.6500 0.1000 6.3500
         vertex -6.4308 1.1250 6.3500
         vertex -6.3759 1.1799 6.3500
      endloop
   endfacet
   facet normal 0.0000 0.0000 -1.0000
      outer loop
         vertex -3.6500 0.1000 6.3500
         vertex -6.3759 1.1799 6.3500
         vertex -6.3009 1.2000 6.3500
      endloop
   endfacet
   facet normal 0.0000 0.0000 -1.0000
      outer loop
         vertex -3.6500 0.1000 6.3500
         vertex -6.3009 1.2000 6.3500
         vertex -3.9825 0.4750 6.3500
      endloop
   endfacet
   facet normal 0.0000 0.0000 1.0000
      outer loop
         vertex 1.5000 0.0000 7.0000
         vertex 1.5000 0.3511 7.0000
         vertex 1.4799 0.4261 7.0000
      endloop
   endfacet
   facet normal 0.0000 0.0000 1.0000
      outer loop
         vertex 1.5000 0.0000 7.0000
         vertex 1.4799 0.4261 7.0000
         vertex 1.4250 0.4810 7.0000
      endloop
   endfacet
   facet normal 0.0000 0.0000 1.0000
      outer loop
         vertex 1.5000 0.0000 7.0000
         vertex 1.4250 0.4810 7.0000
         vertex 1.3500 0.5011 7.0000
      endloop
   endfacet
   facet normal 0.0000 0.0000 1.0000
      outer loop
         vertex 1.5000 0.0000 7.0000
         vertex 1.3500 0.5011 7.0000
         vertex 1.3435 0.5009 7.0000
      endloop
   endfacet
   facet normal 0.0000 0.0000 1.0000
      outer loop
         vertex 1.5000 0.0000 7.0000
         vertex 1.3435 0.5009 7.0000
         vertex 1.3000 0.5000 7.0000
      endloop
   endfacet
   facet normal 0.0000 0.0000 1.0000
      outer loop
         vertex 1.5000 0.0000 7.0000
         vertex 1.3000 0.5000 7.0000
         vertex 0.8000 0.6340 7.0000
      endloop
   endfacet
   facet normal 0.0000 0.0000 1.0000
      outer loop
         vertex 1.5000 0.0000 7.0000
         vertex 0.8000 0.6340 7.0000
         vertex -1.5500 1.2000 7.0000
      endloop
   endfacet
   facet normal 0.0000 0.0000 1.0000
      outer loop
         vertex 1.5000 0.0000 7.0000
         vertex -1.5500 1.2000 7.0000
         vertex -1.6000 1.1866 7.0000
      endloop
   endfacet
   facet normal 0.0000 0.0000 1.0000
      outer loop
         vertex 1.5000 0.0000 7.0000
         vertex -1.6000 1.1866 7.0000
         vertex -1.6366 1.1500 7.0000
      endloop
   endfacet
   facet normal 0.0000 0.0000 1.0000
      outer loop
         vertex 1.5000 0.0000 7.0000
         vertex -1.6366 1.1500 7.0000
         vertex -1.6500 1.1000 7.0000
      endloop
   endfacet
   facet normal 0.0000 0.0000 1.0000
      outer loop
         vertex 1.5000 0.0000 7.0000
         vertex -1.6500 1.1000 7.0000
         vertex -1.8175 0.4750 7.0000
      endloop
   endfacet
   facet normal 0.0000 0.0000 1.0000
      outer loop
         vertex 1.5000 0.0000 7.0000
         vertex -1.8175 0.4750 7.0000
         vertex -2.1500 0.1000 7.0000
      endloop
   endfacet
   facet normal 0.0000 0.0000 1.0000
      outer loop
         vertex 1.5000 0.0000 7.0000
         vertex -2.1500 0.1000 7.0000
         vertex -3.6500 0.1000 7.0000
      endloop
   endfacet
   facet normal 0.0000 0.0000 1.0000
      outer loop
         vertex 1.5000 0.0000 7.0000
         vertex -3.6500 0.1000 7.0000
         vertex -7.0750 0.0175 7.0000
      endloop
   endfacet
   facet normal 0.0000 0.0000 1.0000
      outer loop
         vertex 1.5000 0.0000 7.0000
         vertex -7.0750 0.0175 7.0000
         vertex -7.1063 0.0000 7.0000
      endloop
   endfacet
   facet normal 0.0000 0.0000 1.0000
      outer loop
         vertex -1.5500 1.2000 7.0000
         vertex 0.8000 0.6340 7.0000
         vertex 0.4340 1.0000 7.0000
      endloop
   endfacet
   facet normal 0.0000 0.0000 1.0000
      outer loop
         vertex -1.5500 1.2000 7.0000
         vertex 0.4340 1.0000 7.0000
         vertex 0.3461 1.2000 7.0000
      endloop
   endfacet
   facet normal 0.0000 0.0000 1.0000
      outer loop
         vertex -4.2000 1.1866 7.0000
         vertex -4.2500 1.2000 7.0000
         vertex -3.9825 0.4750 7.0000
      endloop
   endfacet
   facet normal 0.0000 0.0000 1.0000
      outer loop
         vertex -4.2000 1.1866 7.0000
         vertex -3.9825 0.4750 7.0000
         vertex -4.1500 1.1000 7.0000
      endloop
   endfacet
   facet normal 0.0000 0.0000 1.0000
      outer loop
         vertex -4.2000 1.1866 7.0000
         vertex -4.1500 1.1000 7.0000
         vertex -4.1634 1.1500 7.0000
      endloop
   endfacet
   facet normal 0.0000 0.0000 1.0000
      outer loop
         vertex -6.3009 1.2000 7.0000
         vertex -6.3759 1.1799 7.0000
         vertex -3.6500 0.1000 7.0000
      endloop
   endfacet
   facet normal 0.0000 0.0000 1.0000
      outer loop
         vertex -6.3009 1.2000 7.0000
         vertex -3.6500 0.1000 7.0000
         vertex -3.9825 0.4750 7.0000
      endloop
   endfacet
   facet normal 0.0000 0.0000 1.0000
      outer loop
         vertex -6.3009 1.2000 7.0000
         vertex -3.9825 0.4750 7.0000
         vertex -4.2500 1.2000 7.0000
      endloop
   endfacet
   facet normal 0.0000 0.0000 1.0000
      outer loop
         vertex -3.6500 0.1000 7.0000
         vertex -6.3759 1.1799 7.0000
         vertex -6.4308 1.1250 7.0000
      endloop
   endfacet
   facet normal 0.0000 0.0000 1.0000
      outer loop
         vertex -3.6500 0.1000 7.0000
         vertex -6.4308 1.1250 7.0000
         vertex -6.4508 1.0554 7.0000
      endloop
   endfacet
   facet normal 0.0000 0.0000 1.0000
      outer loop
         vertex -3.6500 0.1000 7.0000
         vertex -6.4508 1.0554 7.0000
         vertex -6.6175 0.4750 7.0000
      endloop
   endfacet
   facet normal 0.0000 0.0000 1.0000
      outer loop
         vertex -3.6500 0.1000 7.0000
         vertex -6.6175 0.4750 7.0000
         vertex -7.0750 0.0175 7.0000
      endloop
   endfacet
   facet normal 0.0000 0.0000 -1.0000
      outer loop
         vertex 1.5000 0.0000 9.8500
         vertex -7.1063 0.0000 9.8500
         vertex -7.0750 0.0175 9.8500
      endloop
   endfacet
   facet normal 0.0000 0.0000 -1.0000
      outer loop
         vertex 1.5000 0.0000 9.8500
         vertex -7.0750 0.0175 9.8500
         vertex -3.6500 0.1000 9.8500
      endloop
   endfacet
   facet normal 0.0000 0.0000 -1.0000
      outer loop
         vertex 1.5000 0.0000 9.8500
         vertex -3.6500 0.1000 9.8500
         vertex -2.1500 0.1000 9.8500
      endloop
   endfacet
   facet normal 0.0000 0.0000 -1.0000
      outer loop
         vertex 1.5000 0.0000 9.8500
         vertex -2.1500 0.1000 9.8500
         vertex -1.8175 0.4750 9.8500
      endloop
   endfacet
   facet normal 0.0000 0.0000 -1.0000
      outer loop
         vertex 1.5000 0.0000 9.8500
         vertex -1.8175 0.4750 9.8500
         vertex -1.6500 1.1000 9.8500
      endloop
   endfacet
   facet normal 0.0000 0.0000 -1.0000
      outer loop
         vertex 1.5000 0.0000 9.8500
         vertex -1.6500 1.1000 9.8500
         vertex -1.6366 1.1500 9.8500
      endloop
   endfacet
   facet normal 0.0000 0.0000 -1.0000
      outer loop
         vertex 1.5000 0.0000 9.8500
         vertex -1.6366 1.1500 9.8500
         vertex -1.6000 1.1866 9.8500
      endloop
   endfacet
   facet normal 0.0000 0.0000 -1.0000
      outer loop
         vertex 1.5000 0.0000 9.8500
         vertex -1.6000 1.1866 9.8500
         vertex -1.5500 1.2000 9.8500
      endloop
   endfacet
   facet normal 0.0000 0.0000 -1.0000
      outer loop
         vertex 1.5000 0.0000 9.8500
         vertex -1.5500 1.2000 9.8500
         vertex 0.8000 0.6340 9.8500
      endloop
   endfacet
   facet normal 0.0000 0.0000 -1.0000
      outer loop
         vertex 1.5000 0.0000 9.8500
         vertex 0.8000 0.6340 9.8500
         vertex 1.3000 0.5000 9.8500
      endloop
   endfacet
   facet normal 0.0000 0.0000 -1.0000
      outer loop
         vertex 1.5000 0.0000 9.8500
         vertex 1.3000 0.5000 9.8500
         vertex 1.3435 0.5009 9.8500
      endloop
   endfacet
   facet normal 0.0000 0.0000 -1.0000
      outer loop
         vertex 1.5000 0.0000 9.8500
         vertex 1.3435 0.5009 9.8500
         vertex 1.3500 0.5011 9.8500
      endloop
   endfacet
   facet normal 0.0000 0.0000 -1.0000
      outer loop
         vertex 1.5000 0.0000 9.8500
         vertex 1.3500 0.5011 9.8500
         vertex 1.4250 0.4810 9.8500
      endloop
   endfacet
   facet normal 0.0000 0.0000 -1.0000
      outer loop
         vertex 1.5000 0.0000 9.8500
         vertex 1.4250 0.4810 9.8500
         vertex 1.4799 0.4261 9.8500
      endloop
   endfacet
   facet normal 0.0000 0.0000 -1.0000
      outer loop
         vertex 1.5000 0.0000 9.8500
         vertex 1.4799 0.4261 9.8500
         vertex 1.5000 0.3511 9.8500
      endloop
   endfacet
   facet normal 0.0000 0.0000 -1.0000
      outer loop
         vertex 0.4340 1.0000 9.8500
         vertex 0.8000 0.6340 9.8500
         vertex -1.5500 1.2000 9.8500
      endloop
   endfacet
   facet normal 0.0000 0.0000 -1.0000
      outer loop
         vertex 0.4340 1.0000 9.8500
         vertex -1.5500 1.2000 9.8500
         vertex 0.3461 1.2000 9.8500
      endloop
   endfacet
   facet normal 0.0000 0.0000 -1.0000
      outer loop
         vertex -6.3009 1.2000 9.8500
         vertex -4.2500 1.2000 9.8500
         vertex -3.9825 0.4750 9.8500
      endloop
   endfacet
   facet normal 0.0000 0.0000 -1.0000
      outer loop
         vertex -3.9825 0.4750 9.8500
         vertex -4.2500 1.2000 9.8500
         vertex -4.2000 1.1866 9.8500
      endloop
   endfacet
   facet normal 0.0000 0.0000 -1.0000
      outer loop
         vertex -3.9825 0.4750 9.8500
         vertex -4.2000 1.1866 9.8500
         vertex -4.1500 1.1000 9.8500
      endloop
   endfacet
   facet normal 0.0000 0.0000 -1.0000
      outer loop
         vertex -4.1500 1.1000 9.8500
         vertex -4.2000 1.1866 9.8500
         vertex -4.1634 1.1500 9.8500
      endloop
   endfacet
   facet normal 0.0000 0.0000 -1.0000
      outer loop
         vertex -3.6500 0.1000 9.8500
         vertex -7.0750 0.0175 9.8500
         vertex -6.6175 0.4750 9.8500
      endloop
   endfacet
   facet normal 0.0000 0.0000 -1.0000
      outer loop
         vertex -3.6500 0.1000 9.8500
         vertex -6.6175 0.4750 9.8500
         vertex -6.4508 1.0554 9.8500
      endloop
   endfacet
   facet normal 0.0000 0.0000 -1.0000
      outer loop
         vertex -3.6500 0.1000 9.8500
         vertex -6.4508 1.0554 9.8500
         vertex -6.4308 1.1250 9.8500
      endloop
   endfacet
   facet normal 0.0000 0.0000 -1.0000
      outer loop
         vertex -3.6500 0.1000 9.8500
         vertex -6.4308 1.1250 9.8500
         vertex -6.3759 1.1799 9.8500
      endloop
   endfacet
   facet normal 0.0000 0.0000 -1.0000
      outer loop
         vertex -3.6500 0.1000 9.8500
         vertex -6.3759 1.1799 9.8500
         vertex -6.3009 1.2000 9.8500
      endloop
   endfacet
   facet normal 0.0000 0.0000 -1.0000
      outer loop
         vertex -3.6500 0.1000 9.8500
         vertex -6.3009 1.2000 9.8500
         vertex -3.9825 0.4750 9.8500
      endloop
   endfacet
   facet normal 0.0000 0.0000 1.0000
      outer loop
         vertex 1.5000 0.0000 10.5000
         vertex 1.5000 0.3511 10.5000
         vertex 1.4799 0.4261 10.5000
      endloop
   endfacet
   facet normal 0.0000 0.0000 1.0000
      outer loop
         vertex 1.5000 0.0000 10.5000
         vertex 1.4799 0.4261 10.5000
         vertex 1.4250 0.4810 10.5000
      endloop
   endfacet
   facet normal 0.0000 0.0000 1.0000
      outer loop
         vertex 1.5000 0.0000 10.5000
         vertex 1.4250 0.4810 10.5000
         vertex 1.3500 0.5011 10.5000
      endloop
   endfacet
   facet normal 0.0000 0.0000 1.0000
      outer loop
         vertex 1.5000 0.0000 10.5000
         vertex 1.3500 0.5011 10.5000
         vertex 1.3435 0.5009 10.5000
      endloop
   endfacet
   facet normal 0.0000 0.0000 1.0000
      outer loop
         vertex 1.5000 0.0000 10.5000
         vertex 1.3435 0.5009 10.5000
         vertex 1.3000 0.5000 10.5000
      endloop
   endfacet
   facet normal 0.0000 0.0000 1.0000
      outer loop
         vertex 1.5000 0.0000 10.5000
         vertex 1.3000 0.5000 10.5000
         vertex 0.8000 0.6340 10.5000
      endloop
   endfacet
   facet normal 0.0000 0.0000 1.0000
      outer loop
         vertex 1.5000 0.0000 10.5000
         vertex 0.8000 0.6340 10.5000
         vertex -1.5500 1.2000 10.5000
      endloop
   endfacet
   facet normal 0.0000 0.0000 1.0000
      outer loop
         vertex 1.5000 0.0000 10.5000
         vertex -1.5500 1.2000 10.5000
         vertex -1.6000 1.1866 10.5000
      endloop
   endfacet
   facet normal 0.0000 0.0000 1.0000
      outer loop
         vertex 1.5000 0.0000 10.5000
         vertex -1.6000 1.1866 10.5000
         vertex -1.6366 1.1500 10.5000
      endloop
   endfacet
   facet normal 0.0000 0.0000 1.0000
      outer loop
         vertex 1.5000 0.0000 10.5000
         vertex -1.6366 1.1500 10.5000
         vertex -1.6500 1.1000 10.5000
      endloop
   endfacet
   facet normal 0.0000 0.0000 1.0000
      outer loop
         vertex 1.5000 0.0000 10.5000
         vertex -1.6500 1.1000 10.5000
         vertex -1.8175 0.4750 10.5000
      endloop
   endfacet
   facet normal 0.0000 0.0000 1.0000
      outer loop
         vertex 1.5000 0.0000 10.5000
         vertex -1.8175 0.4750 10.5000
         vertex -2.1500 0.1000 10.5000
      endloop
   endfacet
   facet normal 0.0000 0.0000 1.0000
      outer loop
         vertex 1.5000 0.0000 10.5000
         vertex -2.1500 0.1000 10.5000
         vertex -3.6500 0.1000 10.5000
      endloop
   endfacet
   facet normal 0.0000 0.0000 1.0000
      outer loop
         vertex 1.5000 0.0000 10.5000
         vertex -3.6500 0.1000 10.5000
         vertex -7.0750 0.0175 10.5000
      endloop
   endfacet
   facet normal 0.0000 0.0000 1.0000
      outer loop
         vertex 1.5000 0.0000 10.5000
         vertex -7.0750 0.0175 10.5000
         vertex -7.1063 0.0000 10.5000
      endloop
   endfacet
   facet normal 0.0000 0.0000 1.0000
      outer loop
         vertex -1.5500 1.2000 10.5000
         vertex 0.8000 0.6340 10.5000
         vertex 0.4340 1.0000 10.5000
      endloop
   endfacet
   facet normal 0.0000 0.0000 1.0000
      outer loop
         vertex -1.5500 1.2000 10.5000
         vertex 0.4340 1.0000 10.5000
         vertex 0.3461 1.2000 10.5000
      endloop
   endfacet
   facet normal 0.0000 0.0000 1.0000
      outer loop
         vertex -4.2000 1.1866 10.5000
         vertex -4.2500 1.2000 10.5000
         vertex -3.9825 0.4750 10.5000
      endloop
   endfacet
   facet normal 0.0000 0.0000 1.0000
      outer loop
         vertex -4.2000 1.1866 10.5000
         vertex -3.9825 0.4750 10.5000
         vertex -4.1500 1.1000 10.5000
      endloop
   endfacet
   facet normal 0.0000 0.0000 1.0000
      outer loop
         vertex -4.2000 1.1866 10.5000
         vertex -4.1500 1.1000 10.5000
         vertex -4.1634 1.1500 10.5000
      endloop
   endfacet
   facet normal 0.0000 0.0000 1.0000
      outer loop
         vertex -6.3009 1.2000 10.5000
         vertex -6.3759 1.1799 10.5000
         vertex -3.6500 0.1000 10.5000
      endloop
   endfacet
   facet normal 0.0000 0.0000 1.0000
      outer loop
         vertex -6.3009 1.2000 10.5000
         vertex -3.6500 0.1000 10.5000
         vertex -3.9825 0.4750 10.5000
      endloop
   endfacet
   facet normal 0.0000 0.0000 1.0000
      outer loop
         vertex -6.3009 1.2000 10.5000
         vertex -3.9825 0.4750 10.5000
         vertex -4.2500 1.2000 10.5000
      endloop
   endfacet
   facet normal 0.0000 0.0000 1.0000
      outer loop
         vertex -3.6500 0.1000 10.5000
         vertex -6.3759 1.1799 10.5000
         vertex -6.4308 1.1250 10.5000
      endloop
   endfacet
   facet normal 0.0000 0.0000 1.0000
      outer loop
         vertex -3.6500 0.1000 10.5000
         vertex -6.4308 1.1250 10.5000
         vertex -6.4508 1.0554 10.5000
      endloop
   endfacet
   facet normal 0.0000 0.0000 1.0000
      outer loop
         vertex -3.6500 0.1000 10.5000
         vertex -6.4508 1.0554 10.5000
         vertex -6.6175 0.4750 10.5000
      endloop
   endfacet
   facet normal 0.0000 0.0000 1.0000
      outer loop
         vertex -3.6500 0.1000 10.5000
         vertex -6.6175 0.4750 10.5000
         vertex -7.0750 0.0175 10.5000
      endloop
   endfacet
   facet normal 0.0000 0.0000 -1.0000
      outer loop
         vertex 1.5000 0.0000 13.3500
         vertex -7.1063 0.0000 13.3500
         vertex -7.0750 0.0175 13.3500
      endloop
   endfacet
   facet normal 0.0000 0.0000 -1.0000
      outer loop
         vertex 1.5000 0.0000 13.3500
         vertex -7.0750 0.0175 13.3500
         vertex -3.6500 0.1000 13.3500
      endloop
   endfacet
   facet normal 0.0000 0.0000 -1.0000
      outer loop
         vertex 1.5000 0.0000 13.3500
         vertex -3.6500 0.1000 13.3500
         vertex -2.1500 0.1000 13.3500
      endloop
   endfacet
   facet normal 0.0000 0.0000 -1.0000
      outer loop
         vertex 1.5000 0.0000 13.3500
         vertex -2.1500 0.1000 13.3500
         vertex -1.8175 0.4750 13.3500
      endloop
   endfacet
   facet normal 0.0000 0.0000 -1.0000
      outer loop
         vertex 1.5000 0.0000 13.3500
         vertex -1.8175 0.4750 13.3500
         vertex -1.6500 1.1000 13.3500
      endloop
   endfacet
   facet normal 0.0000 0.0000 -1.0000
      outer loop
         vertex 1.5000 0.0000 13.3500
         vertex -1.6500 1.1000 13.3500
         vertex -1.6366 1.1500 13.3500
      endloop
   endfacet
   facet normal 0.0000 0.0000 -1.0000
      outer loop
         vertex 1.5000 0.0000 13.3500
         vertex -1.6366 1.1500 13.3500
         vertex -1.6000 1.1866 13.3500
      endloop
   endfacet
   facet normal 0.0000 0.0000 -1.0000
      outer loop
         vertex 1.5000 0.0000 13.3500
         vertex -1.6000 1.1866 13.3500
         vertex -1.5500 1.2000 13.3500
      endloop
   endfacet
   facet normal 0.0000 0.0000 -1.0000
      outer loop
         vertex 1.5000 0.0000 13.3500
         vertex -1.5500 1.2000 13.3500
         vertex 0.8000 0.6340 13.3500
      endloop
   endfacet
   facet normal 0.0000 0.0000 -1.0000
      outer loop
         vertex 1.5000 0.0000 13.3500
         vertex 0.8000 0.6340 13.3500
         vertex 1.3000 0.5000 13.3500
      endloop
   endfacet
   facet normal 0.0000 0.0000 -1.0000
      outer loop
         vertex 1.5000 0.0000 13.3500
         vertex 1.3000 0.5000 13.3500
         vertex 1.3435 0.5009 13.3500
      endloop
   endfacet
   facet normal 0.0000 0.0000 -1.0000
      outer loop
         vertex 1.5000 0.0000 13.3500
         vertex 1.3435 0.5009 13.3500
         vertex 1.3500 0.5011 13.3500
      endloop
   endfacet
   facet normal 0.0000 0.0000 -1.0000
      outer loop
         vertex 1.5000 0.0000 13.3500
         vertex 1.3500 0.5011 13.3500
         vertex 1.4250 0.4810 13.3500
      endloop
   endfacet
   facet normal 0.0000 0.0000 -1.0000
      outer loop
         vertex 1.5000 0.0000 13.3500
         vertex 1.4250 0.4810 13.3500
         vertex 1.4799 0.4261 13.3500
      endloop
   endfacet
   facet normal 0.0000 0.0000 -1.0000
      outer loop
         vertex 1.5000 0.0000 13.3500
         vertex 1.4799 0.4261 13.3500
         vertex 1.5000 0.3511 13.3500
      endloop
   endfacet
   facet normal 0.0000 0.0000 -1.0000
      outer loop
         vertex 0.4340 1.0000 13.3500
         vertex 0.8000 0.6340 13.3500
         vertex -1.5500 1.2000 13.3500
      endloop
   endfacet
   facet normal 0.0000 0.0000 -1.0000
      outer loop
         vertex 0.4340 1.0000 13.3500
         vertex -1.5500 1.2000 13.3500
         vertex 0.3461 1.2000 13.3500
      endloop
   endfacet
   facet normal 0.0000 0.0000 -1.0000
      outer loop
         vertex -6.3009 1.2000 13.3500
         vertex -4.2500 1.2000 13.3500
         vertex -3.9825 0.4750 13.3500
      endloop
   endfacet
   facet normal 0.0000 0.0000 -1.0000
      outer loop
         vertex -3.9825 0.4750 13.3500
         vertex -4.2500 1.2000 13.3500
         vertex -4.2000 1.1866 13.3500
      endloop
   endfacet
   facet normal 0.0000 0.0000 -1.0000
      outer loop
         vertex -3.9825 0.4750 13.3500
         vertex -4.2000 1.1866 13.3500
         vertex -4.1500 1.1000 13.3500
      endloop
   endfacet
   facet normal 0.0000 0.0000 -1.0000
      outer loop
         vertex -4.1500 1.1000 13.3500
         vertex -4.2000 1.1866 13.3500
         vertex -4.1634 1.1500 13.3500
      endloop
   endfacet
   facet normal 0.0000 0.0000 -1.0000
      outer loop
         vertex -3.6500 0.1000 13.3500
         vertex -7.0750 0.0175 13.3500
         vertex -6.6175 0.4750 13.3500
      endloop
   endfacet
   facet normal 0.0000 0.0000 -1.0000
      outer loop
         vertex -3.6500 0.1000 13.3500
         vertex -6.6175 0.4750 13.3500
         vertex -6.4508 1.0554 13.3500
      endloop
   endfacet
   facet normal 0.0000 0.0000 -1.0000
      outer loop
         vertex -3.6500 0.1000 13.3500
         vertex -6.4508 1.0554 13.3500
         vertex -6.4308 1.1250 13.3500
      endloop
   endfacet
   facet normal 0.0000 0.0000 -1.0000
      outer loop
         vertex -3.6500 0.1000 13.3500
         vertex -6.4308 1.1250 13.3500
         vertex -6.3759 1.1799 13.3500
      endloop
   endfacet
   facet normal 0.0000 0.0000 -1.0000
      outer loop
         vertex -3.6500 0.1000 13.3500
         vertex -6.3759 1.1799 13.3500
         vertex -6.3009 1.2000 13.3500
      endloop
   endfacet
   facet normal 0.0000 0.0000 -1.0000
      outer loop
         vertex -3.6500 0.1000 13.3500
         vertex -6.3009 1.2000 13.3500
         vertex -3.9825 0.4750 13.3500
      endloop
   endfacet
   facet normal -0.9436 -0.3312 0.0000
      outer loop
         vertex -3.9825 0.4750 13.3500
         vertex -4.1500 1.1000 13.3500
         vertex -4.1500 1.1000 10.5000
      endloop
   endfacet
   facet normal -0.9151 -0.4033 0.0000
      outer loop
         vertex -3.9825 0.4750 13.3500
         vertex -4.1500 1.1000 10.5000
         vertex -3.9825 0.4750 10.5000
      endloop
   endfacet
   facet normal -0.0252 -0.9997 0.0000
      outer loop
         vertex 1.3000 0.5000 10.5000
         vertex 1.3435 0.5009 10.5000
         vertex 1.3435 0.5009 13.3500
      endloop
   endfacet
   facet normal -0.0724 -0.9974 0.0000
      outer loop
         vertex 1.3000 0.5000 10.5000
         vertex 1.3435 0.5009 13.3500
         vertex 1.3000 0.5000 13.3500
      endloop
   endfacet
   facet normal -0.0724 -0.9974 0.0000
      outer loop
         vertex 1.3435 0.5009 10.5000
         vertex 1.3500 0.5011 10.5000
         vertex 1.3500 0.5011 13.3500
      endloop
   endfacet
   facet normal -0.0252 -0.9997 0.0000
      outer loop
         vertex 1.3435 0.5009 10.5000
         vertex 1.3500 0.5011 13.3500
         vertex 1.3435 0.5009 13.3500
      endloop
   endfacet
   facet normal 0.7963 -0.6050 0.0000
      outer loop
         vertex -1.8175 0.4750 13.3500
         vertex -2.1500 0.1000 13.3500
         vertex -2.1500 0.1000 10.5000
      endloop
   endfacet
   facet normal 0.8407 -0.5414 0.0000
      outer loop
         vertex -1.8175 0.4750 13.3500
         vertex -2.1500 0.1000 10.5000
         vertex -1.8175 0.4750 10.5000
      endloop
   endfacet
   facet normal 0.9436 -0.3312 0.0000
      outer loop
         vertex -1.8175 0.4750 10.5000
         vertex -1.6500 1.1000 10.5000
         vertex -1.6500 1.1000 13.3500
      endloop
   endfacet
   facet normal 0.9151 -0.4033 0.0000
      outer loop
         vertex -1.8175 0.4750 10.5000
         vertex -1.6500 1.1000 13.3500
         vertex -1.8175 0.4750 13.3500
      endloop
   endfacet
   facet normal 0.9071 -0.4210 0.0000
      outer loop
         vertex -1.6500 1.1000 10.5000
         vertex -1.6366 1.1500 10.5000
         vertex -1.6366 1.1500 13.3500
      endloop
   endfacet
   facet normal 0.9405 -0.3399 0.0000
      outer loop
         vertex -1.6500 1.1000 10.5000
         vertex -1.6366 1.1500 13.3500
         vertex -1.6500 1.1000 13.3500
      endloop
   endfacet
   facet normal -0.8407 -0.5414 0.0000
      outer loop
         vertex -3.6500 0.1000 13.3500
         vertex -3.9825 0.4750 13.3500
         vertex -3.9825 0.4750 10.5000
      endloop
   endfacet
   facet normal -0.7963 -0.6050 0.0000
      outer loop
         vertex -3.6500 0.1000 13.3500
         vertex -3.9825 0.4750 10.5000
         vertex -3.6500 0.1000 10.5000
      endloop
   endfacet
   facet normal 0.6414 -0.7672 0.0000
      outer loop
         vertex -1.6366 1.1500 10.5000
         vertex -1.6000 1.1866 10.5000
         vertex -1.6000 1.1866 13.3500
      endloop
   endfacet
   facet normal 0.7672 -0.6414 0.0000
      outer loop
         vertex -1.6366 1.1500 10.5000
         vertex -1.6000 1.1866 13.3500
         vertex -1.6366 1.1500 13.3500
      endloop
   endfacet
   facet normal 0.3399 -0.9405 0.0000
      outer loop
         vertex -1.6000 1.1866 10.5000
         vertex -1.5500 1.2000 10.5000
         vertex -1.5500 1.2000 13.3500
      endloop
   endfacet
   facet normal 0.4210 -0.9071 0.0000
      outer loop
         vertex -1.6000 1.1866 10.5000
         vertex -1.5500 1.2000 13.3500
         vertex -1.6000 1.1866 13.3500
      endloop
   endfacet
   facet normal -0.8591 -0.5118 0.0000
      outer loop
         vertex 0.3461 1.2000 10.5000
         vertex 0.4340 1.0000 10.5000
         vertex 0.4340 1.0000 13.3500
      endloop
   endfacet
   facet normal -0.8892 -0.4575 0.0000
      outer loop
         vertex 0.3461 1.2000 10.5000
         vertex 0.4340 1.0000 13.3500
         vertex 0.3461 1.2000 13.3500
      endloop
   endfacet
   facet normal -0.6236 -0.7817 0.0000
      outer loop
         vertex 0.4340 1.0000 10.5000
         vertex 0.8000 0.6340 10.5000
         vertex 0.8000 0.6340 13.3500
      endloop
   endfacet
   facet normal -0.7344 -0.6787 0.0000
      outer loop
         vertex 0.4340 1.0000 10.5000
         vertex 0.8000 0.6340 13.3500
         vertex 0.4340 1.0000 13.3500
      endloop
   endfacet
   facet normal -0.2489 -0.9685 0.0000
      outer loop
         vertex 0.8000 0.6340 10.5000
         vertex 1.3000 0.5000 10.5000
         vertex 1.3000 0.5000 13.3500
      endloop
   endfacet
   facet normal -0.3780 -0.9258 0.0000
      outer loop
         vertex 0.8000 0.6340 10.5000
         vertex 1.3000 0.5000 13.3500
         vertex 0.8000 0.6340 13.3500
      endloop
   endfacet
   facet normal 0.0000 -1.0000 0.0000
      outer loop
         vertex 0.3461 1.2000 10.5000
         vertex 0.2500 1.2000 11.0600
         vertex -1.5500 1.2000 10.5000
      endloop
   endfacet
   facet normal 0.0000 -1.0000 0.0000
      outer loop
         vertex -1.5500 1.2000 10.5000
         vertex 0.2500 1.2000 11.0600
         vertex -0.2500 1.2000 11.0600
      endloop
   endfacet
   facet normal 0.0000 -1.0000 0.0000
      outer loop
         vertex -1.5500 1.2000 10.5000
         vertex -0.2500 1.2000 11.0600
         vertex -1.5500 1.2000 13.3500
      endloop
   endfacet
   facet normal 0.0000 -1.0000 0.0000
      outer loop
         vertex -1.5500 1.2000 13.3500
         vertex -0.2500 1.2000 11.0600
         vertex -0.2500 1.2000 12.0600
      endloop
   endfacet
   facet normal 0.0000 -1.0000 0.0000
      outer loop
         vertex -1.5500 1.2000 13.3500
         vertex -0.2500 1.2000 12.0600
         vertex 0.3461 1.2000 13.3500
      endloop
   endfacet
   facet normal 0.0000 -1.0000 0.0000
      outer loop
         vertex 0.3461 1.2000 13.3500
         vertex -0.2500 1.2000 12.0600
         vertex 0.2500 1.2000 12.0600
      endloop
   endfacet
   facet normal 0.0000 -1.0000 0.0000
      outer loop
         vertex 0.3461 1.2000 13.3500
         vertex 0.2500 1.2000 12.0600
         vertex 0.2500 1.2000 11.0600
      endloop
   endfacet
   facet normal 0.0000 -1.0000 0.0000
      outer loop
         vertex 0.2500 1.2000 11.0600
         vertex 0.3461 1.2000 10.5000
         vertex 0.3461 1.2000 13.3500
      endloop
   endfacet
   facet normal -1.0000 0.0000 0.0000
      outer loop
         vertex -0.2500 -3.6000 12.0600
         vertex -0.2500 1.2000 12.0600
         vertex -0.2500 1.2000 11.0600
      endloop
   endfacet
   facet normal -1.0000 0.0000 0.0000
      outer loop
         vertex -0.2500 -3.6000 12.0600
         vertex -0.2500 1.2000 11.0600
         vertex -0.2500 -3.6000 11.0600
      endloop
   endfacet
   facet normal 1.0000 0.0000 0.0000
      outer loop
         vertex 0.2500 1.2000 12.0600
         vertex 0.2500 -3.6000 12.0600
         vertex 0.2500 -3.6000 11.0600
      endloop
   endfacet
   facet normal 1.0000 0.0000 0.0000
      outer loop
         vertex 0.2500 1.2000 12.0600
         vertex 0.2500 -3.6000 11.0600
         vertex 0.2500 1.2000 11.0600
      endloop
   endfacet
   facet normal 0.0000 0.0000 1.0000
      outer loop
         vertex 0.2500 -3.6000 12.0600
         vertex 0.2500 1.2000 12.0600
         vertex -0.2500 1.2000 12.0600
      endloop
   endfacet
   facet normal 0.0000 0.0000 1.0000
      outer loop
         vertex 0.2500 -3.6000 12.0600
         vertex -0.2500 1.2000 12.0600
         vertex -0.2500 -3.6000 12.0600
      endloop
   endfacet
   facet normal 0.0000 0.0000 -1.0000
      outer loop
         vertex -0.2500 -3.6000 11.0600
         vertex -0.2500 1.2000 11.0600
         vertex 0.2500 1.2000 11.0600
      endloop
   endfacet
   facet normal 0.0000 0.0000 -1.0000
      outer loop
         vertex -0.2500 -3.6000 11.0600
         vertex 0.2500 1.2000 11.0600
         vertex 0.2500 -3.6000 11.0600
      endloop
   endfacet
   facet normal 0.0000 -1.0000 0.0000
      outer loop
         vertex -2.1500 0.1000 13.3500
         vertex -3.6500 0.1000 13.3500
         vertex -3.6500 0.1000 10.5000
      endloop
   endfacet
   facet normal 0.0000 -1.0000 0.0000
      outer loop
         vertex -2.1500 0.1000 13.3500
         vertex -3.6500 0.1000 10.5000
         vertex -2.1500 0.1000 10.5000
      endloop
   endfacet
   facet normal -0.3780 -0.9258 0.0000
      outer loop
         vertex 1.3500 0.5011 10.5000
         vertex 1.4250 0.4810 10.5000
         vertex 1.4250 0.4810 13.3500
      endloop
   endfacet
   facet normal -0.2489 -0.9685 0.0000
      outer loop
         vertex 1.3500 0.5011 10.5000
         vertex 1.4250 0.4810 13.3500
         vertex 1.3500 0.5011 13.3500
      endloop
   endfacet
   facet normal -0.7672 -0.6414 0.0000
      outer loop
         vertex 1.4250 0.4810 10.5000
         vertex 1.4799 0.4261 10.5000
         vertex 1.4799 0.4261 13.3500
      endloop
   endfacet
   facet normal -0.6414 -0.7672 0.0000
      outer loop
         vertex 1.4250 0.4810 10.5000
         vertex 1.4799 0.4261 13.3500
         vertex 1.4250 0.4810 13.3500
      endloop
   endfacet
   facet normal -0.9405 -0.3399 0.0000
      outer loop
         vertex 1.4799 0.4261 10.5000
         vertex 1.5000 0.3511 10.5000
         vertex 1.5000 0.3511 13.3500
      endloop
   endfacet
   facet normal -0.9071 -0.4210 0.0000
      outer loop
         vertex 1.4799 0.4261 10.5000
         vertex 1.5000 0.3511 13.3500
         vertex 1.4799 0.4261 13.3500
      endloop
   endfacet
   facet normal -1.0000 0.0000 0.0000
      outer loop
         vertex 1.5000 0.0000 13.3500
         vertex 1.5000 0.3511 13.3500
         vertex 1.5000 0.3511 10.5000
      endloop
   endfacet
   facet normal -1.0000 0.0000 0.0000
      outer loop
         vertex 1.5000 0.0000 13.3500
         vertex 1.5000 0.3511 10.5000
         vertex 1.5000 0.0000 10.5000
      endloop
   endfacet
   facet normal -0.9436 -0.3312 0.0000
      outer loop
         vertex -3.9825 0.4750 9.8500
         vertex -4.1500 1.1000 9.8500
         vertex -4.1500 1.1000 7.0000
      endloop
   endfacet
   facet normal -0.9151 -0.4033 0.0000
      outer loop
         vertex -3.9825 0.4750 9.8500
         vertex -4.1500 1.1000 7.0000
         vertex -3.9825 0.4750 7.0000
      endloop
   endfacet
   facet normal -0.0252 -0.9997 0.0000
      outer loop
         vertex 1.3000 0.5000 7.0000
         vertex 1.3435 0.5009 7.0000
         vertex 1.3435 0.5009 9.8500
      endloop
   endfacet
   facet normal -0.0724 -0.9974 0.0000
      outer loop
         vertex 1.3000 0.5000 7.0000
         vertex 1.3435 0.5009 9.8500
         vertex 1.3000 0.5000 9.8500
      endloop
   endfacet
   facet normal -0.0724 -0.9974 0.0000
      outer loop
         vertex 1.3435 0.5009 7.0000
         vertex 1.3500 0.5011 7.0000
         vertex 1.3500 0.5011 9.8500
      endloop
   endfacet
   facet normal -0.0252 -0.9997 0.0000
      outer loop
         vertex 1.3435 0.5009 7.0000
         vertex 1.3500 0.5011 9.8500
         vertex 1.3435 0.5009 9.8500
      endloop
   endfacet
   facet normal 0.7963 -0.6050 0.0000
      outer loop
         vertex -1.8175 0.4750 9.8500
         vertex -2.1500 0.1000 9.8500
         vertex -2.1500 0.1000 7.0000
      endloop
   endfacet
   facet normal 0.8407 -0.5414 0.0000
      outer loop
         vertex -1.8175 0.4750 9.8500
         vertex -2.1500 0.1000 7.0000
         vertex -1.8175 0.4750 7.0000
      endloop
   endfacet
   facet normal 0.9436 -0.3312 0.0000
      outer loop
         vertex -1.8175 0.4750 7.0000
         vertex -1.6500 1.1000 7.0000
         vertex -1.6500 1.1000 9.8500
      endloop
   endfacet
   facet normal 0.9151 -0.4033 0.0000
      outer loop
         vertex -1.8175 0.4750 7.0000
         vertex -1.6500 1.1000 9.8500
         vertex -1.8175 0.4750 9.8500
      endloop
   endfacet
   facet normal 0.9071 -0.4210 0.0000
      outer loop
         vertex -1.6500 1.1000 7.0000
         vertex -1.6366 1.1500 7.0000
         vertex -1.6366 1.1500 9.8500
      endloop
   endfacet
   facet normal 0.9405 -0.3399 0.0000
      outer loop
         vertex -1.6500 1.1000 7.0000
         vertex -1.6366 1.1500 9.8500
         vertex -1.6500 1.1000 9.8500
      endloop
   endfacet
   facet normal -0.8407 -0.5414 0.0000
      outer loop
         vertex -3.6500 0.1000 9.8500
         vertex -3.9825 0.4750 9.8500
         vertex -3.9825 0.4750 7.0000
      endloop
   endfacet
   facet normal -0.7963 -0.6050 0.0000
      outer loop
         vertex -3.6500 0.1000 9.8500
         vertex -3.9825 0.4750 7.0000
         vertex -3.6500 0.1000 7.0000
      endloop
   endfacet
   facet normal 0.6414 -0.7672 0.0000
      outer loop
         vertex -1.6366 1.1500 7.0000
         vertex -1.6000 1.1866 7.0000
         vertex -1.6000 1.1866 9.8500
      endloop
   endfacet
   facet normal 0.7672 -0.6414 0.0000
      outer loop
         vertex -1.6366 1.1500 7.0000
         vertex -1.6000 1.1866 9.8500
         vertex -1.6366 1.1500 9.8500
      endloop
   endfacet
   facet normal 0.3399 -0.9405 0.0000
      outer loop
         vertex -1.6000 1.1866 7.0000
         vertex -1.5500 1.2000 7.0000
         vertex -1.5500 1.2000 9.8500
      endloop
   endfacet
   facet normal 0.4210 -0.9071 0.0000
      outer loop
         vertex -1.6000 1.1866 7.0000
         vertex -1.5500 1.2000 9.8500
         vertex -1.6000 1.1866 9.8500
      endloop
   endfacet
   facet normal -0.8591 -0.5118 0.0000
      outer loop
         vertex 0.3461 1.2000 7.0000
         vertex 0.4340 1.0000 7.0000
         vertex 0.4340 1.0000 9.8500
      endloop
   endfacet
   facet normal -0.8892 -0.4575 0.0000
      outer loop
         vertex 0.3461 1.2000 7.0000
         vertex 0.4340 1.0000 9.8500
         vertex 0.3461 1.2000 9.8500
      endloop
   endfacet
   facet normal -0.6236 -0.7817 0.0000
      outer loop
         vertex 0.4340 1.0000 7.0000
         vertex 0.8000 0.6340 7.0000
         vertex 0.8000 0.6340 9.8500
      endloop
   endfacet
   facet normal -0.7344 -0.6787 0.0000
      outer loop
         vertex 0.4340 1.0000 7.0000
         vertex 0.8000 0.6340 9.8500
         vertex 0.4340 1.0000 9.8500
      endloop
   endfacet
   facet normal -0.2489 -0.9685 0.0000
      outer loop
         vertex 0.8000 0.6340 7.0000
         vertex 1.3000 0.5000 7.0000
         vertex 1.3000 0.5000 9.8500
      endloop
   endfacet
   facet normal -0.3780 -0.9258 0.0000
      outer loop
         vertex 0.8000 0.6340 7.0000
         vertex 1.3000 0.5000 9.8500
         vertex 0.8000 0.6340 9.8500
      endloop
   endfacet
   facet normal 0.0000 -1.0000 0.0000
      outer loop
         vertex 0.3461 1.2000 7.0000
         vertex 0.2500 1.2000 7.5600
         vertex -1.5500 1.2000 7.0000
      endloop
   endfacet
   facet normal 0.0000 -1.0000 0.0000
      outer loop
         vertex -1.5500 1.2000 7.0000
         vertex 0.2500 1.2000 7.5600
         vertex -0.2500 1.2000 7.5600
      endloop
   endfacet
   facet normal 0.0000 -1.0000 0.0000
      outer loop
         vertex -1.5500 1.2000 7.0000
         vertex -0.2500 1.2000 7.5600
         vertex -1.5500 1.2000 9.8500
      endloop
   endfacet
   facet normal 0.0000 -1.0000 0.0000
      outer loop
         vertex -1.5500 1.2000 9.8500
         vertex -0.2500 1.2000 7.5600
         vertex -0.2500 1.2000 8.5600
      endloop
   endfacet
   facet normal 0.0000 -1.0000 0.0000
      outer loop
         vertex -1.5500 1.2000 9.8500
         vertex -0.2500 1.2000 8.5600
         vertex 0.3461 1.2000 9.8500
      endloop
   endfacet
   facet normal 0.0000 -1.0000 0.0000
      outer loop
         vertex 0.3461 1.2000 9.8500
         vertex -0.2500 1.2000 8.5600
         vertex 0.2500 1.2000 8.5600
      endloop
   endfacet
   facet normal 0.0000 -1.0000 0.0000
      outer loop
         vertex 0.3461 1.2000 9.8500
         vertex 0.2500 1.2000 8.5600
         vertex 0.2500 1.2000 7.5600
      endloop
   endfacet
   facet normal 0.0000 -1.0000 0.0000
      outer loop
         vertex 0.2500 1.2000 7.5600
         vertex 0.3461 1.2000 7.0000
         vertex 0.3461 1.2000 9.8500
      endloop
   endfacet
   facet normal -1.0000 0.0000 0.0000
      outer loop
         vertex -0.2500 -3.6000 8.5600
         vertex -0.2500 1.2000 8.5600
         vertex -0.2500 1.2000 7.5600
      endloop
   endfacet
   facet normal -1.0000 0.0000 0.0000
      outer loop
         vertex -0.2500 -3.6000 8.5600
         vertex -0.2500 1.2000 7.5600
         vertex -0.2500 -3.6000 7.5600
      endloop
   endfacet
   facet normal 1.0000 0.0000 0.0000
      outer loop
         vertex 0.2500 -3.6000 7.5600
         vertex 0.2500 1.2000 7.5600
         vertex 0.2500 1.2000 8.5600
      endloop
   endfacet
   facet normal 1.0000 0.0000 0.0000
      outer loop
         vertex 0.2500 -3.6000 7.5600
         vertex 0.2500 1.2000 8.5600
         vertex 0.2500 -3.6000 8.5600
      endloop
   endfacet
   facet normal 0.0000 0.0000 1.0000
      outer loop
         vertex -0.2500 1.2000 8.5600
         vertex -0.2500 -3.6000 8.5600
         vertex 0.2500 -3.6000 8.5600
      endloop
   endfacet
   facet normal 0.0000 0.0000 1.0000
      outer loop
         vertex -0.2500 1.2000 8.5600
         vertex 0.2500 -3.6000 8.5600
         vertex 0.2500 1.2000 8.5600
      endloop
   endfacet
   facet normal 0.0000 0.0000 -1.0000
      outer loop
         vertex 0.2500 1.2000 7.5600
         vertex 0.2500 -3.6000 7.5600
         vertex -0.2500 -3.6000 7.5600
      endloop
   endfacet
   facet normal 0.0000 0.0000 -1.0000
      outer loop
         vertex 0.2500 1.2000 7.5600
         vertex -0.2500 -3.6000 7.5600
         vertex -0.2500 1.2000 7.5600
      endloop
   endfacet
   facet normal 0.0000 -1.0000 0.0000
      outer loop
         vertex -2.1500 0.1000 9.8500
         vertex -3.6500 0.1000 9.8500
         vertex -3.6500 0.1000 7.0000
      endloop
   endfacet
   facet normal 0.0000 -1.0000 0.0000
      outer loop
         vertex -2.1500 0.1000 9.8500
         vertex -3.6500 0.1000 7.0000
         vertex -2.1500 0.1000 7.0000
      endloop
   endfacet
   facet normal -0.3780 -0.9258 0.0000
      outer loop
         vertex 1.3500 0.5011 7.0000
         vertex 1.4250 0.4810 7.0000
         vertex 1.4250 0.4810 9.8500
      endloop
   endfacet
   facet normal -0.2489 -0.9685 0.0000
      outer loop
         vertex 1.3500 0.5011 7.0000
         vertex 1.4250 0.4810 9.8500
         vertex 1.3500 0.5011 9.8500
      endloop
   endfacet
   facet normal -0.7672 -0.6414 0.0000
      outer loop
         vertex 1.4250 0.4810 7.0000
         vertex 1.4799 0.4261 7.0000
         vertex 1.4799 0.4261 9.8500
      endloop
   endfacet
   facet normal -0.6414 -0.7672 0.0000
      outer loop
         vertex 1.4250 0.4810 7.0000
         vertex 1.4799 0.4261 9.8500
         vertex 1.4250 0.4810 9.8500
      endloop
   endfacet
   facet normal -0.9405 -0.3399 0.0000
      outer loop
         vertex 1.4799 0.4261 7.0000
         vertex 1.5000 0.3511 7.0000
         vertex 1.5000 0.3511 9.8500
      endloop
   endfacet
   facet normal -0.9071 -0.4210 0.0000
      outer loop
         vertex 1.4799 0.4261 7.0000
         vertex 1.5000 0.3511 9.8500
         vertex 1.4799 0.4261 9.8500
      endloop
   endfacet
   facet normal -1.0000 0.0000 0.0000
      outer loop
         vertex 1.5000 0.0000 9.8500
         vertex 1.5000 0.3511 9.8500
         vertex 1.5000 0.3511 7.0000
      endloop
   endfacet
   facet normal -1.0000 0.0000 0.0000
      outer loop
         vertex 1.5000 0.0000 9.8500
         vertex 1.5000 0.3511 7.0000
         vertex 1.5000 0.0000 7.0000
      endloop
   endfacet
   facet normal -0.9436 -0.3312 0.0000
      outer loop
         vertex -3.9825 0.4750 6.3500
         vertex -4.1500 1.1000 6.3500
         vertex -4.1500 1.1000 3.5000
      endloop
   endfacet
   facet normal -0.9151 -0.4033 0.0000
      outer loop
         vertex -3.9825 0.4750 6.3500
         vertex -4.1500 1.1000 3.5000
         vertex -3.9825 0.4750 3.5000
      endloop
   endfacet
   facet normal -0.0252 -0.9997 0.0000
      outer loop
         vertex 1.3000 0.5000 3.5000
         vertex 1.3435 0.5009 3.5000
         vertex 1.3435 0.5009 6.3500
      endloop
   endfacet
   facet normal -0.0724 -0.9974 0.0000
      outer loop
         vertex 1.3000 0.5000 3.5000
         vertex 1.3435 0.5009 6.3500
         vertex 1.3000 0.5000 6.3500
      endloop
   endfacet
   facet normal -0.0724 -0.9974 0.0000
      outer loop
         vertex 1.3435 0.5009 3.5000
         vertex 1.3500 0.5011 3.5000
         vertex 1.3500 0.5011 6.3500
      endloop
   endfacet
   facet normal -0.0252 -0.9997 0.0000
      outer loop
         vertex 1.3435 0.5009 3.5000
         vertex 1.3500 0.5011 6.3500
         vertex 1.3435 0.5009 6.3500
      endloop
   endfacet
   facet normal 0.7963 -0.6050 0.0000
      outer loop
         vertex -1.8175 0.4750 6.3500
         vertex -2.1500 0.1000 6.3500
         vertex -2.1500 0.1000 3.5000
      endloop
   endfacet
   facet normal 0.8407 -0.5414 0.0000
      outer loop
         vertex -1.8175 0.4750 6.3500
         vertex -2.1500 0.1000 3.5000
         vertex -1.8175 0.4750 3.5000
      endloop
   endfacet
   facet normal 0.9436 -0.3312 0.0000
      outer loop
         vertex -1.8175 0.4750 3.5000
         vertex -1.6500 1.1000 3.5000
         vertex -1.6500 1.1000 6.3500
      endloop
   endfacet
   facet normal 0.9151 -0.4033 0.0000
      outer loop
         vertex -1.8175 0.4750 3.5000
         vertex -1.6500 1.1000 6.3500
         vertex -1.8175 0.4750 6.3500
      endloop
   endfacet
   facet normal 0.9071 -0.4210 0.0000
      outer loop
         vertex -1.6500 1.1000 3.5000
         vertex -1.6366 1.1500 3.5000
         vertex -1.6366 1.1500 6.3500
      endloop
   endfacet
   facet normal 0.9405 -0.3399 0.0000
      outer loop
         vertex -1.6500 1.1000 3.5000
         vertex -1.6366 1.1500 6.3500
         vertex -1.6500 1.1000 6.3500
      endloop
   endfacet
   facet normal -0.7963 -0.6050 0.0000
      outer loop
         vertex -3.9825 0.4750 3.5000
         vertex -3.6500 0.1000 3.5000
         vertex -3.6500 0.1000 6.3500
      endloop
   endfacet
   facet normal -0.8407 -0.5414 0.0000
      outer loop
         vertex -3.9825 0.4750 3.5000
         vertex -3.6500 0.1000 6.3500
         vertex -3.9825 0.4750 6.3500
      endloop
   endfacet
   facet normal 0.6414 -0.7672 0.0000
      outer loop
         vertex -1.6366 1.1500 3.5000
         vertex -1.6000 1.1866 3.5000
         vertex -1.6000 1.1866 6.3500
      endloop
   endfacet
   facet normal 0.7672 -0.6414 0.0000
      outer loop
         vertex -1.6366 1.1500 3.5000
         vertex -1.6000 1.1866 6.3500
         vertex -1.6366 1.1500 6.3500
      endloop
   endfacet
   facet normal 0.3399 -0.9405 0.0000
      outer loop
         vertex -1.6000 1.1866 3.5000
         vertex -1.5500 1.2000 3.5000
         vertex -1.5500 1.2000 6.3500
      endloop
   endfacet
   facet normal 0.4210 -0.9071 0.0000
      outer loop
         vertex -1.6000 1.1866 3.5000
         vertex -1.5500 1.2000 6.3500
         vertex -1.6000 1.1866 6.3500
      endloop
   endfacet
   facet normal -0.8892 -0.4575 0.0000
      outer loop
         vertex 0.3461 1.2000 6.3500
         vertex 0.3461 1.2000 3.5000
         vertex 0.4340 1.0000 3.5000
      endloop
   endfacet
   facet normal -0.8591 -0.5118 0.0000
      outer loop
         vertex 0.3461 1.2000 6.3500
         vertex 0.4340 1.0000 3.5000
         vertex 0.4340 1.0000 6.3500
      endloop
   endfacet
   facet normal -0.6236 -0.7817 0.0000
      outer loop
         vertex 0.4340 1.0000 3.5000
         vertex 0.8000 0.6340 3.5000
         vertex 0.8000 0.6340 6.3500
      endloop
   endfacet
   facet normal -0.7344 -0.6787 0.0000
      outer loop
         vertex 0.4340 1.0000 3.5000
         vertex 0.8000 0.6340 6.3500
         vertex 0.4340 1.0000 6.3500
      endloop
   endfacet
   facet normal -0.2489 -0.9685 0.0000
      outer loop
         vertex 0.8000 0.6340 3.5000
         vertex 1.3000 0.5000 3.5000
         vertex 1.3000 0.5000 6.3500
      endloop
   endfacet
   facet normal -0.3780 -0.9258 0.0000
      outer loop
         vertex 0.8000 0.6340 3.5000
         vertex 1.3000 0.5000 6.3500
         vertex 0.8000 0.6340 6.3500
      endloop
   endfacet
   facet normal 0.0000 -1.0000 0.0000
      outer loop
         vertex 0.3461 1.2000 3.5000
         vertex 0.2500 1.2000 4.0600
         vertex -1.5500 1.2000 3.5000
      endloop
   endfacet
   facet normal 0.0000 -1.0000 0.0000
      outer loop
         vertex -1.5500 1.2000 3.5000
         vertex 0.2500 1.2000 4.0600
         vertex -0.2500 1.2000 4.0600
      endloop
   endfacet
   facet normal 0.0000 -1.0000 0.0000
      outer loop
         vertex -1.5500 1.2000 3.5000
         vertex -0.2500 1.2000 4.0600
         vertex -1.5500 1.2000 6.3500
      endloop
   endfacet
   facet normal 0.0000 -1.0000 0.0000
      outer loop
         vertex -1.5500 1.2000 6.3500
         vertex -0.2500 1.2000 4.0600
         vertex -0.2500 1.2000 5.0600
      endloop
   endfacet
   facet normal 0.0000 -1.0000 0.0000
      outer loop
         vertex -1.5500 1.2000 6.3500
         vertex -0.2500 1.2000 5.0600
         vertex 0.3461 1.2000 6.3500
      endloop
   endfacet
   facet normal 0.0000 -1.0000 0.0000
      outer loop
         vertex 0.3461 1.2000 6.3500
         vertex -0.2500 1.2000 5.0600
         vertex 0.2500 1.2000 5.0600
      endloop
   endfacet
   facet normal 0.0000 -1.0000 0.0000
      outer loop
         vertex 0.3461 1.2000 6.3500
         vertex 0.2500 1.2000 5.0600
         vertex 0.2500 1.2000 4.0600
      endloop
   endfacet
   facet normal 0.0000 -1.0000 0.0000
      outer loop
         vertex 0.2500 1.2000 4.0600
         vertex 0.3461 1.2000 3.5000
         vertex 0.3461 1.2000 6.3500
      endloop
   endfacet
   facet normal -1.0000 0.0000 0.0000
      outer loop
         vertex -0.2500 1.2000 4.0600
         vertex -0.2500 -3.6000 4.0600
         vertex -0.2500 -3.6000 5.0600
      endloop
   endfacet
   facet normal -1.0000 0.0000 0.0000
      outer loop
         vertex -0.2500 1.2000 4.0600
         vertex -0.2500 -3.6000 5.0600
         vertex -0.2500 1.2000 5.0600
      endloop
   endfacet
   facet normal 1.0000 0.0000 0.0000
      outer loop
         vertex 0.2500 -3.6000 4.0600
         vertex 0.2500 1.2000 4.0600
         vertex 0.2500 1.2000 5.0600
      endloop
   endfacet
   facet normal 1.0000 0.0000 0.0000
      outer loop
         vertex 0.2500 -3.6000 4.0600
         vertex 0.2500 1.2000 5.0600
         vertex 0.2500 -3.6000 5.0600
      endloop
   endfacet
   facet normal 0.0000 0.0000 -1.0000
      outer loop
         vertex 0.2500 1.2000 4.0600
         vertex 0.2500 -3.6000 4.0600
         vertex -0.2500 -3.6000 4.0600
      endloop
   endfacet
   facet normal 0.0000 0.0000 -1.0000
      outer loop
         vertex 0.2500 1.2000 4.0600
         vertex -0.2500 -3.6000 4.0600
         vertex -0.2500 1.2000 4.0600
      endloop
   endfacet
   facet normal 0.0000 0.0000 1.0000
      outer loop
         vertex -0.2500 1.2000 5.0600
         vertex -0.2500 -3.6000 5.0600
         vertex 0.2500 -3.6000 5.0600
      endloop
   endfacet
   facet normal 0.0000 0.0000 1.0000
      outer loop
         vertex -0.2500 1.2000 5.0600
         vertex 0.2500 -3.6000 5.0600
         vertex 0.2500 1.2000 5.0600
      endloop
   endfacet
   facet normal 0.0000 -1.0000 0.0000
      outer loop
         vertex -2.1500 0.1000 6.3500
         vertex -3.6500 0.1000 6.3500
         vertex -3.6500 0.1000 3.5000
      endloop
   endfacet
   facet normal 0.0000 -1.0000 0.0000
      outer loop
         vertex -2.1500 0.1000 6.3500
         vertex -3.6500 0.1000 3.5000
         vertex -2.1500 0.1000 3.5000
      endloop
   endfacet
   facet normal -0.3780 -0.9258 0.0000
      outer loop
         vertex 1.3500 0.5011 3.5000
         vertex 1.4250 0.4810 3.5000
         vertex 1.4250 0.4810 6.3500
      endloop
   endfacet
   facet normal -0.2489 -0.9685 0.0000
      outer loop
         vertex 1.3500 0.5011 3.5000
         vertex 1.4250 0.4810 6.3500
         vertex 1.3500 0.5011 6.3500
      endloop
   endfacet
   facet normal -0.7672 -0.6414 0.0000
      outer loop
         vertex 1.4250 0.4810 3.5000
         vertex 1.4799 0.4261 3.5000
         vertex 1.4799 0.4261 6.3500
      endloop
   endfacet
   facet normal -0.6414 -0.7672 0.0000
      outer loop
         vertex 1.4250 0.4810 3.5000
         vertex 1.4799 0.4261 6.3500
         vertex 1.4250 0.4810 6.3500
      endloop
   endfacet
   facet normal -0.9405 -0.3399 0.0000
      outer loop
         vertex 1.4799 0.4261 3.5000
         vertex 1.5000 0.3511 3.5000
         vertex 1.5000 0.3511 6.3500
      endloop
   endfacet
   facet normal -0.9071 -0.4210 0.0000
      outer loop
         vertex 1.4799 0.4261 3.5000
         vertex 1.5000 0.3511 6.3500
         vertex 1.4799 0.4261 6.3500
      endloop
   endfacet
   facet normal -1.0000 0.0000 0.0000
      outer loop
         vertex 1.5000 0.0000 6.3500
         vertex 1.5000 0.3511 6.3500
         vertex 1.5000 0.3511 3.5000
      endloop
   endfacet
   facet normal -1.0000 0.0000 0.0000
      outer loop
         vertex 1.5000 0.0000 6.3500
         vertex 1.5000 0.3511 3.5000
         vertex 1.5000 0.0000 3.5000
      endloop
   endfacet
   facet normal 0.0000 0.0000 1.0000
      outer loop
         vertex -10.0457 11.2874 3.5000
         vertex -10.0457 8.9000 3.5000
         vertex -10.0427 8.9000 3.5000
      endloop
   endfacet
   facet normal 0.0000 0.0000 1.0000
      outer loop
         vertex -10.0457 11.2874 3.5000
         vertex -10.0427 8.9000 3.5000
         vertex -10.0427 11.2910 3.5000
      endloop
   endfacet
   facet normal 0.0000 0.0000 1.0000
      outer loop
         vertex -9.0241 1.1799 3.5000
         vertex -9.0991 1.2000 3.5000
         vertex -8.7825 0.4750 3.5000
      endloop
   endfacet
   facet normal 0.0000 0.0000 1.0000
      outer loop
         vertex -9.0241 1.1799 3.5000
         vertex -8.7825 0.4750 3.5000
         vertex -8.9492 1.0554 3.5000
      endloop
   endfacet
   facet normal 0.0000 0.0000 1.0000
      outer loop
         vertex -9.0241 1.1799 3.5000
         vertex -8.9492 1.0554 3.5000
         vertex -8.9692 1.1250 3.5000
      endloop
   endfacet
   facet normal 0.0000 0.0000 1.0000
      outer loop
         vertex -9.8500 1.2000 3.5000
         vertex -9.8500 0.0000 3.5000
         vertex -8.3250 0.0175 3.5000
      endloop
   endfacet
   facet normal 0.0000 0.0000 1.0000
      outer loop
         vertex -9.8500 1.2000 3.5000
         vertex -8.3250 0.0175 3.5000
         vertex -8.7825 0.4750 3.5000
      endloop
   endfacet
   facet normal 0.0000 0.0000 1.0000
      outer loop
         vertex -9.8500 1.2000 3.5000
         vertex -8.7825 0.4750 3.5000
         vertex -9.0991 1.2000 3.5000
      endloop
   endfacet
   facet normal 0.0000 0.0000 1.0000
      outer loop
         vertex -8.3250 0.0175 3.5000
         vertex -9.8500 0.0000 3.5000
         vertex -8.2937 0.0000 3.5000
      endloop
   endfacet
   facet normal 0.0000 1.0000 0.0000
      outer loop
         vertex -9.9085 8.9000 3.4171
         vertex -9.9128 8.9000 3.4250
         vertex -9.4500 8.9000 3.4500
      endloop
   endfacet
   facet normal 0.0000 1.0000 0.0000
      outer loop
         vertex -9.4500 8.9000 3.4500
         vertex -9.9128 8.9000 3.4250
         vertex -9.9677 8.9000 3.4799
      endloop
   endfacet
   facet normal 0.0000 1.0000 0.0000
      outer loop
         vertex -9.4500 8.9000 3.4500
         vertex -9.9677 8.9000 3.4799
         vertex -9.4500 8.9000 3.5000
      endloop
   endfacet
   facet normal 0.0000 1.0000 0.0000
      outer loop
         vertex -9.4500 8.9000 3.5000
         vertex -9.9677 8.9000 3.4799
         vertex -10.0427 8.9000 3.5000
      endloop
   endfacet
   facet normal 0.0000 1.0000 0.0000
      outer loop
         vertex -9.9085 8.9000 3.4171
         vertex -9.4500 8.9000 3.4500
         vertex -9.8915 8.9000 3.3829
      endloop
   endfacet
   facet normal 0.0000 1.0000 0.0000
      outer loop
         vertex -9.8915 8.9000 3.3829
         vertex -9.4500 8.9000 3.4500
         vertex -9.4701 8.9000 3.3750
      endloop
   endfacet
   facet normal 0.0000 1.0000 0.0000
      outer loop
         vertex -9.8915 8.9000 3.3829
         vertex -9.4701 8.9000 3.3750
         vertex -9.8872 8.9000 3.3750
      endloop
   endfacet
   facet normal 0.0000 1.0000 0.0000
      outer loop
         vertex -9.8872 8.9000 3.3750
         vertex -9.4701 8.9000 3.3750
         vertex -9.5250 8.9000 3.3201
      endloop
   endfacet
   facet normal 0.0000 1.0000 0.0000
      outer loop
         vertex -9.8872 8.9000 3.3750
         vertex -9.5250 8.9000 3.3201
         vertex -9.8323 8.9000 3.3201
      endloop
   endfacet
   facet normal 0.0000 1.0000 0.0000
      outer loop
         vertex -9.8323 8.9000 3.3201
         vertex -9.5250 8.9000 3.3201
         vertex -9.6000 8.9000 3.3000
      endloop
   endfacet
   facet normal 0.0000 1.0000 0.0000
      outer loop
         vertex -9.8323 8.9000 3.3201
         vertex -9.6000 8.9000 3.3000
         vertex -9.7573 8.9000 3.3000
      endloop
   endfacet
   facet normal 0.0000 1.0000 0.0000
      outer loop
         vertex -9.8915 8.9000 2.8171
         vertex -9.8872 8.9000 2.8250
         vertex -9.4701 8.9000 2.8250
      endloop
   endfacet
   facet normal 0.0000 1.0000 0.0000
      outer loop
         vertex -9.4701 8.9000 2.8250
         vertex -9.8872 8.9000 2.8250
         vertex -9.8323 8.9000 2.8799
      endloop
   endfacet
   facet normal 0.0000 1.0000 0.0000
      outer loop
         vertex -9.4701 8.9000 2.8250
         vertex -9.8323 8.9000 2.8799
         vertex -9.5250 8.9000 2.8799
      endloop
   endfacet
   facet normal 0.0000 1.0000 0.0000
      outer loop
         vertex -9.5250 8.9000 2.8799
         vertex -9.8323 8.9000 2.8799
         vertex -9.7573 8.9000 2.9000
      endloop
   endfacet
   facet normal 0.0000 1.0000 0.0000
      outer loop
         vertex -9.5250 8.9000 2.8799
         vertex -9.7573 8.9000 2.9000
         vertex -9.6000 8.9000 2.9000
      endloop
   endfacet
   facet normal 0.0000 1.0000 0.0000
      outer loop
         vertex -9.4500 8.9000 2.7000
         vertex -9.9677 8.9000 2.7201
         vertex -9.4500 8.9000 2.7500
      endloop
   endfacet
   facet normal 0.0000 1.0000 0.0000
      outer loop
         vertex -9.4500 8.9000 2.7500
         vertex -9.9677 8.9000 2.7201
         vertex -9.9128 8.9000 2.7750
      endloop
   endfacet
   facet normal 0.0000 1.0000 0.0000
      outer loop
         vertex -9.4500 8.9000 2.7500
         vertex -9.9128 8.9000 2.7750
         vertex -9.4701 8.9000 2.8250
      endloop
   endfacet
   facet normal 0.0000 1.0000 0.0000
      outer loop
         vertex -9.4701 8.9000 2.8250
         vertex -9.9128 8.9000 2.7750
         vertex -9.9085 8.9000 2.7829
      endloop
   endfacet
   facet normal 0.0000 1.0000 0.0000
      outer loop
         vertex -9.4701 8.9000 2.8250
         vertex -9.9085 8.9000 2.7829
         vertex -9.8915 8.9000 2.8171
      endloop
   endfacet
   facet normal 0.0000 1.0000 0.0000
      outer loop
         vertex -9.9677 8.9000 2.7201
         vertex -9.4500 8.9000 2.7000
         vertex -10.0427 8.9000 2.7000
      endloop
   endfacet
   facet normal -0.3399 0.0000 0.9405
      outer loop
         vertex -9.6000 11.8186 3.3000
         vertex -9.6000 8.9000 3.3000
         vertex -9.5250 8.9000 3.3201
      endloop
   endfacet
   facet normal -0.4210 0.0000 0.9071
      outer loop
         vertex -9.6000 11.8186 3.3000
         vertex -9.5250 8.9000 3.3201
         vertex -9.5250 11.9079 3.3201
      endloop
   endfacet
   facet normal -0.6402 0.0000 -0.7682
      outer loop
         vertex -10.3460 10.9295 2.9050
         vertex -10.1417 11.1730 2.7348
         vertex -10.1417 8.9000 2.7348
      endloop
   endfacet
   facet normal -0.6402 0.0000 -0.7682
      outer loop
         vertex -10.3460 10.9295 2.9050
         vertex -10.1417 8.9000 2.7348
         vertex -10.3460 8.9000 2.9050
      endloop
   endfacet
   facet normal -0.8091 0.0000 -0.5876
      outer loop
         vertex -10.3460 10.9295 2.9050
         vertex -10.3460 8.9000 2.9050
         vertex -10.3799 8.9000 2.9453
      endloop
   endfacet
   facet normal -0.8500 0.0000 -0.5268
      outer loop
         vertex -10.3460 10.9295 2.9050
         vertex -10.3799 8.9000 2.9453
         vertex -10.3799 10.8891 2.9453
      endloop
   endfacet
   facet normal 0.3399 0.0000 -0.9405
      outer loop
         vertex -9.8323 11.5417 2.8799
         vertex -9.7573 11.6311 2.9000
         vertex -9.7573 8.9000 2.9000
      endloop
   endfacet
   facet normal 0.4210 0.0000 -0.9071
      outer loop
         vertex -9.8323 11.5417 2.8799
         vertex -9.7573 8.9000 2.9000
         vertex -9.8323 8.9000 2.8799
      endloop
   endfacet
   facet normal 0.7163 0.0000 -0.6978
      outer loop
         vertex -9.8323 8.9000 2.8799
         vertex -9.8872 8.9000 2.8250
         vertex -9.8872 11.4763 2.8250
      endloop
   endfacet
   facet normal 0.6138 0.0000 -0.7895
      outer loop
         vertex -9.8323 8.9000 2.8799
         vertex -9.8872 11.4763 2.8250
         vertex -9.8323 11.5417 2.8799
      endloop
   endfacet
   facet normal -0.7672 0.0000 -0.6414
      outer loop
         vertex -9.4701 11.9734 2.8250
         vertex -9.4701 8.9000 2.8250
         vertex -9.5250 8.9000 2.8799
      endloop
   endfacet
   facet normal -0.6414 0.0000 -0.7672
      outer loop
         vertex -9.4701 11.9734 2.8250
         vertex -9.5250 8.9000 2.8799
         vertex -9.5250 11.9079 2.8799
      endloop
   endfacet
   facet normal -0.3399 0.0000 -0.9405
      outer loop
         vertex -9.6000 8.9000 2.9000
         vertex -9.6000 11.8186 2.9000
         vertex -9.5250 11.9079 2.8799
      endloop
   endfacet
   facet normal -0.4210 0.0000 -0.9071
      outer loop
         vertex -9.6000 8.9000 2.9000
         vertex -9.5250 11.9079 2.8799
         vertex -9.5250 8.9000 2.8799
      endloop
   endfacet
   facet normal 0.0000 0.0000 -1.0000
      outer loop
         vertex -9.6000 11.8186 2.9000
         vertex -9.6000 8.9000 2.9000
         vertex -9.7573 8.9000 2.9000
      endloop
   endfacet
   facet normal 0.0000 0.0000 -1.0000
      outer loop
         vertex -9.6000 11.8186 2.9000
         vertex -9.7573 8.9000 2.9000
         vertex -9.7573 11.6311 2.9000
      endloop
   endfacet
   facet normal 0.7163 0.0000 0.6978
      outer loop
         vertex -9.8872 11.4763 3.3750
         vertex -9.8872 8.9000 3.3750
         vertex -9.8323 8.9000 3.3201
      endloop
   endfacet
   facet normal 0.6138 0.0000 0.7895
      outer loop
         vertex -9.8872 11.4763 3.3750
         vertex -9.8323 8.9000 3.3201
         vertex -9.8323 11.5417 3.3201
      endloop
   endfacet
   facet normal -0.3682 0.0000 0.9297
      outer loop
         vertex -10.1207 11.1980 3.4799
         vertex -10.1207 8.9000 3.4799
         vertex -10.0457 8.9000 3.5000
      endloop
   endfacet
   facet normal -0.3137 0.0000 0.9495
      outer loop
         vertex -10.1207 11.1980 3.4799
         vertex -10.0457 8.9000 3.5000
         vertex -10.0457 11.2874 3.5000
      endloop
   endfacet
   facet normal 0.4210 0.0000 0.9071
      outer loop
         vertex -10.0427 8.9000 3.5000
         vertex -9.9677 8.9000 3.4799
         vertex -9.9677 11.3803 3.4799
      endloop
   endfacet
   facet normal 0.3399 0.0000 0.9405
      outer loop
         vertex -10.0427 8.9000 3.5000
         vertex -9.9677 11.3803 3.4799
         vertex -10.0427 11.2910 3.5000
      endloop
   endfacet
   facet normal -0.8091 0.0000 0.5876
      outer loop
         vertex -10.3460 8.9000 3.2950
         vertex -10.3460 10.9295 3.2950
         vertex -10.3799 10.8891 3.2547
      endloop
   endfacet
   facet normal -0.8500 0.0000 0.5268
      outer loop
         vertex -10.3460 8.9000 3.2950
         vertex -10.3799 10.8891 3.2547
         vertex -10.3799 8.9000 3.2547
      endloop
   endfacet
   facet normal -0.6402 0.0000 0.7682
      outer loop
         vertex -10.3460 10.9295 3.2950
         vertex -10.3460 8.9000 3.2950
         vertex -10.1417 8.9000 3.4652
      endloop
   endfacet
   facet normal -0.6402 0.0000 0.7682
      outer loop
         vertex -10.3460 10.9295 3.2950
         vertex -10.1417 8.9000 3.4652
         vertex -10.1417 11.1730 3.4652
      endloop
   endfacet
   facet normal -0.4741 0.0000 0.8805
      outer loop
         vertex -10.1207 8.9000 3.4799
         vertex -10.1207 11.1980 3.4799
         vertex -10.1417 11.1730 3.4652
      endloop
   endfacet
   facet normal -0.5243 0.0000 0.8515
      outer loop
         vertex -10.1207 8.9000 3.4799
         vertex -10.1417 11.1730 3.4652
         vertex -10.1417 8.9000 3.4652
      endloop
   endfacet
   facet normal 0.7163 0.0000 0.6978
      outer loop
         vertex -9.9128 8.9000 3.4250
         vertex -9.9128 11.4458 3.4250
         vertex -9.9677 11.3803 3.4799
      endloop
   endfacet
   facet normal 0.6138 0.0000 0.7895
      outer loop
         vertex -9.9128 8.9000 3.4250
         vertex -9.9677 11.3803 3.4799
         vertex -9.9677 8.9000 3.4799
      endloop
   endfacet
   facet normal 0.8306 0.0000 0.5568
      outer loop
         vertex -9.8872 8.9000 3.3750
         vertex -9.8872 11.4763 3.3750
         vertex -9.8915 11.4712 3.3829
      endloop
   endfacet
   facet normal 0.8567 0.0000 0.5157
      outer loop
         vertex -9.8872 8.9000 3.3750
         vertex -9.8915 11.4712 3.3829
         vertex -9.8915 8.9000 3.3829
      endloop
   endfacet
   facet normal 0.8567 0.0000 0.5157
      outer loop
         vertex -9.9085 8.9000 3.4171
         vertex -9.9085 11.4508 3.4171
         vertex -9.9128 11.4458 3.4250
      endloop
   endfacet
   facet normal 0.8306 0.0000 0.5568
      outer loop
         vertex -9.9085 8.9000 3.4171
         vertex -9.9128 11.4458 3.4250
         vertex -9.9128 8.9000 3.4250
      endloop
   endfacet
   facet normal 0.8944 0.0000 0.4472
      outer loop
         vertex -9.9085 11.4508 3.4171
         vertex -9.9085 8.9000 3.4171
         vertex -9.8915 8.9000 3.3829
      endloop
   endfacet
   facet normal 0.8944 0.0000 0.4472
      outer loop
         vertex -9.9085 11.4508 3.4171
         vertex -9.8915 8.9000 3.3829
         vertex -9.8915 11.4712 3.3829
      endloop
   endfacet
   facet normal 0.3399 0.0000 0.9405
      outer loop
         vertex -9.8323 8.9000 3.3201
         vertex -9.7573 8.9000 3.3000
         vertex -9.7573 11.6311 3.3000
      endloop
   endfacet
   facet normal 0.4210 0.0000 0.9071
      outer loop
         vertex -9.8323 8.9000 3.3201
         vertex -9.7573 11.6311 3.3000
         vertex -9.8323 11.5417 3.3201
      endloop
   endfacet
   facet normal 0.0000 0.0000 1.0000
      outer loop
         vertex -9.6000 8.9000 3.3000
         vertex -9.6000 11.8186 3.3000
         vertex -9.7573 11.6311 3.3000
      endloop
   endfacet
   facet normal 0.0000 0.0000 1.0000
      outer loop
         vertex -9.6000 8.9000 3.3000
         vertex -9.7573 11.6311 3.3000
         vertex -9.7573 8.9000 3.3000
      endloop
   endfacet
   facet normal -0.7672 0.0000 0.6414
      outer loop
         vertex -9.4701 8.9000 3.3750
         vertex -9.4701 11.9734 3.3750
         vertex -9.5250 11.9079 3.3201
      endloop
   endfacet
   facet normal -0.6414 0.0000 0.7672
      outer loop
         vertex -9.4701 8.9000 3.3750
         vertex -9.5250 11.9079 3.3201
         vertex -9.5250 8.9000 3.3201
      endloop
   endfacet
   facet normal -0.9071 0.0000 0.4210
      outer loop
         vertex -9.4701 11.9734 3.3750
         vertex -9.4701 8.9000 3.3750
         vertex -9.4500 8.9000 3.4500
      endloop
   endfacet
   facet normal -0.9405 0.0000 0.3399
      outer loop
         vertex -9.4701 11.9734 3.3750
         vertex -9.4500 8.9000 3.4500
         vertex -9.4500 11.9973 3.4500
      endloop
   endfacet
   facet normal -1.0000 0.0000 0.0000
      outer loop
         vertex -9.4500 8.9000 3.5000
         vertex -9.4500 11.9973 3.5000
         vertex -9.4500 11.9973 3.4500
      endloop
   endfacet
   facet normal -1.0000 0.0000 0.0000
      outer loop
         vertex -9.4500 8.9000 3.5000
         vertex -9.4500 11.9973 3.4500
         vertex -9.4500 8.9000 3.4500
      endloop
   endfacet
   facet normal 0.0000 0.0000 -1.0000
      outer loop
         vertex -8.9692 1.1250 6.3500
         vertex -8.9492 1.0554 6.3500
         vertex -9.0241 1.1799 6.3500
      endloop
   endfacet
   facet normal 0.0000 0.0000 -1.0000
      outer loop
         vertex -9.0241 1.1799 6.3500
         vertex -8.9492 1.0554 6.3500
         vertex -8.7825 0.4750 6.3500
      endloop
   endfacet
   facet normal 0.0000 0.0000 -1.0000
      outer loop
         vertex -9.0241 1.1799 6.3500
         vertex -8.7825 0.4750 6.3500
         vertex -9.0991 1.2000 6.3500
      endloop
   endfacet
   facet normal 0.0000 0.0000 -1.0000
      outer loop
         vertex -9.0991 1.2000 6.3500
         vertex -8.7825 0.4750 6.3500
         vertex -9.8500 0.0000 6.3500
      endloop
   endfacet
   facet normal 0.0000 0.0000 -1.0000
      outer loop
         vertex -9.0991 1.2000 6.3500
         vertex -9.8500 0.0000 6.3500
         vertex -9.8500 1.2000 6.3500
      endloop
   endfacet
   facet normal 0.0000 0.0000 -1.0000
      outer loop
         vertex -9.8500 0.0000 6.3500
         vertex -8.7825 0.4750 6.3500
         vertex -8.3250 0.0175 6.3500
      endloop
   endfacet
   facet normal 0.0000 0.0000 -1.0000
      outer loop
         vertex -9.8500 0.0000 6.3500
         vertex -8.3250 0.0175 6.3500
         vertex -8.2937 0.0000 6.3500
      endloop
   endfacet
   facet normal 0.0000 0.0000 1.0000
      outer loop
         vertex -10.0457 11.2874 7.0000
         vertex -10.0457 8.9000 7.0000
         vertex -10.0427 8.9000 7.0000
      endloop
   endfacet
   facet normal 0.0000 0.0000 1.0000
      outer loop
         vertex -10.0457 11.2874 7.0000
         vertex -10.0427 8.9000 7.0000
         vertex -10.0427 11.2910 7.0000
      endloop
   endfacet
   facet normal 0.0000 0.0000 1.0000
      outer loop
         vertex -9.0241 1.1799 7.0000
         vertex -9.0991 1.2000 7.0000
         vertex -8.7825 0.4750 7.0000
      endloop
   endfacet
   facet normal 0.0000 0.0000 1.0000
      outer loop
         vertex -9.0241 1.1799 7.0000
         vertex -8.7825 0.4750 7.0000
         vertex -8.9492 1.0554 7.0000
      endloop
   endfacet
   facet normal 0.0000 0.0000 1.0000
      outer loop
         vertex -9.0241 1.1799 7.0000
         vertex -8.9492 1.0554 7.0000
         vertex -8.9692 1.1250 7.0000
      endloop
   endfacet
   facet normal 0.0000 0.0000 1.0000
      outer loop
         vertex -9.8500 1.2000 7.0000
         vertex -9.8500 0.0000 7.0000
         vertex -8.3250 0.0175 7.0000
      endloop
   endfacet
   facet normal 0.0000 0.0000 1.0000
      outer loop
         vertex -9.8500 1.2000 7.0000
         vertex -8.3250 0.0175 7.0000
         vertex -8.7825 0.4750 7.0000
      endloop
   endfacet
   facet normal 0.0000 0.0000 1.0000
      outer loop
         vertex -9.8500 1.2000 7.0000
         vertex -8.7825 0.4750 7.0000
         vertex -9.0991 1.2000 7.0000
      endloop
   endfacet
   facet normal 0.0000 0.0000 1.0000
      outer loop
         vertex -8.3250 0.0175 7.0000
         vertex -9.8500 0.0000 7.0000
         vertex -8.2937 0.0000 7.0000
      endloop
   endfacet
   facet normal 0.0000 1.0000 0.0000
      outer loop
         vertex -9.9085 8.9000 6.9171
         vertex -9.9128 8.9000 6.9250
         vertex -9.4500 8.9000 6.9500
      endloop
   endfacet
   facet normal 0.0000 1.0000 0.0000
      outer loop
         vertex -9.4500 8.9000 6.9500
         vertex -9.9128 8.9000 6.9250
         vertex -9.9677 8.9000 6.9799
      endloop
   endfacet
   facet normal 0.0000 1.0000 0.0000
      outer loop
         vertex -9.4500 8.9000 6.9500
         vertex -9.9677 8.9000 6.9799
         vertex -9.4500 8.9000 7.0000
      endloop
   endfacet
   facet normal 0.0000 1.0000 0.0000
      outer loop
         vertex -9.4500 8.9000 7.0000
         vertex -9.9677 8.9000 6.9799
         vertex -10.0427 8.9000 7.0000
      endloop
   endfacet
   facet normal 0.0000 1.0000 0.0000
      outer loop
         vertex -9.9085 8.9000 6.9171
         vertex -9.4500 8.9000 6.9500
         vertex -9.8915 8.9000 6.8829
      endloop
   endfacet
   facet normal 0.0000 1.0000 0.0000
      outer loop
         vertex -9.8915 8.9000 6.8829
         vertex -9.4500 8.9000 6.9500
         vertex -9.4701 8.9000 6.8750
      endloop
   endfacet
   facet normal 0.0000 1.0000 0.0000
      outer loop
         vertex -9.8915 8.9000 6.8829
         vertex -9.4701 8.9000 6.8750
         vertex -9.8872 8.9000 6.8750
      endloop
   endfacet
   facet normal 0.0000 1.0000 0.0000
      outer loop
         vertex -9.8872 8.9000 6.8750
         vertex -9.4701 8.9000 6.8750
         vertex -9.5250 8.9000 6.8201
      endloop
   endfacet
   facet normal 0.0000 1.0000 0.0000
      outer loop
         vertex -9.8872 8.9000 6.8750
         vertex -9.5250 8.9000 6.8201
         vertex -9.8323 8.9000 6.8201
      endloop
   endfacet
   facet normal 0.0000 1.0000 0.0000
      outer loop
         vertex -9.8323 8.9000 6.8201
         vertex -9.5250 8.9000 6.8201
         vertex -9.6000 8.9000 6.8000
      endloop
   endfacet
   facet normal 0.0000 1.0000 0.0000
      outer loop
         vertex -9.8323 8.9000 6.8201
         vertex -9.6000 8.9000 6.8000
         vertex -9.7573 8.9000 6.8000
      endloop
   endfacet
   facet normal -0.3399 0.0000 0.9405
      outer loop
         vertex -9.6000 11.8186 6.8000
         vertex -9.6000 8.9000 6.8000
         vertex -9.5250 8.9000 6.8201
      endloop
   endfacet
   facet normal -0.4210 0.0000 0.9071
      outer loop
         vertex -9.6000 11.8186 6.8000
         vertex -9.5250 8.9000 6.8201
         vertex -9.5250 11.9079 6.8201
      endloop
   endfacet
   facet normal 0.7163 0.0000 0.6978
      outer loop
         vertex -9.8872 11.4763 6.8750
         vertex -9.8872 8.9000 6.8750
         vertex -9.8323 8.9000 6.8201
      endloop
   endfacet
   facet normal 0.6138 0.0000 0.7895
      outer loop
         vertex -9.8872 11.4763 6.8750
         vertex -9.8323 8.9000 6.8201
         vertex -9.8323 11.5417 6.8201
      endloop
   endfacet
   facet normal -0.3682 0.0000 0.9297
      outer loop
         vertex -10.1207 11.1980 6.9799
         vertex -10.1207 8.9000 6.9799
         vertex -10.0457 8.9000 7.0000
      endloop
   endfacet
   facet normal -0.3137 0.0000 0.9495
      outer loop
         vertex -10.1207 11.1980 6.9799
         vertex -10.0457 8.9000 7.0000
         vertex -10.0457 11.2874 7.0000
      endloop
   endfacet
   facet normal 0.3399 0.0000 0.9405
      outer loop
         vertex -9.9677 11.3803 6.9799
         vertex -10.0427 11.2910 7.0000
         vertex -10.0427 8.9000 7.0000
      endloop
   endfacet
   facet normal 0.4210 0.0000 0.9071
      outer loop
         vertex -9.9677 11.3803 6.9799
         vertex -10.0427 8.9000 7.0000
         vertex -9.9677 8.9000 6.9799
      endloop
   endfacet
   facet normal -0.8500 0.0000 0.5268
      outer loop
         vertex -10.3799 10.8891 6.7547
         vertex -10.3799 8.9000 6.7547
         vertex -10.3460 8.9000 6.7950
      endloop
   endfacet
   facet normal -0.8091 0.0000 0.5876
      outer loop
         vertex -10.3799 10.8891 6.7547
         vertex -10.3460 8.9000 6.7950
         vertex -10.3460 10.9295 6.7950
      endloop
   endfacet
   facet normal -0.6402 0.0000 0.7682
      outer loop
         vertex -10.1417 8.9000 6.9652
         vertex -10.1417 11.1730 6.9652
         vertex -10.3460 10.9295 6.7950
      endloop
   endfacet
   facet normal -0.6402 0.0000 0.7682
      outer loop
         vertex -10.1417 8.9000 6.9652
         vertex -10.3460 10.9295 6.7950
         vertex -10.3460 8.9000 6.7950
      endloop
   endfacet
   facet normal -0.4741 0.0000 0.8805
      outer loop
         vertex -10.1207 8.9000 6.9799
         vertex -10.1207 11.1980 6.9799
         vertex -10.1417 11.1730 6.9652
      endloop
   endfacet
   facet normal -0.5243 0.0000 0.8515
      outer loop
         vertex -10.1207 8.9000 6.9799
         vertex -10.1417 11.1730 6.9652
         vertex -10.1417 8.9000 6.9652
      endloop
   endfacet
   facet normal 0.7163 0.0000 0.6978
      outer loop
         vertex -9.9128 8.9000 6.9250
         vertex -9.9128 11.4458 6.9250
         vertex -9.9677 11.3803 6.9799
      endloop
   endfacet
   facet normal 0.6138 0.0000 0.7895
      outer loop
         vertex -9.9128 8.9000 6.9250
         vertex -9.9677 11.3803 6.9799
         vertex -9.9677 8.9000 6.9799
      endloop
   endfacet
   facet normal 0.8306 0.0000 0.5568
      outer loop
         vertex -9.8872 8.9000 6.8750
         vertex -9.8872 11.4763 6.8750
         vertex -9.8915 11.4712 6.8829
      endloop
   endfacet
   facet normal 0.8567 0.0000 0.5157
      outer loop
         vertex -9.8872 8.9000 6.8750
         vertex -9.8915 11.4712 6.8829
         vertex -9.8915 8.9000 6.8829
      endloop
   endfacet
   facet normal 0.8306 0.0000 0.5568
      outer loop
         vertex -9.9128 11.4458 6.9250
         vertex -9.9128 8.9000 6.9250
         vertex -9.9085 8.9000 6.9171
      endloop
   endfacet
   facet normal 0.8567 0.0000 0.5157
      outer loop
         vertex -9.9128 11.4458 6.9250
         vertex -9.9085 8.9000 6.9171
         vertex -9.9085 11.4508 6.9171
      endloop
   endfacet
   facet normal 0.8944 0.0000 0.4472
      outer loop
         vertex -9.8915 8.9000 6.8829
         vertex -9.8915 11.4712 6.8829
         vertex -9.9085 11.4508 6.9171
      endloop
   endfacet
   facet normal 0.8944 0.0000 0.4472
      outer loop
         vertex -9.8915 8.9000 6.8829
         vertex -9.9085 11.4508 6.9171
         vertex -9.9085 8.9000 6.9171
      endloop
   endfacet
   facet normal 0.3399 0.0000 0.9405
      outer loop
         vertex -9.8323 8.9000 6.8201
         vertex -9.7573 8.9000 6.8000
         vertex -9.7573 11.6311 6.8000
      endloop
   endfacet
   facet normal 0.4210 0.0000 0.9071
      outer loop
         vertex -9.8323 8.9000 6.8201
         vertex -9.7573 11.6311 6.8000
         vertex -9.8323 11.5417 6.8201
      endloop
   endfacet
   facet normal 0.0000 0.0000 1.0000
      outer loop
         vertex -9.6000 8.9000 6.8000
         vertex -9.6000 11.8186 6.8000
         vertex -9.7573 11.6311 6.8000
      endloop
   endfacet
   facet normal 0.0000 0.0000 1.0000
      outer loop
         vertex -9.6000 8.9000 6.8000
         vertex -9.7573 11.6311 6.8000
         vertex -9.7573 8.9000 6.8000
      endloop
   endfacet
   facet normal -0.7672 0.0000 0.6414
      outer loop
         vertex -9.4701 8.9000 6.8750
         vertex -9.4701 11.9734 6.8750
         vertex -9.5250 11.9079 6.8201
      endloop
   endfacet
   facet normal -0.6414 0.0000 0.7672
      outer loop
         vertex -9.4701 8.9000 6.8750
         vertex -9.5250 11.9079 6.8201
         vertex -9.5250 8.9000 6.8201
      endloop
   endfacet
   facet normal -0.9071 0.0000 0.4210
      outer loop
         vertex -9.4701 11.9734 6.8750
         vertex -9.4701 8.9000 6.8750
         vertex -9.4500 8.9000 6.9500
      endloop
   endfacet
   facet normal -0.9405 0.0000 0.3399
      outer loop
         vertex -9.4701 11.9734 6.8750
         vertex -9.4500 8.9000 6.9500
         vertex -9.4500 11.9973 6.9500
      endloop
   endfacet
   facet normal -1.0000 0.0000 0.0000
      outer loop
         vertex -9.4500 8.9000 7.0000
         vertex -9.4500 11.9973 7.0000
         vertex -9.4500 11.9973 6.9500
      endloop
   endfacet
   facet normal -1.0000 0.0000 0.0000
      outer loop
         vertex -9.4500 8.9000 7.0000
         vertex -9.4500 11.9973 6.9500
         vertex -9.4500 8.9000 6.9500
      endloop
   endfacet
   facet normal 0.0000 1.0000 0.0000
      outer loop
         vertex -9.8915 8.9000 6.3171
         vertex -9.8872 8.9000 6.3250
         vertex -9.4701 8.9000 6.3250
      endloop
   endfacet
   facet normal 0.0000 1.0000 0.0000
      outer loop
         vertex -9.4701 8.9000 6.3250
         vertex -9.8872 8.9000 6.3250
         vertex -9.8323 8.9000 6.3799
      endloop
   endfacet
   facet normal 0.0000 1.0000 0.0000
      outer loop
         vertex -9.4701 8.9000 6.3250
         vertex -9.8323 8.9000 6.3799
         vertex -9.5250 8.9000 6.3799
      endloop
   endfacet
   facet normal 0.0000 1.0000 0.0000
      outer loop
         vertex -9.5250 8.9000 6.3799
         vertex -9.8323 8.9000 6.3799
         vertex -9.7573 8.9000 6.4000
      endloop
   endfacet
   facet normal 0.0000 1.0000 0.0000
      outer loop
         vertex -9.5250 8.9000 6.3799
         vertex -9.7573 8.9000 6.4000
         vertex -9.6000 8.9000 6.4000
      endloop
   endfacet
   facet normal 0.0000 1.0000 0.0000
      outer loop
         vertex -9.4500 8.9000 6.2000
         vertex -9.9677 8.9000 6.2201
         vertex -9.4500 8.9000 6.2500
      endloop
   endfacet
   facet normal 0.0000 1.0000 0.0000
      outer loop
         vertex -9.4500 8.9000 6.2500
         vertex -9.9677 8.9000 6.2201
         vertex -9.9128 8.9000 6.2750
      endloop
   endfacet
   facet normal 0.0000 1.0000 0.0000
      outer loop
         vertex -9.4500 8.9000 6.2500
         vertex -9.9128 8.9000 6.2750
         vertex -9.4701 8.9000 6.3250
      endloop
   endfacet
   facet normal 0.0000 1.0000 0.0000
      outer loop
         vertex -9.4701 8.9000 6.3250
         vertex -9.9128 8.9000 6.2750
         vertex -9.9085 8.9000 6.2829
      endloop
   endfacet
   facet normal 0.0000 1.0000 0.0000
      outer loop
         vertex -9.4701 8.9000 6.3250
         vertex -9.9085 8.9000 6.2829
         vertex -9.8915 8.9000 6.3171
      endloop
   endfacet
   facet normal 0.0000 1.0000 0.0000
      outer loop
         vertex -9.9677 8.9000 6.2201
         vertex -9.4500 8.9000 6.2000
         vertex -10.0427 8.9000 6.2000
      endloop
   endfacet
   facet normal -0.6402 0.0000 -0.7682
      outer loop
         vertex -10.1417 8.9000 6.2348
         vertex -10.3460 8.9000 6.4050
         vertex -10.3460 10.9295 6.4050
      endloop
   endfacet
   facet normal -0.6402 0.0000 -0.7682
      outer loop
         vertex -10.1417 8.9000 6.2348
         vertex -10.3460 10.9295 6.4050
         vertex -10.1417 11.1730 6.2348
      endloop
   endfacet
   facet normal -0.8091 0.0000 -0.5876
      outer loop
         vertex -10.3460 10.9295 6.4050
         vertex -10.3460 8.9000 6.4050
         vertex -10.3799 8.9000 6.4453
      endloop
   endfacet
   facet normal -0.8500 0.0000 -0.5268
      outer loop
         vertex -10.3460 10.9295 6.4050
         vertex -10.3799 8.9000 6.4453
         vertex -10.3799 10.8891 6.4453
      endloop
   endfacet
   facet normal 0.3399 0.0000 -0.9405
      outer loop
         vertex -9.8323 11.5417 6.3799
         vertex -9.7573 11.6311 6.4000
         vertex -9.7573 8.9000 6.4000
      endloop
   endfacet
   facet normal 0.4210 0.0000 -0.9071
      outer loop
         vertex -9.8323 11.5417 6.3799
         vertex -9.7573 8.9000 6.4000
         vertex -9.8323 8.9000 6.3799
      endloop
   endfacet
   facet normal 0.7163 0.0000 -0.6978
      outer loop
         vertex -9.8323 8.9000 6.3799
         vertex -9.8872 8.9000 6.3250
         vertex -9.8872 11.4763 6.3250
      endloop
   endfacet
   facet normal 0.6138 0.0000 -0.7895
      outer loop
         vertex -9.8323 8.9000 6.3799
         vertex -9.8872 11.4763 6.3250
         vertex -9.8323 11.5417 6.3799
      endloop
   endfacet
   facet normal -0.6414 0.0000 -0.7672
      outer loop
         vertex -9.4701 8.9000 6.3250
         vertex -9.5250 8.9000 6.3799
         vertex -9.5250 11.9079 6.3799
      endloop
   endfacet
   facet normal -0.7672 0.0000 -0.6414
      outer loop
         vertex -9.4701 8.9000 6.3250
         vertex -9.5250 11.9079 6.3799
         vertex -9.4701 11.9734 6.3250
      endloop
   endfacet
   facet normal -0.3399 0.0000 -0.9405
      outer loop
         vertex -9.6000 8.9000 6.4000
         vertex -9.6000 11.8186 6.4000
         vertex -9.5250 11.9079 6.3799
      endloop
   endfacet
   facet normal -0.4210 0.0000 -0.9071
      outer loop
         vertex -9.6000 8.9000 6.4000
         vertex -9.5250 11.9079 6.3799
         vertex -9.5250 8.9000 6.3799
      endloop
   endfacet
   facet normal 0.0000 0.0000 -1.0000
      outer loop
         vertex -9.7573 8.9000 6.4000
         vertex -9.7573 11.6311 6.4000
         vertex -9.6000 11.8186 6.4000
      endloop
   endfacet
   facet normal 0.0000 0.0000 -1.0000
      outer loop
         vertex -9.7573 8.9000 6.4000
         vertex -9.6000 11.8186 6.4000
         vertex -9.6000 8.9000 6.4000
      endloop
   endfacet
   facet normal 0.0000 0.0000 -1.0000
      outer loop
         vertex -8.9692 1.1250 9.8500
         vertex -8.9492 1.0554 9.8500
         vertex -9.0241 1.1799 9.8500
      endloop
   endfacet
   facet normal 0.0000 0.0000 -1.0000
      outer loop
         vertex -9.0241 1.1799 9.8500
         vertex -8.9492 1.0554 9.8500
         vertex -8.7825 0.4750 9.8500
      endloop
   endfacet
   facet normal 0.0000 0.0000 -1.0000
      outer loop
         vertex -9.0241 1.1799 9.8500
         vertex -8.7825 0.4750 9.8500
         vertex -9.0991 1.2000 9.8500
      endloop
   endfacet
   facet normal 0.0000 0.0000 -1.0000
      outer loop
         vertex -9.0991 1.2000 9.8500
         vertex -8.7825 0.4750 9.8500
         vertex -9.8500 0.0000 9.8500
      endloop
   endfacet
   facet normal 0.0000 0.0000 -1.0000
      outer loop
         vertex -9.0991 1.2000 9.8500
         vertex -9.8500 0.0000 9.8500
         vertex -9.8500 1.2000 9.8500
      endloop
   endfacet
   facet normal 0.0000 0.0000 -1.0000
      outer loop
         vertex -9.8500 0.0000 9.8500
         vertex -8.7825 0.4750 9.8500
         vertex -8.3250 0.0175 9.8500
      endloop
   endfacet
   facet normal 0.0000 0.0000 -1.0000
      outer loop
         vertex -9.8500 0.0000 9.8500
         vertex -8.3250 0.0175 9.8500
         vertex -8.2937 0.0000 9.8500
      endloop
   endfacet
   facet normal 0.0000 0.0000 1.0000
      outer loop
         vertex -10.0457 11.2874 10.5000
         vertex -10.0457 8.9000 10.5000
         vertex -10.0427 8.9000 10.5000
      endloop
   endfacet
   facet normal 0.0000 0.0000 1.0000
      outer loop
         vertex -10.0457 11.2874 10.5000
         vertex -10.0427 8.9000 10.5000
         vertex -10.0427 11.2910 10.5000
      endloop
   endfacet
   facet normal 0.0000 0.0000 1.0000
      outer loop
         vertex -9.0241 1.1799 10.5000
         vertex -9.0991 1.2000 10.5000
         vertex -8.7825 0.4750 10.5000
      endloop
   endfacet
   facet normal 0.0000 0.0000 1.0000
      outer loop
         vertex -9.0241 1.1799 10.5000
         vertex -8.7825 0.4750 10.5000
         vertex -8.9492 1.0554 10.5000
      endloop
   endfacet
   facet normal 0.0000 0.0000 1.0000
      outer loop
         vertex -9.0241 1.1799 10.5000
         vertex -8.9492 1.0554 10.5000
         vertex -8.9692 1.1250 10.5000
      endloop
   endfacet
   facet normal 0.0000 0.0000 1.0000
      outer loop
         vertex -9.8500 1.2000 10.5000
         vertex -9.8500 0.0000 10.5000
         vertex -8.3250 0.0175 10.5000
      endloop
   endfacet
   facet normal 0.0000 0.0000 1.0000
      outer loop
         vertex -9.8500 1.2000 10.5000
         vertex -8.3250 0.0175 10.5000
         vertex -8.7825 0.4750 10.5000
      endloop
   endfacet
   facet normal 0.0000 0.0000 1.0000
      outer loop
         vertex -9.8500 1.2000 10.5000
         vertex -8.7825 0.4750 10.5000
         vertex -9.0991 1.2000 10.5000
      endloop
   endfacet
   facet normal 0.0000 0.0000 1.0000
      outer loop
         vertex -8.3250 0.0175 10.5000
         vertex -9.8500 0.0000 10.5000
         vertex -8.2937 0.0000 10.5000
      endloop
   endfacet
   facet normal 0.0000 1.0000 0.0000
      outer loop
         vertex -9.9085 8.9000 10.4171
         vertex -9.9128 8.9000 10.4250
         vertex -9.4500 8.9000 10.4500
      endloop
   endfacet
   facet normal 0.0000 1.0000 0.0000
      outer loop
         vertex -9.4500 8.9000 10.4500
         vertex -9.9128 8.9000 10.4250
         vertex -9.9677 8.9000 10.4799
      endloop
   endfacet
   facet normal 0.0000 1.0000 0.0000
      outer loop
         vertex -9.4500 8.9000 10.4500
         vertex -9.9677 8.9000 10.4799
         vertex -9.4500 8.9000 10.5000
      endloop
   endfacet
   facet normal 0.0000 1.0000 0.0000
      outer loop
         vertex -9.4500 8.9000 10.5000
         vertex -9.9677 8.9000 10.4799
         vertex -10.0427 8.9000 10.5000
      endloop
   endfacet
   facet normal 0.0000 1.0000 0.0000
      outer loop
         vertex -9.9085 8.9000 10.4171
         vertex -9.4500 8.9000 10.4500
         vertex -9.8915 8.9000 10.3829
      endloop
   endfacet
   facet normal 0.0000 1.0000 0.0000
      outer loop
         vertex -9.8915 8.9000 10.3829
         vertex -9.4500 8.9000 10.4500
         vertex -9.4701 8.9000 10.3750
      endloop
   endfacet
   facet normal 0.0000 1.0000 0.0000
      outer loop
         vertex -9.8915 8.9000 10.3829
         vertex -9.4701 8.9000 10.3750
         vertex -9.8872 8.9000 10.3750
      endloop
   endfacet
   facet normal 0.0000 1.0000 0.0000
      outer loop
         vertex -9.8872 8.9000 10.3750
         vertex -9.4701 8.9000 10.3750
         vertex -9.5250 8.9000 10.3201
      endloop
   endfacet
   facet normal 0.0000 1.0000 0.0000
      outer loop
         vertex -9.8872 8.9000 10.3750
         vertex -9.5250 8.9000 10.3201
         vertex -9.8323 8.9000 10.3201
      endloop
   endfacet
   facet normal 0.0000 1.0000 0.0000
      outer loop
         vertex -9.8323 8.9000 10.3201
         vertex -9.5250 8.9000 10.3201
         vertex -9.6000 8.9000 10.3000
      endloop
   endfacet
   facet normal 0.0000 1.0000 0.0000
      outer loop
         vertex -9.8323 8.9000 10.3201
         vertex -9.6000 8.9000 10.3000
         vertex -9.7573 8.9000 10.3000
      endloop
   endfacet
   facet normal 0.0000 1.0000 0.0000
      outer loop
         vertex -9.8915 8.9000 9.8171
         vertex -9.8872 8.9000 9.8250
         vertex -9.4701 8.9000 9.8250
      endloop
   endfacet
   facet normal 0.0000 1.0000 0.0000
      outer loop
         vertex -9.4701 8.9000 9.8250
         vertex -9.8872 8.9000 9.8250
         vertex -9.8323 8.9000 9.8799
      endloop
   endfacet
   facet normal 0.0000 1.0000 0.0000
      outer loop
         vertex -9.4701 8.9000 9.8250
         vertex -9.8323 8.9000 9.8799
         vertex -9.5250 8.9000 9.8799
      endloop
   endfacet
   facet normal 0.0000 1.0000 0.0000
      outer loop
         vertex -9.5250 8.9000 9.8799
         vertex -9.8323 8.9000 9.8799
         vertex -9.7573 8.9000 9.9000
      endloop
   endfacet
   facet normal 0.0000 1.0000 0.0000
      outer loop
         vertex -9.5250 8.9000 9.8799
         vertex -9.7573 8.9000 9.9000
         vertex -9.6000 8.9000 9.9000
      endloop
   endfacet
   facet normal 0.0000 1.0000 0.0000
      outer loop
         vertex -9.4500 8.9000 9.7000
         vertex -9.9677 8.9000 9.7201
         vertex -9.4500 8.9000 9.7500
      endloop
   endfacet
   facet normal 0.0000 1.0000 0.0000
      outer loop
         vertex -9.4500 8.9000 9.7500
         vertex -9.9677 8.9000 9.7201
         vertex -9.9128 8.9000 9.7750
      endloop
   endfacet
   facet normal 0.0000 1.0000 0.0000
      outer loop
         vertex -9.4500 8.9000 9.7500
         vertex -9.9128 8.9000 9.7750
         vertex -9.4701 8.9000 9.8250
      endloop
   endfacet
   facet normal 0.0000 1.0000 0.0000
      outer loop
         vertex -9.4701 8.9000 9.8250
         vertex -9.9128 8.9000 9.7750
         vertex -9.9085 8.9000 9.7829
      endloop
   endfacet
   facet normal 0.0000 1.0000 0.0000
      outer loop
         vertex -9.4701 8.9000 9.8250
         vertex -9.9085 8.9000 9.7829
         vertex -9.8915 8.9000 9.8171
      endloop
   endfacet
   facet normal 0.0000 1.0000 0.0000
      outer loop
         vertex -9.9677 8.9000 9.7201
         vertex -9.4500 8.9000 9.7000
         vertex -10.0427 8.9000 9.7000
      endloop
   endfacet
   facet normal -0.3399 0.0000 0.9405
      outer loop
         vertex -9.6000 11.8186 10.3000
         vertex -9.6000 8.9000 10.3000
         vertex -9.5250 8.9000 10.3201
      endloop
   endfacet
   facet normal -0.4210 0.0000 0.9071
      outer loop
         vertex -9.6000 11.8186 10.3000
         vertex -9.5250 8.9000 10.3201
         vertex -9.5250 11.9079 10.3201
      endloop
   endfacet
   facet normal -0.6402 0.0000 -0.7682
      outer loop
         vertex -10.3460 8.9000 9.9050
         vertex -10.3460 10.9295 9.9050
         vertex -10.1417 11.1730 9.7348
      endloop
   endfacet
   facet normal -0.6402 0.0000 -0.7682
      outer loop
         vertex -10.3460 8.9000 9.9050
         vertex -10.1417 11.1730 9.7348
         vertex -10.1417 8.9000 9.7348
      endloop
   endfacet
   facet normal -0.8091 0.0000 -0.5876
      outer loop
         vertex -10.3460 10.9295 9.9050
         vertex -10.3460 8.9000 9.9050
         vertex -10.3799 8.9000 9.9453
      endloop
   endfacet
   facet normal -0.8500 0.0000 -0.5268
      outer loop
         vertex -10.3460 10.9295 9.9050
         vertex -10.3799 8.9000 9.9453
         vertex -10.3799 10.8891 9.9453
      endloop
   endfacet
   facet normal 0.4210 0.0000 -0.9071
      outer loop
         vertex -9.8323 8.9000 9.8799
         vertex -9.8323 11.5417 9.8799
         vertex -9.7573 11.6311 9.9000
      endloop
   endfacet
   facet normal 0.3399 0.0000 -0.9405
      outer loop
         vertex -9.8323 8.9000 9.8799
         vertex -9.7573 11.6311 9.9000
         vertex -9.7573 8.9000 9.9000
      endloop
   endfacet
   facet normal 0.6138 0.0000 -0.7895
      outer loop
         vertex -9.8323 11.5417 9.8799
         vertex -9.8323 8.9000 9.8799
         vertex -9.8872 8.9000 9.8250
      endloop
   endfacet
   facet normal 0.7163 0.0000 -0.6978
      outer loop
         vertex -9.8323 11.5417 9.8799
         vertex -9.8872 8.9000 9.8250
         vertex -9.8872 11.4763 9.8250
      endloop
   endfacet
   facet normal -0.7672 0.0000 -0.6414
      outer loop
         vertex -9.4701 11.9734 9.8250
         vertex -9.4701 8.9000 9.8250
         vertex -9.5250 8.9000 9.8799
      endloop
   endfacet
   facet normal -0.6414 0.0000 -0.7672
      outer loop
         vertex -9.4701 11.9734 9.8250
         vertex -9.5250 8.9000 9.8799
         vertex -9.5250 11.9079 9.8799
      endloop
   endfacet
   facet normal -0.3399 0.0000 -0.9405
      outer loop
         vertex -9.6000 8.9000 9.9000
         vertex -9.6000 11.8186 9.9000
         vertex -9.5250 11.9079 9.8799
      endloop
   endfacet
   facet normal -0.4210 0.0000 -0.9071
      outer loop
         vertex -9.6000 8.9000 9.9000
         vertex -9.5250 11.9079 9.8799
         vertex -9.5250 8.9000 9.8799
      endloop
   endfacet
   facet normal 0.0000 0.0000 -1.0000
      outer loop
         vertex -9.7573 8.9000 9.9000
         vertex -9.7573 11.6311 9.9000
         vertex -9.6000 11.8186 9.9000
      endloop
   endfacet
   facet normal 0.0000 0.0000 -1.0000
      outer loop
         vertex -9.7573 8.9000 9.9000
         vertex -9.6000 11.8186 9.9000
         vertex -9.6000 8.9000 9.9000
      endloop
   endfacet
   facet normal 0.7163 0.0000 0.6978
      outer loop
         vertex -9.8872 11.4763 10.3750
         vertex -9.8872 8.9000 10.3750
         vertex -9.8323 8.9000 10.3201
      endloop
   endfacet
   facet normal 0.6138 0.0000 0.7895
      outer loop
         vertex -9.8872 11.4763 10.3750
         vertex -9.8323 8.9000 10.3201
         vertex -9.8323 11.5417 10.3201
      endloop
   endfacet
   facet normal -0.3682 0.0000 0.9297
      outer loop
         vertex -10.1207 11.1980 10.4799
         vertex -10.1207 8.9000 10.4799
         vertex -10.0457 8.9000 10.5000
      endloop
   endfacet
   facet normal -0.3137 0.0000 0.9495
      outer loop
         vertex -10.1207 11.1980 10.4799
         vertex -10.0457 8.9000 10.5000
         vertex -10.0457 11.2874 10.5000
      endloop
   endfacet
   facet normal 0.3399 0.0000 0.9405
      outer loop
         vertex -10.0427 11.2910 10.5000
         vertex -10.0427 8.9000 10.5000
         vertex -9.9677 8.9000 10.4799
      endloop
   endfacet
   facet normal 0.4210 0.0000 0.9071
      outer loop
         vertex -10.0427 11.2910 10.5000
         vertex -9.9677 8.9000 10.4799
         vertex -9.9677 11.3803 10.4799
      endloop
   endfacet
   facet normal -0.8500 0.0000 0.5268
      outer loop
         vertex -10.3799 10.8891 10.2547
         vertex -10.3799 8.9000 10.2547
         vertex -10.3460 8.9000 10.2950
      endloop
   endfacet
   facet normal -0.8091 0.0000 0.5876
      outer loop
         vertex -10.3799 10.8891 10.2547
         vertex -10.3460 8.9000 10.2950
         vertex -10.3460 10.9295 10.2950
      endloop
   endfacet
   facet normal -0.6402 0.0000 0.7682
      outer loop
         vertex -10.1417 8.9000 10.4652
         vertex -10.1417 11.1730 10.4652
         vertex -10.3460 10.9295 10.2950
      endloop
   endfacet
   facet normal -0.6402 0.0000 0.7682
      outer loop
         vertex -10.1417 8.9000 10.4652
         vertex -10.3460 10.9295 10.2950
         vertex -10.3460 8.9000 10.2950
      endloop
   endfacet
   facet normal -0.4741 0.0000 0.8805
      outer loop
         vertex -10.1207 8.9000 10.4799
         vertex -10.1207 11.1980 10.4799
         vertex -10.1417 11.1730 10.4652
      endloop
   endfacet
   facet normal -0.5243 0.0000 0.8515
      outer loop
         vertex -10.1207 8.9000 10.4799
         vertex -10.1417 11.1730 10.4652
         vertex -10.1417 8.9000 10.4652
      endloop
   endfacet
   facet normal 0.6138 0.0000 0.7895
      outer loop
         vertex -9.9677 11.3803 10.4799
         vertex -9.9677 8.9000 10.4799
         vertex -9.9128 8.9000 10.4250
      endloop
   endfacet
   facet normal 0.7163 0.0000 0.6978
      outer loop
         vertex -9.9677 11.3803 10.4799
         vertex -9.9128 8.9000 10.4250
         vertex -9.9128 11.4458 10.4250
      endloop
   endfacet
   facet normal 0.8306 0.0000 0.5568
      outer loop
         vertex -9.8872 8.9000 10.3750
         vertex -9.8872 11.4763 10.3750
         vertex -9.8915 11.4712 10.3829
      endloop
   endfacet
   facet normal 0.8567 0.0000 0.5157
      outer loop
         vertex -9.8872 8.9000 10.3750
         vertex -9.8915 11.4712 10.3829
         vertex -9.8915 8.9000 10.3829
      endloop
   endfacet
   facet normal 0.8567 0.0000 0.5157
      outer loop
         vertex -9.9085 8.9000 10.4171
         vertex -9.9085 11.4508 10.4171
         vertex -9.9128 11.4458 10.4250
      endloop
   endfacet
   facet normal 0.8306 0.0000 0.5568
      outer loop
         vertex -9.9085 8.9000 10.4171
         vertex -9.9128 11.4458 10.4250
         vertex -9.9128 8.9000 10.4250
      endloop
   endfacet
   facet normal 0.8944 0.0000 0.4472
      outer loop
         vertex -9.8915 8.9000 10.3829
         vertex -9.8915 11.4712 10.3829
         vertex -9.9085 11.4508 10.4171
      endloop
   endfacet
   facet normal 0.8944 0.0000 0.4472
      outer loop
         vertex -9.8915 8.9000 10.3829
         vertex -9.9085 11.4508 10.4171
         vertex -9.9085 8.9000 10.4171
      endloop
   endfacet
   facet normal 0.3399 0.0000 0.9405
      outer loop
         vertex -9.8323 8.9000 10.3201
         vertex -9.7573 8.9000 10.3000
         vertex -9.7573 11.6311 10.3000
      endloop
   endfacet
   facet normal 0.4210 0.0000 0.9071
      outer loop
         vertex -9.8323 8.9000 10.3201
         vertex -9.7573 11.6311 10.3000
         vertex -9.8323 11.5417 10.3201
      endloop
   endfacet
   facet normal 0.0000 0.0000 1.0000
      outer loop
         vertex -9.6000 8.9000 10.3000
         vertex -9.6000 11.8186 10.3000
         vertex -9.7573 11.6311 10.3000
      endloop
   endfacet
   facet normal 0.0000 0.0000 1.0000
      outer loop
         vertex -9.6000 8.9000 10.3000
         vertex -9.7573 11.6311 10.3000
         vertex -9.7573 8.9000 10.3000
      endloop
   endfacet
   facet normal -0.6414 0.0000 0.7672
      outer loop
         vertex -9.5250 11.9079 10.3201
         vertex -9.5250 8.9000 10.3201
         vertex -9.4701 8.9000 10.3750
      endloop
   endfacet
   facet normal -0.7672 0.0000 0.6414
      outer loop
         vertex -9.5250 11.9079 10.3201
         vertex -9.4701 8.9000 10.3750
         vertex -9.4701 11.9734 10.3750
      endloop
   endfacet
   facet normal -0.9405 0.0000 0.3399
      outer loop
         vertex -9.4500 8.9000 10.4500
         vertex -9.4500 11.9973 10.4500
         vertex -9.4701 11.9734 10.3750
      endloop
   endfacet
   facet normal -0.9071 0.0000 0.4210
      outer loop
         vertex -9.4500 8.9000 10.4500
         vertex -9.4701 11.9734 10.3750
         vertex -9.4701 8.9000 10.3750
      endloop
   endfacet
   facet normal -1.0000 0.0000 0.0000
      outer loop
         vertex -9.4500 8.9000 10.5000
         vertex -9.4500 11.9973 10.5000
         vertex -9.4500 11.9973 10.4500
      endloop
   endfacet
   facet normal -1.0000 0.0000 0.0000
      outer loop
         vertex -9.4500 8.9000 10.5000
         vertex -9.4500 11.9973 10.4500
         vertex -9.4500 8.9000 10.4500
      endloop
   endfacet
   facet normal 0.0000 0.0000 -1.0000
      outer loop
         vertex -8.9692 1.1250 13.3500
         vertex -8.9492 1.0554 13.3500
         vertex -9.0241 1.1799 13.3500
      endloop
   endfacet
   facet normal 0.0000 0.0000 -1.0000
      outer loop
         vertex -9.0241 1.1799 13.3500
         vertex -8.9492 1.0554 13.3500
         vertex -8.7825 0.4750 13.3500
      endloop
   endfacet
   facet normal 0.0000 0.0000 -1.0000
      outer loop
         vertex -9.0241 1.1799 13.3500
         vertex -8.7825 0.4750 13.3500
         vertex -9.0991 1.2000 13.3500
      endloop
   endfacet
   facet normal 0.0000 0.0000 -1.0000
      outer loop
         vertex -9.0991 1.2000 13.3500
         vertex -8.7825 0.4750 13.3500
         vertex -9.8500 0.0000 13.3500
      endloop
   endfacet
   facet normal 0.0000 0.0000 -1.0000
      outer loop
         vertex -9.0991 1.2000 13.3500
         vertex -9.8500 0.0000 13.3500
         vertex -9.8500 1.2000 13.3500
      endloop
   endfacet
   facet normal 0.0000 0.0000 -1.0000
      outer loop
         vertex -9.8500 0.0000 13.3500
         vertex -8.7825 0.4750 13.3500
         vertex -8.3250 0.0175 13.3500
      endloop
   endfacet
   facet normal 0.0000 0.0000 -1.0000
      outer loop
         vertex -9.8500 0.0000 13.3500
         vertex -8.3250 0.0175 13.3500
         vertex -8.2937 0.0000 13.3500
      endloop
   endfacet
   facet normal 0.0000 1.0000 0.0000
      outer loop
         vertex -9.9085 8.9000 13.9171
         vertex -9.9128 8.9000 13.9250
         vertex -9.4500 8.9000 13.9500
      endloop
   endfacet
   facet normal 0.0000 1.0000 0.0000
      outer loop
         vertex -9.4500 8.9000 13.9500
         vertex -9.9128 8.9000 13.9250
         vertex -9.9677 8.9000 13.9799
      endloop
   endfacet
   facet normal 0.0000 1.0000 0.0000
      outer loop
         vertex -9.4500 8.9000 13.9500
         vertex -9.9677 8.9000 13.9799
         vertex -9.4500 8.9000 14.0000
      endloop
   endfacet
   facet normal 0.0000 1.0000 0.0000
      outer loop
         vertex -9.4500 8.9000 14.0000
         vertex -9.9677 8.9000 13.9799
         vertex -10.0427 8.9000 14.0000
      endloop
   endfacet
   facet normal 0.0000 1.0000 0.0000
      outer loop
         vertex -9.9085 8.9000 13.9171
         vertex -9.4500 8.9000 13.9500
         vertex -9.8915 8.9000 13.8829
      endloop
   endfacet
   facet normal 0.0000 1.0000 0.0000
      outer loop
         vertex -9.8915 8.9000 13.8829
         vertex -9.4500 8.9000 13.9500
         vertex -9.4701 8.9000 13.8750
      endloop
   endfacet
   facet normal 0.0000 1.0000 0.0000
      outer loop
         vertex -9.8915 8.9000 13.8829
         vertex -9.4701 8.9000 13.8750
         vertex -9.8872 8.9000 13.8750
      endloop
   endfacet
   facet normal 0.0000 1.0000 0.0000
      outer loop
         vertex -9.8872 8.9000 13.8750
         vertex -9.4701 8.9000 13.8750
         vertex -9.5250 8.9000 13.8201
      endloop
   endfacet
   facet normal 0.0000 1.0000 0.0000
      outer loop
         vertex -9.8872 8.9000 13.8750
         vertex -9.5250 8.9000 13.8201
         vertex -9.8323 8.9000 13.8201
      endloop
   endfacet
   facet normal 0.0000 1.0000 0.0000
      outer loop
         vertex -9.8323 8.9000 13.8201
         vertex -9.5250 8.9000 13.8201
         vertex -9.6000 8.9000 13.8000
      endloop
   endfacet
   facet normal 0.0000 1.0000 0.0000
      outer loop
         vertex -9.8323 8.9000 13.8201
         vertex -9.6000 8.9000 13.8000
         vertex -9.7573 8.9000 13.8000
      endloop
   endfacet
   facet normal 0.0000 1.0000 0.0000
      outer loop
         vertex -9.8915 8.9000 13.3171
         vertex -9.8872 8.9000 13.3250
         vertex -9.4701 8.9000 13.3250
      endloop
   endfacet
   facet normal 0.0000 1.0000 0.0000
      outer loop
         vertex -9.4701 8.9000 13.3250
         vertex -9.8872 8.9000 13.3250
         vertex -9.8323 8.9000 13.3799
      endloop
   endfacet
   facet normal 0.0000 1.0000 0.0000
      outer loop
         vertex -9.4701 8.9000 13.3250
         vertex -9.8323 8.9000 13.3799
         vertex -9.5250 8.9000 13.3799
      endloop
   endfacet
   facet normal 0.0000 1.0000 0.0000
      outer loop
         vertex -9.5250 8.9000 13.3799
         vertex -9.8323 8.9000 13.3799
         vertex -9.7573 8.9000 13.4000
      endloop
   endfacet
   facet normal 0.0000 1.0000 0.0000
      outer loop
         vertex -9.5250 8.9000 13.3799
         vertex -9.7573 8.9000 13.4000
         vertex -9.6000 8.9000 13.4000
      endloop
   endfacet
   facet normal 0.0000 1.0000 0.0000
      outer loop
         vertex -9.4500 8.9000 13.2000
         vertex -9.9677 8.9000 13.2201
         vertex -9.4500 8.9000 13.2500
      endloop
   endfacet
   facet normal 0.0000 1.0000 0.0000
      outer loop
         vertex -9.4500 8.9000 13.2500
         vertex -9.9677 8.9000 13.2201
         vertex -9.9128 8.9000 13.2750
      endloop
   endfacet
   facet normal 0.0000 1.0000 0.0000
      outer loop
         vertex -9.4500 8.9000 13.2500
         vertex -9.9128 8.9000 13.2750
         vertex -9.4701 8.9000 13.3250
      endloop
   endfacet
   facet normal 0.0000 1.0000 0.0000
      outer loop
         vertex -9.4701 8.9000 13.3250
         vertex -9.9128 8.9000 13.2750
         vertex -9.9085 8.9000 13.2829
      endloop
   endfacet
   facet normal 0.0000 1.0000 0.0000
      outer loop
         vertex -9.4701 8.9000 13.3250
         vertex -9.9085 8.9000 13.2829
         vertex -9.8915 8.9000 13.3171
      endloop
   endfacet
   facet normal 0.0000 1.0000 0.0000
      outer loop
         vertex -9.9677 8.9000 13.2201
         vertex -9.4500 8.9000 13.2000
         vertex -10.0427 8.9000 13.2000
      endloop
   endfacet
   facet normal -0.4210 0.0000 0.9071
      outer loop
         vertex -9.5250 8.9000 13.8201
         vertex -9.5250 11.9079 13.8201
         vertex -9.6000 11.8186 13.8000
      endloop
   endfacet
   facet normal -0.3399 0.0000 0.9405
      outer loop
         vertex -9.5250 8.9000 13.8201
         vertex -9.6000 11.8186 13.8000
         vertex -9.6000 8.9000 13.8000
      endloop
   endfacet
   facet normal -0.6402 0.0000 -0.7682
      outer loop
         vertex -10.1417 11.1730 13.2348
         vertex -10.1417 8.9000 13.2348
         vertex -10.3460 8.9000 13.4050
      endloop
   endfacet
   facet normal -0.6402 0.0000 -0.7682
      outer loop
         vertex -10.1417 11.1730 13.2348
         vertex -10.3460 8.9000 13.4050
         vertex -10.3460 10.9295 13.4050
      endloop
   endfacet
   facet normal -0.8500 0.0000 -0.5268
      outer loop
         vertex -10.3799 8.9000 13.4453
         vertex -10.3799 10.8891 13.4453
         vertex -10.3460 10.9295 13.4050
      endloop
   endfacet
   facet normal -0.8091 0.0000 -0.5876
      outer loop
         vertex -10.3799 8.9000 13.4453
         vertex -10.3460 10.9295 13.4050
         vertex -10.3460 8.9000 13.4050
      endloop
   endfacet
   facet normal 0.4210 0.0000 -0.9071
      outer loop
         vertex -9.8323 8.9000 13.3799
         vertex -9.8323 11.5417 13.3799
         vertex -9.7573 11.6311 13.4000
      endloop
   endfacet
   facet normal 0.3399 0.0000 -0.9405
      outer loop
         vertex -9.8323 8.9000 13.3799
         vertex -9.7573 11.6311 13.4000
         vertex -9.7573 8.9000 13.4000
      endloop
   endfacet
   facet normal 0.6138 0.0000 -0.7895
      outer loop
         vertex -9.8323 11.5417 13.3799
         vertex -9.8323 8.9000 13.3799
         vertex -9.8872 8.9000 13.3250
      endloop
   endfacet
   facet normal 0.7163 0.0000 -0.6978
      outer loop
         vertex -9.8323 11.5417 13.3799
         vertex -9.8872 8.9000 13.3250
         vertex -9.8872 11.4763 13.3250
      endloop
   endfacet
   facet normal -0.7672 0.0000 -0.6414
      outer loop
         vertex -9.4701 11.9734 13.3250
         vertex -9.4701 8.9000 13.3250
         vertex -9.5250 8.9000 13.3799
      endloop
   endfacet
   facet normal -0.6414 0.0000 -0.7672
      outer loop
         vertex -9.4701 11.9734 13.3250
         vertex -9.5250 8.9000 13.3799
         vertex -9.5250 11.9079 13.3799
      endloop
   endfacet
   facet normal -0.3399 0.0000 -0.9405
      outer loop
         vertex -9.6000 8.9000 13.4000
         vertex -9.6000 11.8186 13.4000
         vertex -9.5250 11.9079 13.3799
      endloop
   endfacet
   facet normal -0.4210 0.0000 -0.9071
      outer loop
         vertex -9.6000 8.9000 13.4000
         vertex -9.5250 11.9079 13.3799
         vertex -9.5250 8.9000 13.3799
      endloop
   endfacet
   facet normal 0.0000 0.0000 -1.0000
      outer loop
         vertex -9.7573 8.9000 13.4000
         vertex -9.7573 11.6311 13.4000
         vertex -9.6000 11.8186 13.4000
      endloop
   endfacet
   facet normal 0.0000 0.0000 -1.0000
      outer loop
         vertex -9.7573 8.9000 13.4000
         vertex -9.6000 11.8186 13.4000
         vertex -9.6000 8.9000 13.4000
      endloop
   endfacet
   facet normal 0.7163 0.0000 0.6978
      outer loop
         vertex -9.8872 11.4763 13.8750
         vertex -9.8872 8.9000 13.8750
         vertex -9.8323 8.9000 13.8201
      endloop
   endfacet
   facet normal 0.6138 0.0000 0.7895
      outer loop
         vertex -9.8872 11.4763 13.8750
         vertex -9.8323 8.9000 13.8201
         vertex -9.8323 11.5417 13.8201
      endloop
   endfacet
   facet normal -0.3137 0.0000 0.9495
      outer loop
         vertex -10.0457 8.9000 14.0000
         vertex -10.0457 11.2874 14.0000
         vertex -10.1207 11.1980 13.9799
      endloop
   endfacet
   facet normal -0.3682 0.0000 0.9297
      outer loop
         vertex -10.0457 8.9000 14.0000
         vertex -10.1207 11.1980 13.9799
         vertex -10.1207 8.9000 13.9799
      endloop
   endfacet
   facet normal 0.3399 0.0000 0.9405
      outer loop
         vertex -10.0427 11.2910 14.0000
         vertex -10.0427 8.9000 14.0000
         vertex -9.9677 8.9000 13.9799
      endloop
   endfacet
   facet normal 0.4210 0.0000 0.9071
      outer loop
         vertex -10.0427 11.2910 14.0000
         vertex -9.9677 8.9000 13.9799
         vertex -9.9677 11.3803 13.9799
      endloop
   endfacet
   facet normal -0.8500 0.0000 0.5268
      outer loop
         vertex -10.3799 10.8891 13.7547
         vertex -10.3799 8.9000 13.7547
         vertex -10.3460 8.9000 13.7950
      endloop
   endfacet
   facet normal -0.8091 0.0000 0.5876
      outer loop
         vertex -10.3799 10.8891 13.7547
         vertex -10.3460 8.9000 13.7950
         vertex -10.3460 10.9295 13.7950
      endloop
   endfacet
   facet normal -0.6402 0.0000 0.7682
      outer loop
         vertex -10.1417 8.9000 13.9652
         vertex -10.1417 11.1730 13.9652
         vertex -10.3460 10.9295 13.7950
      endloop
   endfacet
   facet normal -0.6402 0.0000 0.7682
      outer loop
         vertex -10.1417 8.9000 13.9652
         vertex -10.3460 10.9295 13.7950
         vertex -10.3460 8.9000 13.7950
      endloop
   endfacet
   facet normal -0.5243 0.0000 0.8515
      outer loop
         vertex -10.1417 11.1730 13.9652
         vertex -10.1417 8.9000 13.9652
         vertex -10.1207 8.9000 13.9799
      endloop
   endfacet
   facet normal -0.4741 0.0000 0.8805
      outer loop
         vertex -10.1417 11.1730 13.9652
         vertex -10.1207 8.9000 13.9799
         vertex -10.1207 11.1980 13.9799
      endloop
   endfacet
   facet normal 0.6138 0.0000 0.7895
      outer loop
         vertex -9.9677 11.3803 13.9799
         vertex -9.9677 8.9000 13.9799
         vertex -9.9128 8.9000 13.9250
      endloop
   endfacet
   facet normal 0.7163 0.0000 0.6978
      outer loop
         vertex -9.9677 11.3803 13.9799
         vertex -9.9128 8.9000 13.9250
         vertex -9.9128 11.4458 13.9250
      endloop
   endfacet
   facet normal 0.8306 0.0000 0.5568
      outer loop
         vertex -9.8872 8.9000 13.8750
         vertex -9.8872 11.4763 13.8750
         vertex -9.8915 11.4712 13.8829
      endloop
   endfacet
   facet normal 0.8567 0.0000 0.5157
      outer loop
         vertex -9.8872 8.9000 13.8750
         vertex -9.8915 11.4712 13.8829
         vertex -9.8915 8.9000 13.8829
      endloop
   endfacet
   facet normal 0.8567 0.0000 0.5157
      outer loop
         vertex -9.9085 8.9000 13.9171
         vertex -9.9085 11.4508 13.9171
         vertex -9.9128 11.4458 13.9250
      endloop
   endfacet
   facet normal 0.8306 0.0000 0.5568
      outer loop
         vertex -9.9085 8.9000 13.9171
         vertex -9.9128 11.4458 13.9250
         vertex -9.9128 8.9000 13.9250
      endloop
   endfacet
   facet normal 0.8944 0.0000 0.4472
      outer loop
         vertex -9.8915 8.9000 13.8829
         vertex -9.8915 11.4712 13.8829
         vertex -9.9085 11.4508 13.9171
      endloop
   endfacet
   facet normal 0.8944 0.0000 0.4472
      outer loop
         vertex -9.8915 8.9000 13.8829
         vertex -9.9085 11.4508 13.9171
         vertex -9.9085 8.9000 13.9171
      endloop
   endfacet
   facet normal 0.3399 0.0000 0.9405
      outer loop
         vertex -9.8323 8.9000 13.8201
         vertex -9.7573 8.9000 13.8000
         vertex -9.7573 11.6311 13.8000
      endloop
   endfacet
   facet normal 0.4210 0.0000 0.9071
      outer loop
         vertex -9.8323 8.9000 13.8201
         vertex -9.7573 11.6311 13.8000
         vertex -9.8323 11.5417 13.8201
      endloop
   endfacet
   facet normal 0.0000 0.0000 1.0000
      outer loop
         vertex -9.7573 11.6311 13.8000
         vertex -9.7573 8.9000 13.8000
         vertex -9.6000 8.9000 13.8000
      endloop
   endfacet
   facet normal 0.0000 0.0000 1.0000
      outer loop
         vertex -9.7573 11.6311 13.8000
         vertex -9.6000 8.9000 13.8000
         vertex -9.6000 11.8186 13.8000
      endloop
   endfacet
   facet normal -0.6414 0.0000 0.7672
      outer loop
         vertex -9.5250 11.9079 13.8201
         vertex -9.5250 8.9000 13.8201
         vertex -9.4701 8.9000 13.8750
      endloop
   endfacet
   facet normal -0.7672 0.0000 0.6414
      outer loop
         vertex -9.5250 11.9079 13.8201
         vertex -9.4701 8.9000 13.8750
         vertex -9.4701 11.9734 13.8750
      endloop
   endfacet
   facet normal -0.9405 0.0000 0.3399
      outer loop
         vertex -9.4500 8.9000 13.9500
         vertex -9.4500 11.9973 13.9500
         vertex -9.4701 11.9734 13.8750
      endloop
   endfacet
   facet normal -0.9071 0.0000 0.4210
      outer loop
         vertex -9.4500 8.9000 13.9500
         vertex -9.4701 11.9734 13.8750
         vertex -9.4701 8.9000 13.8750
      endloop
   endfacet
   facet normal -1.0000 0.0000 0.0000
      outer loop
         vertex -9.4500 8.9000 14.0000
         vertex -9.4500 11.9973 14.0000
         vertex -9.4500 11.9973 13.9500
      endloop
   endfacet
   facet normal -1.0000 0.0000 0.0000
      outer loop
         vertex -9.4500 8.9000 14.0000
         vertex -9.4500 11.9973 13.9500
         vertex -9.4500 8.9000 13.9500
      endloop
   endfacet
   facet normal -0.9405 -0.3399 0.0000
      outer loop
         vertex -4.1634 1.1500 10.5000
         vertex -4.1500 1.1000 10.5000
         vertex -4.1500 1.1000 13.3500
      endloop
   endfacet
   facet normal -0.9071 -0.4210 0.0000
      outer loop
         vertex -4.1634 1.1500 10.5000
         vertex -4.1500 1.1000 13.3500
         vertex -4.1634 1.1500 13.3500
      endloop
   endfacet
   facet normal -0.7635 -0.6458 0.0000
      outer loop
         vertex -9.0241 1.1799 10.5000
         vertex -8.9692 1.1250 10.5000
         vertex -8.9692 1.1250 13.3500
      endloop
   endfacet
   facet normal -0.6394 -0.7689 0.0000
      outer loop
         vertex -9.0241 1.1799 10.5000
         vertex -8.9692 1.1250 13.3500
         vertex -9.0241 1.1799 13.3500
      endloop
   endfacet
   facet normal 0.9352 -0.3541 0.0000
      outer loop
         vertex -6.6175 0.4750 10.5000
         vertex -6.4508 1.0554 10.5000
         vertex -6.4508 1.0554 13.3500
      endloop
   endfacet
   facet normal 0.9019 -0.4319 0.0000
      outer loop
         vertex -6.6175 0.4750 10.5000
         vertex -6.4508 1.0554 13.3500
         vertex -6.6175 0.4750 13.3500
      endloop
   endfacet
   facet normal 0.9019 -0.4319 0.0000
      outer loop
         vertex -6.4508 1.0554 10.5000
         vertex -6.4308 1.1250 10.5000
         vertex -6.4308 1.1250 13.3500
      endloop
   endfacet
   facet normal 0.9352 -0.3541 0.0000
      outer loop
         vertex -6.4508 1.0554 10.5000
         vertex -6.4308 1.1250 13.3500
         vertex -6.4508 1.0554 13.3500
      endloop
   endfacet
   facet normal 0.5655 -0.8247 0.0000
      outer loop
         vertex -7.1063 0.0000 10.5000
         vertex -7.0750 0.0175 10.5000
         vertex -7.0750 0.0175 13.3500
      endloop
   endfacet
   facet normal 0.5269 -0.8499 0.0000
      outer loop
         vertex -7.1063 0.0000 10.5000
         vertex -7.0750 0.0175 13.3500
         vertex -7.1063 0.0000 13.3500
      endloop
   endfacet
   facet normal 0.7875 -0.6163 0.0000
      outer loop
         vertex -7.0750 0.0175 10.5000
         vertex -6.6175 0.4750 10.5000
         vertex -6.6175 0.4750 13.3500
      endloop
   endfacet
   facet normal 0.6997 -0.7145 0.0000
      outer loop
         vertex -7.0750 0.0175 10.5000
         vertex -6.6175 0.4750 13.3500
         vertex -7.0750 0.0175 13.3500
      endloop
   endfacet
   facet normal 1.0000 0.0000 0.0000
      outer loop
         vertex -8.7000 12.9926 13.1500
         vertex -8.7000 7.0800 13.1500
         vertex -8.7000 7.0800 10.5500
      endloop
   endfacet
   facet normal 1.0000 0.0000 0.0000
      outer loop
         vertex -8.7000 12.9926 13.1500
         vertex -8.7000 7.0800 10.5500
         vertex -8.7000 12.9926 10.5500
      endloop
   endfacet
   facet normal -1.0000 0.0000 0.0000
      outer loop
         vertex -8.6000 2.1500 11.3000
         vertex -8.6000 2.1902 11.4500
         vertex -8.6000 2.1500 10.5000
      endloop
   endfacet
   facet normal -1.0000 0.0000 0.0000
      outer loop
         vertex -8.6000 2.1500 10.5000
         vertex -8.6000 2.1902 11.4500
         vertex -8.6000 3.6781 10.5500
      endloop
   endfacet
   facet normal -1.0000 0.0000 0.0000
      outer loop
         vertex -8.6000 2.1500 10.5000
         vertex -8.6000 3.6781 10.5500
         vertex -8.6000 13.0103 10.5000
      endloop
   endfacet
   facet normal -1.0000 0.0000 0.0000
      outer loop
         vertex -8.6000 13.0103 10.5000
         vertex -8.6000 3.6781 10.5500
         vertex -8.6000 7.0800 10.5500
      endloop
   endfacet
   facet normal -1.0000 0.0000 0.0000
      outer loop
         vertex -8.6000 13.0103 10.5000
         vertex -8.6000 7.0800 10.5500
         vertex -8.6000 13.0103 13.2000
      endloop
   endfacet
   facet normal -1.0000 0.0000 0.0000
      outer loop
         vertex -8.6000 13.0103 13.2000
         vertex -8.6000 7.0800 10.5500
         vertex -8.6000 7.0800 13.1500
      endloop
   endfacet
   facet normal -1.0000 0.0000 0.0000
      outer loop
         vertex -8.6000 13.0103 13.2000
         vertex -8.6000 7.0800 13.1500
         vertex -8.6000 3.6781 13.1500
      endloop
   endfacet
   facet normal -1.0000 0.0000 0.0000
      outer loop
         vertex -8.6000 2.3000 11.5598
         vertex -8.6000 2.4500 11.6000
         vertex -8.6000 3.6781 10.5500
      endloop
   endfacet
   facet normal -1.0000 0.0000 0.0000
      outer loop
         vertex -8.6000 3.6781 10.5500
         vertex -8.6000 2.4500 11.6000
         vertex -8.6000 3.4500 11.6000
      endloop
   endfacet
   facet normal -1.0000 0.0000 0.0000
      outer loop
         vertex -8.6000 3.6781 10.5500
         vertex -8.6000 3.4500 11.6000
         vertex -8.6000 3.6781 13.1500
      endloop
   endfacet
   facet normal -1.0000 0.0000 0.0000
      outer loop
         vertex -8.6000 3.6781 13.1500
         vertex -8.6000 3.4500 11.6000
         vertex -8.6000 3.4500 13.2000
      endloop
   endfacet
   facet normal -1.0000 0.0000 0.0000
      outer loop
         vertex -8.6000 3.6781 13.1500
         vertex -8.6000 3.4500 13.2000
         vertex -8.6000 13.0103 13.2000
      endloop
   endfacet
   facet normal -1.0000 0.0000 0.0000
      outer loop
         vertex -8.6000 3.6781 10.5500
         vertex -8.6000 2.1902 11.4500
         vertex -8.6000 2.3000 11.5598
      endloop
   endfacet
   facet normal 0.0000 1.0000 0.0000
      outer loop
         vertex -10.4500 2.1500 11.3000
         vertex -8.6000 2.1500 11.3000
         vertex -8.6000 2.1500 10.5000
      endloop
   endfacet
   facet normal 0.0000 1.0000 0.0000
      outer loop
         vertex -10.4500 2.1500 11.3000
         vertex -8.6000 2.1500 10.5000
         vertex -10.4500 2.1500 10.5000
      endloop
   endfacet
   facet normal 0.0000 0.9405 -0.3399
      outer loop
         vertex -8.6000 2.1500 11.3000
         vertex -10.4500 2.1500 11.3000
         vertex -10.4500 2.1902 11.4500
      endloop
   endfacet
   facet normal 0.0000 0.9071 -0.4210
      outer loop
         vertex -8.6000 2.1500 11.3000
         vertex -10.4500 2.1902 11.4500
         vertex -8.6000 2.1902 11.4500
      endloop
   endfacet
   facet normal -0.7390 -0.6737 0.0000
      outer loop
         vertex -8.6000 3.6781 10.5500
         vertex -8.6000 3.6781 13.1500
         vertex -8.7769 3.8550 13.1500
      endloop
   endfacet
   facet normal -0.7696 -0.6385 0.0000
      outer loop
         vertex -8.6000 3.6781 10.5500
         vertex -8.7769 3.8550 13.1500
         vertex -8.7769 3.8550 10.5500
      endloop
   endfacet
   facet normal -0.8513 -0.5247 0.0000
      outer loop
         vertex -8.7904 3.8794 13.1500
         vertex -8.7904 3.8794 10.5500
         vertex -8.7769 3.8550 10.5500
      endloop
   endfacet
   facet normal -0.8259 -0.5638 0.0000
      outer loop
         vertex -8.7904 3.8794 13.1500
         vertex -8.7769 3.8550 10.5500
         vertex -8.7769 3.8550 13.1500
      endloop
   endfacet
   facet normal -0.8829 -0.4695 0.0000
      outer loop
         vertex -8.7904 3.8794 10.5500
         vertex -8.7904 3.8794 13.1500
         vertex -10.3329 6.7805 13.1500
      endloop
   endfacet
   facet normal -0.8829 -0.4695 0.0000
      outer loop
         vertex -8.7904 3.8794 10.5500
         vertex -10.3329 6.7805 13.1500
         vertex -10.3329 6.7805 10.5500
      endloop
   endfacet
   facet normal 0.0000 1.0000 0.0000
      outer loop
         vertex -8.6000 7.0800 13.1500
         vertex -8.6000 7.0800 10.5500
         vertex -8.7000 7.0800 10.5500
      endloop
   endfacet
   facet normal 0.0000 1.0000 0.0000
      outer loop
         vertex -8.6000 7.0800 13.1500
         vertex -8.7000 7.0800 10.5500
         vertex -8.7000 7.0800 13.1500
      endloop
   endfacet
   facet normal 0.0000 0.6414 -0.7672
      outer loop
         vertex -10.4500 2.3000 11.5598
         vertex -8.6000 2.3000 11.5598
         vertex -8.6000 2.1902 11.4500
      endloop
   endfacet
   facet normal 0.0000 0.7672 -0.6414
      outer loop
         vertex -10.4500 2.3000 11.5598
         vertex -8.6000 2.1902 11.4500
         vertex -10.4500 2.1902 11.4500
      endloop
   endfacet
   facet normal 0.8567 0.0000 -0.5157
      outer loop
         vertex -9.8915 8.9000 13.3171
         vertex -9.8915 11.4712 13.3171
         vertex -9.8872 11.4763 13.3250
      endloop
   endfacet
   facet normal 0.8306 0.0000 -0.5568
      outer loop
         vertex -9.8915 8.9000 13.3171
         vertex -9.8872 11.4763 13.3250
         vertex -9.8872 8.9000 13.3250
      endloop
   endfacet
   facet normal 0.6138 0.0000 -0.7895
      outer loop
         vertex -9.9677 8.9000 13.2201
         vertex -9.9677 11.3803 13.2201
         vertex -9.9128 11.4458 13.2750
      endloop
   endfacet
   facet normal 0.7163 0.0000 -0.6978
      outer loop
         vertex -9.9677 8.9000 13.2201
         vertex -9.9128 11.4458 13.2750
         vertex -9.9128 8.9000 13.2750
      endloop
   endfacet
   facet normal 0.4210 0.0000 -0.9071
      outer loop
         vertex -9.9677 11.3803 13.2201
         vertex -9.9677 8.9000 13.2201
         vertex -10.0427 8.9000 13.2000
      endloop
   endfacet
   facet normal 0.3399 0.0000 -0.9405
      outer loop
         vertex -9.9677 11.3803 13.2201
         vertex -10.0427 8.9000 13.2000
         vertex -10.0427 11.2910 13.2000
      endloop
   endfacet
   facet normal 0.0000 0.0000 -1.0000
      outer loop
         vertex -10.0457 8.9000 13.2000
         vertex -10.0457 11.2874 13.2000
         vertex -10.0427 11.2910 13.2000
      endloop
   endfacet
   facet normal 0.0000 0.0000 -1.0000
      outer loop
         vertex -10.0457 8.9000 13.2000
         vertex -10.0427 11.2910 13.2000
         vertex -10.0427 8.9000 13.2000
      endloop
   endfacet
   facet normal -0.3682 0.0000 -0.9297
      outer loop
         vertex -10.1207 8.9000 13.2201
         vertex -10.1207 11.1980 13.2201
         vertex -10.0457 11.2874 13.2000
      endloop
   endfacet
   facet normal -0.3137 0.0000 -0.9495
      outer loop
         vertex -10.1207 8.9000 13.2201
         vertex -10.0457 11.2874 13.2000
         vertex -10.0457 8.9000 13.2000
      endloop
   endfacet
   facet normal -0.5243 0.0000 -0.8515
      outer loop
         vertex -10.1417 8.9000 13.2348
         vertex -10.1417 11.1730 13.2348
         vertex -10.1207 11.1980 13.2201
      endloop
   endfacet
   facet normal -0.4741 0.0000 -0.8805
      outer loop
         vertex -10.1417 8.9000 13.2348
         vertex -10.1207 11.1980 13.2201
         vertex -10.1207 8.9000 13.2201
      endloop
   endfacet
   facet normal 0.8944 0.0000 -0.4472
      outer loop
         vertex -9.8915 11.4712 13.3171
         vertex -9.8915 8.9000 13.3171
         vertex -9.9085 8.9000 13.2829
      endloop
   endfacet
   facet normal 0.8944 0.0000 -0.4472
      outer loop
         vertex -9.8915 11.4712 13.3171
         vertex -9.9085 8.9000 13.2829
         vertex -9.9085 11.4508 13.2829
      endloop
   endfacet
   facet normal 0.8306 0.0000 -0.5568
      outer loop
         vertex -9.9128 8.9000 13.2750
         vertex -9.9128 11.4458 13.2750
         vertex -9.9085 11.4508 13.2829
      endloop
   endfacet
   facet normal 0.8567 0.0000 -0.5157
      outer loop
         vertex -9.9128 8.9000 13.2750
         vertex -9.9085 11.4508 13.2829
         vertex -9.9085 8.9000 13.2829
      endloop
   endfacet
   facet normal -1.0000 0.0000 0.0000
      outer loop
         vertex -9.4500 8.9000 13.2500
         vertex -9.4500 11.9973 13.2500
         vertex -9.4500 11.9973 13.2000
      endloop
   endfacet
   facet normal -1.0000 0.0000 0.0000
      outer loop
         vertex -9.4500 8.9000 13.2500
         vertex -9.4500 11.9973 13.2000
         vertex -9.4500 8.9000 13.2000
      endloop
   endfacet
   facet normal -0.9405 0.0000 -0.3399
      outer loop
         vertex -9.4500 11.9973 13.2500
         vertex -9.4500 8.9000 13.2500
         vertex -9.4701 8.9000 13.3250
      endloop
   endfacet
   facet normal -0.9071 0.0000 -0.4210
      outer loop
         vertex -9.4500 11.9973 13.2500
         vertex -9.4701 8.9000 13.3250
         vertex -9.4701 11.9734 13.3250
      endloop
   endfacet
   facet normal 0.3399 -0.9405 0.0000
      outer loop
         vertex -6.3759 1.1799 10.5000
         vertex -6.3009 1.2000 10.5000
         vertex -6.3009 1.2000 13.3500
      endloop
   endfacet
   facet normal 0.4210 -0.9071 0.0000
      outer loop
         vertex -6.3759 1.1799 10.5000
         vertex -6.3009 1.2000 13.3500
         vertex -6.3759 1.1799 13.3500
      endloop
   endfacet
   facet normal 0.0000 -1.0000 0.0000
      outer loop
         vertex -4.2500 1.2000 10.5000
         vertex -4.7500 1.2000 11.0600
         vertex -6.3009 1.2000 10.5000
      endloop
   endfacet
   facet normal 0.0000 -1.0000 0.0000
      outer loop
         vertex -6.3009 1.2000 10.5000
         vertex -4.7500 1.2000 11.0600
         vertex -5.2500 1.2000 11.0600
      endloop
   endfacet
   facet normal 0.0000 -1.0000 0.0000
      outer loop
         vertex -6.3009 1.2000 10.5000
         vertex -5.2500 1.2000 11.0600
         vertex -6.3009 1.2000 13.3500
      endloop
   endfacet
   facet normal 0.0000 -1.0000 0.0000
      outer loop
         vertex -6.3009 1.2000 13.3500
         vertex -5.2500 1.2000 11.0600
         vertex -5.2500 1.2000 12.0600
      endloop
   endfacet
   facet normal 0.0000 -1.0000 0.0000
      outer loop
         vertex -6.3009 1.2000 13.3500
         vertex -5.2500 1.2000 12.0600
         vertex -4.2500 1.2000 13.3500
      endloop
   endfacet
   facet normal 0.0000 -1.0000 0.0000
      outer loop
         vertex -4.2500 1.2000 13.3500
         vertex -5.2500 1.2000 12.0600
         vertex -4.7500 1.2000 12.0600
      endloop
   endfacet
   facet normal 0.0000 -1.0000 0.0000
      outer loop
         vertex -4.2500 1.2000 13.3500
         vertex -4.7500 1.2000 12.0600
         vertex -4.7500 1.2000 11.0600
      endloop
   endfacet
   facet normal 0.0000 -1.0000 0.0000
      outer loop
         vertex -4.7500 1.2000 11.0600
         vertex -4.2500 1.2000 10.5000
         vertex -4.2500 1.2000 13.3500
      endloop
   endfacet
   facet normal -0.4210 -0.9071 0.0000
      outer loop
         vertex -4.2500 1.2000 10.5000
         vertex -4.2000 1.1866 10.5000
         vertex -4.2000 1.1866 13.3500
      endloop
   endfacet
   facet normal -0.3399 -0.9405 0.0000
      outer loop
         vertex -4.2500 1.2000 10.5000
         vertex -4.2000 1.1866 13.3500
         vertex -4.2500 1.2000 13.3500
      endloop
   endfacet
   facet normal -1.0000 0.0000 0.0000
      outer loop
         vertex -5.2500 1.2000 11.0600
         vertex -5.2500 -3.6000 11.0600
         vertex -5.2500 -3.6000 12.0600
      endloop
   endfacet
   facet normal -1.0000 0.0000 0.0000
      outer loop
         vertex -5.2500 1.2000 11.0600
         vertex -5.2500 -3.6000 12.0600
         vertex -5.2500 1.2000 12.0600
      endloop
   endfacet
   facet normal 1.0000 0.0000 0.0000
      outer loop
         vertex -4.7500 1.2000 12.0600
         vertex -4.7500 -3.6000 12.0600
         vertex -4.7500 -3.6000 11.0600
      endloop
   endfacet
   facet normal 1.0000 0.0000 0.0000
      outer loop
         vertex -4.7500 1.2000 12.0600
         vertex -4.7500 -3.6000 11.0600
         vertex -4.7500 1.2000 11.0600
      endloop
   endfacet
   facet normal 0.0000 0.0000 1.0000
      outer loop
         vertex -4.7500 -3.6000 12.0600
         vertex -4.7500 1.2000 12.0600
         vertex -5.2500 1.2000 12.0600
      endloop
   endfacet
   facet normal 0.0000 0.0000 1.0000
      outer loop
         vertex -4.7500 -3.6000 12.0600
         vertex -5.2500 1.2000 12.0600
         vertex -5.2500 -3.6000 12.0600
      endloop
   endfacet
   facet normal 0.0000 0.0000 -1.0000
      outer loop
         vertex -4.7500 1.2000 11.0600
         vertex -4.7500 -3.6000 11.0600
         vertex -5.2500 -3.6000 11.0600
      endloop
   endfacet
   facet normal 0.0000 0.0000 -1.0000
      outer loop
         vertex -4.7500 1.2000 11.0600
         vertex -5.2500 -3.6000 11.0600
         vertex -5.2500 1.2000 11.0600
      endloop
   endfacet
   facet normal 0.6394 -0.7689 0.0000
      outer loop
         vertex -6.4308 1.1250 10.5000
         vertex -6.3759 1.1799 10.5000
         vertex -6.3759 1.1799 13.3500
      endloop
   endfacet
   facet normal 0.7635 -0.6458 0.0000
      outer loop
         vertex -6.4308 1.1250 10.5000
         vertex -6.3759 1.1799 13.3500
         vertex -6.4308 1.1250 13.3500
      endloop
   endfacet
   facet normal -0.7672 -0.6414 0.0000
      outer loop
         vertex -4.2000 1.1866 10.5000
         vertex -4.1634 1.1500 10.5000
         vertex -4.1634 1.1500 13.3500
      endloop
   endfacet
   facet normal -0.6414 -0.7672 0.0000
      outer loop
         vertex -4.2000 1.1866 10.5000
         vertex -4.1634 1.1500 13.3500
         vertex -4.2000 1.1866 13.3500
      endloop
   endfacet
   facet normal -0.9352 -0.3541 0.0000
      outer loop
         vertex -8.9692 1.1250 10.5000
         vertex -8.9492 1.0554 10.5000
         vertex -8.9492 1.0554 13.3500
      endloop
   endfacet
   facet normal -0.9019 -0.4319 0.0000
      outer loop
         vertex -8.9692 1.1250 10.5000
         vertex -8.9492 1.0554 13.3500
         vertex -8.9692 1.1250 13.3500
      endloop
   endfacet
   facet normal -0.9019 -0.4319 0.0000
      outer loop
         vertex -8.9492 1.0554 10.5000
         vertex -8.7825 0.4750 10.5000
         vertex -8.7825 0.4750 13.3500
      endloop
   endfacet
   facet normal -0.9352 -0.3541 0.0000
      outer loop
         vertex -8.9492 1.0554 10.5000
         vertex -8.7825 0.4750 13.3500
         vertex -8.9492 1.0554 13.3500
      endloop
   endfacet
   facet normal -0.5269 -0.8499 0.0000
      outer loop
         vertex -8.3250 0.0175 10.5000
         vertex -8.2937 0.0000 10.5000
         vertex -8.2937 0.0000 13.3500
      endloop
   endfacet
   facet normal -0.5655 -0.8247 0.0000
      outer loop
         vertex -8.3250 0.0175 10.5000
         vertex -8.2937 0.0000 13.3500
         vertex -8.3250 0.0175 13.3500
      endloop
   endfacet
   facet normal -0.6997 -0.7145 0.0000
      outer loop
         vertex -8.7825 0.4750 10.5000
         vertex -8.3250 0.0175 10.5000
         vertex -8.3250 0.0175 13.3500
      endloop
   endfacet
   facet normal -0.7875 -0.6163 0.0000
      outer loop
         vertex -8.7825 0.4750 10.5000
         vertex -8.3250 0.0175 13.3500
         vertex -8.7825 0.4750 13.3500
      endloop
   endfacet
   facet normal 1.0000 0.0000 0.0000
      outer loop
         vertex -9.8500 1.2000 13.3500
         vertex -9.8500 0.0000 13.3500
         vertex -9.8500 0.0000 10.5000
      endloop
   endfacet
   facet normal 1.0000 0.0000 0.0000
      outer loop
         vertex -9.8500 1.2000 13.3500
         vertex -9.8500 0.0000 10.5000
         vertex -9.8500 1.2000 10.5000
      endloop
   endfacet
   facet normal 0.0000 -1.0000 0.0000
      outer loop
         vertex -9.0991 1.2000 13.3500
         vertex -9.8500 1.2000 13.3500
         vertex -9.8500 1.2000 10.5000
      endloop
   endfacet
   facet normal 0.0000 -1.0000 0.0000
      outer loop
         vertex -9.0991 1.2000 13.3500
         vertex -9.8500 1.2000 10.5000
         vertex -9.0991 1.2000 10.5000
      endloop
   endfacet
   facet normal -0.4210 -0.9071 0.0000
      outer loop
         vertex -9.0991 1.2000 10.5000
         vertex -9.0241 1.1799 10.5000
         vertex -9.0241 1.1799 13.3500
      endloop
   endfacet
   facet normal -0.3399 -0.9405 0.0000
      outer loop
         vertex -9.0991 1.2000 10.5000
         vertex -9.0241 1.1799 13.3500
         vertex -9.0991 1.2000 13.3500
      endloop
   endfacet
   facet normal -0.9405 -0.3399 0.0000
      outer loop
         vertex -4.1634 1.1500 7.0000
         vertex -4.1500 1.1000 7.0000
         vertex -4.1500 1.1000 9.8500
      endloop
   endfacet
   facet normal -0.9071 -0.4210 0.0000
      outer loop
         vertex -4.1634 1.1500 7.0000
         vertex -4.1500 1.1000 9.8500
         vertex -4.1634 1.1500 9.8500
      endloop
   endfacet
   facet normal -0.7635 -0.6458 0.0000
      outer loop
         vertex -9.0241 1.1799 7.0000
         vertex -8.9692 1.1250 7.0000
         vertex -8.9692 1.1250 9.8500
      endloop
   endfacet
   facet normal -0.6394 -0.7689 0.0000
      outer loop
         vertex -9.0241 1.1799 7.0000
         vertex -8.9692 1.1250 9.8500
         vertex -9.0241 1.1799 9.8500
      endloop
   endfacet
   facet normal 0.9352 -0.3541 0.0000
      outer loop
         vertex -6.6175 0.4750 7.0000
         vertex -6.4508 1.0554 7.0000
         vertex -6.4508 1.0554 9.8500
      endloop
   endfacet
   facet normal 0.9019 -0.4319 0.0000
      outer loop
         vertex -6.6175 0.4750 7.0000
         vertex -6.4508 1.0554 9.8500
         vertex -6.6175 0.4750 9.8500
      endloop
   endfacet
   facet normal 0.9019 -0.4319 0.0000
      outer loop
         vertex -6.4508 1.0554 7.0000
         vertex -6.4308 1.1250 7.0000
         vertex -6.4308 1.1250 9.8500
      endloop
   endfacet
   facet normal 0.9352 -0.3541 0.0000
      outer loop
         vertex -6.4508 1.0554 7.0000
         vertex -6.4308 1.1250 9.8500
         vertex -6.4508 1.0554 9.8500
      endloop
   endfacet
   facet normal 0.5655 -0.8247 0.0000
      outer loop
         vertex -7.1063 0.0000 7.0000
         vertex -7.0750 0.0175 7.0000
         vertex -7.0750 0.0175 9.8500
      endloop
   endfacet
   facet normal 0.5269 -0.8499 0.0000
      outer loop
         vertex -7.1063 0.0000 7.0000
         vertex -7.0750 0.0175 9.8500
         vertex -7.1063 0.0000 9.8500
      endloop
   endfacet
   facet normal 0.7875 -0.6163 0.0000
      outer loop
         vertex -7.0750 0.0175 7.0000
         vertex -6.6175 0.4750 7.0000
         vertex -6.6175 0.4750 9.8500
      endloop
   endfacet
   facet normal 0.6997 -0.7145 0.0000
      outer loop
         vertex -7.0750 0.0175 7.0000
         vertex -6.6175 0.4750 9.8500
         vertex -7.0750 0.0175 9.8500
      endloop
   endfacet
   facet normal 1.0000 0.0000 0.0000
      outer loop
         vertex -8.7000 7.0800 7.0500
         vertex -8.7000 12.9926 7.0500
         vertex -8.7000 12.9926 9.6500
      endloop
   endfacet
   facet normal 1.0000 0.0000 0.0000
      outer loop
         vertex -8.7000 7.0800 7.0500
         vertex -8.7000 12.9926 9.6500
         vertex -8.7000 7.0800 9.6500
      endloop
   endfacet
   facet normal -1.0000 0.0000 0.0000
      outer loop
         vertex -8.6000 2.1500 7.8000
         vertex -8.6000 2.1902 7.9500
         vertex -8.6000 2.1500 7.0000
      endloop
   endfacet
   facet normal -1.0000 0.0000 0.0000
      outer loop
         vertex -8.6000 2.1500 7.0000
         vertex -8.6000 2.1902 7.9500
         vertex -8.6000 3.6781 7.0500
      endloop
   endfacet
   facet normal -1.0000 0.0000 0.0000
      outer loop
         vertex -8.6000 2.1500 7.0000
         vertex -8.6000 3.6781 7.0500
         vertex -8.6000 13.0103 7.0000
      endloop
   endfacet
   facet normal -1.0000 0.0000 0.0000
      outer loop
         vertex -8.6000 13.0103 7.0000
         vertex -8.6000 3.6781 7.0500
         vertex -8.6000 7.0800 7.0500
      endloop
   endfacet
   facet normal -1.0000 0.0000 0.0000
      outer loop
         vertex -8.6000 13.0103 7.0000
         vertex -8.6000 7.0800 7.0500
         vertex -8.6000 13.0103 9.7000
      endloop
   endfacet
   facet normal -1.0000 0.0000 0.0000
      outer loop
         vertex -8.6000 13.0103 9.7000
         vertex -8.6000 7.0800 7.0500
         vertex -8.6000 7.0800 9.6500
      endloop
   endfacet
   facet normal -1.0000 0.0000 0.0000
      outer loop
         vertex -8.6000 13.0103 9.7000
         vertex -8.6000 7.0800 9.6500
         vertex -8.6000 3.6781 9.6500
      endloop
   endfacet
   facet normal -1.0000 0.0000 0.0000
      outer loop
         vertex -8.6000 2.3000 8.0598
         vertex -8.6000 2.4500 8.1000
         vertex -8.6000 3.6781 7.0500
      endloop
   endfacet
   facet normal -1.0000 0.0000 0.0000
      outer loop
         vertex -8.6000 3.6781 7.0500
         vertex -8.6000 2.4500 8.1000
         vertex -8.6000 3.4500 8.1000
      endloop
   endfacet
   facet normal -1.0000 0.0000 0.0000
      outer loop
         vertex -8.6000 3.6781 7.0500
         vertex -8.6000 3.4500 8.1000
         vertex -8.6000 3.6781 9.6500
      endloop
   endfacet
   facet normal -1.0000 0.0000 0.0000
      outer loop
         vertex -8.6000 3.6781 9.6500
         vertex -8.6000 3.4500 8.1000
         vertex -8.6000 3.4500 9.7000
      endloop
   endfacet
   facet normal -1.0000 0.0000 0.0000
      outer loop
         vertex -8.6000 3.6781 9.6500
         vertex -8.6000 3.4500 9.7000
         vertex -8.6000 13.0103 9.7000
      endloop
   endfacet
   facet normal -1.0000 0.0000 0.0000
      outer loop
         vertex -8.6000 3.6781 7.0500
         vertex -8.6000 2.1902 7.9500
         vertex -8.6000 2.3000 8.0598
      endloop
   endfacet
   facet normal 0.0000 1.0000 0.0000
      outer loop
         vertex -10.4500 2.1500 7.8000
         vertex -8.6000 2.1500 7.8000
         vertex -8.6000 2.1500 7.0000
      endloop
   endfacet
   facet normal 0.0000 1.0000 0.0000
      outer loop
         vertex -10.4500 2.1500 7.8000
         vertex -8.6000 2.1500 7.0000
         vertex -10.4500 2.1500 7.0000
      endloop
   endfacet
   facet normal 0.0000 0.9405 -0.3399
      outer loop
         vertex -8.6000 2.1500 7.8000
         vertex -10.4500 2.1500 7.8000
         vertex -10.4500 2.1902 7.9500
      endloop
   endfacet
   facet normal 0.0000 0.9071 -0.4210
      outer loop
         vertex -8.6000 2.1500 7.8000
         vertex -10.4500 2.1902 7.9500
         vertex -8.6000 2.1902 7.9500
      endloop
   endfacet
   facet normal -0.7390 -0.6737 0.0000
      outer loop
         vertex -8.6000 3.6781 7.0500
         vertex -8.6000 3.6781 9.6500
         vertex -8.7769 3.8550 9.6500
      endloop
   endfacet
   facet normal -0.7696 -0.6385 0.0000
      outer loop
         vertex -8.6000 3.6781 7.0500
         vertex -8.7769 3.8550 9.6500
         vertex -8.7769 3.8550 7.0500
      endloop
   endfacet
   facet normal -0.8513 -0.5247 0.0000
      outer loop
         vertex -8.7904 3.8794 9.6500
         vertex -8.7904 3.8794 7.0500
         vertex -8.7769 3.8550 7.0500
      endloop
   endfacet
   facet normal -0.8259 -0.5638 0.0000
      outer loop
         vertex -8.7904 3.8794 9.6500
         vertex -8.7769 3.8550 7.0500
         vertex -8.7769 3.8550 9.6500
      endloop
   endfacet
   facet normal -0.8829 -0.4695 0.0000
      outer loop
         vertex -8.7904 3.8794 7.0500
         vertex -8.7904 3.8794 9.6500
         vertex -10.3329 6.7805 9.6500
      endloop
   endfacet
   facet normal -0.8829 -0.4695 0.0000
      outer loop
         vertex -8.7904 3.8794 7.0500
         vertex -10.3329 6.7805 9.6500
         vertex -10.3329 6.7805 7.0500
      endloop
   endfacet
   facet normal 0.0000 1.0000 0.0000
      outer loop
         vertex -8.6000 7.0800 9.6500
         vertex -8.6000 7.0800 7.0500
         vertex -8.7000 7.0800 7.0500
      endloop
   endfacet
   facet normal 0.0000 1.0000 0.0000
      outer loop
         vertex -8.6000 7.0800 9.6500
         vertex -8.7000 7.0800 7.0500
         vertex -8.7000 7.0800 9.6500
      endloop
   endfacet
   facet normal 0.0000 0.6414 -0.7672
      outer loop
         vertex -10.4500 2.3000 8.0598
         vertex -8.6000 2.3000 8.0598
         vertex -8.6000 2.1902 7.9500
      endloop
   endfacet
   facet normal 0.0000 0.7672 -0.6414
      outer loop
         vertex -10.4500 2.3000 8.0598
         vertex -8.6000 2.1902 7.9500
         vertex -10.4500 2.1902 7.9500
      endloop
   endfacet
   facet normal 0.8567 0.0000 -0.5157
      outer loop
         vertex -9.8915 8.9000 9.8171
         vertex -9.8915 11.4712 9.8171
         vertex -9.8872 11.4763 9.8250
      endloop
   endfacet
   facet normal 0.8306 0.0000 -0.5568
      outer loop
         vertex -9.8915 8.9000 9.8171
         vertex -9.8872 11.4763 9.8250
         vertex -9.8872 8.9000 9.8250
      endloop
   endfacet
   facet normal 0.6138 0.0000 -0.7895
      outer loop
         vertex -9.9677 8.9000 9.7201
         vertex -9.9677 11.3803 9.7201
         vertex -9.9128 11.4458 9.7750
      endloop
   endfacet
   facet normal 0.7163 0.0000 -0.6978
      outer loop
         vertex -9.9677 8.9000 9.7201
         vertex -9.9128 11.4458 9.7750
         vertex -9.9128 8.9000 9.7750
      endloop
   endfacet
   facet normal 0.4210 0.0000 -0.9071
      outer loop
         vertex -9.9677 11.3803 9.7201
         vertex -9.9677 8.9000 9.7201
         vertex -10.0427 8.9000 9.7000
      endloop
   endfacet
   facet normal 0.3399 0.0000 -0.9405
      outer loop
         vertex -9.9677 11.3803 9.7201
         vertex -10.0427 8.9000 9.7000
         vertex -10.0427 11.2910 9.7000
      endloop
   endfacet
   facet normal 0.0000 0.0000 -1.0000
      outer loop
         vertex -10.0457 8.9000 9.7000
         vertex -10.0457 11.2874 9.7000
         vertex -10.0427 11.2910 9.7000
      endloop
   endfacet
   facet normal 0.0000 0.0000 -1.0000
      outer loop
         vertex -10.0457 8.9000 9.7000
         vertex -10.0427 11.2910 9.7000
         vertex -10.0427 8.9000 9.7000
      endloop
   endfacet
   facet normal -0.3137 0.0000 -0.9495
      outer loop
         vertex -10.0457 11.2874 9.7000
         vertex -10.0457 8.9000 9.7000
         vertex -10.1207 8.9000 9.7201
      endloop
   endfacet
   facet normal -0.3682 0.0000 -0.9297
      outer loop
         vertex -10.0457 11.2874 9.7000
         vertex -10.1207 8.9000 9.7201
         vertex -10.1207 11.1980 9.7201
      endloop
   endfacet
   facet normal -0.4741 0.0000 -0.8805
      outer loop
         vertex -10.1207 11.1980 9.7201
         vertex -10.1207 8.9000 9.7201
         vertex -10.1417 8.9000 9.7348
      endloop
   endfacet
   facet normal -0.5243 0.0000 -0.8515
      outer loop
         vertex -10.1207 11.1980 9.7201
         vertex -10.1417 8.9000 9.7348
         vertex -10.1417 11.1730 9.7348
      endloop
   endfacet
   facet normal 0.8944 0.0000 -0.4472
      outer loop
         vertex -9.8915 11.4712 9.8171
         vertex -9.8915 8.9000 9.8171
         vertex -9.9085 8.9000 9.7829
      endloop
   endfacet
   facet normal 0.8944 0.0000 -0.4472
      outer loop
         vertex -9.8915 11.4712 9.8171
         vertex -9.9085 8.9000 9.7829
         vertex -9.9085 11.4508 9.7829
      endloop
   endfacet
   facet normal 0.8306 0.0000 -0.5568
      outer loop
         vertex -9.9128 8.9000 9.7750
         vertex -9.9128 11.4458 9.7750
         vertex -9.9085 11.4508 9.7829
      endloop
   endfacet
   facet normal 0.8567 0.0000 -0.5157
      outer loop
         vertex -9.9128 8.9000 9.7750
         vertex -9.9085 11.4508 9.7829
         vertex -9.9085 8.9000 9.7829
      endloop
   endfacet
   facet normal -1.0000 0.0000 0.0000
      outer loop
         vertex -9.4500 8.9000 9.7500
         vertex -9.4500 11.9973 9.7500
         vertex -9.4500 11.9973 9.7000
      endloop
   endfacet
   facet normal -1.0000 0.0000 0.0000
      outer loop
         vertex -9.4500 8.9000 9.7500
         vertex -9.4500 11.9973 9.7000
         vertex -9.4500 8.9000 9.7000
      endloop
   endfacet
   facet normal -0.9405 0.0000 -0.3399
      outer loop
         vertex -9.4500 11.9973 9.7500
         vertex -9.4500 8.9000 9.7500
         vertex -9.4701 8.9000 9.8250
      endloop
   endfacet
   facet normal -0.9071 0.0000 -0.4210
      outer loop
         vertex -9.4500 11.9973 9.7500
         vertex -9.4701 8.9000 9.8250
         vertex -9.4701 11.9734 9.8250
      endloop
   endfacet
   facet normal 0.3399 -0.9405 0.0000
      outer loop
         vertex -6.3759 1.1799 7.0000
         vertex -6.3009 1.2000 7.0000
         vertex -6.3009 1.2000 9.8500
      endloop
   endfacet
   facet normal 0.4210 -0.9071 0.0000
      outer loop
         vertex -6.3759 1.1799 7.0000
         vertex -6.3009 1.2000 9.8500
         vertex -6.3759 1.1799 9.8500
      endloop
   endfacet
   facet normal 0.0000 -1.0000 0.0000
      outer loop
         vertex -4.2500 1.2000 7.0000
         vertex -4.7500 1.2000 7.5600
         vertex -6.3009 1.2000 7.0000
      endloop
   endfacet
   facet normal 0.0000 -1.0000 0.0000
      outer loop
         vertex -6.3009 1.2000 7.0000
         vertex -4.7500 1.2000 7.5600
         vertex -5.2500 1.2000 7.5600
      endloop
   endfacet
   facet normal 0.0000 -1.0000 0.0000
      outer loop
         vertex -6.3009 1.2000 7.0000
         vertex -5.2500 1.2000 7.5600
         vertex -6.3009 1.2000 9.8500
      endloop
   endfacet
   facet normal 0.0000 -1.0000 0.0000
      outer loop
         vertex -6.3009 1.2000 9.8500
         vertex -5.2500 1.2000 7.5600
         vertex -5.2500 1.2000 8.5600
      endloop
   endfacet
   facet normal 0.0000 -1.0000 0.0000
      outer loop
         vertex -6.3009 1.2000 9.8500
         vertex -5.2500 1.2000 8.5600
         vertex -4.2500 1.2000 9.8500
      endloop
   endfacet
   facet normal 0.0000 -1.0000 0.0000
      outer loop
         vertex -4.2500 1.2000 9.8500
         vertex -5.2500 1.2000 8.5600
         vertex -4.7500 1.2000 8.5600
      endloop
   endfacet
   facet normal 0.0000 -1.0000 0.0000
      outer loop
         vertex -4.2500 1.2000 9.8500
         vertex -4.7500 1.2000 8.5600
         vertex -4.7500 1.2000 7.5600
      endloop
   endfacet
   facet normal 0.0000 -1.0000 0.0000
      outer loop
         vertex -4.7500 1.2000 7.5600
         vertex -4.2500 1.2000 7.0000
         vertex -4.2500 1.2000 9.8500
      endloop
   endfacet
   facet normal -0.4210 -0.9071 0.0000
      outer loop
         vertex -4.2500 1.2000 7.0000
         vertex -4.2000 1.1866 7.0000
         vertex -4.2000 1.1866 9.8500
      endloop
   endfacet
   facet normal -0.3399 -0.9405 0.0000
      outer loop
         vertex -4.2500 1.2000 7.0000
         vertex -4.2000 1.1866 9.8500
         vertex -4.2500 1.2000 9.8500
      endloop
   endfacet
   facet normal -1.0000 0.0000 0.0000
      outer loop
         vertex -5.2500 1.2000 7.5600
         vertex -5.2500 -3.6000 7.5600
         vertex -5.2500 -3.6000 8.5600
      endloop
   endfacet
   facet normal -1.0000 0.0000 0.0000
      outer loop
         vertex -5.2500 1.2000 7.5600
         vertex -5.2500 -3.6000 8.5600
         vertex -5.2500 1.2000 8.5600
      endloop
   endfacet
   facet normal 1.0000 0.0000 0.0000
      outer loop
         vertex -4.7500 -3.6000 7.5600
         vertex -4.7500 1.2000 7.5600
         vertex -4.7500 1.2000 8.5600
      endloop
   endfacet
   facet normal 1.0000 0.0000 0.0000
      outer loop
         vertex -4.7500 -3.6000 7.5600
         vertex -4.7500 1.2000 8.5600
         vertex -4.7500 -3.6000 8.5600
      endloop
   endfacet
   facet normal 0.0000 0.0000 1.0000
      outer loop
         vertex -4.7500 -3.6000 8.5600
         vertex -4.7500 1.2000 8.5600
         vertex -5.2500 1.2000 8.5600
      endloop
   endfacet
   facet normal 0.0000 0.0000 1.0000
      outer loop
         vertex -4.7500 -3.6000 8.5600
         vertex -5.2500 1.2000 8.5600
         vertex -5.2500 -3.6000 8.5600
      endloop
   endfacet
   facet normal 0.0000 0.0000 -1.0000
      outer loop
         vertex -4.7500 1.2000 7.5600
         vertex -4.7500 -3.6000 7.5600
         vertex -5.2500 -3.6000 7.5600
      endloop
   endfacet
   facet normal 0.0000 0.0000 -1.0000
      outer loop
         vertex -4.7500 1.2000 7.5600
         vertex -5.2500 -3.6000 7.5600
         vertex -5.2500 1.2000 7.5600
      endloop
   endfacet
   facet normal 0.6394 -0.7689 0.0000
      outer loop
         vertex -6.4308 1.1250 7.0000
         vertex -6.3759 1.1799 7.0000
         vertex -6.3759 1.1799 9.8500
      endloop
   endfacet
   facet normal 0.7635 -0.6458 0.0000
      outer loop
         vertex -6.4308 1.1250 7.0000
         vertex -6.3759 1.1799 9.8500
         vertex -6.4308 1.1250 9.8500
      endloop
   endfacet
   facet normal -0.7672 -0.6414 0.0000
      outer loop
         vertex -4.2000 1.1866 7.0000
         vertex -4.1634 1.1500 7.0000
         vertex -4.1634 1.1500 9.8500
      endloop
   endfacet
   facet normal -0.6414 -0.7672 0.0000
      outer loop
         vertex -4.2000 1.1866 7.0000
         vertex -4.1634 1.1500 9.8500
         vertex -4.2000 1.1866 9.8500
      endloop
   endfacet
   facet normal -0.9352 -0.3541 0.0000
      outer loop
         vertex -8.9692 1.1250 7.0000
         vertex -8.9492 1.0554 7.0000
         vertex -8.9492 1.0554 9.8500
      endloop
   endfacet
   facet normal -0.9019 -0.4319 0.0000
      outer loop
         vertex -8.9692 1.1250 7.0000
         vertex -8.9492 1.0554 9.8500
         vertex -8.9692 1.1250 9.8500
      endloop
   endfacet
   facet normal -0.9019 -0.4319 0.0000
      outer loop
         vertex -8.9492 1.0554 7.0000
         vertex -8.7825 0.4750 7.0000
         vertex -8.7825 0.4750 9.8500
      endloop
   endfacet
   facet normal -0.9352 -0.3541 0.0000
      outer loop
         vertex -8.9492 1.0554 7.0000
         vertex -8.7825 0.4750 9.8500
         vertex -8.9492 1.0554 9.8500
      endloop
   endfacet
   facet normal -0.5269 -0.8499 0.0000
      outer loop
         vertex -8.3250 0.0175 7.0000
         vertex -8.2937 0.0000 7.0000
         vertex -8.2937 0.0000 9.8500
      endloop
   endfacet
   facet normal -0.5655 -0.8247 0.0000
      outer loop
         vertex -8.3250 0.0175 7.0000
         vertex -8.2937 0.0000 9.8500
         vertex -8.3250 0.0175 9.8500
      endloop
   endfacet
   facet normal -0.6997 -0.7145 0.0000
      outer loop
         vertex -8.7825 0.4750 7.0000
         vertex -8.3250 0.0175 7.0000
         vertex -8.3250 0.0175 9.8500
      endloop
   endfacet
   facet normal -0.7875 -0.6163 0.0000
      outer loop
         vertex -8.7825 0.4750 7.0000
         vertex -8.3250 0.0175 9.8500
         vertex -8.7825 0.4750 9.8500
      endloop
   endfacet
   facet normal 1.0000 0.0000 0.0000
      outer loop
         vertex -9.8500 1.2000 9.8500
         vertex -9.8500 0.0000 9.8500
         vertex -9.8500 0.0000 7.0000
      endloop
   endfacet
   facet normal 1.0000 0.0000 0.0000
      outer loop
         vertex -9.8500 1.2000 9.8500
         vertex -9.8500 0.0000 7.0000
         vertex -9.8500 1.2000 7.0000
      endloop
   endfacet
   facet normal 0.0000 -1.0000 0.0000
      outer loop
         vertex -9.0991 1.2000 9.8500
         vertex -9.8500 1.2000 9.8500
         vertex -9.8500 1.2000 7.0000
      endloop
   endfacet
   facet normal 0.0000 -1.0000 0.0000
      outer loop
         vertex -9.0991 1.2000 9.8500
         vertex -9.8500 1.2000 7.0000
         vertex -9.0991 1.2000 7.0000
      endloop
   endfacet
   facet normal -0.4210 -0.9071 0.0000
      outer loop
         vertex -9.0991 1.2000 7.0000
         vertex -9.0241 1.1799 7.0000
         vertex -9.0241 1.1799 9.8500
      endloop
   endfacet
   facet normal -0.3399 -0.9405 0.0000
      outer loop
         vertex -9.0991 1.2000 7.0000
         vertex -9.0241 1.1799 9.8500
         vertex -9.0991 1.2000 9.8500
      endloop
   endfacet
   facet normal -0.9405 -0.3399 0.0000
      outer loop
         vertex -4.1634 1.1500 3.5000
         vertex -4.1500 1.1000 3.5000
         vertex -4.1500 1.1000 6.3500
      endloop
   endfacet
   facet normal -0.9071 -0.4210 0.0000
      outer loop
         vertex -4.1634 1.1500 3.5000
         vertex -4.1500 1.1000 6.3500
         vertex -4.1634 1.1500 6.3500
      endloop
   endfacet
   facet normal -0.7635 -0.6458 0.0000
      outer loop
         vertex -9.0241 1.1799 3.5000
         vertex -8.9692 1.1250 3.5000
         vertex -8.9692 1.1250 6.3500
      endloop
   endfacet
   facet normal -0.6394 -0.7689 0.0000
      outer loop
         vertex -9.0241 1.1799 3.5000
         vertex -8.9692 1.1250 6.3500
         vertex -9.0241 1.1799 6.3500
      endloop
   endfacet
   facet normal 0.9352 -0.3541 0.0000
      outer loop
         vertex -6.6175 0.4750 3.5000
         vertex -6.4508 1.0554 3.5000
         vertex -6.4508 1.0554 6.3500
      endloop
   endfacet
   facet normal 0.9019 -0.4319 0.0000
      outer loop
         vertex -6.6175 0.4750 3.5000
         vertex -6.4508 1.0554 6.3500
         vertex -6.6175 0.4750 6.3500
      endloop
   endfacet
   facet normal 0.9019 -0.4319 0.0000
      outer loop
         vertex -6.4508 1.0554 3.5000
         vertex -6.4308 1.1250 3.5000
         vertex -6.4308 1.1250 6.3500
      endloop
   endfacet
   facet normal 0.9352 -0.3541 0.0000
      outer loop
         vertex -6.4508 1.0554 3.5000
         vertex -6.4308 1.1250 6.3500
         vertex -6.4508 1.0554 6.3500
      endloop
   endfacet
   facet normal 0.5655 -0.8247 0.0000
      outer loop
         vertex -7.1063 0.0000 3.5000
         vertex -7.0750 0.0175 3.5000
         vertex -7.0750 0.0175 6.3500
      endloop
   endfacet
   facet normal 0.5269 -0.8499 0.0000
      outer loop
         vertex -7.1063 0.0000 3.5000
         vertex -7.0750 0.0175 6.3500
         vertex -7.1063 0.0000 6.3500
      endloop
   endfacet
   facet normal 0.7875 -0.6163 0.0000
      outer loop
         vertex -7.0750 0.0175 3.5000
         vertex -6.6175 0.4750 3.5000
         vertex -6.6175 0.4750 6.3500
      endloop
   endfacet
   facet normal 0.6997 -0.7145 0.0000
      outer loop
         vertex -7.0750 0.0175 3.5000
         vertex -6.6175 0.4750 6.3500
         vertex -7.0750 0.0175 6.3500
      endloop
   endfacet
   facet normal 1.0000 0.0000 0.0000
      outer loop
         vertex -8.7000 7.0800 3.5500
         vertex -8.7000 12.9926 3.5500
         vertex -8.7000 12.9926 6.1500
      endloop
   endfacet
   facet normal 1.0000 0.0000 0.0000
      outer loop
         vertex -8.7000 7.0800 3.5500
         vertex -8.7000 12.9926 6.1500
         vertex -8.7000 7.0800 6.1500
      endloop
   endfacet
   facet normal -1.0000 0.0000 0.0000
      outer loop
         vertex -8.6000 2.1500 4.3000
         vertex -8.6000 2.1902 4.4500
         vertex -8.6000 2.1500 3.5000
      endloop
   endfacet
   facet normal -1.0000 0.0000 0.0000
      outer loop
         vertex -8.6000 2.1500 3.5000
         vertex -8.6000 2.1902 4.4500
         vertex -8.6000 3.6781 3.5500
      endloop
   endfacet
   facet normal -1.0000 0.0000 0.0000
      outer loop
         vertex -8.6000 2.1500 3.5000
         vertex -8.6000 3.6781 3.5500
         vertex -8.6000 13.0103 3.5000
      endloop
   endfacet
   facet normal -1.0000 0.0000 0.0000
      outer loop
         vertex -8.6000 13.0103 3.5000
         vertex -8.6000 3.6781 3.5500
         vertex -8.6000 7.0800 3.5500
      endloop
   endfacet
   facet normal -1.0000 0.0000 0.0000
      outer loop
         vertex -8.6000 13.0103 3.5000
         vertex -8.6000 7.0800 3.5500
         vertex -8.6000 13.0103 6.2000
      endloop
   endfacet
   facet normal -1.0000 0.0000 0.0000
      outer loop
         vertex -8.6000 13.0103 6.2000
         vertex -8.6000 7.0800 3.5500
         vertex -8.6000 7.0800 6.1500
      endloop
   endfacet
   facet normal -1.0000 0.0000 0.0000
      outer loop
         vertex -8.6000 13.0103 6.2000
         vertex -8.6000 7.0800 6.1500
         vertex -8.6000 3.6781 6.1500
      endloop
   endfacet
   facet normal -1.0000 0.0000 0.0000
      outer loop
         vertex -8.6000 2.3000 4.5598
         vertex -8.6000 2.4500 4.6000
         vertex -8.6000 3.6781 3.5500
      endloop
   endfacet
   facet normal -1.0000 0.0000 0.0000
      outer loop
         vertex -8.6000 3.6781 3.5500
         vertex -8.6000 2.4500 4.6000
         vertex -8.6000 3.4500 4.6000
      endloop
   endfacet
   facet normal -1.0000 0.0000 0.0000
      outer loop
         vertex -8.6000 3.6781 3.5500
         vertex -8.6000 3.4500 4.6000
         vertex -8.6000 3.6781 6.1500
      endloop
   endfacet
   facet normal -1.0000 0.0000 0.0000
      outer loop
         vertex -8.6000 3.6781 6.1500
         vertex -8.6000 3.4500 4.6000
         vertex -8.6000 3.4500 6.2000
      endloop
   endfacet
   facet normal -1.0000 0.0000 0.0000
      outer loop
         vertex -8.6000 3.6781 6.1500
         vertex -8.6000 3.4500 6.2000
         vertex -8.6000 13.0103 6.2000
      endloop
   endfacet
   facet normal -1.0000 0.0000 0.0000
      outer loop
         vertex -8.6000 3.6781 3.5500
         vertex -8.6000 2.1902 4.4500
         vertex -8.6000 2.3000 4.5598
      endloop
   endfacet
   facet normal 0.0000 1.0000 0.0000
      outer loop
         vertex -10.4500 2.1500 4.3000
         vertex -8.6000 2.1500 4.3000
         vertex -8.6000 2.1500 3.5000
      endloop
   endfacet
   facet normal 0.0000 1.0000 0.0000
      outer loop
         vertex -10.4500 2.1500 4.3000
         vertex -8.6000 2.1500 3.5000
         vertex -10.4500 2.1500 3.5000
      endloop
   endfacet
   facet normal 0.0000 0.9405 -0.3399
      outer loop
         vertex -8.6000 2.1500 4.3000
         vertex -10.4500 2.1500 4.3000
         vertex -10.4500 2.1902 4.4500
      endloop
   endfacet
   facet normal 0.0000 0.9071 -0.4210
      outer loop
         vertex -8.6000 2.1500 4.3000
         vertex -10.4500 2.1902 4.4500
         vertex -8.6000 2.1902 4.4500
      endloop
   endfacet
   facet normal -0.7390 -0.6737 0.0000
      outer loop
         vertex -8.6000 3.6781 3.5500
         vertex -8.6000 3.6781 6.1500
         vertex -8.7769 3.8550 6.1500
      endloop
   endfacet
   facet normal -0.7696 -0.6385 0.0000
      outer loop
         vertex -8.6000 3.6781 3.5500
         vertex -8.7769 3.8550 6.1500
         vertex -8.7769 3.8550 3.5500
      endloop
   endfacet
   facet normal -0.8513 -0.5247 0.0000
      outer loop
         vertex -8.7904 3.8794 6.1500
         vertex -8.7904 3.8794 3.5500
         vertex -8.7769 3.8550 3.5500
      endloop
   endfacet
   facet normal -0.8259 -0.5638 0.0000
      outer loop
         vertex -8.7904 3.8794 6.1500
         vertex -8.7769 3.8550 3.5500
         vertex -8.7769 3.8550 6.1500
      endloop
   endfacet
   facet normal -0.8829 -0.4695 0.0000
      outer loop
         vertex -10.3329 6.7805 6.1500
         vertex -10.3329 6.7805 3.5500
         vertex -8.7904 3.8794 3.5500
      endloop
   endfacet
   facet normal -0.8829 -0.4695 0.0000
      outer loop
         vertex -10.3329 6.7805 6.1500
         vertex -8.7904 3.8794 3.5500
         vertex -8.7904 3.8794 6.1500
      endloop
   endfacet
   facet normal 0.0000 1.0000 0.0000
      outer loop
         vertex -8.6000 7.0800 6.1500
         vertex -8.6000 7.0800 3.5500
         vertex -8.7000 7.0800 3.5500
      endloop
   endfacet
   facet normal 0.0000 1.0000 0.0000
      outer loop
         vertex -8.6000 7.0800 6.1500
         vertex -8.7000 7.0800 3.5500
         vertex -8.7000 7.0800 6.1500
      endloop
   endfacet
   facet normal 0.0000 0.6414 -0.7672
      outer loop
         vertex -10.4500 2.3000 4.5598
         vertex -8.6000 2.3000 4.5598
         vertex -8.6000 2.1902 4.4500
      endloop
   endfacet
   facet normal 0.0000 0.7672 -0.6414
      outer loop
         vertex -10.4500 2.3000 4.5598
         vertex -8.6000 2.1902 4.4500
         vertex -10.4500 2.1902 4.4500
      endloop
   endfacet
   facet normal 0.8567 0.0000 -0.5157
      outer loop
         vertex -9.8915 8.9000 6.3171
         vertex -9.8915 11.4712 6.3171
         vertex -9.8872 11.4763 6.3250
      endloop
   endfacet
   facet normal 0.8306 0.0000 -0.5568
      outer loop
         vertex -9.8915 8.9000 6.3171
         vertex -9.8872 11.4763 6.3250
         vertex -9.8872 8.9000 6.3250
      endloop
   endfacet
   facet normal 0.6138 0.0000 -0.7895
      outer loop
         vertex -9.9128 8.9000 6.2750
         vertex -9.9677 8.9000 6.2201
         vertex -9.9677 11.3803 6.2201
      endloop
   endfacet
   facet normal 0.7163 0.0000 -0.6978
      outer loop
         vertex -9.9128 8.9000 6.2750
         vertex -9.9677 11.3803 6.2201
         vertex -9.9128 11.4458 6.2750
      endloop
   endfacet
   facet normal 0.3399 0.0000 -0.9405
      outer loop
         vertex -10.0427 8.9000 6.2000
         vertex -10.0427 11.2910 6.2000
         vertex -9.9677 11.3803 6.2201
      endloop
   endfacet
   facet normal 0.4210 0.0000 -0.9071
      outer loop
         vertex -10.0427 8.9000 6.2000
         vertex -9.9677 11.3803 6.2201
         vertex -9.9677 8.9000 6.2201
      endloop
   endfacet
   facet normal 0.0000 0.0000 -1.0000
      outer loop
         vertex -10.0457 8.9000 6.2000
         vertex -10.0457 11.2874 6.2000
         vertex -10.0427 11.2910 6.2000
      endloop
   endfacet
   facet normal 0.0000 0.0000 -1.0000
      outer loop
         vertex -10.0457 8.9000 6.2000
         vertex -10.0427 11.2910 6.2000
         vertex -10.0427 8.9000 6.2000
      endloop
   endfacet
   facet normal -0.3137 0.0000 -0.9495
      outer loop
         vertex -10.0457 11.2874 6.2000
         vertex -10.0457 8.9000 6.2000
         vertex -10.1207 8.9000 6.2201
      endloop
   endfacet
   facet normal -0.3682 0.0000 -0.9297
      outer loop
         vertex -10.0457 11.2874 6.2000
         vertex -10.1207 8.9000 6.2201
         vertex -10.1207 11.1980 6.2201
      endloop
   endfacet
   facet normal -0.4741 0.0000 -0.8805
      outer loop
         vertex -10.1207 11.1980 6.2201
         vertex -10.1207 8.9000 6.2201
         vertex -10.1417 8.9000 6.2348
      endloop
   endfacet
   facet normal -0.5243 0.0000 -0.8515
      outer loop
         vertex -10.1207 11.1980 6.2201
         vertex -10.1417 8.9000 6.2348
         vertex -10.1417 11.1730 6.2348
      endloop
   endfacet
   facet normal 0.8944 0.0000 -0.4472
      outer loop
         vertex -9.8915 11.4712 6.3171
         vertex -9.8915 8.9000 6.3171
         vertex -9.9085 8.9000 6.2829
      endloop
   endfacet
   facet normal 0.8944 0.0000 -0.4472
      outer loop
         vertex -9.8915 11.4712 6.3171
         vertex -9.9085 8.9000 6.2829
         vertex -9.9085 11.4508 6.2829
      endloop
   endfacet
   facet normal 0.8306 0.0000 -0.5568
      outer loop
         vertex -9.9128 8.9000 6.2750
         vertex -9.9128 11.4458 6.2750
         vertex -9.9085 11.4508 6.2829
      endloop
   endfacet
   facet normal 0.8567 0.0000 -0.5157
      outer loop
         vertex -9.9128 8.9000 6.2750
         vertex -9.9085 11.4508 6.2829
         vertex -9.9085 8.9000 6.2829
      endloop
   endfacet
   facet normal -1.0000 0.0000 0.0000
      outer loop
         vertex -9.4500 11.9973 6.2000
         vertex -9.4500 8.9000 6.2000
         vertex -9.4500 8.9000 6.2500
      endloop
   endfacet
   facet normal -1.0000 0.0000 0.0000
      outer loop
         vertex -9.4500 11.9973 6.2000
         vertex -9.4500 8.9000 6.2500
         vertex -9.4500 11.9973 6.2500
      endloop
   endfacet
   facet normal -0.9405 0.0000 -0.3399
      outer loop
         vertex -9.4500 11.9973 6.2500
         vertex -9.4500 8.9000 6.2500
         vertex -9.4701 8.9000 6.3250
      endloop
   endfacet
   facet normal -0.9071 0.0000 -0.4210
      outer loop
         vertex -9.4500 11.9973 6.2500
         vertex -9.4701 8.9000 6.3250
         vertex -9.4701 11.9734 6.3250
      endloop
   endfacet
   facet normal 0.3399 -0.9405 0.0000
      outer loop
         vertex -6.3009 1.2000 3.5000
         vertex -6.3009 1.2000 6.3500
         vertex -6.3759 1.1799 6.3500
      endloop
   endfacet
   facet normal 0.4210 -0.9071 0.0000
      outer loop
         vertex -6.3009 1.2000 3.5000
         vertex -6.3759 1.1799 6.3500
         vertex -6.3759 1.1799 3.5000
      endloop
   endfacet
   facet normal 0.0000 -1.0000 0.0000
      outer loop
         vertex -4.2500 1.2000 3.5000
         vertex -4.7500 1.2000 4.0600
         vertex -6.3009 1.2000 3.5000
      endloop
   endfacet
   facet normal 0.0000 -1.0000 0.0000
      outer loop
         vertex -6.3009 1.2000 3.5000
         vertex -4.7500 1.2000 4.0600
         vertex -5.2500 1.2000 4.0600
      endloop
   endfacet
   facet normal 0.0000 -1.0000 0.0000
      outer loop
         vertex -6.3009 1.2000 3.5000
         vertex -5.2500 1.2000 4.0600
         vertex -6.3009 1.2000 6.3500
      endloop
   endfacet
   facet normal 0.0000 -1.0000 0.0000
      outer loop
         vertex -6.3009 1.2000 6.3500
         vertex -5.2500 1.2000 4.0600
         vertex -5.2500 1.2000 5.0600
      endloop
   endfacet
   facet normal 0.0000 -1.0000 0.0000
      outer loop
         vertex -6.3009 1.2000 6.3500
         vertex -5.2500 1.2000 5.0600
         vertex -4.2500 1.2000 6.3500
      endloop
   endfacet
   facet normal 0.0000 -1.0000 0.0000
      outer loop
         vertex -4.2500 1.2000 6.3500
         vertex -5.2500 1.2000 5.0600
         vertex -4.7500 1.2000 5.0600
      endloop
   endfacet
   facet normal 0.0000 -1.0000 0.0000
      outer loop
         vertex -4.2500 1.2000 6.3500
         vertex -4.7500 1.2000 5.0600
         vertex -4.7500 1.2000 4.0600
      endloop
   endfacet
   facet normal 0.0000 -1.0000 0.0000
      outer loop
         vertex -4.7500 1.2000 4.0600
         vertex -4.2500 1.2000 3.5000
         vertex -4.2500 1.2000 6.3500
      endloop
   endfacet
   facet normal -0.3399 -0.9405 0.0000
      outer loop
         vertex -4.2500 1.2000 6.3500
         vertex -4.2500 1.2000 3.5000
         vertex -4.2000 1.1866 3.5000
      endloop
   endfacet
   facet normal -0.4210 -0.9071 0.0000
      outer loop
         vertex -4.2500 1.2000 6.3500
         vertex -4.2000 1.1866 3.5000
         vertex -4.2000 1.1866 6.3500
      endloop
   endfacet
   facet normal -1.0000 0.0000 0.0000
      outer loop
         vertex -5.2500 1.2000 5.0600
         vertex -5.2500 1.2000 4.0600
         vertex -5.2500 -3.6000 4.0600
      endloop
   endfacet
   facet normal -1.0000 0.0000 0.0000
      outer loop
         vertex -5.2500 1.2000 5.0600
         vertex -5.2500 -3.6000 4.0600
         vertex -5.2500 -3.6000 5.0600
      endloop
   endfacet
   facet normal 1.0000 0.0000 0.0000
      outer loop
         vertex -4.7500 1.2000 4.0600
         vertex -4.7500 1.2000 5.0600
         vertex -4.7500 -3.6000 5.0600
      endloop
   endfacet
   facet normal 1.0000 0.0000 0.0000
      outer loop
         vertex -4.7500 1.2000 4.0600
         vertex -4.7500 -3.6000 5.0600
         vertex -4.7500 -3.6000 4.0600
      endloop
   endfacet
   facet normal 0.0000 0.0000 -1.0000
      outer loop
         vertex -4.7500 1.2000 4.0600
         vertex -4.7500 -3.6000 4.0600
         vertex -5.2500 -3.6000 4.0600
      endloop
   endfacet
   facet normal 0.0000 0.0000 -1.0000
      outer loop
         vertex -4.7500 1.2000 4.0600
         vertex -5.2500 -3.6000 4.0600
         vertex -5.2500 1.2000 4.0600
      endloop
   endfacet
   facet normal 0.0000 0.0000 1.0000
      outer loop
         vertex -4.7500 -3.6000 5.0600
         vertex -4.7500 1.2000 5.0600
         vertex -5.2500 1.2000 5.0600
      endloop
   endfacet
   facet normal 0.0000 0.0000 1.0000
      outer loop
         vertex -4.7500 -3.6000 5.0600
         vertex -5.2500 1.2000 5.0600
         vertex -5.2500 -3.6000 5.0600
      endloop
   endfacet
   facet normal 0.6394 -0.7689 0.0000
      outer loop
         vertex -6.4308 1.1250 3.5000
         vertex -6.3759 1.1799 3.5000
         vertex -6.3759 1.1799 6.3500
      endloop
   endfacet
   facet normal 0.7635 -0.6458 0.0000
      outer loop
         vertex -6.4308 1.1250 3.5000
         vertex -6.3759 1.1799 6.3500
         vertex -6.4308 1.1250 6.3500
      endloop
   endfacet
   facet normal -0.7672 -0.6414 0.0000
      outer loop
         vertex -4.2000 1.1866 3.5000
         vertex -4.1634 1.1500 3.5000
         vertex -4.1634 1.1500 6.3500
      endloop
   endfacet
   facet normal -0.6414 -0.7672 0.0000
      outer loop
         vertex -4.2000 1.1866 3.5000
         vertex -4.1634 1.1500 6.3500
         vertex -4.2000 1.1866 6.3500
      endloop
   endfacet
   facet normal -0.9352 -0.3541 0.0000
      outer loop
         vertex -8.9692 1.1250 3.5000
         vertex -8.9492 1.0554 3.5000
         vertex -8.9492 1.0554 6.3500
      endloop
   endfacet
   facet normal -0.9019 -0.4319 0.0000
      outer loop
         vertex -8.9692 1.1250 3.5000
         vertex -8.9492 1.0554 6.3500
         vertex -8.9692 1.1250 6.3500
      endloop
   endfacet
   facet normal -0.9019 -0.4319 0.0000
      outer loop
         vertex -8.9492 1.0554 3.5000
         vertex -8.7825 0.4750 3.5000
         vertex -8.7825 0.4750 6.3500
      endloop
   endfacet
   facet normal -0.9352 -0.3541 0.0000
      outer loop
         vertex -8.9492 1.0554 3.5000
         vertex -8.7825 0.4750 6.3500
         vertex -8.9492 1.0554 6.3500
      endloop
   endfacet
   facet normal -0.5269 -0.8499 0.0000
      outer loop
         vertex -8.3250 0.0175 3.5000
         vertex -8.2937 0.0000 3.5000
         vertex -8.2937 0.0000 6.3500
      endloop
   endfacet
   facet normal -0.5655 -0.8247 0.0000
      outer loop
         vertex -8.3250 0.0175 3.5000
         vertex -8.2937 0.0000 6.3500
         vertex -8.3250 0.0175 6.3500
      endloop
   endfacet
   facet normal -0.6997 -0.7145 0.0000
      outer loop
         vertex -8.7825 0.4750 3.5000
         vertex -8.3250 0.0175 3.5000
         vertex -8.3250 0.0175 6.3500
      endloop
   endfacet
   facet normal -0.7875 -0.6163 0.0000
      outer loop
         vertex -8.7825 0.4750 3.5000
         vertex -8.3250 0.0175 6.3500
         vertex -8.7825 0.4750 6.3500
      endloop
   endfacet
   facet normal 1.0000 0.0000 0.0000
      outer loop
         vertex -9.8500 1.2000 6.3500
         vertex -9.8500 0.0000 6.3500
         vertex -9.8500 0.0000 3.5000
      endloop
   endfacet
   facet normal 1.0000 0.0000 0.0000
      outer loop
         vertex -9.8500 1.2000 6.3500
         vertex -9.8500 0.0000 3.5000
         vertex -9.8500 1.2000 3.5000
      endloop
   endfacet
   facet normal 0.0000 -1.0000 0.0000
      outer loop
         vertex -9.0991 1.2000 6.3500
         vertex -9.8500 1.2000 6.3500
         vertex -9.8500 1.2000 3.5000
      endloop
   endfacet
   facet normal 0.0000 -1.0000 0.0000
      outer loop
         vertex -9.0991 1.2000 6.3500
         vertex -9.8500 1.2000 3.5000
         vertex -9.0991 1.2000 3.5000
      endloop
   endfacet
   facet normal -0.4210 -0.9071 0.0000
      outer loop
         vertex -9.0991 1.2000 3.5000
         vertex -9.0241 1.1799 3.5000
         vertex -9.0241 1.1799 6.3500
      endloop
   endfacet
   facet normal -0.3399 -0.9405 0.0000
      outer loop
         vertex -9.0991 1.2000 3.5000
         vertex -9.0241 1.1799 6.3500
         vertex -9.0991 1.2000 6.3500
      endloop
   endfacet
   facet normal -0.9405 -0.3399 0.0000
      outer loop
         vertex -4.1634 1.1500 0.0000
         vertex -4.1500 1.1000 0.0000
         vertex -4.1500 1.1000 2.8500
      endloop
   endfacet
   facet normal -0.9071 -0.4210 0.0000
      outer loop
         vertex -4.1634 1.1500 0.0000
         vertex -4.1500 1.1000 2.8500
         vertex -4.1634 1.1500 2.8500
      endloop
   endfacet
   facet normal -0.9151 -0.4033 0.0000
      outer loop
         vertex -4.1500 1.1000 0.0000
         vertex -3.9825 0.4750 0.0000
         vertex -3.9825 0.4750 2.8500
      endloop
   endfacet
   facet normal -0.9436 -0.3312 0.0000
      outer loop
         vertex -4.1500 1.1000 0.0000
         vertex -3.9825 0.4750 2.8500
         vertex -4.1500 1.1000 2.8500
      endloop
   endfacet
   facet normal -0.0252 -0.9997 0.0000
      outer loop
         vertex 1.3000 0.5000 0.0000
         vertex 1.3435 0.5009 0.0000
         vertex 1.3435 0.5009 2.8500
      endloop
   endfacet
   facet normal -0.0724 -0.9974 0.0000
      outer loop
         vertex 1.3000 0.5000 0.0000
         vertex 1.3435 0.5009 2.8500
         vertex 1.3000 0.5000 2.8500
      endloop
   endfacet
   facet normal -0.0724 -0.9974 0.0000
      outer loop
         vertex 1.3435 0.5009 0.0000
         vertex 1.3500 0.5011 0.0000
         vertex 1.3500 0.5011 2.8500
      endloop
   endfacet
   facet normal -0.0252 -0.9997 0.0000
      outer loop
         vertex 1.3435 0.5009 0.0000
         vertex 1.3500 0.5011 2.8500
         vertex 1.3435 0.5009 2.8500
      endloop
   endfacet
   facet normal 0.7963 -0.6050 0.0000
      outer loop
         vertex -1.8175 0.4750 2.8500
         vertex -2.1500 0.1000 2.8500
         vertex -2.1500 0.1000 0.0000
      endloop
   endfacet
   facet normal 0.8407 -0.5414 0.0000
      outer loop
         vertex -1.8175 0.4750 2.8500
         vertex -2.1500 0.1000 0.0000
         vertex -1.8175 0.4750 0.0000
      endloop
   endfacet
   facet normal 0.9436 -0.3312 0.0000
      outer loop
         vertex -1.8175 0.4750 0.0000
         vertex -1.6500 1.1000 0.0000
         vertex -1.6500 1.1000 2.8500
      endloop
   endfacet
   facet normal 0.9151 -0.4033 0.0000
      outer loop
         vertex -1.8175 0.4750 0.0000
         vertex -1.6500 1.1000 2.8500
         vertex -1.8175 0.4750 2.8500
      endloop
   endfacet
   facet normal 0.9071 -0.4210 0.0000
      outer loop
         vertex -1.6500 1.1000 0.0000
         vertex -1.6366 1.1500 0.0000
         vertex -1.6366 1.1500 2.8500
      endloop
   endfacet
   facet normal 0.9405 -0.3399 0.0000
      outer loop
         vertex -1.6500 1.1000 0.0000
         vertex -1.6366 1.1500 2.8500
         vertex -1.6500 1.1000 2.8500
      endloop
   endfacet
   facet normal -0.7963 -0.6050 0.0000
      outer loop
         vertex -3.9825 0.4750 0.0000
         vertex -3.6500 0.1000 0.0000
         vertex -3.6500 0.1000 2.8500
      endloop
   endfacet
   facet normal -0.8407 -0.5414 0.0000
      outer loop
         vertex -3.9825 0.4750 0.0000
         vertex -3.6500 0.1000 2.8500
         vertex -3.9825 0.4750 2.8500
      endloop
   endfacet
   facet normal 0.6414 -0.7672 0.0000
      outer loop
         vertex -1.6366 1.1500 0.0000
         vertex -1.6000 1.1866 0.0000
         vertex -1.6000 1.1866 2.8500
      endloop
   endfacet
   facet normal 0.7672 -0.6414 0.0000
      outer loop
         vertex -1.6366 1.1500 0.0000
         vertex -1.6000 1.1866 2.8500
         vertex -1.6366 1.1500 2.8500
      endloop
   endfacet
   facet normal 0.3399 -0.9405 0.0000
      outer loop
         vertex -1.6000 1.1866 0.0000
         vertex -1.5500 1.2000 0.0000
         vertex -1.5500 1.2000 2.8500
      endloop
   endfacet
   facet normal 0.4210 -0.9071 0.0000
      outer loop
         vertex -1.6000 1.1866 0.0000
         vertex -1.5500 1.2000 2.8500
         vertex -1.6000 1.1866 2.8500
      endloop
   endfacet
   facet normal -0.8591 -0.5118 0.0000
      outer loop
         vertex 0.3461 1.2000 0.0000
         vertex 0.4340 1.0000 0.0000
         vertex 0.4340 1.0000 2.8500
      endloop
   endfacet
   facet normal -0.8892 -0.4575 0.0000
      outer loop
         vertex 0.3461 1.2000 0.0000
         vertex 0.4340 1.0000 2.8500
         vertex 0.3461 1.2000 2.8500
      endloop
   endfacet
   facet normal -0.6236 -0.7817 0.0000
      outer loop
         vertex 0.4340 1.0000 0.0000
         vertex 0.8000 0.6340 0.0000
         vertex 0.8000 0.6340 2.8500
      endloop
   endfacet
   facet normal -0.7344 -0.6787 0.0000
      outer loop
         vertex 0.4340 1.0000 0.0000
         vertex 0.8000 0.6340 2.8500
         vertex 0.4340 1.0000 2.8500
      endloop
   endfacet
   facet normal -0.2489 -0.9685 0.0000
      outer loop
         vertex 0.8000 0.6340 0.0000
         vertex 1.3000 0.5000 0.0000
         vertex 1.3000 0.5000 2.8500
      endloop
   endfacet
   facet normal -0.3780 -0.9258 0.0000
      outer loop
         vertex 0.8000 0.6340 0.0000
         vertex 1.3000 0.5000 2.8500
         vertex 0.8000 0.6340 2.8500
      endloop
   endfacet
   facet normal 0.0000 -1.0000 0.0000
      outer loop
         vertex 0.3461 1.2000 0.0000
         vertex 0.2500 1.2000 0.5600
         vertex -1.5500 1.2000 0.0000
      endloop
   endfacet
   facet normal 0.0000 -1.0000 0.0000
      outer loop
         vertex -1.5500 1.2000 0.0000
         vertex 0.2500 1.2000 0.5600
         vertex -0.2500 1.2000 0.5600
      endloop
   endfacet
   facet normal 0.0000 -1.0000 0.0000
      outer loop
         vertex -1.5500 1.2000 0.0000
         vertex -0.2500 1.2000 0.5600
         vertex -1.5500 1.2000 2.8500
      endloop
   endfacet
   facet normal 0.0000 -1.0000 0.0000
      outer loop
         vertex -1.5500 1.2000 2.8500
         vertex -0.2500 1.2000 0.5600
         vertex -0.2500 1.2000 1.5600
      endloop
   endfacet
   facet normal 0.0000 -1.0000 0.0000
      outer loop
         vertex -1.5500 1.2000 2.8500
         vertex -0.2500 1.2000 1.5600
         vertex 0.3461 1.2000 2.8500
      endloop
   endfacet
   facet normal 0.0000 -1.0000 0.0000
      outer loop
         vertex 0.3461 1.2000 2.8500
         vertex -0.2500 1.2000 1.5600
         vertex 0.2500 1.2000 1.5600
      endloop
   endfacet
   facet normal 0.0000 -1.0000 0.0000
      outer loop
         vertex 0.3461 1.2000 2.8500
         vertex 0.2500 1.2000 1.5600
         vertex 0.2500 1.2000 0.5600
      endloop
   endfacet
   facet normal 0.0000 -1.0000 0.0000
      outer loop
         vertex 0.2500 1.2000 0.5600
         vertex 0.3461 1.2000 0.0000
         vertex 0.3461 1.2000 2.8500
      endloop
   endfacet
   facet normal -1.0000 0.0000 0.0000
      outer loop
         vertex -0.2500 1.2000 0.5600
         vertex -0.2500 -3.6000 0.5600
         vertex -0.2500 -3.6000 1.5600
      endloop
   endfacet
   facet normal -1.0000 0.0000 0.0000
      outer loop
         vertex -0.2500 1.2000 0.5600
         vertex -0.2500 -3.6000 1.5600
         vertex -0.2500 1.2000 1.5600
      endloop
   endfacet
   facet normal 1.0000 0.0000 0.0000
      outer loop
         vertex 0.2500 1.2000 1.5600
         vertex 0.2500 -3.6000 1.5600
         vertex 0.2500 -3.6000 0.5600
      endloop
   endfacet
   facet normal 1.0000 0.0000 0.0000
      outer loop
         vertex 0.2500 1.2000 1.5600
         vertex 0.2500 -3.6000 0.5600
         vertex 0.2500 1.2000 0.5600
      endloop
   endfacet
   facet normal 0.0000 0.0000 1.0000
      outer loop
         vertex 0.2500 -3.6000 1.5600
         vertex 0.2500 1.2000 1.5600
         vertex -0.2500 1.2000 1.5600
      endloop
   endfacet
   facet normal 0.0000 0.0000 1.0000
      outer loop
         vertex 0.2500 -3.6000 1.5600
         vertex -0.2500 1.2000 1.5600
         vertex -0.2500 -3.6000 1.5600
      endloop
   endfacet
   facet normal 0.0000 0.0000 -1.0000
      outer loop
         vertex 0.2500 1.2000 0.5600
         vertex 0.2500 -3.6000 0.5600
         vertex -0.2500 -3.6000 0.5600
      endloop
   endfacet
   facet normal 0.0000 0.0000 -1.0000
      outer loop
         vertex 0.2500 1.2000 0.5600
         vertex -0.2500 -3.6000 0.5600
         vertex -0.2500 1.2000 0.5600
      endloop
   endfacet
   facet normal 0.0000 -1.0000 0.0000
      outer loop
         vertex -2.1500 0.1000 2.8500
         vertex -3.6500 0.1000 2.8500
         vertex -3.6500 0.1000 0.0000
      endloop
   endfacet
   facet normal 0.0000 -1.0000 0.0000
      outer loop
         vertex -2.1500 0.1000 2.8500
         vertex -3.6500 0.1000 0.0000
         vertex -2.1500 0.1000 0.0000
      endloop
   endfacet
   facet normal -0.3780 -0.9258 0.0000
      outer loop
         vertex 1.3500 0.5011 0.0000
         vertex 1.4250 0.4810 0.0000
         vertex 1.4250 0.4810 2.8500
      endloop
   endfacet
   facet normal -0.2489 -0.9685 0.0000
      outer loop
         vertex 1.3500 0.5011 0.0000
         vertex 1.4250 0.4810 2.8500
         vertex 1.3500 0.5011 2.8500
      endloop
   endfacet
   facet normal -0.7672 -0.6414 0.0000
      outer loop
         vertex 1.4250 0.4810 0.0000
         vertex 1.4799 0.4261 0.0000
         vertex 1.4799 0.4261 2.8500
      endloop
   endfacet
   facet normal -0.6414 -0.7672 0.0000
      outer loop
         vertex 1.4250 0.4810 0.0000
         vertex 1.4799 0.4261 2.8500
         vertex 1.4250 0.4810 2.8500
      endloop
   endfacet
   facet normal -0.9405 -0.3399 0.0000
      outer loop
         vertex 1.4799 0.4261 0.0000
         vertex 1.5000 0.3511 0.0000
         vertex 1.5000 0.3511 2.8500
      endloop
   endfacet
   facet normal -0.9071 -0.4210 0.0000
      outer loop
         vertex 1.4799 0.4261 0.0000
         vertex 1.5000 0.3511 2.8500
         vertex 1.4799 0.4261 2.8500
      endloop
   endfacet
   facet normal -1.0000 0.0000 0.0000
      outer loop
         vertex 1.5000 0.1000 0.0000
         vertex 1.5000 -0.0000 0.0000
         vertex 1.5000 0.0000 2.8500
      endloop
   endfacet
   facet normal -1.0000 0.0000 0.0000
      outer loop
         vertex 1.5000 0.1000 0.0000
         vertex 1.5000 0.0000 2.8500
         vertex 1.5000 0.3511 2.8500
      endloop
   endfacet
   facet normal -1.0000 0.0000 0.0000
      outer loop
         vertex 1.5000 0.1000 0.0000
         vertex 1.5000 0.3511 2.8500
         vertex 1.5000 0.3511 0.0000
      endloop
   endfacet
   facet normal -0.7635 -0.6458 0.0000
      outer loop
         vertex -9.0241 1.1799 0.0000
         vertex -8.9692 1.1250 0.0000
         vertex -8.9692 1.1250 2.8500
      endloop
   endfacet
   facet normal -0.6394 -0.7689 0.0000
      outer loop
         vertex -9.0241 1.1799 0.0000
         vertex -8.9692 1.1250 2.8500
         vertex -9.0241 1.1799 2.8500
      endloop
   endfacet
   facet normal 0.9352 -0.3541 0.0000
      outer loop
         vertex -6.6175 0.4750 0.0000
         vertex -6.4508 1.0554 0.0000
         vertex -6.4508 1.0554 2.8500
      endloop
   endfacet
   facet normal 0.9019 -0.4319 0.0000
      outer loop
         vertex -6.6175 0.4750 0.0000
         vertex -6.4508 1.0554 2.8500
         vertex -6.6175 0.4750 2.8500
      endloop
   endfacet
   facet normal 0.9019 -0.4319 0.0000
      outer loop
         vertex -6.4508 1.0554 0.0000
         vertex -6.4308 1.1250 0.0000
         vertex -6.4308 1.1250 2.8500
      endloop
   endfacet
   facet normal 0.9352 -0.3541 0.0000
      outer loop
         vertex -6.4508 1.0554 0.0000
         vertex -6.4308 1.1250 2.8500
         vertex -6.4508 1.0554 2.8500
      endloop
   endfacet
   facet normal 0.5655 -0.8247 0.0000
      outer loop
         vertex -7.1063 0.0000 0.0000
         vertex -7.0750 0.0175 0.0000
         vertex -7.0750 0.0175 2.8500
      endloop
   endfacet
   facet normal 0.5269 -0.8499 0.0000
      outer loop
         vertex -7.1063 0.0000 0.0000
         vertex -7.0750 0.0175 2.8500
         vertex -7.1063 0.0000 2.8500
      endloop
   endfacet
   facet normal 0.8148 -0.5798 0.0000
      outer loop
         vertex -6.9925 0.1000 0.0000
         vertex -6.6175 0.4750 0.0000
         vertex -6.6175 0.4750 2.8500
      endloop
   endfacet
   facet normal 0.7323 -0.6810 0.0000
      outer loop
         vertex -6.9925 0.1000 0.0000
         vertex -6.6175 0.4750 2.8500
         vertex -7.0750 0.0175 2.8500
      endloop
   endfacet
   facet normal 0.6393 -0.7689 0.0000
      outer loop
         vertex -6.9925 0.1000 0.0000
         vertex -7.0750 0.0175 2.8500
         vertex -7.0750 0.0175 0.0000
      endloop
   endfacet
   facet normal -1.0000 0.0000 0.0000
      outer loop
         vertex -8.6000 3.6781 0.0500
         vertex -8.6000 7.0800 0.0500
         vertex -8.6000 12.9699 0.0000
      endloop
   endfacet
   facet normal -1.0000 0.0000 0.0000
      outer loop
         vertex -8.6000 3.6781 0.0500
         vertex -8.6000 12.9699 0.0000
         vertex -8.6000 2.1500 0.0000
      endloop
   endfacet
   facet normal -1.0000 0.0000 0.0000
      outer loop
         vertex -8.6000 3.6781 0.0500
         vertex -8.6000 2.1500 0.0000
         vertex -8.6000 2.1902 0.9500
      endloop
   endfacet
   facet normal -1.0000 0.0000 0.0000
      outer loop
         vertex -8.6000 3.6781 0.0500
         vertex -8.6000 2.1902 0.9500
         vertex -8.6000 2.3000 1.0598
      endloop
   endfacet
   facet normal -1.0000 0.0000 0.0000
      outer loop
         vertex -8.6000 3.6781 0.0500
         vertex -8.6000 2.3000 1.0598
         vertex -8.6000 2.4500 1.1000
      endloop
   endfacet
   facet normal -1.0000 0.0000 0.0000
      outer loop
         vertex -8.6000 3.6781 0.0500
         vertex -8.6000 2.4500 1.1000
         vertex -8.6000 3.4500 1.1000
      endloop
   endfacet
   facet normal -1.0000 0.0000 0.0000
      outer loop
         vertex -8.6000 3.6781 0.0500
         vertex -8.6000 3.4500 1.1000
         vertex -8.6000 3.6781 2.6500
      endloop
   endfacet
   facet normal -1.0000 0.0000 0.0000
      outer loop
         vertex -8.6000 13.0103 2.7000
         vertex -8.6000 13.0103 0.0000
         vertex -8.6000 12.9699 0.0000
      endloop
   endfacet
   facet normal -1.0000 0.0000 0.0000
      outer loop
         vertex -8.6000 13.0103 2.7000
         vertex -8.6000 12.9699 0.0000
         vertex -8.6000 7.0800 0.0500
      endloop
   endfacet
   facet normal -1.0000 0.0000 0.0000
      outer loop
         vertex -8.6000 13.0103 2.7000
         vertex -8.6000 7.0800 0.0500
         vertex -8.6000 7.0800 2.6500
      endloop
   endfacet
   facet normal -1.0000 0.0000 0.0000
      outer loop
         vertex -8.6000 13.0103 2.7000
         vertex -8.6000 7.0800 2.6500
         vertex -8.6000 3.6781 2.6500
      endloop
   endfacet
   facet normal -1.0000 0.0000 0.0000
      outer loop
         vertex -8.6000 13.0103 2.7000
         vertex -8.6000 3.6781 2.6500
         vertex -8.6000 3.4500 2.7000
      endloop
   endfacet
   facet normal -1.0000 0.0000 0.0000
      outer loop
         vertex -8.6000 3.4500 2.7000
         vertex -8.6000 3.6781 2.6500
         vertex -8.6000 3.4500 1.1000
      endloop
   endfacet
   facet normal -1.0000 0.0000 0.0000
      outer loop
         vertex -8.6000 2.1902 0.9500
         vertex -8.6000 2.1500 0.0000
         vertex -8.6000 2.1500 0.8000
      endloop
   endfacet
   facet normal 0.0000 1.0000 0.0000
      outer loop
         vertex -10.4500 2.1500 0.8000
         vertex -8.6000 2.1500 0.8000
         vertex -8.6000 2.1500 0.0000
      endloop
   endfacet
   facet normal 0.0000 1.0000 0.0000
      outer loop
         vertex -10.4500 2.1500 0.8000
         vertex -8.6000 2.1500 0.0000
         vertex -10.3500 2.1500 0.0000
      endloop
   endfacet
   facet normal 0.0000 1.0000 0.0000
      outer loop
         vertex -10.4500 2.1500 0.8000
         vertex -10.3500 2.1500 0.0000
         vertex -10.4500 2.1500 0.0000
      endloop
   endfacet
   facet normal 0.0000 0.9405 -0.3399
      outer loop
         vertex -8.6000 2.1500 0.8000
         vertex -10.4500 2.1500 0.8000
         vertex -10.4500 2.1902 0.9500
      endloop
   endfacet
   facet normal 0.0000 0.9071 -0.4210
      outer loop
         vertex -8.6000 2.1500 0.8000
         vertex -10.4500 2.1902 0.9500
         vertex -8.6000 2.1902 0.9500
      endloop
   endfacet
   facet normal 1.0000 0.0000 0.0000
      outer loop
         vertex -8.7000 7.0800 2.6500
         vertex -8.7000 7.0800 0.0500
         vertex -8.7000 12.9926 0.0500
      endloop
   endfacet
   facet normal 1.0000 0.0000 0.0000
      outer loop
         vertex -8.7000 7.0800 2.6500
         vertex -8.7000 12.9926 0.0500
         vertex -8.7000 12.9926 2.6500
      endloop
   endfacet
   facet normal -0.7696 -0.6385 0.0000
      outer loop
         vertex -8.7769 3.8550 2.6500
         vertex -8.7769 3.8550 0.0500
         vertex -8.6000 3.6781 0.0500
      endloop
   endfacet
   facet normal -0.7390 -0.6737 0.0000
      outer loop
         vertex -8.7769 3.8550 2.6500
         vertex -8.6000 3.6781 0.0500
         vertex -8.6000 3.6781 2.6500
      endloop
   endfacet
   facet normal -0.8259 -0.5638 0.0000
      outer loop
         vertex -8.7769 3.8550 0.0500
         vertex -8.7769 3.8550 2.6500
         vertex -8.7904 3.8794 2.6500
      endloop
   endfacet
   facet normal -0.8513 -0.5247 0.0000
      outer loop
         vertex -8.7769 3.8550 0.0500
         vertex -8.7904 3.8794 2.6500
         vertex -8.7904 3.8794 0.0500
      endloop
   endfacet
   facet normal -0.8829 -0.4695 0.0000
      outer loop
         vertex -10.3329 6.7805 2.6500
         vertex -10.3329 6.7805 0.0500
         vertex -8.7904 3.8794 0.0500
      endloop
   endfacet
   facet normal -0.8829 -0.4695 0.0000
      outer loop
         vertex -10.3329 6.7805 2.6500
         vertex -8.7904 3.8794 0.0500
         vertex -8.7904 3.8794 2.6500
      endloop
   endfacet
   facet normal 0.0000 1.0000 0.0000
      outer loop
         vertex -8.6000 7.0800 2.6500
         vertex -8.6000 7.0800 0.0500
         vertex -8.7000 7.0800 0.0500
      endloop
   endfacet
   facet normal 0.0000 1.0000 0.0000
      outer loop
         vertex -8.6000 7.0800 2.6500
         vertex -8.7000 7.0800 0.0500
         vertex -8.7000 7.0800 2.6500
      endloop
   endfacet
   facet normal 0.0000 0.6414 -0.7672
      outer loop
         vertex -10.4500 2.3000 1.0598
         vertex -8.6000 2.3000 1.0598
         vertex -8.6000 2.1902 0.9500
      endloop
   endfacet
   facet normal 0.0000 0.7672 -0.6414
      outer loop
         vertex -10.4500 2.3000 1.0598
         vertex -8.6000 2.1902 0.9500
         vertex -10.4500 2.1902 0.9500
      endloop
   endfacet
   facet normal 0.8567 0.0000 -0.5157
      outer loop
         vertex -9.8915 8.9000 2.8171
         vertex -9.8915 11.4712 2.8171
         vertex -9.8872 11.4763 2.8250
      endloop
   endfacet
   facet normal 0.8306 0.0000 -0.5568
      outer loop
         vertex -9.8915 8.9000 2.8171
         vertex -9.8872 11.4763 2.8250
         vertex -9.8872 8.9000 2.8250
      endloop
   endfacet
   facet normal 0.7163 0.0000 -0.6978
      outer loop
         vertex -9.9128 11.4458 2.7750
         vertex -9.9128 8.9000 2.7750
         vertex -9.9677 8.9000 2.7201
      endloop
   endfacet
   facet normal 0.6138 0.0000 -0.7895
      outer loop
         vertex -9.9128 11.4458 2.7750
         vertex -9.9677 8.9000 2.7201
         vertex -9.9677 11.3803 2.7201
      endloop
   endfacet
   facet normal 0.3399 0.0000 -0.9405
      outer loop
         vertex -10.0427 8.9000 2.7000
         vertex -10.0427 11.2910 2.7000
         vertex -9.9677 11.3803 2.7201
      endloop
   endfacet
   facet normal 0.4210 0.0000 -0.9071
      outer loop
         vertex -10.0427 8.9000 2.7000
         vertex -9.9677 11.3803 2.7201
         vertex -9.9677 8.9000 2.7201
      endloop
   endfacet
   facet normal 0.0000 0.0000 -1.0000
      outer loop
         vertex -10.0427 11.2910 2.7000
         vertex -10.0427 8.9000 2.7000
         vertex -10.0457 8.9000 2.7000
      endloop
   endfacet
   facet normal 0.0000 0.0000 -1.0000
      outer loop
         vertex -10.0427 11.2910 2.7000
         vertex -10.0457 8.9000 2.7000
         vertex -10.0457 11.2874 2.7000
      endloop
   endfacet
   facet normal -0.3137 0.0000 -0.9495
      outer loop
         vertex -10.0457 11.2874 2.7000
         vertex -10.0457 8.9000 2.7000
         vertex -10.1207 8.9000 2.7201
      endloop
   endfacet
   facet normal -0.3682 0.0000 -0.9297
      outer loop
         vertex -10.0457 11.2874 2.7000
         vertex -10.1207 8.9000 2.7201
         vertex -10.1207 11.1980 2.7201
      endloop
   endfacet
   facet normal -0.4741 0.0000 -0.8805
      outer loop
         vertex -10.1207 11.1980 2.7201
         vertex -10.1207 8.9000 2.7201
         vertex -10.1417 8.9000 2.7348
      endloop
   endfacet
   facet normal -0.5243 0.0000 -0.8515
      outer loop
         vertex -10.1207 11.1980 2.7201
         vertex -10.1417 8.9000 2.7348
         vertex -10.1417 11.1730 2.7348
      endloop
   endfacet
   facet normal 0.8944 0.0000 -0.4472
      outer loop
         vertex -9.9085 8.9000 2.7829
         vertex -9.9085 11.4508 2.7829
         vertex -9.8915 11.4712 2.8171
      endloop
   endfacet
   facet normal 0.8944 0.0000 -0.4472
      outer loop
         vertex -9.9085 8.9000 2.7829
         vertex -9.8915 11.4712 2.8171
         vertex -9.8915 8.9000 2.8171
      endloop
   endfacet
   facet normal 0.8567 0.0000 -0.5157
      outer loop
         vertex -9.9085 11.4508 2.7829
         vertex -9.9085 8.9000 2.7829
         vertex -9.9128 8.9000 2.7750
      endloop
   endfacet
   facet normal 0.8306 0.0000 -0.5568
      outer loop
         vertex -9.9085 11.4508 2.7829
         vertex -9.9128 8.9000 2.7750
         vertex -9.9128 11.4458 2.7750
      endloop
   endfacet
   facet normal -1.0000 0.0000 0.0000
      outer loop
         vertex -9.4500 11.9973 2.7000
         vertex -9.4500 8.9000 2.7000
         vertex -9.4500 8.9000 2.7500
      endloop
   endfacet
   facet normal -1.0000 0.0000 0.0000
      outer loop
         vertex -9.4500 11.9973 2.7000
         vertex -9.4500 8.9000 2.7500
         vertex -9.4500 11.9973 2.7500
      endloop
   endfacet
   facet normal -0.9071 0.0000 -0.4210
      outer loop
         vertex -9.4701 8.9000 2.8250
         vertex -9.4701 11.9734 2.8250
         vertex -9.4500 11.9973 2.7500
      endloop
   endfacet
   facet normal -0.9405 0.0000 -0.3399
      outer loop
         vertex -9.4701 8.9000 2.8250
         vertex -9.4500 11.9973 2.7500
         vertex -9.4500 8.9000 2.7500
      endloop
   endfacet
   facet normal 0.3399 -0.9405 0.0000
      outer loop
         vertex -6.3759 1.1799 0.0000
         vertex -6.3009 1.2000 0.0000
         vertex -6.3009 1.2000 2.8500
      endloop
   endfacet
   facet normal 0.4210 -0.9071 0.0000
      outer loop
         vertex -6.3759 1.1799 0.0000
         vertex -6.3009 1.2000 2.8500
         vertex -6.3759 1.1799 2.8500
      endloop
   endfacet
   facet normal 0.0000 -1.0000 0.0000
      outer loop
         vertex -4.2500 1.2000 0.0000
         vertex -4.7500 1.2000 0.5600
         vertex -6.3009 1.2000 0.0000
      endloop
   endfacet
   facet normal 0.0000 -1.0000 0.0000
      outer loop
         vertex -6.3009 1.2000 0.0000
         vertex -4.7500 1.2000 0.5600
         vertex -5.2500 1.2000 0.5600
      endloop
   endfacet
   facet normal 0.0000 -1.0000 0.0000
      outer loop
         vertex -6.3009 1.2000 0.0000
         vertex -5.2500 1.2000 0.5600
         vertex -6.3009 1.2000 2.8500
      endloop
   endfacet
   facet normal 0.0000 -1.0000 0.0000
      outer loop
         vertex -6.3009 1.2000 2.8500
         vertex -5.2500 1.2000 0.5600
         vertex -5.2500 1.2000 1.5600
      endloop
   endfacet
   facet normal 0.0000 -1.0000 0.0000
      outer loop
         vertex -6.3009 1.2000 2.8500
         vertex -5.2500 1.2000 1.5600
         vertex -4.2500 1.2000 2.8500
      endloop
   endfacet
   facet normal 0.0000 -1.0000 0.0000
      outer loop
         vertex -4.2500 1.2000 2.8500
         vertex -5.2500 1.2000 1.5600
         vertex -4.7500 1.2000 1.5600
      endloop
   endfacet
   facet normal 0.0000 -1.0000 0.0000
      outer loop
         vertex -4.2500 1.2000 2.8500
         vertex -4.7500 1.2000 1.5600
         vertex -4.7500 1.2000 0.5600
      endloop
   endfacet
   facet normal 0.0000 -1.0000 0.0000
      outer loop
         vertex -4.7500 1.2000 0.5600
         vertex -4.2500 1.2000 0.0000
         vertex -4.2500 1.2000 2.8500
      endloop
   endfacet
   facet normal -0.4210 -0.9071 0.0000
      outer loop
         vertex -4.2500 1.2000 0.0000
         vertex -4.2000 1.1866 0.0000
         vertex -4.2000 1.1866 2.8500
      endloop
   endfacet
   facet normal -0.3399 -0.9405 0.0000
      outer loop
         vertex -4.2500 1.2000 0.0000
         vertex -4.2000 1.1866 2.8500
         vertex -4.2500 1.2000 2.8500
      endloop
   endfacet
   facet normal -1.0000 0.0000 0.0000
      outer loop
         vertex -5.2500 1.2000 0.5600
         vertex -5.2500 -3.6000 0.5600
         vertex -5.2500 -3.6000 1.5600
      endloop
   endfacet
   facet normal -1.0000 0.0000 0.0000
      outer loop
         vertex -5.2500 1.2000 0.5600
         vertex -5.2500 -3.6000 1.5600
         vertex -5.2500 1.2000 1.5600
      endloop
   endfacet
   facet normal 1.0000 0.0000 0.0000
      outer loop
         vertex -4.7500 1.2000 1.5600
         vertex -4.7500 -3.6000 1.5600
         vertex -4.7500 -3.6000 0.5600
      endloop
   endfacet
   facet normal 1.0000 0.0000 0.0000
      outer loop
         vertex -4.7500 1.2000 1.5600
         vertex -4.7500 -3.6000 0.5600
         vertex -4.7500 1.2000 0.5600
      endloop
   endfacet
   facet normal 0.0000 0.0000 1.0000
      outer loop
         vertex -4.7500 -3.6000 1.5600
         vertex -4.7500 1.2000 1.5600
         vertex -5.2500 1.2000 1.5600
      endloop
   endfacet
   facet normal 0.0000 0.0000 1.0000
      outer loop
         vertex -4.7500 -3.6000 1.5600
         vertex -5.2500 1.2000 1.5600
         vertex -5.2500 -3.6000 1.5600
      endloop
   endfacet
   facet normal 0.0000 0.0000 -1.0000
      outer loop
         vertex -5.2500 -3.6000 0.5600
         vertex -5.2500 1.2000 0.5600
         vertex -4.7500 1.2000 0.5600
      endloop
   endfacet
   facet normal 0.0000 0.0000 -1.0000
      outer loop
         vertex -5.2500 -3.6000 0.5600
         vertex -4.7500 1.2000 0.5600
         vertex -4.7500 -3.6000 0.5600
      endloop
   endfacet
   facet normal 0.6394 -0.7689 0.0000
      outer loop
         vertex -6.4308 1.1250 0.0000
         vertex -6.3759 1.1799 0.0000
         vertex -6.3759 1.1799 2.8500
      endloop
   endfacet
   facet normal 0.7635 -0.6458 0.0000
      outer loop
         vertex -6.4308 1.1250 0.0000
         vertex -6.3759 1.1799 2.8500
         vertex -6.4308 1.1250 2.8500
      endloop
   endfacet
   facet normal -0.7672 -0.6414 0.0000
      outer loop
         vertex -4.2000 1.1866 0.0000
         vertex -4.1634 1.1500 0.0000
         vertex -4.1634 1.1500 2.8500
      endloop
   endfacet
   facet normal -0.6414 -0.7672 0.0000
      outer loop
         vertex -4.2000 1.1866 0.0000
         vertex -4.1634 1.1500 2.8500
         vertex -4.2000 1.1866 2.8500
      endloop
   endfacet
   facet normal -0.9352 -0.3541 0.0000
      outer loop
         vertex -8.9692 1.1250 0.0000
         vertex -8.9492 1.0554 0.0000
         vertex -8.9492 1.0554 2.8500
      endloop
   endfacet
   facet normal -0.9019 -0.4319 0.0000
      outer loop
         vertex -8.9692 1.1250 0.0000
         vertex -8.9492 1.0554 2.8500
         vertex -8.9692 1.1250 2.8500
      endloop
   endfacet
   facet normal -0.9019 -0.4319 0.0000
      outer loop
         vertex -8.9492 1.0554 0.0000
         vertex -8.7825 0.4750 0.0000
         vertex -8.7825 0.4750 2.8500
      endloop
   endfacet
   facet normal -0.9352 -0.3541 0.0000
      outer loop
         vertex -8.9492 1.0554 0.0000
         vertex -8.7825 0.4750 2.8500
         vertex -8.9492 1.0554 2.8500
      endloop
   endfacet
   facet normal -0.5269 -0.8499 0.0000
      outer loop
         vertex -8.3250 0.0175 0.0000
         vertex -8.2937 0.0000 0.0000
         vertex -8.2937 0.0000 2.8500
      endloop
   endfacet
   facet normal -0.5655 -0.8247 0.0000
      outer loop
         vertex -8.3250 0.0175 0.0000
         vertex -8.2937 0.0000 2.8500
         vertex -8.3250 0.0175 2.8500
      endloop
   endfacet
   facet normal -0.6393 -0.7689 0.0000
      outer loop
         vertex -8.4075 0.1000 0.0000
         vertex -8.3250 0.0175 0.0000
         vertex -8.3250 0.0175 2.8500
      endloop
   endfacet
   facet normal -0.7323 -0.6810 0.0000
      outer loop
         vertex -8.4075 0.1000 0.0000
         vertex -8.3250 0.0175 2.8500
         vertex -8.7825 0.4750 2.8500
      endloop
   endfacet
   facet normal -0.8148 -0.5798 0.0000
      outer loop
         vertex -8.4075 0.1000 0.0000
         vertex -8.7825 0.4750 2.8500
         vertex -8.7825 0.4750 0.0000
      endloop
   endfacet
   facet normal 1.0000 0.0000 0.0000
      outer loop
         vertex -9.8500 0.1000 0.0000
         vertex -9.8500 1.2000 0.0000
         vertex -9.8500 1.2000 2.8500
      endloop
   endfacet
   facet normal 1.0000 0.0000 0.0000
      outer loop
         vertex -9.8500 0.1000 0.0000
         vertex -9.8500 1.2000 2.8500
         vertex -9.8500 0.0000 2.8500
      endloop
   endfacet
   facet normal 1.0000 0.0000 0.0000
      outer loop
         vertex -9.8500 0.1000 0.0000
         vertex -9.8500 0.0000 2.8500
         vertex -9.8500 0.0000 0.0000
      endloop
   endfacet
   facet normal 0.0000 -1.0000 0.0000
      outer loop
         vertex -9.0991 1.2000 2.8500
         vertex -9.8500 1.2000 2.8500
         vertex -9.8500 1.2000 0.0000
      endloop
   endfacet
   facet normal 0.0000 -1.0000 0.0000
      outer loop
         vertex -9.0991 1.2000 2.8500
         vertex -9.8500 1.2000 0.0000
         vertex -9.0991 1.2000 0.0000
      endloop
   endfacet
   facet normal -0.4210 -0.9071 0.0000
      outer loop
         vertex -9.0991 1.2000 0.0000
         vertex -9.0241 1.1799 0.0000
         vertex -9.0241 1.1799 2.8500
      endloop
   endfacet
   facet normal -0.3399 -0.9405 0.0000
      outer loop
         vertex -9.0991 1.2000 0.0000
         vertex -9.0241 1.1799 2.8500
         vertex -9.0991 1.2000 2.8500
      endloop
   endfacet
   facet normal 0.0000 -1.0000 0.0000
      outer loop
         vertex -5.2500 -3.6000 12.0600
         vertex -5.2500 -3.6000 11.0600
         vertex -4.7500 -3.6000 11.0600
      endloop
   endfacet
   facet normal 0.0000 -1.0000 0.0000
      outer loop
         vertex -5.2500 -3.6000 12.0600
         vertex -4.7500 -3.6000 11.0600
         vertex -4.7500 -3.6000 12.0600
      endloop
   endfacet
   facet normal 0.0000 -1.0000 0.0000
      outer loop
         vertex -4.7500 -3.6000 4.0600
         vertex -4.7500 -3.6000 5.0600
         vertex -5.2500 -3.6000 5.0600
      endloop
   endfacet
   facet normal 0.0000 -1.0000 0.0000
      outer loop
         vertex -4.7500 -3.6000 4.0600
         vertex -5.2500 -3.6000 5.0600
         vertex -5.2500 -3.6000 4.0600
      endloop
   endfacet
   facet normal 0.0000 -1.0000 0.0000
      outer loop
         vertex -5.2500 -3.6000 1.5600
         vertex -5.2500 -3.6000 0.5600
         vertex -4.7500 -3.6000 0.5600
      endloop
   endfacet
   facet normal 0.0000 -1.0000 0.0000
      outer loop
         vertex -5.2500 -3.6000 1.5600
         vertex -4.7500 -3.6000 0.5600
         vertex -4.7500 -3.6000 1.5600
      endloop
   endfacet
   facet normal 0.0000 -1.0000 0.0000
      outer loop
         vertex -5.2500 -3.6000 8.5600
         vertex -5.2500 -3.6000 7.5600
         vertex -4.7500 -3.6000 7.5600
      endloop
   endfacet
   facet normal 0.0000 -1.0000 0.0000
      outer loop
         vertex -5.2500 -3.6000 8.5600
         vertex -4.7500 -3.6000 7.5600
         vertex -4.7500 -3.6000 8.5600
      endloop
   endfacet
   facet normal 0.0000 -1.0000 0.0000
      outer loop
         vertex -0.2500 -3.6000 12.0600
         vertex -0.2500 -3.6000 11.0600
         vertex 0.2500 -3.6000 11.0600
      endloop
   endfacet
   facet normal 0.0000 -1.0000 0.0000
      outer loop
         vertex -0.2500 -3.6000 12.0600
         vertex 0.2500 -3.6000 11.0600
         vertex 0.2500 -3.6000 12.0600
      endloop
   endfacet
   facet normal 0.0000 -1.0000 0.0000
      outer loop
         vertex 0.2500 -3.6000 4.0600
         vertex 0.2500 -3.6000 5.0600
         vertex -0.2500 -3.6000 5.0600
      endloop
   endfacet
   facet normal 0.0000 -1.0000 0.0000
      outer loop
         vertex 0.2500 -3.6000 4.0600
         vertex -0.2500 -3.6000 5.0600
         vertex -0.2500 -3.6000 4.0600
      endloop
   endfacet
   facet normal 0.0000 -1.0000 0.0000
      outer loop
         vertex -0.2500 -3.6000 1.5600
         vertex -0.2500 -3.6000 0.5600
         vertex 0.2500 -3.6000 0.5600
      endloop
   endfacet
   facet normal 0.0000 -1.0000 0.0000
      outer loop
         vertex -0.2500 -3.6000 1.5600
         vertex 0.2500 -3.6000 0.5600
         vertex 0.2500 -3.6000 1.5600
      endloop
   endfacet
   facet normal 0.0000 -1.0000 0.0000
      outer loop
         vertex -0.2500 -3.6000 8.5600
         vertex -0.2500 -3.6000 7.5600
         vertex 0.2500 -3.6000 7.5600
      endloop
   endfacet
   facet normal 0.0000 -1.0000 0.0000
      outer loop
         vertex -0.2500 -3.6000 8.5600
         vertex 0.2500 -3.6000 7.5600
         vertex 0.2500 -3.6000 8.5600
      endloop
   endfacet
   facet normal -0.7660 0.6428 0.0000
      outer loop
         vertex -8.6000 13.0103 13.2000
         vertex -9.4500 11.9973 13.2000
         vertex -7.4399 14.3928 14.0000
      endloop
   endfacet
   facet normal -0.7660 0.6428 0.0000
      outer loop
         vertex -7.4399 14.3928 14.0000
         vertex -9.4500 11.9973 13.2000
         vertex -9.4500 11.9973 13.2500
      endloop
   endfacet
   facet normal -0.7660 0.6428 0.0000
      outer loop
         vertex -7.4399 14.3928 14.0000
         vertex -9.4500 11.9973 13.2500
         vertex -9.4500 11.9973 13.9500
      endloop
   endfacet
   facet normal -0.7660 0.6428 0.0000
      outer loop
         vertex -9.4500 11.9973 13.9500
         vertex -9.4500 11.9973 13.2500
         vertex -9.4701 11.9734 13.3250
      endloop
   endfacet
   facet normal -0.7660 0.6428 0.0000
      outer loop
         vertex -9.4500 11.9973 13.9500
         vertex -9.4701 11.9734 13.3250
         vertex -9.4701 11.9734 13.8750
      endloop
   endfacet
   facet normal -0.7660 0.6428 0.0000
      outer loop
         vertex -9.4701 11.9734 13.8750
         vertex -9.4701 11.9734 13.3250
         vertex -9.5250 11.9079 13.3799
      endloop
   endfacet
   facet normal -0.7660 0.6428 0.0000
      outer loop
         vertex -9.4701 11.9734 13.8750
         vertex -9.5250 11.9079 13.3799
         vertex -9.5250 11.9079 13.8201
      endloop
   endfacet
   facet normal -0.7660 0.6428 0.0000
      outer loop
         vertex -9.5250 11.9079 13.8201
         vertex -9.5250 11.9079 13.3799
         vertex -9.6000 11.8186 13.4000
      endloop
   endfacet
   facet normal -0.7660 0.6428 0.0000
      outer loop
         vertex -9.5250 11.9079 13.8201
         vertex -9.6000 11.8186 13.4000
         vertex -9.6000 11.8186 13.8000
      endloop
   endfacet
   facet normal -0.7660 0.6428 0.0000
      outer loop
         vertex -9.6000 11.8186 13.8000
         vertex -9.6000 11.8186 13.4000
         vertex -9.7573 11.6311 13.4000
      endloop
   endfacet
   facet normal -0.7660 0.6428 0.0000
      outer loop
         vertex -9.6000 11.8186 13.8000
         vertex -9.7573 11.6311 13.4000
         vertex -9.7573 11.6311 13.8000
      endloop
   endfacet
   facet normal -0.7660 0.6428 0.0000
      outer loop
         vertex -9.7573 11.6311 13.8000
         vertex -9.7573 11.6311 13.4000
         vertex -9.8323 11.5417 13.3799
      endloop
   endfacet
   facet normal -0.7660 0.6428 0.0000
      outer loop
         vertex -9.7573 11.6311 13.8000
         vertex -9.8323 11.5417 13.3799
         vertex -9.8323 11.5417 13.8201
      endloop
   endfacet
   facet normal -0.7660 0.6428 0.0000
      outer loop
         vertex -9.8323 11.5417 13.8201
         vertex -9.8323 11.5417 13.3799
         vertex -9.8872 11.4763 13.3250
      endloop
   endfacet
   facet normal -0.7660 0.6428 0.0000
      outer loop
         vertex -9.8323 11.5417 13.8201
         vertex -9.8872 11.4763 13.3250
         vertex -9.8872 11.4763 13.8750
      endloop
   endfacet
   facet normal -0.7660 0.6428 0.0000
      outer loop
         vertex -9.8872 11.4763 13.8750
         vertex -9.8872 11.4763 13.3250
         vertex -9.8915 11.4712 13.3171
      endloop
   endfacet
   facet normal -0.7660 0.6428 0.0000
      outer loop
         vertex -9.8872 11.4763 13.8750
         vertex -9.8915 11.4712 13.3171
         vertex -9.8915 11.4712 13.8829
      endloop
   endfacet
   facet normal -0.7660 0.6428 0.0000
      outer loop
         vertex -9.8915 11.4712 13.8829
         vertex -9.8915 11.4712 13.3171
         vertex -9.9085 11.4508 13.2829
      endloop
   endfacet
   facet normal -0.7660 0.6428 0.0000
      outer loop
         vertex -9.8915 11.4712 13.8829
         vertex -9.9085 11.4508 13.2829
         vertex -9.9085 11.4508 13.9171
      endloop
   endfacet
   facet normal -0.7660 0.6428 0.0000
      outer loop
         vertex -9.9085 11.4508 13.9171
         vertex -9.9085 11.4508 13.2829
         vertex -9.9128 11.4458 13.2750
      endloop
   endfacet
   facet normal -0.7660 0.6428 0.0000
      outer loop
         vertex -9.9085 11.4508 13.9171
         vertex -9.9128 11.4458 13.2750
         vertex -9.9128 11.4458 13.9250
      endloop
   endfacet
   facet normal -0.7660 0.6428 0.0000
      outer loop
         vertex -9.9128 11.4458 13.9250
         vertex -9.9128 11.4458 13.2750
         vertex -9.9677 11.3803 13.2201
      endloop
   endfacet
   facet normal -0.7660 0.6428 0.0000
      outer loop
         vertex -9.9128 11.4458 13.9250
         vertex -9.9677 11.3803 13.2201
         vertex -9.9677 11.3803 13.9799
      endloop
   endfacet
   facet normal -0.7660 0.6428 0.0000
      outer loop
         vertex -9.9677 11.3803 13.9799
         vertex -9.9677 11.3803 13.2201
         vertex -10.0427 11.2910 13.2000
      endloop
   endfacet
   facet normal -0.7660 0.6428 0.0000
      outer loop
         vertex -9.9677 11.3803 13.9799
         vertex -10.0427 11.2910 13.2000
         vertex -10.0427 11.2910 14.0000
      endloop
   endfacet
   facet normal -0.7660 0.6428 0.0000
      outer loop
         vertex -10.0427 11.2910 14.0000
         vertex -10.0427 11.2910 13.2000
         vertex -10.0457 11.2874 13.2000
      endloop
   endfacet
   facet normal -0.7660 0.6428 0.0000
      outer loop
         vertex -10.0427 11.2910 14.0000
         vertex -10.0457 11.2874 13.2000
         vertex -10.0457 11.2874 14.0000
      endloop
   endfacet
   facet normal -0.7660 0.6428 0.0000
      outer loop
         vertex -10.0457 11.2874 14.0000
         vertex -10.0457 11.2874 13.2000
         vertex -10.1207 11.1980 13.2201
      endloop
   endfacet
   facet normal -0.7660 0.6428 0.0000
      outer loop
         vertex -10.0457 11.2874 14.0000
         vertex -10.1207 11.1980 13.2201
         vertex -10.1207 11.1980 13.9799
      endloop
   endfacet
   facet normal -0.7660 0.6428 0.0000
      outer loop
         vertex -10.1207 11.1980 13.9799
         vertex -10.1207 11.1980 13.2201
         vertex -10.1417 11.1730 13.2348
      endloop
   endfacet
   facet normal -0.7660 0.6428 0.0000
      outer loop
         vertex -10.1207 11.1980 13.9799
         vertex -10.1417 11.1730 13.2348
         vertex -10.1417 11.1730 13.9652
      endloop
   endfacet
   facet normal -0.7660 0.6428 0.0000
      outer loop
         vertex -10.1417 11.1730 13.9652
         vertex -10.1417 11.1730 13.2348
         vertex -10.3460 10.9295 13.4050
      endloop
   endfacet
   facet normal -0.7660 0.6428 0.0000
      outer loop
         vertex -10.1417 11.1730 13.9652
         vertex -10.3460 10.9295 13.4050
         vertex -10.3460 10.9295 13.7950
      endloop
   endfacet
   facet normal -0.7660 0.6428 0.0000
      outer loop
         vertex -10.3460 10.9295 13.7950
         vertex -10.3460 10.9295 13.4050
         vertex -10.3799 10.8891 13.4453
      endloop
   endfacet
   facet normal -0.7660 0.6428 0.0000
      outer loop
         vertex -10.3460 10.9295 13.7950
         vertex -10.3799 10.8891 13.4453
         vertex -10.3799 10.8891 13.7547
      endloop
   endfacet
   facet normal -0.7660 0.6428 0.0000
      outer loop
         vertex -10.3799 10.8891 13.7547
         vertex -10.3799 10.8891 13.4453
         vertex -10.4000 10.8652 13.5203
      endloop
   endfacet
   facet normal -0.7660 0.6428 0.0000
      outer loop
         vertex -10.3799 10.8891 13.7547
         vertex -10.4000 10.8652 13.5203
         vertex -10.4000 10.8652 13.6797
      endloop
   endfacet
   facet normal -0.7660 0.6428 0.0000
      outer loop
         vertex -8.6000 13.0103 9.7000
         vertex -9.4500 11.9973 9.7000
         vertex -8.6000 13.0103 10.5000
      endloop
   endfacet
   facet normal -0.7660 0.6428 0.0000
      outer loop
         vertex -8.6000 13.0103 10.5000
         vertex -9.4500 11.9973 9.7000
         vertex -9.4500 11.9973 9.7500
      endloop
   endfacet
   facet normal -0.7660 0.6428 0.0000
      outer loop
         vertex -8.6000 13.0103 10.5000
         vertex -9.4500 11.9973 9.7500
         vertex -9.4500 11.9973 10.4500
      endloop
   endfacet
   facet normal -0.7660 0.6428 0.0000
      outer loop
         vertex -9.4500 11.9973 10.4500
         vertex -9.4500 11.9973 9.7500
         vertex -9.4701 11.9734 9.8250
      endloop
   endfacet
   facet normal -0.7660 0.6428 0.0000
      outer loop
         vertex -9.4500 11.9973 10.4500
         vertex -9.4701 11.9734 9.8250
         vertex -9.4701 11.9734 10.3750
      endloop
   endfacet
   facet normal -0.7660 0.6428 0.0000
      outer loop
         vertex -9.4701 11.9734 10.3750
         vertex -9.4701 11.9734 9.8250
         vertex -9.5250 11.9079 9.8799
      endloop
   endfacet
   facet normal -0.7660 0.6428 0.0000
      outer loop
         vertex -9.4701 11.9734 10.3750
         vertex -9.5250 11.9079 9.8799
         vertex -9.5250 11.9079 10.3201
      endloop
   endfacet
   facet normal -0.7660 0.6428 0.0000
      outer loop
         vertex -9.5250 11.9079 10.3201
         vertex -9.5250 11.9079 9.8799
         vertex -9.6000 11.8186 9.9000
      endloop
   endfacet
   facet normal -0.7660 0.6428 0.0000
      outer loop
         vertex -9.5250 11.9079 10.3201
         vertex -9.6000 11.8186 9.9000
         vertex -9.6000 11.8186 10.3000
      endloop
   endfacet
   facet normal -0.7660 0.6428 0.0000
      outer loop
         vertex -9.6000 11.8186 10.3000
         vertex -9.6000 11.8186 9.9000
         vertex -9.7573 11.6311 9.9000
      endloop
   endfacet
   facet normal -0.7660 0.6428 0.0000
      outer loop
         vertex -9.6000 11.8186 10.3000
         vertex -9.7573 11.6311 9.9000
         vertex -9.7573 11.6311 10.3000
      endloop
   endfacet
   facet normal -0.7660 0.6428 0.0000
      outer loop
         vertex -9.7573 11.6311 10.3000
         vertex -9.7573 11.6311 9.9000
         vertex -9.8323 11.5417 9.8799
      endloop
   endfacet
   facet normal -0.7660 0.6428 0.0000
      outer loop
         vertex -9.7573 11.6311 10.3000
         vertex -9.8323 11.5417 9.8799
         vertex -9.8323 11.5417 10.3201
      endloop
   endfacet
   facet normal -0.7660 0.6428 0.0000
      outer loop
         vertex -9.8323 11.5417 10.3201
         vertex -9.8323 11.5417 9.8799
         vertex -9.8872 11.4763 9.8250
      endloop
   endfacet
   facet normal -0.7660 0.6428 0.0000
      outer loop
         vertex -9.8323 11.5417 10.3201
         vertex -9.8872 11.4763 9.8250
         vertex -9.8872 11.4763 10.3750
      endloop
   endfacet
   facet normal -0.7660 0.6428 0.0000
      outer loop
         vertex -9.8872 11.4763 10.3750
         vertex -9.8872 11.4763 9.8250
         vertex -9.8915 11.4712 9.8171
      endloop
   endfacet
   facet normal -0.7660 0.6428 0.0000
      outer loop
         vertex -9.8872 11.4763 10.3750
         vertex -9.8915 11.4712 9.8171
         vertex -9.8915 11.4712 10.3829
      endloop
   endfacet
   facet normal -0.7660 0.6428 0.0000
      outer loop
         vertex -9.8915 11.4712 10.3829
         vertex -9.8915 11.4712 9.8171
         vertex -9.9085 11.4508 9.7829
      endloop
   endfacet
   facet normal -0.7660 0.6428 0.0000
      outer loop
         vertex -9.8915 11.4712 10.3829
         vertex -9.9085 11.4508 9.7829
         vertex -9.9085 11.4508 10.4171
      endloop
   endfacet
   facet normal -0.7660 0.6428 0.0000
      outer loop
         vertex -9.9085 11.4508 10.4171
         vertex -9.9085 11.4508 9.7829
         vertex -9.9128 11.4458 9.7750
      endloop
   endfacet
   facet normal -0.7660 0.6428 0.0000
      outer loop
         vertex -9.9085 11.4508 10.4171
         vertex -9.9128 11.4458 9.7750
         vertex -9.9128 11.4458 10.4250
      endloop
   endfacet
   facet normal -0.7660 0.6428 0.0000
      outer loop
         vertex -9.9128 11.4458 10.4250
         vertex -9.9128 11.4458 9.7750
         vertex -9.9677 11.3803 9.7201
      endloop
   endfacet
   facet normal -0.7660 0.6428 0.0000
      outer loop
         vertex -9.9128 11.4458 10.4250
         vertex -9.9677 11.3803 9.7201
         vertex -9.9677 11.3803 10.4799
      endloop
   endfacet
   facet normal -0.7660 0.6428 0.0000
      outer loop
         vertex -9.9677 11.3803 10.4799
         vertex -9.9677 11.3803 9.7201
         vertex -10.0427 11.2910 9.7000
      endloop
   endfacet
   facet normal -0.7660 0.6428 0.0000
      outer loop
         vertex -9.9677 11.3803 10.4799
         vertex -10.0427 11.2910 9.7000
         vertex -10.0427 11.2910 10.5000
      endloop
   endfacet
   facet normal -0.7660 0.6428 0.0000
      outer loop
         vertex -10.0427 11.2910 10.5000
         vertex -10.0427 11.2910 9.7000
         vertex -10.0457 11.2874 9.7000
      endloop
   endfacet
   facet normal -0.7660 0.6428 0.0000
      outer loop
         vertex -10.0427 11.2910 10.5000
         vertex -10.0457 11.2874 9.7000
         vertex -10.0457 11.2874 10.5000
      endloop
   endfacet
   facet normal -0.7660 0.6428 0.0000
      outer loop
         vertex -10.0457 11.2874 10.5000
         vertex -10.0457 11.2874 9.7000
         vertex -10.1207 11.1980 9.7201
      endloop
   endfacet
   facet normal -0.7660 0.6428 0.0000
      outer loop
         vertex -10.0457 11.2874 10.5000
         vertex -10.1207 11.1980 9.7201
         vertex -10.1207 11.1980 10.4799
      endloop
   endfacet
   facet normal -0.7660 0.6428 0.0000
      outer loop
         vertex -10.1207 11.1980 10.4799
         vertex -10.1207 11.1980 9.7201
         vertex -10.1417 11.1730 9.7348
      endloop
   endfacet
   facet normal -0.7660 0.6428 0.0000
      outer loop
         vertex -10.1207 11.1980 10.4799
         vertex -10.1417 11.1730 9.7348
         vertex -10.1417 11.1730 10.4652
      endloop
   endfacet
   facet normal -0.7660 0.6428 0.0000
      outer loop
         vertex -10.1417 11.1730 10.4652
         vertex -10.1417 11.1730 9.7348
         vertex -10.3460 10.9295 9.9050
      endloop
   endfacet
   facet normal -0.7660 0.6428 0.0000
      outer loop
         vertex -10.1417 11.1730 10.4652
         vertex -10.3460 10.9295 9.9050
         vertex -10.3460 10.9295 10.2950
      endloop
   endfacet
   facet normal -0.7660 0.6428 0.0000
      outer loop
         vertex -10.3460 10.9295 10.2950
         vertex -10.3460 10.9295 9.9050
         vertex -10.3799 10.8891 9.9453
      endloop
   endfacet
   facet normal -0.7660 0.6428 0.0000
      outer loop
         vertex -10.3460 10.9295 10.2950
         vertex -10.3799 10.8891 9.9453
         vertex -10.3799 10.8891 10.2547
      endloop
   endfacet
   facet normal -0.7660 0.6428 0.0000
      outer loop
         vertex -10.3799 10.8891 10.2547
         vertex -10.3799 10.8891 9.9453
         vertex -10.4000 10.8652 10.0203
      endloop
   endfacet
   facet normal -0.7660 0.6428 0.0000
      outer loop
         vertex -10.3799 10.8891 10.2547
         vertex -10.4000 10.8652 10.0203
         vertex -10.4000 10.8652 10.1797
      endloop
   endfacet
   facet normal -0.7660 0.6428 0.0000
      outer loop
         vertex -8.6000 13.0103 6.2000
         vertex -9.4500 11.9973 6.2000
         vertex -8.6000 13.0103 7.0000
      endloop
   endfacet
   facet normal -0.7660 0.6428 0.0000
      outer loop
         vertex -8.6000 13.0103 7.0000
         vertex -9.4500 11.9973 6.2000
         vertex -9.4500 11.9973 6.2500
      endloop
   endfacet
   facet normal -0.7660 0.6428 0.0000
      outer loop
         vertex -8.6000 13.0103 7.0000
         vertex -9.4500 11.9973 6.2500
         vertex -9.4500 11.9973 6.9500
      endloop
   endfacet
   facet normal -0.7660 0.6428 0.0000
      outer loop
         vertex -9.4500 11.9973 6.9500
         vertex -9.4500 11.9973 6.2500
         vertex -9.4701 11.9734 6.3250
      endloop
   endfacet
   facet normal -0.7660 0.6428 0.0000
      outer loop
         vertex -9.4500 11.9973 6.9500
         vertex -9.4701 11.9734 6.3250
         vertex -9.4701 11.9734 6.8750
      endloop
   endfacet
   facet normal -0.7660 0.6428 0.0000
      outer loop
         vertex -9.4701 11.9734 6.8750
         vertex -9.4701 11.9734 6.3250
         vertex -9.5250 11.9079 6.3799
      endloop
   endfacet
   facet normal -0.7660 0.6428 0.0000
      outer loop
         vertex -9.4701 11.9734 6.8750
         vertex -9.5250 11.9079 6.3799
         vertex -9.5250 11.9079 6.8201
      endloop
   endfacet
   facet normal -0.7660 0.6428 0.0000
      outer loop
         vertex -9.5250 11.9079 6.8201
         vertex -9.5250 11.9079 6.3799
         vertex -9.6000 11.8186 6.4000
      endloop
   endfacet
   facet normal -0.7660 0.6428 0.0000
      outer loop
         vertex -9.5250 11.9079 6.8201
         vertex -9.6000 11.8186 6.4000
         vertex -9.6000 11.8186 6.8000
      endloop
   endfacet
   facet normal -0.7660 0.6428 0.0000
      outer loop
         vertex -9.6000 11.8186 6.8000
         vertex -9.6000 11.8186 6.4000
         vertex -9.7573 11.6311 6.4000
      endloop
   endfacet
   facet normal -0.7660 0.6428 0.0000
      outer loop
         vertex -9.6000 11.8186 6.8000
         vertex -9.7573 11.6311 6.4000
         vertex -9.7573 11.6311 6.8000
      endloop
   endfacet
   facet normal -0.7660 0.6428 0.0000
      outer loop
         vertex -9.7573 11.6311 6.8000
         vertex -9.7573 11.6311 6.4000
         vertex -9.8323 11.5417 6.3799
      endloop
   endfacet
   facet normal -0.7660 0.6428 0.0000
      outer loop
         vertex -9.7573 11.6311 6.8000
         vertex -9.8323 11.5417 6.3799
         vertex -9.8323 11.5417 6.8201
      endloop
   endfacet
   facet normal -0.7660 0.6428 0.0000
      outer loop
         vertex -9.8323 11.5417 6.8201
         vertex -9.8323 11.5417 6.3799
         vertex -9.8872 11.4763 6.3250
      endloop
   endfacet
   facet normal -0.7660 0.6428 0.0000
      outer loop
         vertex -9.8323 11.5417 6.8201
         vertex -9.8872 11.4763 6.3250
         vertex -9.8872 11.4763 6.8750
      endloop
   endfacet
   facet normal -0.7660 0.6428 0.0000
      outer loop
         vertex -9.8872 11.4763 6.8750
         vertex -9.8872 11.4763 6.3250
         vertex -9.8915 11.4712 6.3171
      endloop
   endfacet
   facet normal -0.7660 0.6428 0.0000
      outer loop
         vertex -9.8872 11.4763 6.8750
         vertex -9.8915 11.4712 6.3171
         vertex -9.8915 11.4712 6.8829
      endloop
   endfacet
   facet normal -0.7660 0.6428 0.0000
      outer loop
         vertex -9.8915 11.4712 6.8829
         vertex -9.8915 11.4712 6.3171
         vertex -9.9085 11.4508 6.2829
      endloop
   endfacet
   facet normal -0.7660 0.6428 0.0000
      outer loop
         vertex -9.8915 11.4712 6.8829
         vertex -9.9085 11.4508 6.2829
         vertex -9.9085 11.4508 6.9171
      endloop
   endfacet
   facet normal -0.7660 0.6428 0.0000
      outer loop
         vertex -9.9085 11.4508 6.9171
         vertex -9.9085 11.4508 6.2829
         vertex -9.9128 11.4458 6.2750
      endloop
   endfacet
   facet normal -0.7660 0.6428 0.0000
      outer loop
         vertex -9.9085 11.4508 6.9171
         vertex -9.9128 11.4458 6.2750
         vertex -9.9128 11.4458 6.9250
      endloop
   endfacet
   facet normal -0.7660 0.6428 0.0000
      outer loop
         vertex -9.9128 11.4458 6.9250
         vertex -9.9128 11.4458 6.2750
         vertex -9.9677 11.3803 6.2201
      endloop
   endfacet
   facet normal -0.7660 0.6428 0.0000
      outer loop
         vertex -9.9128 11.4458 6.9250
         vertex -9.9677 11.3803 6.2201
         vertex -9.9677 11.3803 6.9799
      endloop
   endfacet
   facet normal -0.7660 0.6428 0.0000
      outer loop
         vertex -9.9677 11.3803 6.9799
         vertex -9.9677 11.3803 6.2201
         vertex -10.0427 11.2910 6.2000
      endloop
   endfacet
   facet normal -0.7660 0.6428 0.0000
      outer loop
         vertex -9.9677 11.3803 6.9799
         vertex -10.0427 11.2910 6.2000
         vertex -10.0427 11.2910 7.0000
      endloop
   endfacet
   facet normal -0.7660 0.6428 0.0000
      outer loop
         vertex -10.0427 11.2910 7.0000
         vertex -10.0427 11.2910 6.2000
         vertex -10.0457 11.2874 6.2000
      endloop
   endfacet
   facet normal -0.7660 0.6428 0.0000
      outer loop
         vertex -10.0427 11.2910 7.0000
         vertex -10.0457 11.2874 6.2000
         vertex -10.0457 11.2874 7.0000
      endloop
   endfacet
   facet normal -0.7660 0.6428 0.0000
      outer loop
         vertex -10.0457 11.2874 7.0000
         vertex -10.0457 11.2874 6.2000
         vertex -10.1207 11.1980 6.2201
      endloop
   endfacet
   facet normal -0.7660 0.6428 0.0000
      outer loop
         vertex -10.0457 11.2874 7.0000
         vertex -10.1207 11.1980 6.2201
         vertex -10.1207 11.1980 6.9799
      endloop
   endfacet
   facet normal -0.7660 0.6428 0.0000
      outer loop
         vertex -10.1207 11.1980 6.9799
         vertex -10.1207 11.1980 6.2201
         vertex -10.1417 11.1730 6.2348
      endloop
   endfacet
   facet normal -0.7660 0.6428 0.0000
      outer loop
         vertex -10.1207 11.1980 6.9799
         vertex -10.1417 11.1730 6.2348
         vertex -10.1417 11.1730 6.9652
      endloop
   endfacet
   facet normal -0.7660 0.6428 0.0000
      outer loop
         vertex -10.1417 11.1730 6.9652
         vertex -10.1417 11.1730 6.2348
         vertex -10.3460 10.9295 6.4050
      endloop
   endfacet
   facet normal -0.7660 0.6428 0.0000
      outer loop
         vertex -10.1417 11.1730 6.9652
         vertex -10.3460 10.9295 6.4050
         vertex -10.3460 10.9295 6.7950
      endloop
   endfacet
   facet normal -0.7660 0.6428 0.0000
      outer loop
         vertex -10.3460 10.9295 6.7950
         vertex -10.3460 10.9295 6.4050
         vertex -10.3799 10.8891 6.4453
      endloop
   endfacet
   facet normal -0.7660 0.6428 0.0000
      outer loop
         vertex -10.3460 10.9295 6.7950
         vertex -10.3799 10.8891 6.4453
         vertex -10.3799 10.8891 6.7547
      endloop
   endfacet
   facet normal -0.7660 0.6428 0.0000
      outer loop
         vertex -10.3799 10.8891 6.7547
         vertex -10.3799 10.8891 6.4453
         vertex -10.4000 10.8652 6.5203
      endloop
   endfacet
   facet normal -0.7660 0.6428 0.0000
      outer loop
         vertex -10.3799 10.8891 6.7547
         vertex -10.4000 10.8652 6.5203
         vertex -10.4000 10.8652 6.6797
      endloop
   endfacet
   facet normal -0.7660 0.6428 0.0000
      outer loop
         vertex -8.6000 13.0103 2.7000
         vertex -9.4500 11.9973 2.7000
         vertex -8.6000 13.0103 3.5000
      endloop
   endfacet
   facet normal -0.7660 0.6428 0.0000
      outer loop
         vertex -8.6000 13.0103 3.5000
         vertex -9.4500 11.9973 2.7000
         vertex -9.4500 11.9973 2.7500
      endloop
   endfacet
   facet normal -0.7660 0.6428 0.0000
      outer loop
         vertex -8.6000 13.0103 3.5000
         vertex -9.4500 11.9973 2.7500
         vertex -9.4500 11.9973 3.4500
      endloop
   endfacet
   facet normal -0.7660 0.6428 0.0000
      outer loop
         vertex -9.4500 11.9973 3.4500
         vertex -9.4500 11.9973 2.7500
         vertex -9.4701 11.9734 2.8250
      endloop
   endfacet
   facet normal -0.7660 0.6428 0.0000
      outer loop
         vertex -9.4500 11.9973 3.4500
         vertex -9.4701 11.9734 2.8250
         vertex -9.4701 11.9734 3.3750
      endloop
   endfacet
   facet normal -0.7660 0.6428 0.0000
      outer loop
         vertex -9.4701 11.9734 3.3750
         vertex -9.4701 11.9734 2.8250
         vertex -9.5250 11.9079 2.8799
      endloop
   endfacet
   facet normal -0.7660 0.6428 0.0000
      outer loop
         vertex -9.4701 11.9734 3.3750
         vertex -9.5250 11.9079 2.8799
         vertex -9.5250 11.9079 3.3201
      endloop
   endfacet
   facet normal -0.7660 0.6428 0.0000
      outer loop
         vertex -9.5250 11.9079 3.3201
         vertex -9.5250 11.9079 2.8799
         vertex -9.6000 11.8186 2.9000
      endloop
   endfacet
   facet normal -0.7660 0.6428 0.0000
      outer loop
         vertex -9.5250 11.9079 3.3201
         vertex -9.6000 11.8186 2.9000
         vertex -9.6000 11.8186 3.3000
      endloop
   endfacet
   facet normal -0.7660 0.6428 0.0000
      outer loop
         vertex -9.6000 11.8186 3.3000
         vertex -9.6000 11.8186 2.9000
         vertex -9.7573 11.6311 2.9000
      endloop
   endfacet
   facet normal -0.7660 0.6428 0.0000
      outer loop
         vertex -9.6000 11.8186 3.3000
         vertex -9.7573 11.6311 2.9000
         vertex -9.7573 11.6311 3.3000
      endloop
   endfacet
   facet normal -0.7660 0.6428 0.0000
      outer loop
         vertex -9.7573 11.6311 3.3000
         vertex -9.7573 11.6311 2.9000
         vertex -9.8323 11.5417 2.8799
      endloop
   endfacet
   facet normal -0.7660 0.6428 0.0000
      outer loop
         vertex -9.7573 11.6311 3.3000
         vertex -9.8323 11.5417 2.8799
         vertex -9.8323 11.5417 3.3201
      endloop
   endfacet
   facet normal -0.7660 0.6428 0.0000
      outer loop
         vertex -9.8323 11.5417 3.3201
         vertex -9.8323 11.5417 2.8799
         vertex -9.8872 11.4763 2.8250
      endloop
   endfacet
   facet normal -0.7660 0.6428 0.0000
      outer loop
         vertex -9.8323 11.5417 3.3201
         vertex -9.8872 11.4763 2.8250
         vertex -9.8872 11.4763 3.3750
      endloop
   endfacet
   facet normal -0.7660 0.6428 0.0000
      outer loop
         vertex -9.8872 11.4763 3.3750
         vertex -9.8872 11.4763 2.8250
         vertex -9.8915 11.4712 2.8171
      endloop
   endfacet
   facet normal -0.7660 0.6428 0.0000
      outer loop
         vertex -9.8872 11.4763 3.3750
         vertex -9.8915 11.4712 2.8171
         vertex -9.8915 11.4712 3.3829
      endloop
   endfacet
   facet normal -0.7660 0.6428 0.0000
      outer loop
         vertex -9.8915 11.4712 3.3829
         vertex -9.8915 11.4712 2.8171
         vertex -9.9085 11.4508 2.7829
      endloop
   endfacet
   facet normal -0.7660 0.6428 0.0000
      outer loop
         vertex -9.8915 11.4712 3.3829
         vertex -9.9085 11.4508 2.7829
         vertex -9.9085 11.4508 3.4171
      endloop
   endfacet
   facet normal -0.7660 0.6428 0.0000
      outer loop
         vertex -9.9085 11.4508 3.4171
         vertex -9.9085 11.4508 2.7829
         vertex -9.9128 11.4458 2.7750
      endloop
   endfacet
   facet normal -0.7660 0.6428 0.0000
      outer loop
         vertex -9.9085 11.4508 3.4171
         vertex -9.9128 11.4458 2.7750
         vertex -9.9128 11.4458 3.4250
      endloop
   endfacet
   facet normal -0.7660 0.6428 0.0000
      outer loop
         vertex -9.9128 11.4458 3.4250
         vertex -9.9128 11.4458 2.7750
         vertex -9.9677 11.3803 2.7201
      endloop
   endfacet
   facet normal -0.7660 0.6428 0.0000
      outer loop
         vertex -9.9128 11.4458 3.4250
         vertex -9.9677 11.3803 2.7201
         vertex -9.9677 11.3803 3.4799
      endloop
   endfacet
   facet normal -0.7660 0.6428 0.0000
      outer loop
         vertex -9.9677 11.3803 3.4799
         vertex -9.9677 11.3803 2.7201
         vertex -10.0427 11.2910 2.7000
      endloop
   endfacet
   facet normal -0.7660 0.6428 0.0000
      outer loop
         vertex -9.9677 11.3803 3.4799
         vertex -10.0427 11.2910 2.7000
         vertex -10.0427 11.2910 3.5000
      endloop
   endfacet
   facet normal -0.7660 0.6428 0.0000
      outer loop
         vertex -10.0427 11.2910 3.5000
         vertex -10.0427 11.2910 2.7000
         vertex -10.0457 11.2874 2.7000
      endloop
   endfacet
   facet normal -0.7660 0.6428 0.0000
      outer loop
         vertex -10.0427 11.2910 3.5000
         vertex -10.0457 11.2874 2.7000
         vertex -10.0457 11.2874 3.5000
      endloop
   endfacet
   facet normal -0.7660 0.6428 0.0000
      outer loop
         vertex -10.0457 11.2874 3.5000
         vertex -10.0457 11.2874 2.7000
         vertex -10.1207 11.1980 2.7201
      endloop
   endfacet
   facet normal -0.7660 0.6428 0.0000
      outer loop
         vertex -10.0457 11.2874 3.5000
         vertex -10.1207 11.1980 2.7201
         vertex -10.1207 11.1980 3.4799
      endloop
   endfacet
   facet normal -0.7660 0.6428 0.0000
      outer loop
         vertex -10.1207 11.1980 3.4799
         vertex -10.1207 11.1980 2.7201
         vertex -10.1417 11.1730 2.7348
      endloop
   endfacet
   facet normal -0.7660 0.6428 0.0000
      outer loop
         vertex -10.1207 11.1980 3.4799
         vertex -10.1417 11.1730 2.7348
         vertex -10.1417 11.1730 3.4652
      endloop
   endfacet
   facet normal -0.7660 0.6428 0.0000
      outer loop
         vertex -10.1417 11.1730 3.4652
         vertex -10.1417 11.1730 2.7348
         vertex -10.3460 10.9295 2.9050
      endloop
   endfacet
   facet normal -0.7660 0.6428 0.0000
      outer loop
         vertex -10.1417 11.1730 3.4652
         vertex -10.3460 10.9295 2.9050
         vertex -10.3460 10.9295 3.2950
      endloop
   endfacet
   facet normal -0.7660 0.6428 0.0000
      outer loop
         vertex -10.3460 10.9295 3.2950
         vertex -10.3460 10.9295 2.9050
         vertex -10.3799 10.8891 2.9453
      endloop
   endfacet
   facet normal -0.7660 0.6428 0.0000
      outer loop
         vertex -10.3460 10.9295 3.2950
         vertex -10.3799 10.8891 2.9453
         vertex -10.3799 10.8891 3.2547
      endloop
   endfacet
   facet normal -0.7660 0.6428 0.0000
      outer loop
         vertex -10.3799 10.8891 3.2547
         vertex -10.3799 10.8891 2.9453
         vertex -10.4000 10.8652 3.0203
      endloop
   endfacet
   facet normal -0.7660 0.6428 0.0000
      outer loop
         vertex -10.3799 10.8891 3.2547
         vertex -10.4000 10.8652 3.0203
         vertex -10.4000 10.8652 3.1797
      endloop
   endfacet
   facet normal -0.7660 0.6428 0.0000
      outer loop
         vertex -7.4399 14.3928 14.0000
         vertex -7.4399 14.3928 0.0000
         vertex -8.6000 13.0103 0.0000
      endloop
   endfacet
   facet normal -0.7660 0.6428 0.0000
      outer loop
         vertex -7.4399 14.3928 14.0000
         vertex -8.6000 13.0103 0.0000
         vertex -8.6000 13.0103 2.7000
      endloop
   endfacet
   facet normal -0.7660 0.6428 0.0000
      outer loop
         vertex -7.4399 14.3928 14.0000
         vertex -8.6000 13.0103 2.7000
         vertex -8.6000 13.0103 3.5000
      endloop
   endfacet
   facet normal -0.7660 0.6428 0.0000
      outer loop
         vertex -7.4399 14.3928 14.0000
         vertex -8.6000 13.0103 3.5000
         vertex -8.6000 13.0103 6.2000
      endloop
   endfacet
   facet normal -0.7660 0.6428 0.0000
      outer loop
         vertex -7.4399 14.3928 14.0000
         vertex -8.6000 13.0103 6.2000
         vertex -8.6000 13.0103 7.0000
      endloop
   endfacet
   facet normal -0.7660 0.6428 0.0000
      outer loop
         vertex -7.4399 14.3928 14.0000
         vertex -8.6000 13.0103 7.0000
         vertex -8.6000 13.0103 9.7000
      endloop
   endfacet
   facet normal -0.7660 0.6428 0.0000
      outer loop
         vertex -7.4399 14.3928 14.0000
         vertex -8.6000 13.0103 9.7000
         vertex -8.6000 13.0103 10.5000
      endloop
   endfacet
   facet normal -0.7660 0.6428 0.0000
      outer loop
         vertex -7.4399 14.3928 14.0000
         vertex -8.6000 13.0103 10.5000
         vertex -8.6000 13.0103 13.2000
      endloop
   endfacet
   facet normal -0.7660 0.6428 0.0000
      outer loop
         vertex -7.4399 14.3928 14.0000
         vertex -9.4500 11.9973 13.9500
         vertex -9.4500 11.9973 14.0000
      endloop
   endfacet
   facet normal -0.7660 0.6428 0.0000
      outer loop
         vertex -8.6000 13.0103 3.5000
         vertex -9.4500 11.9973 3.4500
         vertex -9.4500 11.9973 3.5000
      endloop
   endfacet
   facet normal -0.7660 0.6428 0.0000
      outer loop
         vertex -8.6000 13.0103 7.0000
         vertex -9.4500 11.9973 6.9500
         vertex -9.4500 11.9973 7.0000
      endloop
   endfacet
   facet normal -0.7660 0.6428 0.0000
      outer loop
         vertex -8.6000 13.0103 10.5000
         vertex -9.4500 11.9973 10.4500
         vertex -9.4500 11.9973 10.5000
      endloop
   endfacet
   facet normal 0.6414 0.7672 0.0000
      outer loop
         vertex 2.2598 14.3500 0.0000
         vertex 2.1500 14.4598 0.0000
         vertex 2.1500 14.4598 14.0000
      endloop
   endfacet
   facet normal 0.7672 0.6414 0.0000
      outer loop
         vertex 2.2598 14.3500 0.0000
         vertex 2.1500 14.4598 14.0000
         vertex 2.2598 14.3500 14.0000
      endloop
   endfacet
   facet normal 0.9405 0.3399 0.0000
      outer loop
         vertex 2.3000 14.2000 14.0000
         vertex 2.3000 14.2000 0.0000
         vertex 2.2598 14.3500 0.0000
      endloop
   endfacet
   facet normal 0.9071 0.4210 0.0000
      outer loop
         vertex 2.3000 14.2000 14.0000
         vertex 2.2598 14.3500 0.0000
         vertex 2.2598 14.3500 14.0000
      endloop
   endfacet
   facet normal 1.0000 0.0000 0.0000
      outer loop
         vertex 2.3000 0.3000 0.0000
         vertex 2.3000 1.5000 0.0000
         vertex 2.3000 0.3000 14.0000
      endloop
   endfacet
   facet normal 1.0000 0.0000 0.0000
      outer loop
         vertex 2.3000 0.3000 14.0000
         vertex 2.3000 1.5000 0.0000
         vertex 2.3000 1.5000 2.8500
      endloop
   endfacet
   facet normal 1.0000 0.0000 0.0000
      outer loop
         vertex 2.3000 0.3000 14.0000
         vertex 2.3000 1.5000 2.8500
         vertex 2.3000 1.5000 3.5000
      endloop
   endfacet
   facet normal 1.0000 0.0000 0.0000
      outer loop
         vertex 2.3000 1.5000 3.5000
         vertex 2.3000 1.5000 2.8500
         vertex 2.3000 9.9825 2.8500
      endloop
   endfacet
   facet normal 1.0000 0.0000 0.0000
      outer loop
         vertex 2.3000 1.5000 3.5000
         vertex 2.3000 9.9825 2.8500
         vertex 2.3000 9.9825 3.5000
      endloop
   endfacet
   facet normal 1.0000 0.0000 0.0000
      outer loop
         vertex 2.3000 9.9825 3.5000
         vertex 2.3000 9.9825 2.8500
         vertex 2.3000 11.7175 0.0000
      endloop
   endfacet
   facet normal 1.0000 0.0000 0.0000
      outer loop
         vertex 2.3000 9.9825 3.5000
         vertex 2.3000 11.7175 0.0000
         vertex 2.3000 9.9825 6.3500
      endloop
   endfacet
   facet normal 1.0000 0.0000 0.0000
      outer loop
         vertex 2.3000 9.9825 6.3500
         vertex 2.3000 11.7175 0.0000
         vertex 2.3000 9.9825 7.0000
      endloop
   endfacet
   facet normal 1.0000 0.0000 0.0000
      outer loop
         vertex 2.3000 9.9825 6.3500
         vertex 2.3000 9.9825 7.0000
         vertex 2.3000 1.5000 7.0000
      endloop
   endfacet
   facet normal 1.0000 0.0000 0.0000
      outer loop
         vertex 2.3000 13.9000 7.0000
         vertex 2.3000 13.9000 6.3500
         vertex 2.3000 14.2000 0.0000
      endloop
   endfacet
   facet normal 1.0000 0.0000 0.0000
      outer loop
         vertex 2.3000 14.2000 0.0000
         vertex 2.3000 13.9000 6.3500
         vertex 2.3000 13.9000 3.5000
      endloop
   endfacet
   facet normal 1.0000 0.0000 0.0000
      outer loop
         vertex 2.3000 14.2000 0.0000
         vertex 2.3000 13.9000 3.5000
         vertex 2.3000 13.9000 2.8500
      endloop
   endfacet
   facet normal 1.0000 0.0000 0.0000
      outer loop
         vertex 2.3000 13.9000 2.8500
         vertex 2.3000 13.9000 3.5000
         vertex 2.3000 11.7175 3.5000
      endloop
   endfacet
   facet normal 1.0000 0.0000 0.0000
      outer loop
         vertex 2.3000 13.9000 2.8500
         vertex 2.3000 11.7175 3.5000
         vertex 2.3000 11.7175 2.8500
      endloop
   endfacet
   facet normal 1.0000 0.0000 0.0000
      outer loop
         vertex 2.3000 11.7175 2.8500
         vertex 2.3000 11.7175 3.5000
         vertex 2.3000 9.9825 13.3500
      endloop
   endfacet
   facet normal 1.0000 0.0000 0.0000
      outer loop
         vertex 2.3000 11.7175 2.8500
         vertex 2.3000 9.9825 13.3500
         vertex 2.3000 11.7175 0.0000
      endloop
   endfacet
   facet normal 1.0000 0.0000 0.0000
      outer loop
         vertex 2.3000 11.7175 0.0000
         vertex 2.3000 9.9825 13.3500
         vertex 2.3000 9.9825 10.5000
      endloop
   endfacet
   facet normal 1.0000 0.0000 0.0000
      outer loop
         vertex 2.3000 11.7175 0.0000
         vertex 2.3000 9.9825 10.5000
         vertex 2.3000 9.9825 9.8500
      endloop
   endfacet
   facet normal 1.0000 0.0000 0.0000
      outer loop
         vertex 2.3000 9.9825 9.8500
         vertex 2.3000 9.9825 10.5000
         vertex 2.3000 1.5000 10.5000
      endloop
   endfacet
   facet normal 1.0000 0.0000 0.0000
      outer loop
         vertex 2.3000 9.9825 9.8500
         vertex 2.3000 1.5000 10.5000
         vertex 2.3000 1.5000 9.8500
      endloop
   endfacet
   facet normal 1.0000 0.0000 0.0000
      outer loop
         vertex 2.3000 1.5000 9.8500
         vertex 2.3000 1.5000 10.5000
         vertex 2.3000 0.3000 14.0000
      endloop
   endfacet
   facet normal 1.0000 0.0000 0.0000
      outer loop
         vertex 2.3000 1.5000 9.8500
         vertex 2.3000 0.3000 14.0000
         vertex 2.3000 1.5000 7.0000
      endloop
   endfacet
   facet normal 1.0000 0.0000 0.0000
      outer loop
         vertex 2.3000 1.5000 7.0000
         vertex 2.3000 0.3000 14.0000
         vertex 2.3000 1.5000 6.3500
      endloop
   endfacet
   facet normal 1.0000 0.0000 0.0000
      outer loop
         vertex 2.3000 1.5000 7.0000
         vertex 2.3000 1.5000 6.3500
         vertex 2.3000 9.9825 6.3500
      endloop
   endfacet
   facet normal 1.0000 0.0000 0.0000
      outer loop
         vertex 2.3000 11.7175 7.0000
         vertex 2.3000 11.7175 9.8500
         vertex 2.3000 9.9825 13.3500
      endloop
   endfacet
   facet normal 1.0000 0.0000 0.0000
      outer loop
         vertex 2.3000 11.7175 7.0000
         vertex 2.3000 9.9825 13.3500
         vertex 2.3000 11.7175 6.3500
      endloop
   endfacet
   facet normal 1.0000 0.0000 0.0000
      outer loop
         vertex 2.3000 11.7175 7.0000
         vertex 2.3000 11.7175 6.3500
         vertex 2.3000 13.9000 6.3500
      endloop
   endfacet
   facet normal 1.0000 0.0000 0.0000
      outer loop
         vertex 2.3000 11.7175 7.0000
         vertex 2.3000 13.9000 6.3500
         vertex 2.3000 13.9000 7.0000
      endloop
   endfacet
   facet normal 1.0000 0.0000 0.0000
      outer loop
         vertex 2.3000 11.7175 10.5000
         vertex 2.3000 13.9000 9.8500
         vertex 2.3000 13.9000 10.5000
      endloop
   endfacet
   facet normal 1.0000 0.0000 0.0000
      outer loop
         vertex 2.3000 13.9000 10.5000
         vertex 2.3000 13.9000 9.8500
         vertex 2.3000 14.2000 0.0000
      endloop
   endfacet
   facet normal 1.0000 0.0000 0.0000
      outer loop
         vertex 2.3000 13.9000 10.5000
         vertex 2.3000 14.2000 0.0000
         vertex 2.3000 13.9000 13.3500
      endloop
   endfacet
   facet normal 1.0000 0.0000 0.0000
      outer loop
         vertex 2.3000 13.9000 13.3500
         vertex 2.3000 14.2000 0.0000
         vertex 2.3000 14.2000 14.0000
      endloop
   endfacet
   facet normal 1.0000 0.0000 0.0000
      outer loop
         vertex 2.3000 13.9000 13.3500
         vertex 2.3000 14.2000 14.0000
         vertex 2.3000 11.7175 13.3500
      endloop
   endfacet
   facet normal 1.0000 0.0000 0.0000
      outer loop
         vertex 2.3000 11.7175 13.3500
         vertex 2.3000 14.2000 14.0000
         vertex 2.3000 9.9825 13.3500
      endloop
   endfacet
   facet normal 1.0000 0.0000 0.0000
      outer loop
         vertex 2.3000 11.7175 13.3500
         vertex 2.3000 9.9825 13.3500
         vertex 2.3000 11.7175 10.5000
      endloop
   endfacet
   facet normal 1.0000 0.0000 0.0000
      outer loop
         vertex 2.3000 11.7175 10.5000
         vertex 2.3000 9.9825 13.3500
         vertex 2.3000 11.7175 9.8500
      endloop
   endfacet
   facet normal 1.0000 0.0000 0.0000
      outer loop
         vertex 2.3000 11.7175 10.5000
         vertex 2.3000 11.7175 9.8500
         vertex 2.3000 13.9000 9.8500
      endloop
   endfacet
   facet normal 1.0000 0.0000 0.0000
      outer loop
         vertex 2.3000 1.5000 13.3500
         vertex 2.3000 9.9825 13.3500
         vertex 2.3000 14.2000 14.0000
      endloop
   endfacet
   facet normal 1.0000 0.0000 0.0000
      outer loop
         vertex 2.3000 1.5000 13.3500
         vertex 2.3000 14.2000 14.0000
         vertex 2.3000 0.3000 14.0000
      endloop
   endfacet
   facet normal 1.0000 0.0000 0.0000
      outer loop
         vertex 2.3000 1.5000 13.3500
         vertex 2.3000 0.3000 14.0000
         vertex 2.3000 1.5000 10.5000
      endloop
   endfacet
   facet normal 1.0000 0.0000 0.0000
      outer loop
         vertex 2.3000 11.7175 0.0000
         vertex 2.3000 9.9825 2.8500
         vertex 2.3000 9.9825 0.0000
      endloop
   endfacet
   facet normal 1.0000 0.0000 0.0000
      outer loop
         vertex 2.3000 9.9825 7.0000
         vertex 2.3000 11.7175 0.0000
         vertex 2.3000 9.9825 9.8500
      endloop
   endfacet
   facet normal 1.0000 0.0000 0.0000
      outer loop
         vertex 2.3000 14.2000 0.0000
         vertex 2.3000 13.9000 2.8500
         vertex 2.3000 13.9000 0.0000
      endloop
   endfacet
   facet normal 1.0000 0.0000 0.0000
      outer loop
         vertex 2.3000 13.9000 7.0000
         vertex 2.3000 14.2000 0.0000
         vertex 2.3000 13.9000 9.8500
      endloop
   endfacet
   facet normal 1.0000 0.0000 0.0000
      outer loop
         vertex 2.3000 0.3000 14.0000
         vertex 2.3000 1.5000 3.5000
         vertex 2.3000 1.5000 6.3500
      endloop
   endfacet
   facet normal 1.0000 0.0000 0.0000
      outer loop
         vertex 2.3000 11.7175 6.3500
         vertex 2.3000 9.9825 13.3500
         vertex 2.3000 11.7175 3.5000
      endloop
   endfacet
   facet normal 0.0000 0.0000 -1.0000
      outer loop
         vertex 2.3000 13.9000 2.8500
         vertex 2.3000 11.7175 2.8500
         vertex 2.0250 11.9325 2.8500
      endloop
   endfacet
   facet normal 0.0000 0.0000 -1.0000
      outer loop
         vertex 2.3000 13.9000 2.8500
         vertex 2.0250 11.9325 2.8500
         vertex 1.4000 12.1000 2.8500
      endloop
   endfacet
   facet normal 0.0000 0.0000 -1.0000
      outer loop
         vertex 2.3000 13.9000 2.8500
         vertex 1.4000 12.1000 2.8500
         vertex 1.2661 12.0928 2.8500
      endloop
   endfacet
   facet normal 0.0000 0.0000 -1.0000
      outer loop
         vertex 2.3000 13.9000 2.8500
         vertex 1.2661 12.0928 2.8500
         vertex 1.2500 12.0919 2.8500
      endloop
   endfacet
   facet normal 0.0000 0.0000 -1.0000
      outer loop
         vertex 2.3000 13.9000 2.8500
         vertex 1.2500 12.0919 2.8500
         vertex 1.2500 13.9000 2.8500
      endloop
   endfacet
   facet normal 0.0000 0.0000 -1.0000
      outer loop
         vertex 1.1000 12.2419 2.8500
         vertex 1.1201 13.8250 2.8500
         vertex 1.1201 12.1669 2.8500
      endloop
   endfacet
   facet normal 0.0000 0.0000 -1.0000
      outer loop
         vertex 1.1201 12.1669 2.8500
         vertex 1.1201 13.8250 2.8500
         vertex 1.1750 13.8799 2.8500
      endloop
   endfacet
   facet normal 0.0000 0.0000 -1.0000
      outer loop
         vertex 1.1201 12.1669 2.8500
         vertex 1.1750 13.8799 2.8500
         vertex 1.1750 12.1120 2.8500
      endloop
   endfacet
   facet normal 0.0000 0.0000 -1.0000
      outer loop
         vertex 1.1750 12.1120 2.8500
         vertex 1.1750 13.8799 2.8500
         vertex 1.2500 13.9000 2.8500
      endloop
   endfacet
   facet normal 0.0000 0.0000 -1.0000
      outer loop
         vertex 1.1750 12.1120 2.8500
         vertex 1.2500 13.9000 2.8500
         vertex 1.2500 12.0919 2.8500
      endloop
   endfacet
   facet normal 0.0000 0.0000 -1.0000
      outer loop
         vertex 1.1201 13.8250 2.8500
         vertex 1.1000 12.2419 2.8500
         vertex 1.1000 13.7500 2.8500
      endloop
   endfacet
   facet normal 0.0000 0.0000 -1.0000
      outer loop
         vertex 2.3000 1.5000 2.8500
         vertex 2.2000 5.6325 2.8500
         vertex 2.3000 9.9825 2.8500
      endloop
   endfacet
   facet normal 0.0000 0.0000 -1.0000
      outer loop
         vertex 2.3000 9.9825 2.8500
         vertex 2.2000 5.6325 2.8500
         vertex 2.2000 7.3675 2.8500
      endloop
   endfacet
   facet normal 0.0000 0.0000 -1.0000
      outer loop
         vertex 2.3000 9.9825 2.8500
         vertex 2.2000 7.3675 2.8500
         vertex 2.0250 9.7675 2.8500
      endloop
   endfacet
   facet normal 0.0000 0.0000 -1.0000
      outer loop
         vertex 2.0250 9.7675 2.8500
         vertex 2.2000 7.3675 2.8500
         vertex 1.9250 7.5825 2.8500
      endloop
   endfacet
   facet normal 0.0000 0.0000 -1.0000
      outer loop
         vertex 2.0250 9.7675 2.8500
         vertex 1.9250 7.5825 2.8500
         vertex 1.4000 9.6000 2.8500
      endloop
   endfacet
   facet normal 0.0000 0.0000 -1.0000
      outer loop
         vertex 1.4000 9.6000 2.8500
         vertex 1.9250 7.5825 2.8500
         vertex 1.3000 7.7500 2.8500
      endloop
   endfacet
   facet normal 0.0000 0.0000 -1.0000
      outer loop
         vertex 1.4000 9.6000 2.8500
         vertex 1.3000 7.7500 2.8500
         vertex 1.2554 7.7492 2.8500
      endloop
   endfacet
   facet normal 0.0000 0.0000 -1.0000
      outer loop
         vertex 2.1660 2.0000 2.8500
         vertex 1.8000 2.3660 2.8500
         vertex 1.9250 5.4175 2.8500
      endloop
   endfacet
   facet normal 0.0000 0.0000 -1.0000
      outer loop
         vertex 2.1660 2.0000 2.8500
         vertex 1.9250 5.4175 2.8500
         vertex 2.2000 5.6325 2.8500
      endloop
   endfacet
   facet normal 0.0000 0.0000 -1.0000
      outer loop
         vertex 2.1660 2.0000 2.8500
         vertex 2.2000 5.6325 2.8500
         vertex 2.3000 1.5000 2.8500
      endloop
   endfacet
   facet normal 0.0000 0.0000 -1.0000
      outer loop
         vertex 1.1000 2.6489 2.8500
         vertex 1.1201 5.1759 2.8500
         vertex 1.1201 2.5739 2.8500
      endloop
   endfacet
   facet normal 0.0000 0.0000 -1.0000
      outer loop
         vertex 1.1201 2.5739 2.8500
         vertex 1.1201 5.1759 2.8500
         vertex 1.1750 5.2308 2.8500
      endloop
   endfacet
   facet normal 0.0000 0.0000 -1.0000
      outer loop
         vertex 1.1201 2.5739 2.8500
         vertex 1.1750 5.2308 2.8500
         vertex 1.1750 2.5190 2.8500
      endloop
   endfacet
   facet normal 0.0000 0.0000 -1.0000
      outer loop
         vertex 1.1750 2.5190 2.8500
         vertex 1.1750 5.2308 2.8500
         vertex 1.2500 5.2509 2.8500
      endloop
   endfacet
   facet normal 0.0000 0.0000 -1.0000
      outer loop
         vertex 1.1750 2.5190 2.8500
         vertex 1.2500 5.2509 2.8500
         vertex 1.2500 2.4989 2.8500
      endloop
   endfacet
   facet normal 0.0000 0.0000 -1.0000
      outer loop
         vertex 1.2500 2.4989 2.8500
         vertex 1.2500 5.2509 2.8500
         vertex 1.2554 5.2508 2.8500
      endloop
   endfacet
   facet normal 0.0000 0.0000 -1.0000
      outer loop
         vertex 1.2500 2.4989 2.8500
         vertex 1.2554 5.2508 2.8500
         vertex 1.2565 2.4991 2.8500
      endloop
   endfacet
   facet normal 0.0000 0.0000 -1.0000
      outer loop
         vertex 1.2565 2.4991 2.8500
         vertex 1.2554 5.2508 2.8500
         vertex 1.3000 5.2500 2.8500
      endloop
   endfacet
   facet normal 0.0000 0.0000 -1.0000
      outer loop
         vertex 1.2565 2.4991 2.8500
         vertex 1.3000 5.2500 2.8500
         vertex 1.3000 2.5000 2.8500
      endloop
   endfacet
   facet normal 0.0000 0.0000 -1.0000
      outer loop
         vertex 1.3000 2.5000 2.8500
         vertex 1.3000 5.2500 2.8500
         vertex 1.9250 5.4175 2.8500
      endloop
   endfacet
   facet normal 0.0000 0.0000 -1.0000
      outer loop
         vertex 1.3000 2.5000 2.8500
         vertex 1.9250 5.4175 2.8500
         vertex 1.8000 2.3660 2.8500
      endloop
   endfacet
   facet normal 0.0000 0.0000 -1.0000
      outer loop
         vertex 1.2500 7.7491 2.8500
         vertex 1.1750 7.7692 2.8500
         vertex 1.2000 9.6149 2.8500
      endloop
   endfacet
   facet normal 0.0000 0.0000 -1.0000
      outer loop
         vertex 1.2500 7.7491 2.8500
         vertex 1.2000 9.6149 2.8500
         vertex 1.2148 9.6138 2.8500
      endloop
   endfacet
   facet normal 0.0000 0.0000 -1.0000
      outer loop
         vertex 1.2500 7.7491 2.8500
         vertex 1.2148 9.6138 2.8500
         vertex 1.4000 9.6000 2.8500
      endloop
   endfacet
   facet normal 0.0000 0.0000 -1.0000
      outer loop
         vertex 1.2500 7.7491 2.8500
         vertex 1.4000 9.6000 2.8500
         vertex 1.2554 7.7492 2.8500
      endloop
   endfacet
   facet normal 0.0000 0.0000 -1.0000
      outer loop
         vertex 1.2000 9.6149 2.8500
         vertex 1.1750 7.7692 2.8500
         vertex 1.1500 9.6015 2.8500
      endloop
   endfacet
   facet normal 0.0000 0.0000 -1.0000
      outer loop
         vertex 1.1500 9.6015 2.8500
         vertex 1.1750 7.7692 2.8500
         vertex 1.1201 7.8241 2.8500
      endloop
   endfacet
   facet normal 0.0000 0.0000 -1.0000
      outer loop
         vertex 1.1500 9.6015 2.8500
         vertex 1.1201 7.8241 2.8500
         vertex 1.1134 9.5649 2.8500
      endloop
   endfacet
   facet normal 0.0000 0.0000 -1.0000
      outer loop
         vertex 1.1134 9.5649 2.8500
         vertex 1.1201 7.8241 2.8500
         vertex 1.1000 7.8991 2.8500
      endloop
   endfacet
   facet normal 0.0000 0.0000 -1.0000
      outer loop
         vertex 1.1134 9.5649 2.8500
         vertex 1.1000 7.8991 2.8500
         vertex 1.1000 9.5149 2.8500
      endloop
   endfacet
   facet normal 0.0000 0.0000 -1.0000
      outer loop
         vertex 1.1201 5.1759 2.8500
         vertex 1.1000 2.6489 2.8500
         vertex 1.1000 5.1009 2.8500
      endloop
   endfacet
   facet normal 0.0000 0.0000 1.0000
      outer loop
         vertex -2.1000 14.0000 3.5000
         vertex -2.1000 12.5000 3.5000
         vertex -0.1000 12.5000 3.5000
      endloop
   endfacet
   facet normal 0.0000 0.0000 1.0000
      outer loop
         vertex -2.1000 14.0000 3.5000
         vertex -0.1000 12.5000 3.5000
         vertex -0.1000 14.0000 3.5000
      endloop
   endfacet
   facet normal 0.0000 0.0000 1.0000
      outer loop
         vertex -2.1000 14.0000 3.5000
         vertex -0.1000 14.0000 3.5000
         vertex 0.1000 14.5000 3.5000
      endloop
   endfacet
   facet normal 0.0000 0.0000 1.0000
      outer loop
         vertex -2.1000 14.0000 3.5000
         vertex 0.1000 14.5000 3.5000
         vertex -2.3000 14.5000 3.5000
      endloop
   endfacet
   facet normal 0.0000 0.0000 1.0000
      outer loop
         vertex 2.3000 13.9000 3.5000
         vertex 1.2500 13.9000 3.5000
         vertex 1.2661 12.0928 3.5000
      endloop
   endfacet
   facet normal 0.0000 0.0000 1.0000
      outer loop
         vertex 2.3000 13.9000 3.5000
         vertex 1.2661 12.0928 3.5000
         vertex 1.4000 12.1000 3.5000
      endloop
   endfacet
   facet normal 0.0000 0.0000 1.0000
      outer loop
         vertex 2.3000 13.9000 3.5000
         vertex 1.4000 12.1000 3.5000
         vertex 2.0250 11.9325 3.5000
      endloop
   endfacet
   facet normal 0.0000 0.0000 1.0000
      outer loop
         vertex 2.3000 13.9000 3.5000
         vertex 2.0250 11.9325 3.5000
         vertex 2.3000 11.7175 3.5000
      endloop
   endfacet
   facet normal 0.0000 0.0000 1.0000
      outer loop
         vertex 1.2661 12.0928 3.5000
         vertex 1.2500 13.9000 3.5000
         vertex 1.2500 12.0919 3.5000
      endloop
   endfacet
   facet normal 0.0000 0.0000 1.0000
      outer loop
         vertex 1.2500 12.0919 3.5000
         vertex 1.2500 13.9000 3.5000
         vertex 1.1750 13.8799 3.5000
      endloop
   endfacet
   facet normal 0.0000 0.0000 1.0000
      outer loop
         vertex 1.2500 12.0919 3.5000
         vertex 1.1750 13.8799 3.5000
         vertex 1.1750 12.1120 3.5000
      endloop
   endfacet
   facet normal 0.0000 0.0000 1.0000
      outer loop
         vertex 1.1750 12.1120 3.5000
         vertex 1.1750 13.8799 3.5000
         vertex 1.1201 13.8250 3.5000
      endloop
   endfacet
   facet normal 0.0000 0.0000 1.0000
      outer loop
         vertex 1.1750 12.1120 3.5000
         vertex 1.1201 13.8250 3.5000
         vertex 1.1201 12.1669 3.5000
      endloop
   endfacet
   facet normal 0.0000 0.0000 1.0000
      outer loop
         vertex 1.1201 12.1669 3.5000
         vertex 1.1201 13.8250 3.5000
         vertex 1.1000 13.7500 3.5000
      endloop
   endfacet
   facet normal 0.0000 0.0000 1.0000
      outer loop
         vertex 1.1201 12.1669 3.5000
         vertex 1.1000 13.7500 3.5000
         vertex 1.1000 12.2419 3.5000
      endloop
   endfacet
   facet normal 0.0000 0.0000 1.0000
      outer loop
         vertex 1.2565 2.4991 3.5000
         vertex 1.3000 2.5000 3.5000
         vertex 1.3000 5.2500 3.5000
      endloop
   endfacet
   facet normal 0.0000 0.0000 1.0000
      outer loop
         vertex 1.3000 5.2500 3.5000
         vertex 1.3000 2.5000 3.5000
         vertex 1.8000 2.3660 3.5000
      endloop
   endfacet
   facet normal 0.0000 0.0000 1.0000
      outer loop
         vertex 1.3000 5.2500 3.5000
         vertex 1.8000 2.3660 3.5000
         vertex 1.9250 5.4175 3.5000
      endloop
   endfacet
   facet normal 0.0000 0.0000 1.0000
      outer loop
         vertex 1.9250 5.4175 3.5000
         vertex 1.8000 2.3660 3.5000
         vertex 2.1660 2.0000 3.5000
      endloop
   endfacet
   facet normal 0.0000 0.0000 1.0000
      outer loop
         vertex 1.9250 5.4175 3.5000
         vertex 2.1660 2.0000 3.5000
         vertex 2.2000 5.6325 3.5000
      endloop
   endfacet
   facet normal 0.0000 0.0000 1.0000
      outer loop
         vertex 2.2000 5.6325 3.5000
         vertex 2.1660 2.0000 3.5000
         vertex 2.3000 1.5000 3.5000
      endloop
   endfacet
   facet normal 0.0000 0.0000 1.0000
      outer loop
         vertex 2.2000 5.6325 3.5000
         vertex 2.3000 1.5000 3.5000
         vertex 2.2000 7.3675 3.5000
      endloop
   endfacet
   facet normal 0.0000 0.0000 1.0000
      outer loop
         vertex 2.2000 7.3675 3.5000
         vertex 2.3000 1.5000 3.5000
         vertex 2.3000 9.9825 3.5000
      endloop
   endfacet
   facet normal 0.0000 0.0000 1.0000
      outer loop
         vertex 2.2000 7.3675 3.5000
         vertex 2.3000 9.9825 3.5000
         vertex 2.0250 9.7675 3.5000
      endloop
   endfacet
   facet normal 0.0000 0.0000 1.0000
      outer loop
         vertex 1.2554 7.7492 3.5000
         vertex 1.3000 7.7500 3.5000
         vertex 1.4000 9.6000 3.5000
      endloop
   endfacet
   facet normal 0.0000 0.0000 1.0000
      outer loop
         vertex 1.4000 9.6000 3.5000
         vertex 1.3000 7.7500 3.5000
         vertex 1.9250 7.5825 3.5000
      endloop
   endfacet
   facet normal 0.0000 0.0000 1.0000
      outer loop
         vertex 1.4000 9.6000 3.5000
         vertex 1.9250 7.5825 3.5000
         vertex 2.0250 9.7675 3.5000
      endloop
   endfacet
   facet normal 0.0000 0.0000 1.0000
      outer loop
         vertex 2.0250 9.7675 3.5000
         vertex 1.9250 7.5825 3.5000
         vertex 2.2000 7.3675 3.5000
      endloop
   endfacet
   facet normal 0.0000 0.0000 1.0000
      outer loop
         vertex 1.2500 7.7491 3.5000
         vertex 1.2554 7.7492 3.5000
         vertex 1.4000 9.6000 3.5000
      endloop
   endfacet
   facet normal 0.0000 0.0000 1.0000
      outer loop
         vertex 1.2500 7.7491 3.5000
         vertex 1.4000 9.6000 3.5000
         vertex 1.2148 9.6138 3.5000
      endloop
   endfacet
   facet normal 0.0000 0.0000 1.0000
      outer loop
         vertex 1.2500 7.7491 3.5000
         vertex 1.2148 9.6138 3.5000
         vertex 1.2000 9.6149 3.5000
      endloop
   endfacet
   facet normal 0.0000 0.0000 1.0000
      outer loop
         vertex 1.2500 7.7491 3.5000
         vertex 1.2000 9.6149 3.5000
         vertex 1.1750 7.7692 3.5000
      endloop
   endfacet
   facet normal 0.0000 0.0000 1.0000
      outer loop
         vertex 1.1500 9.6015 3.5000
         vertex 1.1134 9.5649 3.5000
         vertex 1.1201 7.8241 3.5000
      endloop
   endfacet
   facet normal 0.0000 0.0000 1.0000
      outer loop
         vertex 1.1500 9.6015 3.5000
         vertex 1.1201 7.8241 3.5000
         vertex 1.1750 7.7692 3.5000
      endloop
   endfacet
   facet normal 0.0000 0.0000 1.0000
      outer loop
         vertex 1.1500 9.6015 3.5000
         vertex 1.1750 7.7692 3.5000
         vertex 1.2000 9.6149 3.5000
      endloop
   endfacet
   facet normal 0.0000 0.0000 1.0000
      outer loop
         vertex 1.1000 9.5149 3.5000
         vertex 1.1000 7.8991 3.5000
         vertex 1.1201 7.8241 3.5000
      endloop
   endfacet
   facet normal 0.0000 0.0000 1.0000
      outer loop
         vertex 1.1000 9.5149 3.5000
         vertex 1.1201 7.8241 3.5000
         vertex 1.1134 9.5649 3.5000
      endloop
   endfacet
   facet normal 0.0000 0.0000 1.0000
      outer loop
         vertex 1.3000 5.2500 3.5000
         vertex 1.2554 5.2508 3.5000
         vertex 1.2565 2.4991 3.5000
      endloop
   endfacet
   facet normal 0.0000 0.0000 1.0000
      outer loop
         vertex 1.2565 2.4991 3.5000
         vertex 1.2554 5.2508 3.5000
         vertex 1.2500 5.2509 3.5000
      endloop
   endfacet
   facet normal 0.0000 0.0000 1.0000
      outer loop
         vertex 1.2565 2.4991 3.5000
         vertex 1.2500 5.2509 3.5000
         vertex 1.2500 2.4989 3.5000
      endloop
   endfacet
   facet normal 0.0000 0.0000 1.0000
      outer loop
         vertex 1.2500 2.4989 3.5000
         vertex 1.2500 5.2509 3.5000
         vertex 1.1750 5.2308 3.5000
      endloop
   endfacet
   facet normal 0.0000 0.0000 1.0000
      outer loop
         vertex 1.2500 2.4989 3.5000
         vertex 1.1750 5.2308 3.5000
         vertex 1.1750 2.5190 3.5000
      endloop
   endfacet
   facet normal 0.0000 0.0000 1.0000
      outer loop
         vertex 1.1750 2.5190 3.5000
         vertex 1.1750 5.2308 3.5000
         vertex 1.1201 5.1759 3.5000
      endloop
   endfacet
   facet normal 0.0000 0.0000 1.0000
      outer loop
         vertex 1.1750 2.5190 3.5000
         vertex 1.1201 5.1759 3.5000
         vertex 1.1201 2.5739 3.5000
      endloop
   endfacet
   facet normal 0.0000 0.0000 1.0000
      outer loop
         vertex 1.1201 2.5739 3.5000
         vertex 1.1201 5.1759 3.5000
         vertex 1.1000 5.1009 3.5000
      endloop
   endfacet
   facet normal 0.0000 0.0000 1.0000
      outer loop
         vertex 1.1201 2.5739 3.5000
         vertex 1.1000 5.1009 3.5000
         vertex 1.1000 2.6489 3.5000
      endloop
   endfacet
   facet normal 0.0000 1.0000 0.0000
      outer loop
         vertex -2.9000 12.5000 2.4000
         vertex -2.9000 12.5000 2.5000
         vertex 0.7000 12.5000 2.5000
      endloop
   endfacet
   facet normal 0.0000 1.0000 0.0000
      outer loop
         vertex 0.7000 12.5000 2.5000
         vertex -2.9000 12.5000 2.5000
         vertex -2.8196 12.5000 2.8000
      endloop
   endfacet
   facet normal 0.0000 1.0000 0.0000
      outer loop
         vertex 0.7000 12.5000 2.5000
         vertex -2.8196 12.5000 2.8000
         vertex 0.6196 12.5000 2.8000
      endloop
   endfacet
   facet normal 0.0000 1.0000 0.0000
      outer loop
         vertex 0.6196 12.5000 2.8000
         vertex -2.8196 12.5000 2.8000
         vertex -2.6000 12.5000 3.0196
      endloop
   endfacet
   facet normal 0.0000 1.0000 0.0000
      outer loop
         vertex 0.6196 12.5000 2.8000
         vertex -2.6000 12.5000 3.0196
         vertex 0.4000 12.5000 3.0196
      endloop
   endfacet
   facet normal 0.0000 1.0000 0.0000
      outer loop
         vertex 0.4000 12.5000 3.0196
         vertex -2.6000 12.5000 3.0196
         vertex -2.3000 12.5000 3.1000
      endloop
   endfacet
   facet normal 0.0000 1.0000 0.0000
      outer loop
         vertex 0.4000 12.5000 3.0196
         vertex -2.3000 12.5000 3.1000
         vertex 0.1000 12.5000 3.1000
      endloop
   endfacet
   facet normal 0.0000 1.0000 0.0000
      outer loop
         vertex 0.7000 12.5000 2.5000
         vertex 0.7000 12.5000 0.8000
         vertex -2.9000 12.5000 0.9000
      endloop
   endfacet
   facet normal 0.0000 1.0000 0.0000
      outer loop
         vertex 0.7000 12.5000 2.5000
         vertex -2.9000 12.5000 0.9000
         vertex -2.9201 12.5000 0.9750
      endloop
   endfacet
   facet normal 0.0000 1.0000 0.0000
      outer loop
         vertex 0.7000 12.5000 2.5000
         vertex -2.9201 12.5000 0.9750
         vertex -2.9750 12.5000 1.0299
      endloop
   endfacet
   facet normal 0.0000 1.0000 0.0000
      outer loop
         vertex 0.7000 12.5000 2.5000
         vertex -2.9750 12.5000 1.0299
         vertex -3.0500 12.5000 1.0500
      endloop
   endfacet
   facet normal 0.0000 1.0000 0.0000
      outer loop
         vertex 0.7000 12.5000 2.5000
         vertex -3.0500 12.5000 1.0500
         vertex -4.2500 12.5000 1.0902
      endloop
   endfacet
   facet normal 0.0000 1.0000 0.0000
      outer loop
         vertex 0.7000 12.5000 2.5000
         vertex -4.2500 12.5000 1.0902
         vertex -4.3598 12.5000 1.2000
      endloop
   endfacet
   facet normal 0.0000 1.0000 0.0000
      outer loop
         vertex 0.7000 12.5000 2.5000
         vertex -4.3598 12.5000 1.2000
         vertex -4.4000 12.5000 1.3500
      endloop
   endfacet
   facet normal 0.0000 1.0000 0.0000
      outer loop
         vertex 0.7000 12.5000 2.5000
         vertex -4.4000 12.5000 1.3500
         vertex -4.4000 12.5000 1.9500
      endloop
   endfacet
   facet normal 0.0000 1.0000 0.0000
      outer loop
         vertex 0.7000 12.5000 2.5000
         vertex -4.4000 12.5000 1.9500
         vertex -4.3598 12.5000 2.1000
      endloop
   endfacet
   facet normal 0.0000 1.0000 0.0000
      outer loop
         vertex 0.7000 12.5000 2.5000
         vertex -4.3598 12.5000 2.1000
         vertex -3.0500 12.5000 2.2500
      endloop
   endfacet
   facet normal 0.0000 1.0000 0.0000
      outer loop
         vertex 0.7000 12.5000 2.5000
         vertex -3.0500 12.5000 2.2500
         vertex -2.9750 12.5000 2.2701
      endloop
   endfacet
   facet normal 0.0000 1.0000 0.0000
      outer loop
         vertex 0.7000 12.5000 2.5000
         vertex -2.9750 12.5000 2.2701
         vertex -2.9201 12.5000 2.3250
      endloop
   endfacet
   facet normal 0.0000 1.0000 0.0000
      outer loop
         vertex 0.7000 12.5000 2.5000
         vertex -2.9201 12.5000 2.3250
         vertex -2.9000 12.5000 2.4000
      endloop
   endfacet
   facet normal 0.0000 1.0000 0.0000
      outer loop
         vertex -3.0500 12.5000 2.2500
         vertex -4.3598 12.5000 2.1000
         vertex -4.2500 12.5000 2.2098
      endloop
   endfacet
   facet normal 0.0000 1.0000 0.0000
      outer loop
         vertex -3.0500 12.5000 2.2500
         vertex -4.2500 12.5000 2.2098
         vertex -4.1000 12.5000 2.2500
      endloop
   endfacet
   facet normal 0.0000 1.0000 0.0000
      outer loop
         vertex -2.9000 12.5000 0.9000
         vertex 0.7000 12.5000 0.8000
         vertex -2.9000 12.5000 0.8000
      endloop
   endfacet
   facet normal 0.0000 1.0000 0.0000
      outer loop
         vertex -2.9000 12.5000 0.8000
         vertex 0.7000 12.5000 0.8000
         vertex 0.6196 12.5000 0.5000
      endloop
   endfacet
   facet normal 0.0000 1.0000 0.0000
      outer loop
         vertex -2.9000 12.5000 0.8000
         vertex 0.6196 12.5000 0.5000
         vertex -2.8196 12.5000 0.5000
      endloop
   endfacet
   facet normal 0.0000 1.0000 0.0000
      outer loop
         vertex -2.8196 12.5000 0.5000
         vertex 0.6196 12.5000 0.5000
         vertex 0.4000 12.5000 0.2804
      endloop
   endfacet
   facet normal 0.0000 1.0000 0.0000
      outer loop
         vertex -2.8196 12.5000 0.5000
         vertex 0.4000 12.5000 0.2804
         vertex -2.6000 12.5000 0.2804
      endloop
   endfacet
   facet normal 0.0000 1.0000 0.0000
      outer loop
         vertex -2.6000 12.5000 0.2804
         vertex 0.4000 12.5000 0.2804
         vertex 0.1000 12.5000 0.2000
      endloop
   endfacet
   facet normal 0.0000 1.0000 0.0000
      outer loop
         vertex -2.6000 12.5000 0.2804
         vertex 0.1000 12.5000 0.2000
         vertex -0.1000 12.5000 0.2000
      endloop
   endfacet
   facet normal 0.0000 1.0000 0.0000
      outer loop
         vertex -2.1000 12.5000 0.2000
         vertex -2.3000 12.5000 0.2000
         vertex -2.6000 12.5000 0.2804
      endloop
   endfacet
   facet normal 0.0000 1.0000 0.0000
      outer loop
         vertex -2.1000 12.5000 0.2000
         vertex -2.6000 12.5000 0.2804
         vertex -0.1000 12.5000 0.2000
      endloop
   endfacet
   facet normal 0.0000 1.0000 0.0000
      outer loop
         vertex -4.2500 12.5000 1.0902
         vertex -3.0500 12.5000 1.0500
         vertex -4.1000 12.5000 1.0500
      endloop
   endfacet
   facet normal -0.7672 0.0000 -0.6414
      outer loop
         vertex 0.6196 14.5000 2.8000
         vertex 0.6196 12.5000 2.8000
         vertex 0.4000 12.5000 3.0196
      endloop
   endfacet
   facet normal -0.6414 0.0000 -0.7672
      outer loop
         vertex 0.6196 14.5000 2.8000
         vertex 0.4000 12.5000 3.0196
         vertex 0.4000 14.5000 3.0196
      endloop
   endfacet
   facet normal -0.3399 0.0000 -0.9405
      outer loop
         vertex 0.1000 12.5000 3.1000
         vertex 0.1000 14.5000 3.1000
         vertex 0.4000 14.5000 3.0196
      endloop
   endfacet
   facet normal -0.4210 0.0000 -0.9071
      outer loop
         vertex 0.1000 12.5000 3.1000
         vertex 0.4000 14.5000 3.0196
         vertex 0.4000 12.5000 3.0196
      endloop
   endfacet
   facet normal 0.0000 0.0000 -1.0000
      outer loop
         vertex -2.3000 14.5000 3.1000
         vertex 0.1000 14.5000 3.1000
         vertex 0.1000 12.5000 3.1000
      endloop
   endfacet
   facet normal 0.0000 0.0000 -1.0000
      outer loop
         vertex -2.3000 14.5000 3.1000
         vertex 0.1000 12.5000 3.1000
         vertex -2.3000 12.5000 3.1000
      endloop
   endfacet
   facet normal 0.4210 0.0000 -0.9071
      outer loop
         vertex -2.6000 12.5000 3.0196
         vertex -2.6000 14.5000 3.0196
         vertex -2.3000 14.5000 3.1000
      endloop
   endfacet
   facet normal 0.3399 0.0000 -0.9405
      outer loop
         vertex -2.6000 12.5000 3.0196
         vertex -2.3000 14.5000 3.1000
         vertex -2.3000 12.5000 3.1000
      endloop
   endfacet
   facet normal 0.6414 0.0000 -0.7672
      outer loop
         vertex -2.6000 14.5000 3.0196
         vertex -2.6000 12.5000 3.0196
         vertex -2.8196 12.5000 2.8000
      endloop
   endfacet
   facet normal 0.7672 0.0000 -0.6414
      outer loop
         vertex -2.6000 14.5000 3.0196
         vertex -2.8196 12.5000 2.8000
         vertex -2.8196 14.5000 2.8000
      endloop
   endfacet
   facet normal 0.0000 0.0000 -1.0000
      outer loop
         vertex 2.3000 13.9000 6.3500
         vertex 2.3000 11.7175 6.3500
         vertex 2.0250 11.9325 6.3500
      endloop
   endfacet
   facet normal 0.0000 0.0000 -1.0000
      outer loop
         vertex 2.3000 13.9000 6.3500
         vertex 2.0250 11.9325 6.3500
         vertex 1.4000 12.1000 6.3500
      endloop
   endfacet
   facet normal 0.0000 0.0000 -1.0000
      outer loop
         vertex 2.3000 13.9000 6.3500
         vertex 1.4000 12.1000 6.3500
         vertex 1.2661 12.0928 6.3500
      endloop
   endfacet
   facet normal 0.0000 0.0000 -1.0000
      outer loop
         vertex 2.3000 13.9000 6.3500
         vertex 1.2661 12.0928 6.3500
         vertex 1.2500 12.0919 6.3500
      endloop
   endfacet
   facet normal 0.0000 0.0000 -1.0000
      outer loop
         vertex 2.3000 13.9000 6.3500
         vertex 1.2500 12.0919 6.3500
         vertex 1.2500 13.9000 6.3500
      endloop
   endfacet
   facet normal 0.0000 0.0000 -1.0000
      outer loop
         vertex 1.1000 12.2419 6.3500
         vertex 1.1201 13.8250 6.3500
         vertex 1.1201 12.1669 6.3500
      endloop
   endfacet
   facet normal 0.0000 0.0000 -1.0000
      outer loop
         vertex 1.1201 12.1669 6.3500
         vertex 1.1201 13.8250 6.3500
         vertex 1.1750 13.8799 6.3500
      endloop
   endfacet
   facet normal 0.0000 0.0000 -1.0000
      outer loop
         vertex 1.1201 12.1669 6.3500
         vertex 1.1750 13.8799 6.3500
         vertex 1.1750 12.1120 6.3500
      endloop
   endfacet
   facet normal 0.0000 0.0000 -1.0000
      outer loop
         vertex 1.1750 12.1120 6.3500
         vertex 1.1750 13.8799 6.3500
         vertex 1.2500 13.9000 6.3500
      endloop
   endfacet
   facet normal 0.0000 0.0000 -1.0000
      outer loop
         vertex 1.1750 12.1120 6.3500
         vertex 1.2500 13.9000 6.3500
         vertex 1.2500 12.0919 6.3500
      endloop
   endfacet
   facet normal 0.0000 0.0000 -1.0000
      outer loop
         vertex 1.1201 13.8250 6.3500
         vertex 1.1000 12.2419 6.3500
         vertex 1.1000 13.7500 6.3500
      endloop
   endfacet
   facet normal 0.0000 0.0000 -1.0000
      outer loop
         vertex 2.3000 1.5000 6.3500
         vertex 2.2000 5.6325 6.3500
         vertex 2.3000 9.9825 6.3500
      endloop
   endfacet
   facet normal 0.0000 0.0000 -1.0000
      outer loop
         vertex 2.3000 9.9825 6.3500
         vertex 2.2000 5.6325 6.3500
         vertex 2.2000 7.3675 6.3500
      endloop
   endfacet
   facet normal 0.0000 0.0000 -1.0000
      outer loop
         vertex 2.3000 9.9825 6.3500
         vertex 2.2000 7.3675 6.3500
         vertex 2.0250 9.7675 6.3500
      endloop
   endfacet
   facet normal 0.0000 0.0000 -1.0000
      outer loop
         vertex 2.0250 9.7675 6.3500
         vertex 2.2000 7.3675 6.3500
         vertex 1.9250 7.5825 6.3500
      endloop
   endfacet
   facet normal 0.0000 0.0000 -1.0000
      outer loop
         vertex 2.0250 9.7675 6.3500
         vertex 1.9250 7.5825 6.3500
         vertex 1.4000 9.6000 6.3500
      endloop
   endfacet
   facet normal 0.0000 0.0000 -1.0000
      outer loop
         vertex 1.4000 9.6000 6.3500
         vertex 1.9250 7.5825 6.3500
         vertex 1.3000 7.7500 6.3500
      endloop
   endfacet
   facet normal 0.0000 0.0000 -1.0000
      outer loop
         vertex 1.4000 9.6000 6.3500
         vertex 1.3000 7.7500 6.3500
         vertex 1.2554 7.7492 6.3500
      endloop
   endfacet
   facet normal 0.0000 0.0000 -1.0000
      outer loop
         vertex 2.1660 2.0000 6.3500
         vertex 1.8000 2.3660 6.3500
         vertex 1.9250 5.4175 6.3500
      endloop
   endfacet
   facet normal 0.0000 0.0000 -1.0000
      outer loop
         vertex 2.1660 2.0000 6.3500
         vertex 1.9250 5.4175 6.3500
         vertex 2.2000 5.6325 6.3500
      endloop
   endfacet
   facet normal 0.0000 0.0000 -1.0000
      outer loop
         vertex 2.1660 2.0000 6.3500
         vertex 2.2000 5.6325 6.3500
         vertex 2.3000 1.5000 6.3500
      endloop
   endfacet
   facet normal 0.0000 0.0000 -1.0000
      outer loop
         vertex 1.1000 2.6489 6.3500
         vertex 1.1201 5.1759 6.3500
         vertex 1.1201 2.5739 6.3500
      endloop
   endfacet
   facet normal 0.0000 0.0000 -1.0000
      outer loop
         vertex 1.1201 2.5739 6.3500
         vertex 1.1201 5.1759 6.3500
         vertex 1.1750 5.2308 6.3500
      endloop
   endfacet
   facet normal 0.0000 0.0000 -1.0000
      outer loop
         vertex 1.1201 2.5739 6.3500
         vertex 1.1750 5.2308 6.3500
         vertex 1.1750 2.5190 6.3500
      endloop
   endfacet
   facet normal 0.0000 0.0000 -1.0000
      outer loop
         vertex 1.1750 2.5190 6.3500
         vertex 1.1750 5.2308 6.3500
         vertex 1.2500 5.2509 6.3500
      endloop
   endfacet
   facet normal 0.0000 0.0000 -1.0000
      outer loop
         vertex 1.1750 2.5190 6.3500
         vertex 1.2500 5.2509 6.3500
         vertex 1.2500 2.4989 6.3500
      endloop
   endfacet
   facet normal 0.0000 0.0000 -1.0000
      outer loop
         vertex 1.2500 2.4989 6.3500
         vertex 1.2500 5.2509 6.3500
         vertex 1.2554 5.2508 6.3500
      endloop
   endfacet
   facet normal 0.0000 0.0000 -1.0000
      outer loop
         vertex 1.2500 2.4989 6.3500
         vertex 1.2554 5.2508 6.3500
         vertex 1.2565 2.4991 6.3500
      endloop
   endfacet
   facet normal 0.0000 0.0000 -1.0000
      outer loop
         vertex 1.2565 2.4991 6.3500
         vertex 1.2554 5.2508 6.3500
         vertex 1.3000 5.2500 6.3500
      endloop
   endfacet
   facet normal 0.0000 0.0000 -1.0000
      outer loop
         vertex 1.2565 2.4991 6.3500
         vertex 1.3000 5.2500 6.3500
         vertex 1.3000 2.5000 6.3500
      endloop
   endfacet
   facet normal 0.0000 0.0000 -1.0000
      outer loop
         vertex 1.3000 2.5000 6.3500
         vertex 1.3000 5.2500 6.3500
         vertex 1.9250 5.4175 6.3500
      endloop
   endfacet
   facet normal 0.0000 0.0000 -1.0000
      outer loop
         vertex 1.3000 2.5000 6.3500
         vertex 1.9250 5.4175 6.3500
         vertex 1.8000 2.3660 6.3500
      endloop
   endfacet
   facet normal 0.0000 0.0000 -1.0000
      outer loop
         vertex 1.2500 7.7491 6.3500
         vertex 1.1750 7.7692 6.3500
         vertex 1.2000 9.6149 6.3500
      endloop
   endfacet
   facet normal 0.0000 0.0000 -1.0000
      outer loop
         vertex 1.2500 7.7491 6.3500
         vertex 1.2000 9.6149 6.3500
         vertex 1.2148 9.6138 6.3500
      endloop
   endfacet
   facet normal 0.0000 0.0000 -1.0000
      outer loop
         vertex 1.2500 7.7491 6.3500
         vertex 1.2148 9.6138 6.3500
         vertex 1.4000 9.6000 6.3500
      endloop
   endfacet
   facet normal 0.0000 0.0000 -1.0000
      outer loop
         vertex 1.2500 7.7491 6.3500
         vertex 1.4000 9.6000 6.3500
         vertex 1.2554 7.7492 6.3500
      endloop
   endfacet
   facet normal 0.0000 0.0000 -1.0000
      outer loop
         vertex 1.2000 9.6149 6.3500
         vertex 1.1750 7.7692 6.3500
         vertex 1.1500 9.6015 6.3500
      endloop
   endfacet
   facet normal 0.0000 0.0000 -1.0000
      outer loop
         vertex 1.1500 9.6015 6.3500
         vertex 1.1750 7.7692 6.3500
         vertex 1.1201 7.8241 6.3500
      endloop
   endfacet
   facet normal 0.0000 0.0000 -1.0000
      outer loop
         vertex 1.1500 9.6015 6.3500
         vertex 1.1201 7.8241 6.3500
         vertex 1.1134 9.5649 6.3500
      endloop
   endfacet
   facet normal 0.0000 0.0000 -1.0000
      outer loop
         vertex 1.1134 9.5649 6.3500
         vertex 1.1201 7.8241 6.3500
         vertex 1.1000 7.8991 6.3500
      endloop
   endfacet
   facet normal 0.0000 0.0000 -1.0000
      outer loop
         vertex 1.1134 9.5649 6.3500
         vertex 1.1000 7.8991 6.3500
         vertex 1.1000 9.5149 6.3500
      endloop
   endfacet
   facet normal 0.0000 0.0000 -1.0000
      outer loop
         vertex 1.1201 5.1759 6.3500
         vertex 1.1000 2.6489 6.3500
         vertex 1.1000 5.1009 6.3500
      endloop
   endfacet
   facet normal 0.0000 0.0000 1.0000
      outer loop
         vertex -2.1000 14.0000 7.0000
         vertex -2.1000 12.5000 7.0000
         vertex -0.1000 12.5000 7.0000
      endloop
   endfacet
   facet normal 0.0000 0.0000 1.0000
      outer loop
         vertex -2.1000 14.0000 7.0000
         vertex -0.1000 12.5000 7.0000
         vertex -0.1000 14.0000 7.0000
      endloop
   endfacet
   facet normal 0.0000 0.0000 1.0000
      outer loop
         vertex -2.1000 14.0000 7.0000
         vertex -0.1000 14.0000 7.0000
         vertex 0.1000 14.5000 7.0000
      endloop
   endfacet
   facet normal 0.0000 0.0000 1.0000
      outer loop
         vertex -2.1000 14.0000 7.0000
         vertex 0.1000 14.5000 7.0000
         vertex -2.3000 14.5000 7.0000
      endloop
   endfacet
   facet normal 0.0000 0.0000 1.0000
      outer loop
         vertex 2.3000 13.9000 7.0000
         vertex 1.2500 13.9000 7.0000
         vertex 1.2661 12.0928 7.0000
      endloop
   endfacet
   facet normal 0.0000 0.0000 1.0000
      outer loop
         vertex 2.3000 13.9000 7.0000
         vertex 1.2661 12.0928 7.0000
         vertex 1.4000 12.1000 7.0000
      endloop
   endfacet
   facet normal 0.0000 0.0000 1.0000
      outer loop
         vertex 2.3000 13.9000 7.0000
         vertex 1.4000 12.1000 7.0000
         vertex 2.0250 11.9325 7.0000
      endloop
   endfacet
   facet normal 0.0000 0.0000 1.0000
      outer loop
         vertex 2.3000 13.9000 7.0000
         vertex 2.0250 11.9325 7.0000
         vertex 2.3000 11.7175 7.0000
      endloop
   endfacet
   facet normal 0.0000 0.0000 1.0000
      outer loop
         vertex 1.2661 12.0928 7.0000
         vertex 1.2500 13.9000 7.0000
         vertex 1.2500 12.0919 7.0000
      endloop
   endfacet
   facet normal 0.0000 0.0000 1.0000
      outer loop
         vertex 1.2500 12.0919 7.0000
         vertex 1.2500 13.9000 7.0000
         vertex 1.1750 13.8799 7.0000
      endloop
   endfacet
   facet normal 0.0000 0.0000 1.0000
      outer loop
         vertex 1.2500 12.0919 7.0000
         vertex 1.1750 13.8799 7.0000
         vertex 1.1750 12.1120 7.0000
      endloop
   endfacet
   facet normal 0.0000 0.0000 1.0000
      outer loop
         vertex 1.1750 12.1120 7.0000
         vertex 1.1750 13.8799 7.0000
         vertex 1.1201 13.8250 7.0000
      endloop
   endfacet
   facet normal 0.0000 0.0000 1.0000
      outer loop
         vertex 1.1750 12.1120 7.0000
         vertex 1.1201 13.8250 7.0000
         vertex 1.1201 12.1669 7.0000
      endloop
   endfacet
   facet normal 0.0000 0.0000 1.0000
      outer loop
         vertex 1.1201 12.1669 7.0000
         vertex 1.1201 13.8250 7.0000
         vertex 1.1000 13.7500 7.0000
      endloop
   endfacet
   facet normal 0.0000 0.0000 1.0000
      outer loop
         vertex 1.1201 12.1669 7.0000
         vertex 1.1000 13.7500 7.0000
         vertex 1.1000 12.2419 7.0000
      endloop
   endfacet
   facet normal 0.0000 0.0000 1.0000
      outer loop
         vertex 1.2565 2.4991 7.0000
         vertex 1.3000 2.5000 7.0000
         vertex 1.3000 5.2500 7.0000
      endloop
   endfacet
   facet normal 0.0000 0.0000 1.0000
      outer loop
         vertex 1.3000 5.2500 7.0000
         vertex 1.3000 2.5000 7.0000
         vertex 1.8000 2.3660 7.0000
      endloop
   endfacet
   facet normal 0.0000 0.0000 1.0000
      outer loop
         vertex 1.3000 5.2500 7.0000
         vertex 1.8000 2.3660 7.0000
         vertex 1.9250 5.4175 7.0000
      endloop
   endfacet
   facet normal 0.0000 0.0000 1.0000
      outer loop
         vertex 1.9250 5.4175 7.0000
         vertex 1.8000 2.3660 7.0000
         vertex 2.1660 2.0000 7.0000
      endloop
   endfacet
   facet normal 0.0000 0.0000 1.0000
      outer loop
         vertex 1.9250 5.4175 7.0000
         vertex 2.1660 2.0000 7.0000
         vertex 2.2000 5.6325 7.0000
      endloop
   endfacet
   facet normal 0.0000 0.0000 1.0000
      outer loop
         vertex 2.2000 5.6325 7.0000
         vertex 2.1660 2.0000 7.0000
         vertex 2.3000 1.5000 7.0000
      endloop
   endfacet
   facet normal 0.0000 0.0000 1.0000
      outer loop
         vertex 2.2000 5.6325 7.0000
         vertex 2.3000 1.5000 7.0000
         vertex 2.2000 7.3675 7.0000
      endloop
   endfacet
   facet normal 0.0000 0.0000 1.0000
      outer loop
         vertex 2.2000 7.3675 7.0000
         vertex 2.3000 1.5000 7.0000
         vertex 2.3000 9.9825 7.0000
      endloop
   endfacet
   facet normal 0.0000 0.0000 1.0000
      outer loop
         vertex 2.2000 7.3675 7.0000
         vertex 2.3000 9.9825 7.0000
         vertex 2.0250 9.7675 7.0000
      endloop
   endfacet
   facet normal 0.0000 0.0000 1.0000
      outer loop
         vertex 1.2554 7.7492 7.0000
         vertex 1.3000 7.7500 7.0000
         vertex 1.4000 9.6000 7.0000
      endloop
   endfacet
   facet normal 0.0000 0.0000 1.0000
      outer loop
         vertex 1.4000 9.6000 7.0000
         vertex 1.3000 7.7500 7.0000
         vertex 1.9250 7.5825 7.0000
      endloop
   endfacet
   facet normal 0.0000 0.0000 1.0000
      outer loop
         vertex 1.4000 9.6000 7.0000
         vertex 1.9250 7.5825 7.0000
         vertex 2.0250 9.7675 7.0000
      endloop
   endfacet
   facet normal 0.0000 0.0000 1.0000
      outer loop
         vertex 2.0250 9.7675 7.0000
         vertex 1.9250 7.5825 7.0000
         vertex 2.2000 7.3675 7.0000
      endloop
   endfacet
   facet normal 0.0000 0.0000 1.0000
      outer loop
         vertex 1.2500 7.7491 7.0000
         vertex 1.2554 7.7492 7.0000
         vertex 1.4000 9.6000 7.0000
      endloop
   endfacet
   facet normal 0.0000 0.0000 1.0000
      outer loop
         vertex 1.2500 7.7491 7.0000
         vertex 1.4000 9.6000 7.0000
         vertex 1.2148 9.6138 7.0000
      endloop
   endfacet
   facet normal 0.0000 0.0000 1.0000
      outer loop
         vertex 1.2500 7.7491 7.0000
         vertex 1.2148 9.6138 7.0000
         vertex 1.2000 9.6149 7.0000
      endloop
   endfacet
   facet normal 0.0000 0.0000 1.0000
      outer loop
         vertex 1.2500 7.7491 7.0000
         vertex 1.2000 9.6149 7.0000
         vertex 1.1750 7.7692 7.0000
      endloop
   endfacet
   facet normal 0.0000 0.0000 1.0000
      outer loop
         vertex 1.1500 9.6015 7.0000
         vertex 1.1134 9.5649 7.0000
         vertex 1.1201 7.8241 7.0000
      endloop
   endfacet
   facet normal 0.0000 0.0000 1.0000
      outer loop
         vertex 1.1500 9.6015 7.0000
         vertex 1.1201 7.8241 7.0000
         vertex 1.1750 7.7692 7.0000
      endloop
   endfacet
   facet normal 0.0000 0.0000 1.0000
      outer loop
         vertex 1.1500 9.6015 7.0000
         vertex 1.1750 7.7692 7.0000
         vertex 1.2000 9.6149 7.0000
      endloop
   endfacet
   facet normal 0.0000 0.0000 1.0000
      outer loop
         vertex 1.1000 9.5149 7.0000
         vertex 1.1000 7.8991 7.0000
         vertex 1.1201 7.8241 7.0000
      endloop
   endfacet
   facet normal 0.0000 0.0000 1.0000
      outer loop
         vertex 1.1000 9.5149 7.0000
         vertex 1.1201 7.8241 7.0000
         vertex 1.1134 9.5649 7.0000
      endloop
   endfacet
   facet normal 0.0000 0.0000 1.0000
      outer loop
         vertex 1.3000 5.2500 7.0000
         vertex 1.2554 5.2508 7.0000
         vertex 1.2565 2.4991 7.0000
      endloop
   endfacet
   facet normal 0.0000 0.0000 1.0000
      outer loop
         vertex 1.2565 2.4991 7.0000
         vertex 1.2554 5.2508 7.0000
         vertex 1.2500 5.2509 7.0000
      endloop
   endfacet
   facet normal 0.0000 0.0000 1.0000
      outer loop
         vertex 1.2565 2.4991 7.0000
         vertex 1.2500 5.2509 7.0000
         vertex 1.2500 2.4989 7.0000
      endloop
   endfacet
   facet normal 0.0000 0.0000 1.0000
      outer loop
         vertex 1.2500 2.4989 7.0000
         vertex 1.2500 5.2509 7.0000
         vertex 1.1750 5.2308 7.0000
      endloop
   endfacet
   facet normal 0.0000 0.0000 1.0000
      outer loop
         vertex 1.2500 2.4989 7.0000
         vertex 1.1750 5.2308 7.0000
         vertex 1.1750 2.5190 7.0000
      endloop
   endfacet
   facet normal 0.0000 0.0000 1.0000
      outer loop
         vertex 1.1750 2.5190 7.0000
         vertex 1.1750 5.2308 7.0000
         vertex 1.1201 5.1759 7.0000
      endloop
   endfacet
   facet normal 0.0000 0.0000 1.0000
      outer loop
         vertex 1.1750 2.5190 7.0000
         vertex 1.1201 5.1759 7.0000
         vertex 1.1201 2.5739 7.0000
      endloop
   endfacet
   facet normal 0.0000 0.0000 1.0000
      outer loop
         vertex 1.1201 2.5739 7.0000
         vertex 1.1201 5.1759 7.0000
         vertex 1.1000 5.1009 7.0000
      endloop
   endfacet
   facet normal 0.0000 0.0000 1.0000
      outer loop
         vertex 1.1201 2.5739 7.0000
         vertex 1.1000 5.1009 7.0000
         vertex 1.1000 2.6489 7.0000
      endloop
   endfacet
   facet normal 0.0000 0.0000 -1.0000
      outer loop
         vertex -2.3000 14.5000 6.6000
         vertex 0.1000 14.5000 6.6000
         vertex 0.1000 12.5000 6.6000
      endloop
   endfacet
   facet normal 0.0000 0.0000 -1.0000
      outer loop
         vertex -2.3000 14.5000 6.6000
         vertex 0.1000 12.5000 6.6000
         vertex -2.3000 12.5000 6.6000
      endloop
   endfacet
   facet normal 0.0000 1.0000 0.0000
      outer loop
         vertex -2.9000 12.5000 5.9000
         vertex -2.9000 12.5000 6.0000
         vertex 0.7000 12.5000 6.0000
      endloop
   endfacet
   facet normal 0.0000 1.0000 0.0000
      outer loop
         vertex 0.7000 12.5000 6.0000
         vertex -2.9000 12.5000 6.0000
         vertex -2.8196 12.5000 6.3000
      endloop
   endfacet
   facet normal 0.0000 1.0000 0.0000
      outer loop
         vertex 0.7000 12.5000 6.0000
         vertex -2.8196 12.5000 6.3000
         vertex 0.6196 12.5000 6.3000
      endloop
   endfacet
   facet normal 0.0000 1.0000 0.0000
      outer loop
         vertex 0.6196 12.5000 6.3000
         vertex -2.8196 12.5000 6.3000
         vertex -2.6000 12.5000 6.5196
      endloop
   endfacet
   facet normal 0.0000 1.0000 0.0000
      outer loop
         vertex 0.6196 12.5000 6.3000
         vertex -2.6000 12.5000 6.5196
         vertex 0.4000 12.5000 6.5196
      endloop
   endfacet
   facet normal 0.0000 1.0000 0.0000
      outer loop
         vertex 0.4000 12.5000 6.5196
         vertex -2.6000 12.5000 6.5196
         vertex -2.3000 12.5000 6.6000
      endloop
   endfacet
   facet normal 0.0000 1.0000 0.0000
      outer loop
         vertex 0.4000 12.5000 6.5196
         vertex -2.3000 12.5000 6.6000
         vertex 0.1000 12.5000 6.6000
      endloop
   endfacet
   facet normal 0.0000 1.0000 0.0000
      outer loop
         vertex 0.7000 12.5000 6.0000
         vertex 0.7000 12.5000 4.3000
         vertex -2.9000 12.5000 4.4000
      endloop
   endfacet
   facet normal 0.0000 1.0000 0.0000
      outer loop
         vertex 0.7000 12.5000 6.0000
         vertex -2.9000 12.5000 4.4000
         vertex -2.9201 12.5000 4.4750
      endloop
   endfacet
   facet normal 0.0000 1.0000 0.0000
      outer loop
         vertex 0.7000 12.5000 6.0000
         vertex -2.9201 12.5000 4.4750
         vertex -2.9750 12.5000 4.5299
      endloop
   endfacet
   facet normal 0.0000 1.0000 0.0000
      outer loop
         vertex 0.7000 12.5000 6.0000
         vertex -2.9750 12.5000 4.5299
         vertex -3.0500 12.5000 4.5500
      endloop
   endfacet
   facet normal 0.0000 1.0000 0.0000
      outer loop
         vertex 0.7000 12.5000 6.0000
         vertex -3.0500 12.5000 4.5500
         vertex -4.2500 12.5000 4.5902
      endloop
   endfacet
   facet normal 0.0000 1.0000 0.0000
      outer loop
         vertex 0.7000 12.5000 6.0000
         vertex -4.2500 12.5000 4.5902
         vertex -4.3598 12.5000 4.7000
      endloop
   endfacet
   facet normal 0.0000 1.0000 0.0000
      outer loop
         vertex 0.7000 12.5000 6.0000
         vertex -4.3598 12.5000 4.7000
         vertex -4.4000 12.5000 4.8500
      endloop
   endfacet
   facet normal 0.0000 1.0000 0.0000
      outer loop
         vertex 0.7000 12.5000 6.0000
         vertex -4.4000 12.5000 4.8500
         vertex -4.4000 12.5000 5.4500
      endloop
   endfacet
   facet normal 0.0000 1.0000 0.0000
      outer loop
         vertex 0.7000 12.5000 6.0000
         vertex -4.4000 12.5000 5.4500
         vertex -4.3598 12.5000 5.6000
      endloop
   endfacet
   facet normal 0.0000 1.0000 0.0000
      outer loop
         vertex 0.7000 12.5000 6.0000
         vertex -4.3598 12.5000 5.6000
         vertex -3.0500 12.5000 5.7500
      endloop
   endfacet
   facet normal 0.0000 1.0000 0.0000
      outer loop
         vertex 0.7000 12.5000 6.0000
         vertex -3.0500 12.5000 5.7500
         vertex -2.9750 12.5000 5.7701
      endloop
   endfacet
   facet normal 0.0000 1.0000 0.0000
      outer loop
         vertex 0.7000 12.5000 6.0000
         vertex -2.9750 12.5000 5.7701
         vertex -2.9201 12.5000 5.8250
      endloop
   endfacet
   facet normal 0.0000 1.0000 0.0000
      outer loop
         vertex 0.7000 12.5000 6.0000
         vertex -2.9201 12.5000 5.8250
         vertex -2.9000 12.5000 5.9000
      endloop
   endfacet
   facet normal 0.0000 1.0000 0.0000
      outer loop
         vertex -3.0500 12.5000 5.7500
         vertex -4.3598 12.5000 5.6000
         vertex -4.2500 12.5000 5.7098
      endloop
   endfacet
   facet normal 0.0000 1.0000 0.0000
      outer loop
         vertex -3.0500 12.5000 5.7500
         vertex -4.2500 12.5000 5.7098
         vertex -4.1000 12.5000 5.7500
      endloop
   endfacet
   facet normal 0.0000 1.0000 0.0000
      outer loop
         vertex -2.9000 12.5000 4.4000
         vertex 0.7000 12.5000 4.3000
         vertex -2.9000 12.5000 4.3000
      endloop
   endfacet
   facet normal 0.0000 1.0000 0.0000
      outer loop
         vertex -2.9000 12.5000 4.3000
         vertex 0.7000 12.5000 4.3000
         vertex 0.6196 12.5000 4.0000
      endloop
   endfacet
   facet normal 0.0000 1.0000 0.0000
      outer loop
         vertex -2.9000 12.5000 4.3000
         vertex 0.6196 12.5000 4.0000
         vertex -2.8196 12.5000 4.0000
      endloop
   endfacet
   facet normal 0.0000 1.0000 0.0000
      outer loop
         vertex -2.8196 12.5000 4.0000
         vertex 0.6196 12.5000 4.0000
         vertex 0.4000 12.5000 3.7804
      endloop
   endfacet
   facet normal 0.0000 1.0000 0.0000
      outer loop
         vertex -2.8196 12.5000 4.0000
         vertex 0.4000 12.5000 3.7804
         vertex -2.6000 12.5000 3.7804
      endloop
   endfacet
   facet normal 0.0000 1.0000 0.0000
      outer loop
         vertex -2.6000 12.5000 3.7804
         vertex 0.4000 12.5000 3.7804
         vertex 0.1000 12.5000 3.7000
      endloop
   endfacet
   facet normal 0.0000 1.0000 0.0000
      outer loop
         vertex -2.6000 12.5000 3.7804
         vertex 0.1000 12.5000 3.7000
         vertex -0.1000 12.5000 3.7000
      endloop
   endfacet
   facet normal 0.0000 1.0000 0.0000
      outer loop
         vertex -2.1000 12.5000 3.7000
         vertex -2.3000 12.5000 3.7000
         vertex -2.6000 12.5000 3.7804
      endloop
   endfacet
   facet normal 0.0000 1.0000 0.0000
      outer loop
         vertex -2.1000 12.5000 3.7000
         vertex -2.6000 12.5000 3.7804
         vertex -0.1000 12.5000 3.7000
      endloop
   endfacet
   facet normal 0.0000 1.0000 0.0000
      outer loop
         vertex -4.2500 12.5000 4.5902
         vertex -3.0500 12.5000 4.5500
         vertex -4.1000 12.5000 4.5500
      endloop
   endfacet
   facet normal -0.6414 0.0000 -0.7672
      outer loop
         vertex 0.6196 12.5000 6.3000
         vertex 0.4000 12.5000 6.5196
         vertex 0.4000 14.5000 6.5196
      endloop
   endfacet
   facet normal -0.7672 0.0000 -0.6414
      outer loop
         vertex 0.6196 12.5000 6.3000
         vertex 0.4000 14.5000 6.5196
         vertex 0.6196 14.5000 6.3000
      endloop
   endfacet
   facet normal -0.3399 0.0000 -0.9405
      outer loop
         vertex 0.1000 12.5000 6.6000
         vertex 0.1000 14.5000 6.6000
         vertex 0.4000 14.5000 6.5196
      endloop
   endfacet
   facet normal -0.4210 0.0000 -0.9071
      outer loop
         vertex 0.1000 12.5000 6.6000
         vertex 0.4000 14.5000 6.5196
         vertex 0.4000 12.5000 6.5196
      endloop
   endfacet
   facet normal 0.3399 0.0000 -0.9405
      outer loop
         vertex -2.3000 14.5000 6.6000
         vertex -2.3000 12.5000 6.6000
         vertex -2.6000 12.5000 6.5196
      endloop
   endfacet
   facet normal 0.4210 0.0000 -0.9071
      outer loop
         vertex -2.3000 14.5000 6.6000
         vertex -2.6000 12.5000 6.5196
         vertex -2.6000 14.5000 6.5196
      endloop
   endfacet
   facet normal 0.7672 0.0000 -0.6414
      outer loop
         vertex -2.6000 12.5000 6.5196
         vertex -2.8196 12.5000 6.3000
         vertex -2.8196 14.5000 6.3000
      endloop
   endfacet
   facet normal 0.6414 0.0000 -0.7672
      outer loop
         vertex -2.6000 12.5000 6.5196
         vertex -2.8196 14.5000 6.3000
         vertex -2.6000 14.5000 6.5196
      endloop
   endfacet
   facet normal 0.0000 0.0000 -1.0000
      outer loop
         vertex 2.3000 13.9000 9.8500
         vertex 2.3000 11.7175 9.8500
         vertex 2.0250 11.9325 9.8500
      endloop
   endfacet
   facet normal 0.0000 0.0000 -1.0000
      outer loop
         vertex 2.3000 13.9000 9.8500
         vertex 2.0250 11.9325 9.8500
         vertex 1.4000 12.1000 9.8500
      endloop
   endfacet
   facet normal 0.0000 0.0000 -1.0000
      outer loop
         vertex 2.3000 13.9000 9.8500
         vertex 1.4000 12.1000 9.8500
         vertex 1.2661 12.0928 9.8500
      endloop
   endfacet
   facet normal 0.0000 0.0000 -1.0000
      outer loop
         vertex 2.3000 13.9000 9.8500
         vertex 1.2661 12.0928 9.8500
         vertex 1.2500 12.0919 9.8500
      endloop
   endfacet
   facet normal 0.0000 0.0000 -1.0000
      outer loop
         vertex 2.3000 13.9000 9.8500
         vertex 1.2500 12.0919 9.8500
         vertex 1.2500 13.9000 9.8500
      endloop
   endfacet
   facet normal 0.0000 0.0000 -1.0000
      outer loop
         vertex 1.1000 12.2419 9.8500
         vertex 1.1201 13.8250 9.8500
         vertex 1.1201 12.1669 9.8500
      endloop
   endfacet
   facet normal 0.0000 0.0000 -1.0000
      outer loop
         vertex 1.1201 12.1669 9.8500
         vertex 1.1201 13.8250 9.8500
         vertex 1.1750 13.8799 9.8500
      endloop
   endfacet
   facet normal 0.0000 0.0000 -1.0000
      outer loop
         vertex 1.1201 12.1669 9.8500
         vertex 1.1750 13.8799 9.8500
         vertex 1.1750 12.1120 9.8500
      endloop
   endfacet
   facet normal 0.0000 0.0000 -1.0000
      outer loop
         vertex 1.1750 12.1120 9.8500
         vertex 1.1750 13.8799 9.8500
         vertex 1.2500 13.9000 9.8500
      endloop
   endfacet
   facet normal 0.0000 0.0000 -1.0000
      outer loop
         vertex 1.1750 12.1120 9.8500
         vertex 1.2500 13.9000 9.8500
         vertex 1.2500 12.0919 9.8500
      endloop
   endfacet
   facet normal 0.0000 0.0000 -1.0000
      outer loop
         vertex 1.1201 13.8250 9.8500
         vertex 1.1000 12.2419 9.8500
         vertex 1.1000 13.7500 9.8500
      endloop
   endfacet
   facet normal 0.0000 0.0000 -1.0000
      outer loop
         vertex 2.3000 1.5000 9.8500
         vertex 2.2000 5.6325 9.8500
         vertex 2.3000 9.9825 9.8500
      endloop
   endfacet
   facet normal 0.0000 0.0000 -1.0000
      outer loop
         vertex 2.3000 9.9825 9.8500
         vertex 2.2000 5.6325 9.8500
         vertex 2.2000 7.3675 9.8500
      endloop
   endfacet
   facet normal 0.0000 0.0000 -1.0000
      outer loop
         vertex 2.3000 9.9825 9.8500
         vertex 2.2000 7.3675 9.8500
         vertex 2.0250 9.7675 9.8500
      endloop
   endfacet
   facet normal 0.0000 0.0000 -1.0000
      outer loop
         vertex 2.0250 9.7675 9.8500
         vertex 2.2000 7.3675 9.8500
         vertex 1.9250 7.5825 9.8500
      endloop
   endfacet
   facet normal 0.0000 0.0000 -1.0000
      outer loop
         vertex 2.0250 9.7675 9.8500
         vertex 1.9250 7.5825 9.8500
         vertex 1.4000 9.6000 9.8500
      endloop
   endfacet
   facet normal 0.0000 0.0000 -1.0000
      outer loop
         vertex 1.4000 9.6000 9.8500
         vertex 1.9250 7.5825 9.8500
         vertex 1.3000 7.7500 9.8500
      endloop
   endfacet
   facet normal 0.0000 0.0000 -1.0000
      outer loop
         vertex 1.4000 9.6000 9.8500
         vertex 1.3000 7.7500 9.8500
         vertex 1.2554 7.7492 9.8500
      endloop
   endfacet
   facet normal 0.0000 0.0000 -1.0000
      outer loop
         vertex 2.1660 2.0000 9.8500
         vertex 1.8000 2.3660 9.8500
         vertex 1.9250 5.4175 9.8500
      endloop
   endfacet
   facet normal 0.0000 0.0000 -1.0000
      outer loop
         vertex 2.1660 2.0000 9.8500
         vertex 1.9250 5.4175 9.8500
         vertex 2.2000 5.6325 9.8500
      endloop
   endfacet
   facet normal 0.0000 0.0000 -1.0000
      outer loop
         vertex 2.1660 2.0000 9.8500
         vertex 2.2000 5.6325 9.8500
         vertex 2.3000 1.5000 9.8500
      endloop
   endfacet
   facet normal 0.0000 0.0000 -1.0000
      outer loop
         vertex 1.1000 2.6489 9.8500
         vertex 1.1201 5.1759 9.8500
         vertex 1.1201 2.5739 9.8500
      endloop
   endfacet
   facet normal 0.0000 0.0000 -1.0000
      outer loop
         vertex 1.1201 2.5739 9.8500
         vertex 1.1201 5.1759 9.8500
         vertex 1.1750 5.2308 9.8500
      endloop
   endfacet
   facet normal 0.0000 0.0000 -1.0000
      outer loop
         vertex 1.1201 2.5739 9.8500
         vertex 1.1750 5.2308 9.8500
         vertex 1.1750 2.5190 9.8500
      endloop
   endfacet
   facet normal 0.0000 0.0000 -1.0000
      outer loop
         vertex 1.1750 2.5190 9.8500
         vertex 1.1750 5.2308 9.8500
         vertex 1.2500 5.2509 9.8500
      endloop
   endfacet
   facet normal 0.0000 0.0000 -1.0000
      outer loop
         vertex 1.1750 2.5190 9.8500
         vertex 1.2500 5.2509 9.8500
         vertex 1.2500 2.4989 9.8500
      endloop
   endfacet
   facet normal 0.0000 0.0000 -1.0000
      outer loop
         vertex 1.2500 2.4989 9.8500
         vertex 1.2500 5.2509 9.8500
         vertex 1.2554 5.2508 9.8500
      endloop
   endfacet
   facet normal 0.0000 0.0000 -1.0000
      outer loop
         vertex 1.2500 2.4989 9.8500
         vertex 1.2554 5.2508 9.8500
         vertex 1.2565 2.4991 9.8500
      endloop
   endfacet
   facet normal 0.0000 0.0000 -1.0000
      outer loop
         vertex 1.2565 2.4991 9.8500
         vertex 1.2554 5.2508 9.8500
         vertex 1.3000 5.2500 9.8500
      endloop
   endfacet
   facet normal 0.0000 0.0000 -1.0000
      outer loop
         vertex 1.2565 2.4991 9.8500
         vertex 1.3000 5.2500 9.8500
         vertex 1.3000 2.5000 9.8500
      endloop
   endfacet
   facet normal 0.0000 0.0000 -1.0000
      outer loop
         vertex 1.3000 2.5000 9.8500
         vertex 1.3000 5.2500 9.8500
         vertex 1.9250 5.4175 9.8500
      endloop
   endfacet
   facet normal 0.0000 0.0000 -1.0000
      outer loop
         vertex 1.3000 2.5000 9.8500
         vertex 1.9250 5.4175 9.8500
         vertex 1.8000 2.3660 9.8500
      endloop
   endfacet
   facet normal 0.0000 0.0000 -1.0000
      outer loop
         vertex 1.2500 7.7491 9.8500
         vertex 1.1750 7.7692 9.8500
         vertex 1.2000 9.6149 9.8500
      endloop
   endfacet
   facet normal 0.0000 0.0000 -1.0000
      outer loop
         vertex 1.2500 7.7491 9.8500
         vertex 1.2000 9.6149 9.8500
         vertex 1.2148 9.6138 9.8500
      endloop
   endfacet
   facet normal 0.0000 0.0000 -1.0000
      outer loop
         vertex 1.2500 7.7491 9.8500
         vertex 1.2148 9.6138 9.8500
         vertex 1.4000 9.6000 9.8500
      endloop
   endfacet
   facet normal 0.0000 0.0000 -1.0000
      outer loop
         vertex 1.2500 7.7491 9.8500
         vertex 1.4000 9.6000 9.8500
         vertex 1.2554 7.7492 9.8500
      endloop
   endfacet
   facet normal 0.0000 0.0000 -1.0000
      outer loop
         vertex 1.2000 9.6149 9.8500
         vertex 1.1750 7.7692 9.8500
         vertex 1.1500 9.6015 9.8500
      endloop
   endfacet
   facet normal 0.0000 0.0000 -1.0000
      outer loop
         vertex 1.1500 9.6015 9.8500
         vertex 1.1750 7.7692 9.8500
         vertex 1.1201 7.8241 9.8500
      endloop
   endfacet
   facet normal 0.0000 0.0000 -1.0000
      outer loop
         vertex 1.1500 9.6015 9.8500
         vertex 1.1201 7.8241 9.8500
         vertex 1.1134 9.5649 9.8500
      endloop
   endfacet
   facet normal 0.0000 0.0000 -1.0000
      outer loop
         vertex 1.1134 9.5649 9.8500
         vertex 1.1201 7.8241 9.8500
         vertex 1.1000 7.8991 9.8500
      endloop
   endfacet
   facet normal 0.0000 0.0000 -1.0000
      outer loop
         vertex 1.1134 9.5649 9.8500
         vertex 1.1000 7.8991 9.8500
         vertex 1.1000 9.5149 9.8500
      endloop
   endfacet
   facet normal 0.0000 0.0000 -1.0000
      outer loop
         vertex 1.1201 5.1759 9.8500
         vertex 1.1000 2.6489 9.8500
         vertex 1.1000 5.1009 9.8500
      endloop
   endfacet
   facet normal 0.0000 0.0000 1.0000
      outer loop
         vertex -2.1000 14.0000 10.5000
         vertex -2.1000 12.5000 10.5000
         vertex -0.1000 12.5000 10.5000
      endloop
   endfacet
   facet normal 0.0000 0.0000 1.0000
      outer loop
         vertex -2.1000 14.0000 10.5000
         vertex -0.1000 12.5000 10.5000
         vertex -0.1000 14.0000 10.5000
      endloop
   endfacet
   facet normal 0.0000 0.0000 1.0000
      outer loop
         vertex -2.1000 14.0000 10.5000
         vertex -0.1000 14.0000 10.5000
         vertex 0.1000 14.5000 10.5000
      endloop
   endfacet
   facet normal 0.0000 0.0000 1.0000
      outer loop
         vertex -2.1000 14.0000 10.5000
         vertex 0.1000 14.5000 10.5000
         vertex -2.3000 14.5000 10.5000
      endloop
   endfacet
   facet normal 0.0000 0.0000 1.0000
      outer loop
         vertex 2.3000 13.9000 10.5000
         vertex 1.2500 13.9000 10.5000
         vertex 1.2661 12.0928 10.5000
      endloop
   endfacet
   facet normal 0.0000 0.0000 1.0000
      outer loop
         vertex 2.3000 13.9000 10.5000
         vertex 1.2661 12.0928 10.5000
         vertex 1.4000 12.1000 10.5000
      endloop
   endfacet
   facet normal 0.0000 0.0000 1.0000
      outer loop
         vertex 2.3000 13.9000 10.5000
         vertex 1.4000 12.1000 10.5000
         vertex 2.0250 11.9325 10.5000
      endloop
   endfacet
   facet normal 0.0000 0.0000 1.0000
      outer loop
         vertex 2.3000 13.9000 10.5000
         vertex 2.0250 11.9325 10.5000
         vertex 2.3000 11.7175 10.5000
      endloop
   endfacet
   facet normal 0.0000 0.0000 1.0000
      outer loop
         vertex 1.2661 12.0928 10.5000
         vertex 1.2500 13.9000 10.5000
         vertex 1.2500 12.0919 10.5000
      endloop
   endfacet
   facet normal 0.0000 0.0000 1.0000
      outer loop
         vertex 1.2500 12.0919 10.5000
         vertex 1.2500 13.9000 10.5000
         vertex 1.1750 13.8799 10.5000
      endloop
   endfacet
   facet normal 0.0000 0.0000 1.0000
      outer loop
         vertex 1.2500 12.0919 10.5000
         vertex 1.1750 13.8799 10.5000
         vertex 1.1750 12.1120 10.5000
      endloop
   endfacet
   facet normal 0.0000 0.0000 1.0000
      outer loop
         vertex 1.1750 12.1120 10.5000
         vertex 1.1750 13.8799 10.5000
         vertex 1.1201 13.8250 10.5000
      endloop
   endfacet
   facet normal 0.0000 0.0000 1.0000
      outer loop
         vertex 1.1750 12.1120 10.5000
         vertex 1.1201 13.8250 10.5000
         vertex 1.1201 12.1669 10.5000
      endloop
   endfacet
   facet normal 0.0000 0.0000 1.0000
      outer loop
         vertex 1.1201 12.1669 10.5000
         vertex 1.1201 13.8250 10.5000
         vertex 1.1000 13.7500 10.5000
      endloop
   endfacet
   facet normal 0.0000 0.0000 1.0000
      outer loop
         vertex 1.1201 12.1669 10.5000
         vertex 1.1000 13.7500 10.5000
         vertex 1.1000 12.2419 10.5000
      endloop
   endfacet
   facet normal 0.0000 0.0000 1.0000
      outer loop
         vertex 1.2565 2.4991 10.5000
         vertex 1.3000 2.5000 10.5000
         vertex 1.3000 5.2500 10.5000
      endloop
   endfacet
   facet normal 0.0000 0.0000 1.0000
      outer loop
         vertex 1.3000 5.2500 10.5000
         vertex 1.3000 2.5000 10.5000
         vertex 1.8000 2.3660 10.5000
      endloop
   endfacet
   facet normal 0.0000 0.0000 1.0000
      outer loop
         vertex 1.3000 5.2500 10.5000
         vertex 1.8000 2.3660 10.5000
         vertex 1.9250 5.4175 10.5000
      endloop
   endfacet
   facet normal 0.0000 0.0000 1.0000
      outer loop
         vertex 1.9250 5.4175 10.5000
         vertex 1.8000 2.3660 10.5000
         vertex 2.1660 2.0000 10.5000
      endloop
   endfacet
   facet normal 0.0000 0.0000 1.0000
      outer loop
         vertex 1.9250 5.4175 10.5000
         vertex 2.1660 2.0000 10.5000
         vertex 2.2000 5.6325 10.5000
      endloop
   endfacet
   facet normal 0.0000 0.0000 1.0000
      outer loop
         vertex 2.2000 5.6325 10.5000
         vertex 2.1660 2.0000 10.5000
         vertex 2.3000 1.5000 10.5000
      endloop
   endfacet
   facet normal 0.0000 0.0000 1.0000
      outer loop
         vertex 2.2000 5.6325 10.5000
         vertex 2.3000 1.5000 10.5000
         vertex 2.2000 7.3675 10.5000
      endloop
   endfacet
   facet normal 0.0000 0.0000 1.0000
      outer loop
         vertex 2.2000 7.3675 10.5000
         vertex 2.3000 1.5000 10.5000
         vertex 2.3000 9.9825 10.5000
      endloop
   endfacet
   facet normal 0.0000 0.0000 1.0000
      outer loop
         vertex 2.2000 7.3675 10.5000
         vertex 2.3000 9.9825 10.5000
         vertex 2.0250 9.7675 10.5000
      endloop
   endfacet
   facet normal 0.0000 0.0000 1.0000
      outer loop
         vertex 1.2554 7.7492 10.5000
         vertex 1.3000 7.7500 10.5000
         vertex 1.4000 9.6000 10.5000
      endloop
   endfacet
   facet normal 0.0000 0.0000 1.0000
      outer loop
         vertex 1.4000 9.6000 10.5000
         vertex 1.3000 7.7500 10.5000
         vertex 1.9250 7.5825 10.5000
      endloop
   endfacet
   facet normal 0.0000 0.0000 1.0000
      outer loop
         vertex 1.4000 9.6000 10.5000
         vertex 1.9250 7.5825 10.5000
         vertex 2.0250 9.7675 10.5000
      endloop
   endfacet
   facet normal 0.0000 0.0000 1.0000
      outer loop
         vertex 2.0250 9.7675 10.5000
         vertex 1.9250 7.5825 10.5000
         vertex 2.2000 7.3675 10.5000
      endloop
   endfacet
   facet normal 0.0000 0.0000 1.0000
      outer loop
         vertex 1.2500 7.7491 10.5000
         vertex 1.2554 7.7492 10.5000
         vertex 1.4000 9.6000 10.5000
      endloop
   endfacet
   facet normal 0.0000 0.0000 1.0000
      outer loop
         vertex 1.2500 7.7491 10.5000
         vertex 1.4000 9.6000 10.5000
         vertex 1.2148 9.6138 10.5000
      endloop
   endfacet
   facet normal 0.0000 0.0000 1.0000
      outer loop
         vertex 1.2500 7.7491 10.5000
         vertex 1.2148 9.6138 10.5000
         vertex 1.2000 9.6149 10.5000
      endloop
   endfacet
   facet normal 0.0000 0.0000 1.0000
      outer loop
         vertex 1.2500 7.7491 10.5000
         vertex 1.2000 9.6149 10.5000
         vertex 1.1750 7.7692 10.5000
      endloop
   endfacet
   facet normal 0.0000 0.0000 1.0000
      outer loop
         vertex 1.1500 9.6015 10.5000
         vertex 1.1134 9.5649 10.5000
         vertex 1.1201 7.8241 10.5000
      endloop
   endfacet
   facet normal 0.0000 0.0000 1.0000
      outer loop
         vertex 1.1500 9.6015 10.5000
         vertex 1.1201 7.8241 10.5000
         vertex 1.1750 7.7692 10.5000
      endloop
   endfacet
   facet normal 0.0000 0.0000 1.0000
      outer loop
         vertex 1.1500 9.6015 10.5000
         vertex 1.1750 7.7692 10.5000
         vertex 1.2000 9.6149 10.5000
      endloop
   endfacet
   facet normal 0.0000 0.0000 1.0000
      outer loop
         vertex 1.1000 9.5149 10.5000
         vertex 1.1000 7.8991 10.5000
         vertex 1.1201 7.8241 10.5000
      endloop
   endfacet
   facet normal 0.0000 0.0000 1.0000
      outer loop
         vertex 1.1000 9.5149 10.5000
         vertex 1.1201 7.8241 10.5000
         vertex 1.1134 9.5649 10.5000
      endloop
   endfacet
   facet normal 0.0000 0.0000 1.0000
      outer loop
         vertex 1.3000 5.2500 10.5000
         vertex 1.2554 5.2508 10.5000
         vertex 1.2565 2.4991 10.5000
      endloop
   endfacet
   facet normal 0.0000 0.0000 1.0000
      outer loop
         vertex 1.2565 2.4991 10.5000
         vertex 1.2554 5.2508 10.5000
         vertex 1.2500 5.2509 10.5000
      endloop
   endfacet
   facet normal 0.0000 0.0000 1.0000
      outer loop
         vertex 1.2565 2.4991 10.5000
         vertex 1.2500 5.2509 10.5000
         vertex 1.2500 2.4989 10.5000
      endloop
   endfacet
   facet normal 0.0000 0.0000 1.0000
      outer loop
         vertex 1.2500 2.4989 10.5000
         vertex 1.2500 5.2509 10.5000
         vertex 1.1750 5.2308 10.5000
      endloop
   endfacet
   facet normal 0.0000 0.0000 1.0000
      outer loop
         vertex 1.2500 2.4989 10.5000
         vertex 1.1750 5.2308 10.5000
         vertex 1.1750 2.5190 10.5000
      endloop
   endfacet
   facet normal 0.0000 0.0000 1.0000
      outer loop
         vertex 1.1750 2.5190 10.5000
         vertex 1.1750 5.2308 10.5000
         vertex 1.1201 5.1759 10.5000
      endloop
   endfacet
   facet normal 0.0000 0.0000 1.0000
      outer loop
         vertex 1.1750 2.5190 10.5000
         vertex 1.1201 5.1759 10.5000
         vertex 1.1201 2.5739 10.5000
      endloop
   endfacet
   facet normal 0.0000 0.0000 1.0000
      outer loop
         vertex 1.1201 2.5739 10.5000
         vertex 1.1201 5.1759 10.5000
         vertex 1.1000 5.1009 10.5000
      endloop
   endfacet
   facet normal 0.0000 0.0000 1.0000
      outer loop
         vertex 1.1201 2.5739 10.5000
         vertex 1.1000 5.1009 10.5000
         vertex 1.1000 2.6489 10.5000
      endloop
   endfacet
   facet normal 0.0000 1.0000 0.0000
      outer loop
         vertex -2.9000 12.5000 9.4000
         vertex -2.9000 12.5000 9.5000
         vertex 0.7000 12.5000 9.5000
      endloop
   endfacet
   facet normal 0.0000 1.0000 0.0000
      outer loop
         vertex 0.7000 12.5000 9.5000
         vertex -2.9000 12.5000 9.5000
         vertex -2.8196 12.5000 9.8000
      endloop
   endfacet
   facet normal 0.0000 1.0000 0.0000
      outer loop
         vertex 0.7000 12.5000 9.5000
         vertex -2.8196 12.5000 9.8000
         vertex 0.6196 12.5000 9.8000
      endloop
   endfacet
   facet normal 0.0000 1.0000 0.0000
      outer loop
         vertex 0.6196 12.5000 9.8000
         vertex -2.8196 12.5000 9.8000
         vertex -2.6000 12.5000 10.0196
      endloop
   endfacet
   facet normal 0.0000 1.0000 0.0000
      outer loop
         vertex 0.6196 12.5000 9.8000
         vertex -2.6000 12.5000 10.0196
         vertex 0.4000 12.5000 10.0196
      endloop
   endfacet
   facet normal 0.0000 1.0000 0.0000
      outer loop
         vertex 0.4000 12.5000 10.0196
         vertex -2.6000 12.5000 10.0196
         vertex -2.3000 12.5000 10.1000
      endloop
   endfacet
   facet normal 0.0000 1.0000 0.0000
      outer loop
         vertex 0.4000 12.5000 10.0196
         vertex -2.3000 12.5000 10.1000
         vertex 0.1000 12.5000 10.1000
      endloop
   endfacet
   facet normal 0.0000 1.0000 0.0000
      outer loop
         vertex 0.7000 12.5000 9.5000
         vertex 0.7000 12.5000 7.8000
         vertex -2.9000 12.5000 7.9000
      endloop
   endfacet
   facet normal 0.0000 1.0000 0.0000
      outer loop
         vertex 0.7000 12.5000 9.5000
         vertex -2.9000 12.5000 7.9000
         vertex -2.9201 12.5000 7.9750
      endloop
   endfacet
   facet normal 0.0000 1.0000 0.0000
      outer loop
         vertex 0.7000 12.5000 9.5000
         vertex -2.9201 12.5000 7.9750
         vertex -2.9750 12.5000 8.0299
      endloop
   endfacet
   facet normal 0.0000 1.0000 0.0000
      outer loop
         vertex 0.7000 12.5000 9.5000
         vertex -2.9750 12.5000 8.0299
         vertex -3.0500 12.5000 8.0500
      endloop
   endfacet
   facet normal 0.0000 1.0000 0.0000
      outer loop
         vertex 0.7000 12.5000 9.5000
         vertex -3.0500 12.5000 8.0500
         vertex -4.2500 12.5000 8.0902
      endloop
   endfacet
   facet normal 0.0000 1.0000 0.0000
      outer loop
         vertex 0.7000 12.5000 9.5000
         vertex -4.2500 12.5000 8.0902
         vertex -4.3598 12.5000 8.2000
      endloop
   endfacet
   facet normal 0.0000 1.0000 0.0000
      outer loop
         vertex 0.7000 12.5000 9.5000
         vertex -4.3598 12.5000 8.2000
         vertex -4.4000 12.5000 8.3500
      endloop
   endfacet
   facet normal 0.0000 1.0000 0.0000
      outer loop
         vertex 0.7000 12.5000 9.5000
         vertex -4.4000 12.5000 8.3500
         vertex -4.4000 12.5000 8.9500
      endloop
   endfacet
   facet normal 0.0000 1.0000 0.0000
      outer loop
         vertex 0.7000 12.5000 9.5000
         vertex -4.4000 12.5000 8.9500
         vertex -4.3598 12.5000 9.1000
      endloop
   endfacet
   facet normal 0.0000 1.0000 0.0000
      outer loop
         vertex 0.7000 12.5000 9.5000
         vertex -4.3598 12.5000 9.1000
         vertex -3.0500 12.5000 9.2500
      endloop
   endfacet
   facet normal 0.0000 1.0000 0.0000
      outer loop
         vertex 0.7000 12.5000 9.5000
         vertex -3.0500 12.5000 9.2500
         vertex -2.9750 12.5000 9.2701
      endloop
   endfacet
   facet normal 0.0000 1.0000 0.0000
      outer loop
         vertex 0.7000 12.5000 9.5000
         vertex -2.9750 12.5000 9.2701
         vertex -2.9201 12.5000 9.3250
      endloop
   endfacet
   facet normal 0.0000 1.0000 0.0000
      outer loop
         vertex 0.7000 12.5000 9.5000
         vertex -2.9201 12.5000 9.3250
         vertex -2.9000 12.5000 9.4000
      endloop
   endfacet
   facet normal 0.0000 1.0000 0.0000
      outer loop
         vertex -3.0500 12.5000 9.2500
         vertex -4.3598 12.5000 9.1000
         vertex -4.2500 12.5000 9.2098
      endloop
   endfacet
   facet normal 0.0000 1.0000 0.0000
      outer loop
         vertex -3.0500 12.5000 9.2500
         vertex -4.2500 12.5000 9.2098
         vertex -4.1000 12.5000 9.2500
      endloop
   endfacet
   facet normal 0.0000 1.0000 0.0000
      outer loop
         vertex -2.9000 12.5000 7.9000
         vertex 0.7000 12.5000 7.8000
         vertex -2.9000 12.5000 7.8000
      endloop
   endfacet
   facet normal 0.0000 1.0000 0.0000
      outer loop
         vertex -2.9000 12.5000 7.8000
         vertex 0.7000 12.5000 7.8000
         vertex 0.6196 12.5000 7.5000
      endloop
   endfacet
   facet normal 0.0000 1.0000 0.0000
      outer loop
         vertex -2.9000 12.5000 7.8000
         vertex 0.6196 12.5000 7.5000
         vertex -2.8196 12.5000 7.5000
      endloop
   endfacet
   facet normal 0.0000 1.0000 0.0000
      outer loop
         vertex -2.8196 12.5000 7.5000
         vertex 0.6196 12.5000 7.5000
         vertex 0.4000 12.5000 7.2804
      endloop
   endfacet
   facet normal 0.0000 1.0000 0.0000
      outer loop
         vertex -2.8196 12.5000 7.5000
         vertex 0.4000 12.5000 7.2804
         vertex -2.6000 12.5000 7.2804
      endloop
   endfacet
   facet normal 0.0000 1.0000 0.0000
      outer loop
         vertex -2.6000 12.5000 7.2804
         vertex 0.4000 12.5000 7.2804
         vertex 0.1000 12.5000 7.2000
      endloop
   endfacet
   facet normal 0.0000 1.0000 0.0000
      outer loop
         vertex -2.6000 12.5000 7.2804
         vertex 0.1000 12.5000 7.2000
         vertex -0.1000 12.5000 7.2000
      endloop
   endfacet
   facet normal 0.0000 1.0000 0.0000
      outer loop
         vertex -2.1000 12.5000 7.2000
         vertex -2.3000 12.5000 7.2000
         vertex -2.6000 12.5000 7.2804
      endloop
   endfacet
   facet normal 0.0000 1.0000 0.0000
      outer loop
         vertex -2.1000 12.5000 7.2000
         vertex -2.6000 12.5000 7.2804
         vertex -0.1000 12.5000 7.2000
      endloop
   endfacet
   facet normal 0.0000 1.0000 0.0000
      outer loop
         vertex -4.2500 12.5000 8.0902
         vertex -3.0500 12.5000 8.0500
         vertex -4.1000 12.5000 8.0500
      endloop
   endfacet
   facet normal -0.7672 0.0000 -0.6414
      outer loop
         vertex 0.6196 14.5000 9.8000
         vertex 0.6196 12.5000 9.8000
         vertex 0.4000 12.5000 10.0196
      endloop
   endfacet
   facet normal -0.6414 0.0000 -0.7672
      outer loop
         vertex 0.6196 14.5000 9.8000
         vertex 0.4000 12.5000 10.0196
         vertex 0.4000 14.5000 10.0196
      endloop
   endfacet
   facet normal -0.3399 0.0000 -0.9405
      outer loop
         vertex 0.1000 12.5000 10.1000
         vertex 0.1000 14.5000 10.1000
         vertex 0.4000 14.5000 10.0196
      endloop
   endfacet
   facet normal -0.4210 0.0000 -0.9071
      outer loop
         vertex 0.1000 12.5000 10.1000
         vertex 0.4000 14.5000 10.0196
         vertex 0.4000 12.5000 10.0196
      endloop
   endfacet
   facet normal 0.0000 0.0000 -1.0000
      outer loop
         vertex 0.1000 14.5000 10.1000
         vertex 0.1000 12.5000 10.1000
         vertex -2.3000 12.5000 10.1000
      endloop
   endfacet
   facet normal 0.0000 0.0000 -1.0000
      outer loop
         vertex 0.1000 14.5000 10.1000
         vertex -2.3000 12.5000 10.1000
         vertex -2.3000 14.5000 10.1000
      endloop
   endfacet
   facet normal 0.3399 0.0000 -0.9405
      outer loop
         vertex -2.3000 14.5000 10.1000
         vertex -2.3000 12.5000 10.1000
         vertex -2.6000 12.5000 10.0196
      endloop
   endfacet
   facet normal 0.4210 0.0000 -0.9071
      outer loop
         vertex -2.3000 14.5000 10.1000
         vertex -2.6000 12.5000 10.0196
         vertex -2.6000 14.5000 10.0196
      endloop
   endfacet
   facet normal 0.7672 0.0000 -0.6414
      outer loop
         vertex -2.8196 12.5000 9.8000
         vertex -2.8196 14.5000 9.8000
         vertex -2.6000 14.5000 10.0196
      endloop
   endfacet
   facet normal 0.6414 0.0000 -0.7672
      outer loop
         vertex -2.8196 12.5000 9.8000
         vertex -2.6000 14.5000 10.0196
         vertex -2.6000 12.5000 10.0196
      endloop
   endfacet
   facet normal 0.0000 0.0000 -1.0000
      outer loop
         vertex 2.3000 13.9000 13.3500
         vertex 2.3000 11.7175 13.3500
         vertex 2.0250 11.9325 13.3500
      endloop
   endfacet
   facet normal 0.0000 0.0000 -1.0000
      outer loop
         vertex 2.3000 13.9000 13.3500
         vertex 2.0250 11.9325 13.3500
         vertex 1.4000 12.1000 13.3500
      endloop
   endfacet
   facet normal 0.0000 0.0000 -1.0000
      outer loop
         vertex 2.3000 13.9000 13.3500
         vertex 1.4000 12.1000 13.3500
         vertex 1.2661 12.0928 13.3500
      endloop
   endfacet
   facet normal 0.0000 0.0000 -1.0000
      outer loop
         vertex 2.3000 13.9000 13.3500
         vertex 1.2661 12.0928 13.3500
         vertex 1.2500 12.0919 13.3500
      endloop
   endfacet
   facet normal 0.0000 0.0000 -1.0000
      outer loop
         vertex 2.3000 13.9000 13.3500
         vertex 1.2500 12.0919 13.3500
         vertex 1.2500 13.9000 13.3500
      endloop
   endfacet
   facet normal 0.0000 0.0000 -1.0000
      outer loop
         vertex 1.1000 12.2419 13.3500
         vertex 1.1201 13.8250 13.3500
         vertex 1.1201 12.1669 13.3500
      endloop
   endfacet
   facet normal 0.0000 0.0000 -1.0000
      outer loop
         vertex 1.1201 12.1669 13.3500
         vertex 1.1201 13.8250 13.3500
         vertex 1.1750 13.8799 13.3500
      endloop
   endfacet
   facet normal 0.0000 0.0000 -1.0000
      outer loop
         vertex 1.1201 12.1669 13.3500
         vertex 1.1750 13.8799 13.3500
         vertex 1.1750 12.1120 13.3500
      endloop
   endfacet
   facet normal 0.0000 0.0000 -1.0000
      outer loop
         vertex 1.1750 12.1120 13.3500
         vertex 1.1750 13.8799 13.3500
         vertex 1.2500 13.9000 13.3500
      endloop
   endfacet
   facet normal 0.0000 0.0000 -1.0000
      outer loop
         vertex 1.1750 12.1120 13.3500
         vertex 1.2500 13.9000 13.3500
         vertex 1.2500 12.0919 13.3500
      endloop
   endfacet
   facet normal 0.0000 0.0000 -1.0000
      outer loop
         vertex 1.1201 13.8250 13.3500
         vertex 1.1000 12.2419 13.3500
         vertex 1.1000 13.7500 13.3500
      endloop
   endfacet
   facet normal 0.0000 0.0000 -1.0000
      outer loop
         vertex 2.3000 1.5000 13.3500
         vertex 2.2000 5.6325 13.3500
         vertex 2.3000 9.9825 13.3500
      endloop
   endfacet
   facet normal 0.0000 0.0000 -1.0000
      outer loop
         vertex 2.3000 9.9825 13.3500
         vertex 2.2000 5.6325 13.3500
         vertex 2.2000 7.3675 13.3500
      endloop
   endfacet
   facet normal 0.0000 0.0000 -1.0000
      outer loop
         vertex 2.3000 9.9825 13.3500
         vertex 2.2000 7.3675 13.3500
         vertex 2.0250 9.7675 13.3500
      endloop
   endfacet
   facet normal 0.0000 0.0000 -1.0000
      outer loop
         vertex 2.0250 9.7675 13.3500
         vertex 2.2000 7.3675 13.3500
         vertex 1.9250 7.5825 13.3500
      endloop
   endfacet
   facet normal 0.0000 0.0000 -1.0000
      outer loop
         vertex 2.0250 9.7675 13.3500
         vertex 1.9250 7.5825 13.3500
         vertex 1.4000 9.6000 13.3500
      endloop
   endfacet
   facet normal 0.0000 0.0000 -1.0000
      outer loop
         vertex 1.4000 9.6000 13.3500
         vertex 1.9250 7.5825 13.3500
         vertex 1.3000 7.7500 13.3500
      endloop
   endfacet
   facet normal 0.0000 0.0000 -1.0000
      outer loop
         vertex 1.4000 9.6000 13.3500
         vertex 1.3000 7.7500 13.3500
         vertex 1.2554 7.7492 13.3500
      endloop
   endfacet
   facet normal 0.0000 0.0000 -1.0000
      outer loop
         vertex 2.1660 2.0000 13.3500
         vertex 1.8000 2.3660 13.3500
         vertex 1.9250 5.4175 13.3500
      endloop
   endfacet
   facet normal 0.0000 0.0000 -1.0000
      outer loop
         vertex 2.1660 2.0000 13.3500
         vertex 1.9250 5.4175 13.3500
         vertex 2.2000 5.6325 13.3500
      endloop
   endfacet
   facet normal 0.0000 0.0000 -1.0000
      outer loop
         vertex 2.1660 2.0000 13.3500
         vertex 2.2000 5.6325 13.3500
         vertex 2.3000 1.5000 13.3500
      endloop
   endfacet
   facet normal 0.0000 0.0000 -1.0000
      outer loop
         vertex 1.1000 2.6489 13.3500
         vertex 1.1201 5.1759 13.3500
         vertex 1.1201 2.5739 13.3500
      endloop
   endfacet
   facet normal 0.0000 0.0000 -1.0000
      outer loop
         vertex 1.1201 2.5739 13.3500
         vertex 1.1201 5.1759 13.3500
         vertex 1.1750 5.2308 13.3500
      endloop
   endfacet
   facet normal 0.0000 0.0000 -1.0000
      outer loop
         vertex 1.1201 2.5739 13.3500
         vertex 1.1750 5.2308 13.3500
         vertex 1.1750 2.5190 13.3500
      endloop
   endfacet
   facet normal 0.0000 0.0000 -1.0000
      outer loop
         vertex 1.1750 2.5190 13.3500
         vertex 1.1750 5.2308 13.3500
         vertex 1.2500 5.2509 13.3500
      endloop
   endfacet
   facet normal 0.0000 0.0000 -1.0000
      outer loop
         vertex 1.1750 2.5190 13.3500
         vertex 1.2500 5.2509 13.3500
         vertex 1.2500 2.4989 13.3500
      endloop
   endfacet
   facet normal 0.0000 0.0000 -1.0000
      outer loop
         vertex 1.2500 2.4989 13.3500
         vertex 1.2500 5.2509 13.3500
         vertex 1.2554 5.2508 13.3500
      endloop
   endfacet
   facet normal 0.0000 0.0000 -1.0000
      outer loop
         vertex 1.2500 2.4989 13.3500
         vertex 1.2554 5.2508 13.3500
         vertex 1.2565 2.4991 13.3500
      endloop
   endfacet
   facet normal 0.0000 0.0000 -1.0000
      outer loop
         vertex 1.2565 2.4991 13.3500
         vertex 1.2554 5.2508 13.3500
         vertex 1.3000 5.2500 13.3500
      endloop
   endfacet
   facet normal 0.0000 0.0000 -1.0000
      outer loop
         vertex 1.2565 2.4991 13.3500
         vertex 1.3000 5.2500 13.3500
         vertex 1.3000 2.5000 13.3500
      endloop
   endfacet
   facet normal 0.0000 0.0000 -1.0000
      outer loop
         vertex 1.3000 2.5000 13.3500
         vertex 1.3000 5.2500 13.3500
         vertex 1.9250 5.4175 13.3500
      endloop
   endfacet
   facet normal 0.0000 0.0000 -1.0000
      outer loop
         vertex 1.3000 2.5000 13.3500
         vertex 1.9250 5.4175 13.3500
         vertex 1.8000 2.3660 13.3500
      endloop
   endfacet
   facet normal 0.0000 0.0000 -1.0000
      outer loop
         vertex 1.2500 7.7491 13.3500
         vertex 1.1750 7.7692 13.3500
         vertex 1.2000 9.6149 13.3500
      endloop
   endfacet
   facet normal 0.0000 0.0000 -1.0000
      outer loop
         vertex 1.2500 7.7491 13.3500
         vertex 1.2000 9.6149 13.3500
         vertex 1.2148 9.6138 13.3500
      endloop
   endfacet
   facet normal 0.0000 0.0000 -1.0000
      outer loop
         vertex 1.2500 7.7491 13.3500
         vertex 1.2148 9.6138 13.3500
         vertex 1.4000 9.6000 13.3500
      endloop
   endfacet
   facet normal 0.0000 0.0000 -1.0000
      outer loop
         vertex 1.2500 7.7491 13.3500
         vertex 1.4000 9.6000 13.3500
         vertex 1.2554 7.7492 13.3500
      endloop
   endfacet
   facet normal 0.0000 0.0000 -1.0000
      outer loop
         vertex 1.2000 9.6149 13.3500
         vertex 1.1750 7.7692 13.3500
         vertex 1.1500 9.6015 13.3500
      endloop
   endfacet
   facet normal 0.0000 0.0000 -1.0000
      outer loop
         vertex 1.1500 9.6015 13.3500
         vertex 1.1750 7.7692 13.3500
         vertex 1.1201 7.8241 13.3500
      endloop
   endfacet
   facet normal 0.0000 0.0000 -1.0000
      outer loop
         vertex 1.1500 9.6015 13.3500
         vertex 1.1201 7.8241 13.3500
         vertex 1.1134 9.5649 13.3500
      endloop
   endfacet
   facet normal 0.0000 0.0000 -1.0000
      outer loop
         vertex 1.1134 9.5649 13.3500
         vertex 1.1201 7.8241 13.3500
         vertex 1.1000 7.8991 13.3500
      endloop
   endfacet
   facet normal 0.0000 0.0000 -1.0000
      outer loop
         vertex 1.1134 9.5649 13.3500
         vertex 1.1000 7.8991 13.3500
         vertex 1.1000 9.5149 13.3500
      endloop
   endfacet
   facet normal 0.0000 0.0000 -1.0000
      outer loop
         vertex 1.1201 5.1759 13.3500
         vertex 1.1000 2.6489 13.3500
         vertex 1.1000 5.1009 13.3500
      endloop
   endfacet
   facet normal 0.0000 1.0000 0.0000
      outer loop
         vertex -2.9000 12.5000 12.9000
         vertex -2.9000 12.5000 13.0000
         vertex 0.7000 12.5000 13.0000
      endloop
   endfacet
   facet normal 0.0000 1.0000 0.0000
      outer loop
         vertex 0.7000 12.5000 13.0000
         vertex -2.9000 12.5000 13.0000
         vertex -2.8196 12.5000 13.3000
      endloop
   endfacet
   facet normal 0.0000 1.0000 0.0000
      outer loop
         vertex 0.7000 12.5000 13.0000
         vertex -2.8196 12.5000 13.3000
         vertex 0.6196 12.5000 13.3000
      endloop
   endfacet
   facet normal 0.0000 1.0000 0.0000
      outer loop
         vertex 0.6196 12.5000 13.3000
         vertex -2.8196 12.5000 13.3000
         vertex -2.6000 12.5000 13.5196
      endloop
   endfacet
   facet normal 0.0000 1.0000 0.0000
      outer loop
         vertex 0.6196 12.5000 13.3000
         vertex -2.6000 12.5000 13.5196
         vertex 0.4000 12.5000 13.5196
      endloop
   endfacet
   facet normal 0.0000 1.0000 0.0000
      outer loop
         vertex 0.4000 12.5000 13.5196
         vertex -2.6000 12.5000 13.5196
         vertex -2.3000 12.5000 13.6000
      endloop
   endfacet
   facet normal 0.0000 1.0000 0.0000
      outer loop
         vertex 0.4000 12.5000 13.5196
         vertex -2.3000 12.5000 13.6000
         vertex 0.1000 12.5000 13.6000
      endloop
   endfacet
   facet normal 0.0000 1.0000 0.0000
      outer loop
         vertex 0.7000 12.5000 13.0000
         vertex 0.7000 12.5000 11.3000
         vertex -2.9000 12.5000 11.4000
      endloop
   endfacet
   facet normal 0.0000 1.0000 0.0000
      outer loop
         vertex 0.7000 12.5000 13.0000
         vertex -2.9000 12.5000 11.4000
         vertex -2.9201 12.5000 11.4750
      endloop
   endfacet
   facet normal 0.0000 1.0000 0.0000
      outer loop
         vertex 0.7000 12.5000 13.0000
         vertex -2.9201 12.5000 11.4750
         vertex -2.9750 12.5000 11.5299
      endloop
   endfacet
   facet normal 0.0000 1.0000 0.0000
      outer loop
         vertex 0.7000 12.5000 13.0000
         vertex -2.9750 12.5000 11.5299
         vertex -3.0500 12.5000 11.5500
      endloop
   endfacet
   facet normal 0.0000 1.0000 0.0000
      outer loop
         vertex 0.7000 12.5000 13.0000
         vertex -3.0500 12.5000 11.5500
         vertex -4.2500 12.5000 11.5902
      endloop
   endfacet
   facet normal 0.0000 1.0000 0.0000
      outer loop
         vertex 0.7000 12.5000 13.0000
         vertex -4.2500 12.5000 11.5902
         vertex -4.3598 12.5000 11.7000
      endloop
   endfacet
   facet normal 0.0000 1.0000 0.0000
      outer loop
         vertex 0.7000 12.5000 13.0000
         vertex -4.3598 12.5000 11.7000
         vertex -4.4000 12.5000 11.8500
      endloop
   endfacet
   facet normal 0.0000 1.0000 0.0000
      outer loop
         vertex 0.7000 12.5000 13.0000
         vertex -4.4000 12.5000 11.8500
         vertex -4.4000 12.5000 12.4500
      endloop
   endfacet
   facet normal 0.0000 1.0000 0.0000
      outer loop
         vertex 0.7000 12.5000 13.0000
         vertex -4.4000 12.5000 12.4500
         vertex -4.3598 12.5000 12.6000
      endloop
   endfacet
   facet normal 0.0000 1.0000 0.0000
      outer loop
         vertex 0.7000 12.5000 13.0000
         vertex -4.3598 12.5000 12.6000
         vertex -3.0500 12.5000 12.7500
      endloop
   endfacet
   facet normal 0.0000 1.0000 0.0000
      outer loop
         vertex 0.7000 12.5000 13.0000
         vertex -3.0500 12.5000 12.7500
         vertex -2.9750 12.5000 12.7701
      endloop
   endfacet
   facet normal 0.0000 1.0000 0.0000
      outer loop
         vertex 0.7000 12.5000 13.0000
         vertex -2.9750 12.5000 12.7701
         vertex -2.9201 12.5000 12.8250
      endloop
   endfacet
   facet normal 0.0000 1.0000 0.0000
      outer loop
         vertex 0.7000 12.5000 13.0000
         vertex -2.9201 12.5000 12.8250
         vertex -2.9000 12.5000 12.9000
      endloop
   endfacet
   facet normal 0.0000 1.0000 0.0000
      outer loop
         vertex -3.0500 12.5000 12.7500
         vertex -4.3598 12.5000 12.6000
         vertex -4.2500 12.5000 12.7098
      endloop
   endfacet
   facet normal 0.0000 1.0000 0.0000
      outer loop
         vertex -3.0500 12.5000 12.7500
         vertex -4.2500 12.5000 12.7098
         vertex -4.1000 12.5000 12.7500
      endloop
   endfacet
   facet normal 0.0000 1.0000 0.0000
      outer loop
         vertex -2.9000 12.5000 11.4000
         vertex 0.7000 12.5000 11.3000
         vertex -2.9000 12.5000 11.3000
      endloop
   endfacet
   facet normal 0.0000 1.0000 0.0000
      outer loop
         vertex -2.9000 12.5000 11.3000
         vertex 0.7000 12.5000 11.3000
         vertex 0.6196 12.5000 11.0000
      endloop
   endfacet
   facet normal 0.0000 1.0000 0.0000
      outer loop
         vertex -2.9000 12.5000 11.3000
         vertex 0.6196 12.5000 11.0000
         vertex -2.8196 12.5000 11.0000
      endloop
   endfacet
   facet normal 0.0000 1.0000 0.0000
      outer loop
         vertex -2.8196 12.5000 11.0000
         vertex 0.6196 12.5000 11.0000
         vertex 0.4000 12.5000 10.7804
      endloop
   endfacet
   facet normal 0.0000 1.0000 0.0000
      outer loop
         vertex -2.8196 12.5000 11.0000
         vertex 0.4000 12.5000 10.7804
         vertex -2.6000 12.5000 10.7804
      endloop
   endfacet
   facet normal 0.0000 1.0000 0.0000
      outer loop
         vertex -2.6000 12.5000 10.7804
         vertex 0.4000 12.5000 10.7804
         vertex 0.1000 12.5000 10.7000
      endloop
   endfacet
   facet normal 0.0000 1.0000 0.0000
      outer loop
         vertex -2.6000 12.5000 10.7804
         vertex 0.1000 12.5000 10.7000
         vertex -0.1000 12.5000 10.7000
      endloop
   endfacet
   facet normal 0.0000 1.0000 0.0000
      outer loop
         vertex -2.1000 12.5000 10.7000
         vertex -2.3000 12.5000 10.7000
         vertex -2.6000 12.5000 10.7804
      endloop
   endfacet
   facet normal 0.0000 1.0000 0.0000
      outer loop
         vertex -2.1000 12.5000 10.7000
         vertex -2.6000 12.5000 10.7804
         vertex -0.1000 12.5000 10.7000
      endloop
   endfacet
   facet normal 0.0000 1.0000 0.0000
      outer loop
         vertex -4.2500 12.5000 11.5902
         vertex -3.0500 12.5000 11.5500
         vertex -4.1000 12.5000 11.5500
      endloop
   endfacet
   facet normal -0.7672 0.0000 -0.6414
      outer loop
         vertex 0.6196 14.5000 13.3000
         vertex 0.6196 12.5000 13.3000
         vertex 0.4000 12.5000 13.5196
      endloop
   endfacet
   facet normal -0.6414 0.0000 -0.7672
      outer loop
         vertex 0.6196 14.5000 13.3000
         vertex 0.4000 12.5000 13.5196
         vertex 0.4000 14.5000 13.5196
      endloop
   endfacet
   facet normal -0.4210 0.0000 -0.9071
      outer loop
         vertex 0.4000 14.5000 13.5196
         vertex 0.4000 12.5000 13.5196
         vertex 0.1000 12.5000 13.6000
      endloop
   endfacet
   facet normal -0.3399 0.0000 -0.9405
      outer loop
         vertex 0.4000 14.5000 13.5196
         vertex 0.1000 12.5000 13.6000
         vertex 0.1000 14.5000 13.6000
      endloop
   endfacet
   facet normal 0.0000 0.0000 -1.0000
      outer loop
         vertex -2.3000 12.5000 13.6000
         vertex -2.3000 14.5000 13.6000
         vertex 0.1000 14.5000 13.6000
      endloop
   endfacet
   facet normal 0.0000 0.0000 -1.0000
      outer loop
         vertex -2.3000 12.5000 13.6000
         vertex 0.1000 14.5000 13.6000
         vertex 0.1000 12.5000 13.6000
      endloop
   endfacet
   facet normal 0.3399 0.0000 -0.9405
      outer loop
         vertex -2.3000 14.5000 13.6000
         vertex -2.3000 12.5000 13.6000
         vertex -2.6000 12.5000 13.5196
      endloop
   endfacet
   facet normal 0.4210 0.0000 -0.9071
      outer loop
         vertex -2.3000 14.5000 13.6000
         vertex -2.6000 12.5000 13.5196
         vertex -2.6000 14.5000 13.5196
      endloop
   endfacet
   facet normal 0.7672 0.0000 -0.6414
      outer loop
         vertex -2.8196 12.5000 13.3000
         vertex -2.8196 14.5000 13.3000
         vertex -2.6000 14.5000 13.5196
      endloop
   endfacet
   facet normal 0.6414 0.0000 -0.7672
      outer loop
         vertex -2.8196 12.5000 13.3000
         vertex -2.6000 14.5000 13.5196
         vertex -2.6000 12.5000 13.5196
      endloop
   endfacet
   facet normal 0.2321 0.9727 0.0000
      outer loop
         vertex 1.9250 7.5825 10.5000
         vertex 1.3000 7.7500 10.5000
         vertex 1.3000 7.7500 13.3500
      endloop
   endfacet
   facet normal 0.3418 0.9398 0.0000
      outer loop
         vertex 1.9250 7.5825 10.5000
         vertex 1.3000 7.7500 13.3500
         vertex 1.9250 7.5825 13.3500
      endloop
   endfacet
   facet normal 0.0284 0.9996 0.0000
      outer loop
         vertex 1.3000 7.7500 10.5000
         vertex 1.2554 7.7492 10.5000
         vertex 1.2554 7.7492 13.3500
      endloop
   endfacet
   facet normal 0.0750 0.9972 0.0000
      outer loop
         vertex 1.3000 7.7500 10.5000
         vertex 1.2554 7.7492 13.3500
         vertex 1.3000 7.7500 13.3500
      endloop
   endfacet
   facet normal 0.0750 0.9972 0.0000
      outer loop
         vertex 1.2554 7.7492 10.5000
         vertex 1.2500 7.7491 10.5000
         vertex 1.2500 7.7491 13.3500
      endloop
   endfacet
   facet normal 0.0284 0.9996 0.0000
      outer loop
         vertex 1.2554 7.7492 10.5000
         vertex 1.2500 7.7491 13.3500
         vertex 1.2554 7.7492 13.3500
      endloop
   endfacet
   facet normal 1.0000 0.0000 0.0000
      outer loop
         vertex 2.2000 7.3675 13.3500
         vertex 2.2000 5.6325 13.3500
         vertex 2.2000 5.6325 10.5000
      endloop
   endfacet
   facet normal 1.0000 0.0000 0.0000
      outer loop
         vertex 2.2000 7.3675 13.3500
         vertex 2.2000 5.6325 10.5000
         vertex 2.2000 7.3675 10.5000
      endloop
   endfacet
   facet normal 0.5060 0.8625 0.0000
      outer loop
         vertex 2.2000 7.3675 10.5000
         vertex 1.9250 7.5825 10.5000
         vertex 1.9250 7.5825 13.3500
      endloop
   endfacet
   facet normal 0.5628 0.8266 0.0000
      outer loop
         vertex 2.2000 7.3675 10.5000
         vertex 1.9250 7.5825 13.3500
         vertex 2.2000 7.3675 13.3500
      endloop
   endfacet
   facet normal 0.3786 0.9256 0.0000
      outer loop
         vertex 1.2500 7.7491 10.5000
         vertex 1.1750 7.7692 10.5000
         vertex 1.1750 7.7692 13.3500
      endloop
   endfacet
   facet normal 0.2501 0.9682 0.0000
      outer loop
         vertex 1.2500 7.7491 10.5000
         vertex 1.1750 7.7692 13.3500
         vertex 1.2500 7.7491 13.3500
      endloop
   endfacet
   facet normal 0.6414 0.7672 0.0000
      outer loop
         vertex 1.1201 7.8241 13.3500
         vertex 1.1750 7.7692 13.3500
         vertex 1.1750 7.7692 10.5000
      endloop
   endfacet
   facet normal 0.7672 0.6414 0.0000
      outer loop
         vertex 1.1201 7.8241 13.3500
         vertex 1.1750 7.7692 10.5000
         vertex 1.1201 7.8241 10.5000
      endloop
   endfacet
   facet normal 0.3733 0.9277 0.0000
      outer loop
         vertex 1.2500 12.0919 10.5000
         vertex 1.1750 12.1120 10.5000
         vertex 1.1750 12.1120 13.3500
      endloop
   endfacet
   facet normal 0.2386 0.9711 0.0000
      outer loop
         vertex 1.2500 12.0919 10.5000
         vertex 1.1750 12.1120 13.3500
         vertex 1.2500 12.0919 13.3500
      endloop
   endfacet
   facet normal -0.0189 -0.9998 0.0000
      outer loop
         vertex 1.2000 9.6149 10.5000
         vertex 1.2148 9.6138 10.5000
         vertex 1.2148 9.6138 13.3500
      endloop
   endfacet
   facet normal 0.0372 -0.9993 0.0000
      outer loop
         vertex 1.2000 9.6149 10.5000
         vertex 1.2148 9.6138 13.3500
         vertex 1.2000 9.6149 13.3500
      endloop
   endfacet
   facet normal 0.0372 -0.9993 0.0000
      outer loop
         vertex 1.2148 9.6138 10.5000
         vertex 1.4000 9.6000 10.5000
         vertex 1.4000 9.6000 13.3500
      endloop
   endfacet
   facet normal -0.0189 -0.9998 0.0000
      outer loop
         vertex 1.2148 9.6138 10.5000
         vertex 1.4000 9.6000 13.3500
         vertex 1.2148 9.6138 13.3500
      endloop
   endfacet
   facet normal 0.3334 -0.9428 0.0000
      outer loop
         vertex 1.4000 9.6000 10.5000
         vertex 2.0250 9.7675 10.5000
         vertex 2.0250 9.7675 13.3500
      endloop
   endfacet
   facet normal 0.2139 -0.9768 0.0000
      outer loop
         vertex 1.4000 9.6000 10.5000
         vertex 2.0250 9.7675 13.3500
         vertex 1.4000 9.6000 13.3500
      endloop
   endfacet
   facet normal 0.5628 -0.8266 0.0000
      outer loop
         vertex 2.0250 9.7675 10.5000
         vertex 2.3000 9.9825 10.5000
         vertex 2.3000 9.9825 13.3500
      endloop
   endfacet
   facet normal 0.5060 -0.8625 0.0000
      outer loop
         vertex 2.0250 9.7675 10.5000
         vertex 2.3000 9.9825 13.3500
         vertex 2.0250 9.7675 13.3500
      endloop
   endfacet
   facet normal 0.5628 0.8266 0.0000
      outer loop
         vertex 2.0250 11.9325 13.3500
         vertex 2.3000 11.7175 13.3500
         vertex 2.3000 11.7175 10.5000
      endloop
   endfacet
   facet normal 0.5060 0.8625 0.0000
      outer loop
         vertex 2.0250 11.9325 13.3500
         vertex 2.3000 11.7175 10.5000
         vertex 2.0250 11.9325 10.5000
      endloop
   endfacet
   facet normal 0.0000 1.0000 0.0000
      outer loop
         vertex -0.1000 12.5000 10.5000
         vertex -2.1000 12.5000 10.5000
         vertex -2.1000 12.5000 10.7000
      endloop
   endfacet
   facet normal 0.0000 1.0000 0.0000
      outer loop
         vertex -0.1000 12.5000 10.5000
         vertex -2.1000 12.5000 10.7000
         vertex -0.1000 12.5000 10.7000
      endloop
   endfacet
   facet normal 1.0000 0.0000 0.0000
      outer loop
         vertex -2.9000 12.5000 11.3000
         vertex -2.9000 14.5000 11.3000
         vertex -2.9000 14.5000 11.4000
      endloop
   endfacet
   facet normal 1.0000 0.0000 0.0000
      outer loop
         vertex -2.9000 12.5000 11.3000
         vertex -2.9000 14.5000 11.4000
         vertex -2.9000 12.5000 11.4000
      endloop
   endfacet
   facet normal 1.0000 0.0000 0.0000
      outer loop
         vertex -2.9000 12.5000 12.9000
         vertex -2.9000 14.5000 12.9000
         vertex -2.9000 14.5000 13.0000
      endloop
   endfacet
   facet normal 1.0000 0.0000 0.0000
      outer loop
         vertex -2.9000 12.5000 12.9000
         vertex -2.9000 14.5000 13.0000
         vertex -2.9000 12.5000 13.0000
      endloop
   endfacet
   facet normal 0.4210 0.0000 0.9071
      outer loop
         vertex -2.9750 12.5000 11.5299
         vertex -2.9750 14.5000 11.5299
         vertex -3.0500 14.5000 11.5500
      endloop
   endfacet
   facet normal 0.3399 0.0000 0.9405
      outer loop
         vertex -2.9750 12.5000 11.5299
         vertex -3.0500 14.5000 11.5500
         vertex -3.0500 12.5000 11.5500
      endloop
   endfacet
   facet normal 0.0000 0.0000 1.0000
      outer loop
         vertex -4.1000 14.5000 11.5500
         vertex -4.1000 12.5000 11.5500
         vertex -3.0500 12.5000 11.5500
      endloop
   endfacet
   facet normal 0.0000 0.0000 1.0000
      outer loop
         vertex -4.1000 14.5000 11.5500
         vertex -3.0500 12.5000 11.5500
         vertex -3.0500 14.5000 11.5500
      endloop
   endfacet
   facet normal 0.7672 0.0000 0.6414
      outer loop
         vertex -2.9201 12.5000 11.4750
         vertex -2.9201 14.5000 11.4750
         vertex -2.9750 14.5000 11.5299
      endloop
   endfacet
   facet normal 0.6414 0.0000 0.7672
      outer loop
         vertex -2.9201 12.5000 11.4750
         vertex -2.9750 14.5000 11.5299
         vertex -2.9750 12.5000 11.5299
      endloop
   endfacet
   facet normal 0.9071 0.0000 0.4210
      outer loop
         vertex -2.9201 14.5000 11.4750
         vertex -2.9201 12.5000 11.4750
         vertex -2.9000 12.5000 11.4000
      endloop
   endfacet
   facet normal 0.9405 0.0000 0.3399
      outer loop
         vertex -2.9201 14.5000 11.4750
         vertex -2.9000 12.5000 11.4000
         vertex -2.9000 14.5000 11.4000
      endloop
   endfacet
   facet normal 0.9071 0.0000 0.4210
      outer loop
         vertex -4.3598 12.5000 11.7000
         vertex -4.3598 14.5000 11.7000
         vertex -4.4000 14.5000 11.8500
      endloop
   endfacet
   facet normal 0.9405 0.0000 0.3399
      outer loop
         vertex -4.3598 12.5000 11.7000
         vertex -4.4000 14.5000 11.8500
         vertex -4.4000 12.5000 11.8500
      endloop
   endfacet
   facet normal 0.6414 0.0000 0.7672
      outer loop
         vertex -4.2500 12.5000 11.5902
         vertex -4.2500 14.5000 11.5902
         vertex -4.3598 14.5000 11.7000
      endloop
   endfacet
   facet normal 0.7672 0.0000 0.6414
      outer loop
         vertex -4.2500 12.5000 11.5902
         vertex -4.3598 14.5000 11.7000
         vertex -4.3598 12.5000 11.7000
      endloop
   endfacet
   facet normal 0.3399 0.0000 0.9405
      outer loop
         vertex -4.1000 12.5000 11.5500
         vertex -4.1000 14.5000 11.5500
         vertex -4.2500 14.5000 11.5902
      endloop
   endfacet
   facet normal 0.4210 0.0000 0.9071
      outer loop
         vertex -4.1000 12.5000 11.5500
         vertex -4.2500 14.5000 11.5902
         vertex -4.2500 12.5000 11.5902
      endloop
   endfacet
   facet normal 1.0000 0.0000 0.0000
      outer loop
         vertex -4.4000 14.5000 12.4500
         vertex -4.4000 12.5000 12.4500
         vertex -4.4000 12.5000 11.8500
      endloop
   endfacet
   facet normal 1.0000 0.0000 0.0000
      outer loop
         vertex -4.4000 14.5000 12.4500
         vertex -4.4000 12.5000 11.8500
         vertex -4.4000 14.5000 11.8500
      endloop
   endfacet
   facet normal 0.0000 0.0000 -1.0000
      outer loop
         vertex -3.0500 14.5000 12.7500
         vertex -3.0500 12.5000 12.7500
         vertex -4.1000 12.5000 12.7500
      endloop
   endfacet
   facet normal 0.0000 0.0000 -1.0000
      outer loop
         vertex -3.0500 14.5000 12.7500
         vertex -4.1000 12.5000 12.7500
         vertex -4.1000 14.5000 12.7500
      endloop
   endfacet
   facet normal 0.9405 0.0000 -0.3399
      outer loop
         vertex -2.9000 14.5000 12.9000
         vertex -2.9000 12.5000 12.9000
         vertex -2.9201 12.5000 12.8250
      endloop
   endfacet
   facet normal 0.9071 0.0000 -0.4210
      outer loop
         vertex -2.9000 14.5000 12.9000
         vertex -2.9201 12.5000 12.8250
         vertex -2.9201 14.5000 12.8250
      endloop
   endfacet
   facet normal 0.7672 0.0000 -0.6414
      outer loop
         vertex -2.9201 14.5000 12.8250
         vertex -2.9201 12.5000 12.8250
         vertex -2.9750 12.5000 12.7701
      endloop
   endfacet
   facet normal 0.6414 0.0000 -0.7672
      outer loop
         vertex -2.9201 14.5000 12.8250
         vertex -2.9750 12.5000 12.7701
         vertex -2.9750 14.5000 12.7701
      endloop
   endfacet
   facet normal 0.3399 0.0000 -0.9405
      outer loop
         vertex -3.0500 12.5000 12.7500
         vertex -3.0500 14.5000 12.7500
         vertex -2.9750 14.5000 12.7701
      endloop
   endfacet
   facet normal 0.4210 0.0000 -0.9071
      outer loop
         vertex -3.0500 12.5000 12.7500
         vertex -2.9750 14.5000 12.7701
         vertex -2.9750 12.5000 12.7701
      endloop
   endfacet
   facet normal 0.4210 0.0000 -0.9071
      outer loop
         vertex -4.2500 12.5000 12.7098
         vertex -4.2500 14.5000 12.7098
         vertex -4.1000 14.5000 12.7500
      endloop
   endfacet
   facet normal 0.3399 0.0000 -0.9405
      outer loop
         vertex -4.2500 12.5000 12.7098
         vertex -4.1000 14.5000 12.7500
         vertex -4.1000 12.5000 12.7500
      endloop
   endfacet
   facet normal 0.7672 0.0000 -0.6414
      outer loop
         vertex -4.3598 12.5000 12.6000
         vertex -4.3598 14.5000 12.6000
         vertex -4.2500 14.5000 12.7098
      endloop
   endfacet
   facet normal 0.6414 0.0000 -0.7672
      outer loop
         vertex -4.3598 12.5000 12.6000
         vertex -4.2500 14.5000 12.7098
         vertex -4.2500 12.5000 12.7098
      endloop
   endfacet
   facet normal 0.9405 0.0000 -0.3399
      outer loop
         vertex -4.4000 12.5000 12.4500
         vertex -4.4000 14.5000 12.4500
         vertex -4.3598 14.5000 12.6000
      endloop
   endfacet
   facet normal 0.9071 0.0000 -0.4210
      outer loop
         vertex -4.4000 12.5000 12.4500
         vertex -4.3598 14.5000 12.6000
         vertex -4.3598 12.5000 12.6000
      endloop
   endfacet
   facet normal 0.0000 0.0000 1.0000
      outer loop
         vertex -2.1000 12.5000 10.7000
         vertex -2.1000 14.0000 10.7000
         vertex -2.3000 14.5000 10.7000
      endloop
   endfacet
   facet normal 0.0000 0.0000 1.0000
      outer loop
         vertex -2.1000 12.5000 10.7000
         vertex -2.3000 14.5000 10.7000
         vertex -2.3000 12.5000 10.7000
      endloop
   endfacet
   facet normal 1.0000 0.0000 0.0000
      outer loop
         vertex -2.1000 14.0000 10.7000
         vertex -2.1000 12.5000 10.7000
         vertex -2.1000 12.5000 10.5000
      endloop
   endfacet
   facet normal 1.0000 0.0000 0.0000
      outer loop
         vertex -2.1000 14.0000 10.7000
         vertex -2.1000 12.5000 10.5000
         vertex -2.1000 14.0000 10.5000
      endloop
   endfacet
   facet normal 0.4210 0.0000 0.9071
      outer loop
         vertex -2.6000 14.5000 10.7804
         vertex -2.6000 12.5000 10.7804
         vertex -2.3000 12.5000 10.7000
      endloop
   endfacet
   facet normal 0.3399 0.0000 0.9405
      outer loop
         vertex -2.6000 14.5000 10.7804
         vertex -2.3000 12.5000 10.7000
         vertex -2.3000 14.5000 10.7000
      endloop
   endfacet
   facet normal 0.6414 0.0000 0.7672
      outer loop
         vertex -2.6000 12.5000 10.7804
         vertex -2.6000 14.5000 10.7804
         vertex -2.8196 14.5000 11.0000
      endloop
   endfacet
   facet normal 0.7672 0.0000 0.6414
      outer loop
         vertex -2.6000 12.5000 10.7804
         vertex -2.8196 14.5000 11.0000
         vertex -2.8196 12.5000 11.0000
      endloop
   endfacet
   facet normal 0.9405 0.0000 0.3399
      outer loop
         vertex -2.9000 14.5000 11.3000
         vertex -2.9000 12.5000 11.3000
         vertex -2.8196 12.5000 11.0000
      endloop
   endfacet
   facet normal 0.9071 0.0000 0.4210
      outer loop
         vertex -2.9000 14.5000 11.3000
         vertex -2.8196 12.5000 11.0000
         vertex -2.8196 14.5000 11.0000
      endloop
   endfacet
   facet normal 0.9071 0.0000 -0.4210
      outer loop
         vertex -2.8196 14.5000 13.3000
         vertex -2.8196 12.5000 13.3000
         vertex -2.9000 12.5000 13.0000
      endloop
   endfacet
   facet normal 0.9405 0.0000 -0.3399
      outer loop
         vertex -2.8196 14.5000 13.3000
         vertex -2.9000 12.5000 13.0000
         vertex -2.9000 14.5000 13.0000
      endloop
   endfacet
   facet normal 0.9405 0.3399 0.0000
      outer loop
         vertex 1.1201 7.8241 10.5000
         vertex 1.1000 7.8991 10.5000
         vertex 1.1000 7.8991 13.3500
      endloop
   endfacet
   facet normal 0.9071 0.4210 0.0000
      outer loop
         vertex 1.1201 7.8241 10.5000
         vertex 1.1000 7.8991 13.3500
         vertex 1.1201 7.8241 13.3500
      endloop
   endfacet
   facet normal 1.0000 0.0000 0.0000
      outer loop
         vertex 1.1000 9.5149 13.3500
         vertex 1.1000 7.8991 13.3500
         vertex 1.1000 7.8991 10.5000
      endloop
   endfacet
   facet normal 1.0000 0.0000 0.0000
      outer loop
         vertex 1.1000 9.5149 13.3500
         vertex 1.1000 7.8991 10.5000
         vertex 1.1000 9.5149 10.5000
      endloop
   endfacet
   facet normal 0.9071 -0.4210 0.0000
      outer loop
         vertex 1.1000 9.5149 10.5000
         vertex 1.1134 9.5649 10.5000
         vertex 1.1134 9.5649 13.3500
      endloop
   endfacet
   facet normal 0.9405 -0.3399 0.0000
      outer loop
         vertex 1.1000 9.5149 10.5000
         vertex 1.1134 9.5649 13.3500
         vertex 1.1000 9.5149 13.3500
      endloop
   endfacet
   facet normal 0.6414 -0.7672 0.0000
      outer loop
         vertex 1.1134 9.5649 10.5000
         vertex 1.1500 9.6015 10.5000
         vertex 1.1500 9.6015 13.3500
      endloop
   endfacet
   facet normal 0.7672 -0.6414 0.0000
      outer loop
         vertex 1.1134 9.5649 10.5000
         vertex 1.1500 9.6015 13.3500
         vertex 1.1134 9.5649 13.3500
      endloop
   endfacet
   facet normal 0.2319 -0.9727 0.0000
      outer loop
         vertex 1.1500 9.6015 10.5000
         vertex 1.2000 9.6149 10.5000
         vertex 1.2000 9.6149 13.3500
      endloop
   endfacet
   facet normal 0.3703 -0.9289 0.0000
      outer loop
         vertex 1.1500 9.6015 10.5000
         vertex 1.2000 9.6149 13.3500
         vertex 1.1500 9.6015 13.3500
      endloop
   endfacet
   facet normal -0.0016 1.0000 0.0000
      outer loop
         vertex 1.4000 12.1000 10.5000
         vertex 1.2661 12.0928 10.5000
         vertex 1.2661 12.0928 13.3500
      endloop
   endfacet
   facet normal 0.0511 0.9987 0.0000
      outer loop
         vertex 1.4000 12.1000 10.5000
         vertex 1.2661 12.0928 13.3500
         vertex 1.4000 12.1000 13.3500
      endloop
   endfacet
   facet normal 0.0511 0.9987 0.0000
      outer loop
         vertex 1.2661 12.0928 10.5000
         vertex 1.2500 12.0919 10.5000
         vertex 1.2500 12.0919 13.3500
      endloop
   endfacet
   facet normal -0.0016 1.0000 0.0000
      outer loop
         vertex 1.2661 12.0928 10.5000
         vertex 1.2500 12.0919 13.3500
         vertex 1.2661 12.0928 13.3500
      endloop
   endfacet
   facet normal 0.2206 0.9754 0.0000
      outer loop
         vertex 2.0250 11.9325 10.5000
         vertex 1.4000 12.1000 10.5000
         vertex 1.4000 12.1000 13.3500
      endloop
   endfacet
   facet normal 0.3364 0.9417 0.0000
      outer loop
         vertex 2.0250 11.9325 10.5000
         vertex 1.4000 12.1000 13.3500
         vertex 2.0250 11.9325 13.3500
      endloop
   endfacet
   facet normal 0.7672 0.6414 0.0000
      outer loop
         vertex 1.1750 12.1120 10.5000
         vertex 1.1201 12.1669 10.5000
         vertex 1.1201 12.1669 13.3500
      endloop
   endfacet
   facet normal 0.6414 0.7672 0.0000
      outer loop
         vertex 1.1750 12.1120 10.5000
         vertex 1.1201 12.1669 13.3500
         vertex 1.1750 12.1120 13.3500
      endloop
   endfacet
   facet normal 0.9285 0.3714 0.0000
      outer loop
         vertex -2.3000 14.5000 10.7000
         vertex -2.1000 14.0000 10.7000
         vertex -2.1000 14.0000 10.5000
      endloop
   endfacet
   facet normal 0.9285 0.3714 0.0000
      outer loop
         vertex -2.3000 14.5000 10.7000
         vertex -2.1000 14.0000 10.5000
         vertex -2.3000 14.5000 10.5000
      endloop
   endfacet
   facet normal 0.9405 0.3399 0.0000
      outer loop
         vertex 1.1201 12.1669 10.5000
         vertex 1.1000 12.2419 10.5000
         vertex 1.1000 12.2419 13.3500
      endloop
   endfacet
   facet normal 0.9071 0.4210 0.0000
      outer loop
         vertex 1.1201 12.1669 10.5000
         vertex 1.1000 12.2419 13.3500
         vertex 1.1201 12.1669 13.3500
      endloop
   endfacet
   facet normal 1.0000 0.0000 0.0000
      outer loop
         vertex 1.1000 13.7500 13.3500
         vertex 1.1000 12.2419 13.3500
         vertex 1.1000 12.2419 10.5000
      endloop
   endfacet
   facet normal 1.0000 0.0000 0.0000
      outer loop
         vertex 1.1000 13.7500 13.3500
         vertex 1.1000 12.2419 10.5000
         vertex 1.1000 13.7500 10.5000
      endloop
   endfacet
   facet normal 0.0000 -1.0000 0.0000
      outer loop
         vertex 2.3000 13.9000 13.3500
         vertex 1.2500 13.9000 13.3500
         vertex 1.2500 13.9000 10.5000
      endloop
   endfacet
   facet normal 0.0000 -1.0000 0.0000
      outer loop
         vertex 2.3000 13.9000 13.3500
         vertex 1.2500 13.9000 10.5000
         vertex 2.3000 13.9000 10.5000
      endloop
   endfacet
   facet normal -0.4210 0.0000 0.9071
      outer loop
         vertex 0.4000 12.5000 10.7804
         vertex 0.4000 14.5000 10.7804
         vertex 0.1000 14.5000 10.7000
      endloop
   endfacet
   facet normal -0.3399 0.0000 0.9405
      outer loop
         vertex 0.4000 12.5000 10.7804
         vertex 0.1000 14.5000 10.7000
         vertex 0.1000 12.5000 10.7000
      endloop
   endfacet
   facet normal -0.7672 0.0000 0.6414
      outer loop
         vertex 0.6196 12.5000 11.0000
         vertex 0.6196 14.5000 11.0000
         vertex 0.4000 14.5000 10.7804
      endloop
   endfacet
   facet normal -0.6414 0.0000 0.7672
      outer loop
         vertex 0.6196 12.5000 11.0000
         vertex 0.4000 14.5000 10.7804
         vertex 0.4000 12.5000 10.7804
      endloop
   endfacet
   facet normal -0.9071 0.0000 0.4210
      outer loop
         vertex 0.6196 14.5000 11.0000
         vertex 0.6196 12.5000 11.0000
         vertex 0.7000 12.5000 11.3000
      endloop
   endfacet
   facet normal -0.9405 0.0000 0.3399
      outer loop
         vertex 0.6196 14.5000 11.0000
         vertex 0.7000 12.5000 11.3000
         vertex 0.7000 14.5000 11.3000
      endloop
   endfacet
   facet normal -1.0000 0.0000 0.0000
      outer loop
         vertex 0.7000 12.5000 13.0000
         vertex 0.7000 14.5000 13.0000
         vertex 0.7000 14.5000 11.3000
      endloop
   endfacet
   facet normal -1.0000 0.0000 0.0000
      outer loop
         vertex 0.7000 12.5000 13.0000
         vertex 0.7000 14.5000 11.3000
         vertex 0.7000 12.5000 11.3000
      endloop
   endfacet
   facet normal -0.9405 0.0000 -0.3399
      outer loop
         vertex 0.7000 14.5000 13.0000
         vertex 0.7000 12.5000 13.0000
         vertex 0.6196 12.5000 13.3000
      endloop
   endfacet
   facet normal -0.9071 0.0000 -0.4210
      outer loop
         vertex 0.7000 14.5000 13.0000
         vertex 0.6196 12.5000 13.3000
         vertex 0.6196 14.5000 13.3000
      endloop
   endfacet
   facet normal 0.0000 0.0000 1.0000
      outer loop
         vertex -0.1000 14.0000 10.7000
         vertex -0.1000 12.5000 10.7000
         vertex 0.1000 12.5000 10.7000
      endloop
   endfacet
   facet normal 0.0000 0.0000 1.0000
      outer loop
         vertex -0.1000 14.0000 10.7000
         vertex 0.1000 12.5000 10.7000
         vertex 0.1000 14.5000 10.7000
      endloop
   endfacet
   facet normal -1.0000 0.0000 0.0000
      outer loop
         vertex -0.1000 12.5000 10.7000
         vertex -0.1000 14.0000 10.7000
         vertex -0.1000 14.0000 10.5000
      endloop
   endfacet
   facet normal -1.0000 0.0000 0.0000
      outer loop
         vertex -0.1000 12.5000 10.7000
         vertex -0.1000 14.0000 10.5000
         vertex -0.1000 12.5000 10.5000
      endloop
   endfacet
   facet normal -0.9285 0.3714 0.0000
      outer loop
         vertex 0.1000 14.5000 10.5000
         vertex -0.1000 14.0000 10.5000
         vertex -0.1000 14.0000 10.7000
      endloop
   endfacet
   facet normal -0.9285 0.3714 0.0000
      outer loop
         vertex 0.1000 14.5000 10.5000
         vertex -0.1000 14.0000 10.7000
         vertex 0.1000 14.5000 10.7000
      endloop
   endfacet
   facet normal 0.9071 -0.4210 0.0000
      outer loop
         vertex 1.1000 13.7500 10.5000
         vertex 1.1201 13.8250 10.5000
         vertex 1.1201 13.8250 13.3500
      endloop
   endfacet
   facet normal 0.9405 -0.3399 0.0000
      outer loop
         vertex 1.1000 13.7500 10.5000
         vertex 1.1201 13.8250 13.3500
         vertex 1.1000 13.7500 13.3500
      endloop
   endfacet
   facet normal 0.6414 -0.7672 0.0000
      outer loop
         vertex 1.1201 13.8250 10.5000
         vertex 1.1750 13.8799 10.5000
         vertex 1.1750 13.8799 13.3500
      endloop
   endfacet
   facet normal 0.7672 -0.6414 0.0000
      outer loop
         vertex 1.1201 13.8250 10.5000
         vertex 1.1750 13.8799 13.3500
         vertex 1.1201 13.8250 13.3500
      endloop
   endfacet
   facet normal 0.3399 -0.9405 0.0000
      outer loop
         vertex 1.1750 13.8799 10.5000
         vertex 1.2500 13.9000 10.5000
         vertex 1.2500 13.9000 13.3500
      endloop
   endfacet
   facet normal 0.4210 -0.9071 0.0000
      outer loop
         vertex 1.1750 13.8799 10.5000
         vertex 1.2500 13.9000 13.3500
         vertex 1.1750 13.8799 13.3500
      endloop
   endfacet
   facet normal 0.2321 0.9727 0.0000
      outer loop
         vertex 1.9250 7.5825 7.0000
         vertex 1.3000 7.7500 7.0000
         vertex 1.3000 7.7500 9.8500
      endloop
   endfacet
   facet normal 0.3418 0.9398 0.0000
      outer loop
         vertex 1.9250 7.5825 7.0000
         vertex 1.3000 7.7500 9.8500
         vertex 1.9250 7.5825 9.8500
      endloop
   endfacet
   facet normal 0.0284 0.9996 0.0000
      outer loop
         vertex 1.3000 7.7500 7.0000
         vertex 1.2554 7.7492 7.0000
         vertex 1.2554 7.7492 9.8500
      endloop
   endfacet
   facet normal 0.0750 0.9972 0.0000
      outer loop
         vertex 1.3000 7.7500 7.0000
         vertex 1.2554 7.7492 9.8500
         vertex 1.3000 7.7500 9.8500
      endloop
   endfacet
   facet normal 0.0750 0.9972 0.0000
      outer loop
         vertex 1.2554 7.7492 7.0000
         vertex 1.2500 7.7491 7.0000
         vertex 1.2500 7.7491 9.8500
      endloop
   endfacet
   facet normal 0.0284 0.9996 0.0000
      outer loop
         vertex 1.2554 7.7492 7.0000
         vertex 1.2500 7.7491 9.8500
         vertex 1.2554 7.7492 9.8500
      endloop
   endfacet
   facet normal 1.0000 0.0000 0.0000
      outer loop
         vertex 2.2000 7.3675 9.8500
         vertex 2.2000 5.6325 9.8500
         vertex 2.2000 5.6325 7.0000
      endloop
   endfacet
   facet normal 1.0000 0.0000 0.0000
      outer loop
         vertex 2.2000 7.3675 9.8500
         vertex 2.2000 5.6325 7.0000
         vertex 2.2000 7.3675 7.0000
      endloop
   endfacet
   facet normal 0.5060 0.8625 0.0000
      outer loop
         vertex 2.2000 7.3675 7.0000
         vertex 1.9250 7.5825 7.0000
         vertex 1.9250 7.5825 9.8500
      endloop
   endfacet
   facet normal 0.5628 0.8266 0.0000
      outer loop
         vertex 2.2000 7.3675 7.0000
         vertex 1.9250 7.5825 9.8500
         vertex 2.2000 7.3675 9.8500
      endloop
   endfacet
   facet normal 0.3786 0.9256 0.0000
      outer loop
         vertex 1.2500 7.7491 7.0000
         vertex 1.1750 7.7692 7.0000
         vertex 1.1750 7.7692 9.8500
      endloop
   endfacet
   facet normal 0.2501 0.9682 0.0000
      outer loop
         vertex 1.2500 7.7491 7.0000
         vertex 1.1750 7.7692 9.8500
         vertex 1.2500 7.7491 9.8500
      endloop
   endfacet
   facet normal 0.6414 0.7672 0.0000
      outer loop
         vertex 1.1201 7.8241 9.8500
         vertex 1.1750 7.7692 9.8500
         vertex 1.1750 7.7692 7.0000
      endloop
   endfacet
   facet normal 0.7672 0.6414 0.0000
      outer loop
         vertex 1.1201 7.8241 9.8500
         vertex 1.1750 7.7692 7.0000
         vertex 1.1201 7.8241 7.0000
      endloop
   endfacet
   facet normal 0.3733 0.9277 0.0000
      outer loop
         vertex 1.2500 12.0919 7.0000
         vertex 1.1750 12.1120 7.0000
         vertex 1.1750 12.1120 9.8500
      endloop
   endfacet
   facet normal 0.2386 0.9711 0.0000
      outer loop
         vertex 1.2500 12.0919 7.0000
         vertex 1.1750 12.1120 9.8500
         vertex 1.2500 12.0919 9.8500
      endloop
   endfacet
   facet normal -0.0189 -0.9998 0.0000
      outer loop
         vertex 1.2000 9.6149 7.0000
         vertex 1.2148 9.6138 7.0000
         vertex 1.2148 9.6138 9.8500
      endloop
   endfacet
   facet normal 0.0372 -0.9993 0.0000
      outer loop
         vertex 1.2000 9.6149 7.0000
         vertex 1.2148 9.6138 9.8500
         vertex 1.2000 9.6149 9.8500
      endloop
   endfacet
   facet normal 0.0372 -0.9993 0.0000
      outer loop
         vertex 1.2148 9.6138 7.0000
         vertex 1.4000 9.6000 7.0000
         vertex 1.4000 9.6000 9.8500
      endloop
   endfacet
   facet normal -0.0189 -0.9998 0.0000
      outer loop
         vertex 1.2148 9.6138 7.0000
         vertex 1.4000 9.6000 9.8500
         vertex 1.2148 9.6138 9.8500
      endloop
   endfacet
   facet normal 0.3334 -0.9428 0.0000
      outer loop
         vertex 1.4000 9.6000 7.0000
         vertex 2.0250 9.7675 7.0000
         vertex 2.0250 9.7675 9.8500
      endloop
   endfacet
   facet normal 0.2139 -0.9768 0.0000
      outer loop
         vertex 1.4000 9.6000 7.0000
         vertex 2.0250 9.7675 9.8500
         vertex 1.4000 9.6000 9.8500
      endloop
   endfacet
   facet normal 0.5628 -0.8266 0.0000
      outer loop
         vertex 2.0250 9.7675 7.0000
         vertex 2.3000 9.9825 7.0000
         vertex 2.3000 9.9825 9.8500
      endloop
   endfacet
   facet normal 0.5060 -0.8625 0.0000
      outer loop
         vertex 2.0250 9.7675 7.0000
         vertex 2.3000 9.9825 9.8500
         vertex 2.0250 9.7675 9.8500
      endloop
   endfacet
   facet normal 0.5628 0.8266 0.0000
      outer loop
         vertex 2.0250 11.9325 9.8500
         vertex 2.3000 11.7175 9.8500
         vertex 2.3000 11.7175 7.0000
      endloop
   endfacet
   facet normal 0.5060 0.8625 0.0000
      outer loop
         vertex 2.0250 11.9325 9.8500
         vertex 2.3000 11.7175 7.0000
         vertex 2.0250 11.9325 7.0000
      endloop
   endfacet
   facet normal 1.0000 0.0000 0.0000
      outer loop
         vertex -2.9000 12.5000 9.4000
         vertex -2.9000 14.5000 9.4000
         vertex -2.9000 14.5000 9.5000
      endloop
   endfacet
   facet normal 1.0000 0.0000 0.0000
      outer loop
         vertex -2.9000 12.5000 9.4000
         vertex -2.9000 14.5000 9.5000
         vertex -2.9000 12.5000 9.5000
      endloop
   endfacet
   facet normal 0.0000 0.0000 -1.0000
      outer loop
         vertex -4.1000 12.5000 9.2500
         vertex -4.1000 14.5000 9.2500
         vertex -3.0500 14.5000 9.2500
      endloop
   endfacet
   facet normal 0.0000 0.0000 -1.0000
      outer loop
         vertex -4.1000 12.5000 9.2500
         vertex -3.0500 14.5000 9.2500
         vertex -3.0500 12.5000 9.2500
      endloop
   endfacet
   facet normal 0.9405 0.0000 -0.3399
      outer loop
         vertex -2.9000 14.5000 9.4000
         vertex -2.9000 12.5000 9.4000
         vertex -2.9201 12.5000 9.3250
      endloop
   endfacet
   facet normal 0.9071 0.0000 -0.4210
      outer loop
         vertex -2.9000 14.5000 9.4000
         vertex -2.9201 12.5000 9.3250
         vertex -2.9201 14.5000 9.3250
      endloop
   endfacet
   facet normal 0.7672 0.0000 -0.6414
      outer loop
         vertex -2.9201 14.5000 9.3250
         vertex -2.9201 12.5000 9.3250
         vertex -2.9750 12.5000 9.2701
      endloop
   endfacet
   facet normal 0.6414 0.0000 -0.7672
      outer loop
         vertex -2.9201 14.5000 9.3250
         vertex -2.9750 12.5000 9.2701
         vertex -2.9750 14.5000 9.2701
      endloop
   endfacet
   facet normal 0.3399 0.0000 -0.9405
      outer loop
         vertex -3.0500 12.5000 9.2500
         vertex -3.0500 14.5000 9.2500
         vertex -2.9750 14.5000 9.2701
      endloop
   endfacet
   facet normal 0.4210 0.0000 -0.9071
      outer loop
         vertex -3.0500 12.5000 9.2500
         vertex -2.9750 14.5000 9.2701
         vertex -2.9750 12.5000 9.2701
      endloop
   endfacet
   facet normal 0.3399 0.0000 -0.9405
      outer loop
         vertex -4.1000 14.5000 9.2500
         vertex -4.1000 12.5000 9.2500
         vertex -4.2500 12.5000 9.2098
      endloop
   endfacet
   facet normal 0.4210 0.0000 -0.9071
      outer loop
         vertex -4.1000 14.5000 9.2500
         vertex -4.2500 12.5000 9.2098
         vertex -4.2500 14.5000 9.2098
      endloop
   endfacet
   facet normal 0.7672 0.0000 -0.6414
      outer loop
         vertex -4.3598 12.5000 9.1000
         vertex -4.3598 14.5000 9.1000
         vertex -4.2500 14.5000 9.2098
      endloop
   endfacet
   facet normal 0.6414 0.0000 -0.7672
      outer loop
         vertex -4.3598 12.5000 9.1000
         vertex -4.2500 14.5000 9.2098
         vertex -4.2500 12.5000 9.2098
      endloop
   endfacet
   facet normal 0.9405 0.0000 -0.3399
      outer loop
         vertex -4.4000 12.5000 8.9500
         vertex -4.4000 14.5000 8.9500
         vertex -4.3598 14.5000 9.1000
      endloop
   endfacet
   facet normal 0.9071 0.0000 -0.4210
      outer loop
         vertex -4.4000 12.5000 8.9500
         vertex -4.3598 14.5000 9.1000
         vertex -4.3598 12.5000 9.1000
      endloop
   endfacet
   facet normal 0.9071 0.0000 -0.4210
      outer loop
         vertex -2.8196 14.5000 9.8000
         vertex -2.8196 12.5000 9.8000
         vertex -2.9000 12.5000 9.5000
      endloop
   endfacet
   facet normal 0.9405 0.0000 -0.3399
      outer loop
         vertex -2.8196 14.5000 9.8000
         vertex -2.9000 12.5000 9.5000
         vertex -2.9000 14.5000 9.5000
      endloop
   endfacet
   facet normal 0.0000 1.0000 0.0000
      outer loop
         vertex -0.1000 12.5000 7.0000
         vertex -2.1000 12.5000 7.0000
         vertex -2.1000 12.5000 7.2000
      endloop
   endfacet
   facet normal 0.0000 1.0000 0.0000
      outer loop
         vertex -0.1000 12.5000 7.0000
         vertex -2.1000 12.5000 7.2000
         vertex -0.1000 12.5000 7.2000
      endloop
   endfacet
   facet normal 1.0000 0.0000 0.0000
      outer loop
         vertex -2.9000 12.5000 7.8000
         vertex -2.9000 14.5000 7.8000
         vertex -2.9000 14.5000 7.9000
      endloop
   endfacet
   facet normal 1.0000 0.0000 0.0000
      outer loop
         vertex -2.9000 12.5000 7.8000
         vertex -2.9000 14.5000 7.9000
         vertex -2.9000 12.5000 7.9000
      endloop
   endfacet
   facet normal 0.3399 0.0000 0.9405
      outer loop
         vertex -3.0500 14.5000 8.0500
         vertex -3.0500 12.5000 8.0500
         vertex -2.9750 12.5000 8.0299
      endloop
   endfacet
   facet normal 0.4210 0.0000 0.9071
      outer loop
         vertex -3.0500 14.5000 8.0500
         vertex -2.9750 12.5000 8.0299
         vertex -2.9750 14.5000 8.0299
      endloop
   endfacet
   facet normal 0.0000 0.0000 1.0000
      outer loop
         vertex -3.0500 12.5000 8.0500
         vertex -3.0500 14.5000 8.0500
         vertex -4.1000 14.5000 8.0500
      endloop
   endfacet
   facet normal 0.0000 0.0000 1.0000
      outer loop
         vertex -3.0500 12.5000 8.0500
         vertex -4.1000 14.5000 8.0500
         vertex -4.1000 12.5000 8.0500
      endloop
   endfacet
   facet normal 0.7672 0.0000 0.6414
      outer loop
         vertex -2.9201 12.5000 7.9750
         vertex -2.9201 14.5000 7.9750
         vertex -2.9750 14.5000 8.0299
      endloop
   endfacet
   facet normal 0.6414 0.0000 0.7672
      outer loop
         vertex -2.9201 12.5000 7.9750
         vertex -2.9750 14.5000 8.0299
         vertex -2.9750 12.5000 8.0299
      endloop
   endfacet
   facet normal 0.9071 0.0000 0.4210
      outer loop
         vertex -2.9201 14.5000 7.9750
         vertex -2.9201 12.5000 7.9750
         vertex -2.9000 12.5000 7.9000
      endloop
   endfacet
   facet normal 0.9405 0.0000 0.3399
      outer loop
         vertex -2.9201 14.5000 7.9750
         vertex -2.9000 12.5000 7.9000
         vertex -2.9000 14.5000 7.9000
      endloop
   endfacet
   facet normal 0.9071 0.0000 0.4210
      outer loop
         vertex -4.3598 12.5000 8.2000
         vertex -4.3598 14.5000 8.2000
         vertex -4.4000 14.5000 8.3500
      endloop
   endfacet
   facet normal 0.9405 0.0000 0.3399
      outer loop
         vertex -4.3598 12.5000 8.2000
         vertex -4.4000 14.5000 8.3500
         vertex -4.4000 12.5000 8.3500
      endloop
   endfacet
   facet normal 0.6414 0.0000 0.7672
      outer loop
         vertex -4.2500 12.5000 8.0902
         vertex -4.2500 14.5000 8.0902
         vertex -4.3598 14.5000 8.2000
      endloop
   endfacet
   facet normal 0.7672 0.0000 0.6414
      outer loop
         vertex -4.2500 12.5000 8.0902
         vertex -4.3598 14.5000 8.2000
         vertex -4.3598 12.5000 8.2000
      endloop
   endfacet
   facet normal 0.3399 0.0000 0.9405
      outer loop
         vertex -4.1000 12.5000 8.0500
         vertex -4.1000 14.5000 8.0500
         vertex -4.2500 14.5000 8.0902
      endloop
   endfacet
   facet normal 0.4210 0.0000 0.9071
      outer loop
         vertex -4.1000 12.5000 8.0500
         vertex -4.2500 14.5000 8.0902
         vertex -4.2500 12.5000 8.0902
      endloop
   endfacet
   facet normal 1.0000 0.0000 0.0000
      outer loop
         vertex -4.4000 12.5000 8.9500
         vertex -4.4000 12.5000 8.3500
         vertex -4.4000 14.5000 8.3500
      endloop
   endfacet
   facet normal 1.0000 0.0000 0.0000
      outer loop
         vertex -4.4000 12.5000 8.9500
         vertex -4.4000 14.5000 8.3500
         vertex -4.4000 14.5000 8.9500
      endloop
   endfacet
   facet normal 0.0000 0.0000 1.0000
      outer loop
         vertex -2.3000 14.5000 7.2000
         vertex -2.3000 12.5000 7.2000
         vertex -2.1000 12.5000 7.2000
      endloop
   endfacet
   facet normal 0.0000 0.0000 1.0000
      outer loop
         vertex -2.3000 14.5000 7.2000
         vertex -2.1000 12.5000 7.2000
         vertex -2.1000 14.0000 7.2000
      endloop
   endfacet
   facet normal 1.0000 0.0000 0.0000
      outer loop
         vertex -2.1000 12.5000 7.0000
         vertex -2.1000 14.0000 7.0000
         vertex -2.1000 14.0000 7.2000
      endloop
   endfacet
   facet normal 1.0000 0.0000 0.0000
      outer loop
         vertex -2.1000 12.5000 7.0000
         vertex -2.1000 14.0000 7.2000
         vertex -2.1000 12.5000 7.2000
      endloop
   endfacet
   facet normal 0.4210 0.0000 0.9071
      outer loop
         vertex -2.6000 14.5000 7.2804
         vertex -2.6000 12.5000 7.2804
         vertex -2.3000 12.5000 7.2000
      endloop
   endfacet
   facet normal 0.3399 0.0000 0.9405
      outer loop
         vertex -2.6000 14.5000 7.2804
         vertex -2.3000 12.5000 7.2000
         vertex -2.3000 14.5000 7.2000
      endloop
   endfacet
   facet normal 0.6414 0.0000 0.7672
      outer loop
         vertex -2.6000 12.5000 7.2804
         vertex -2.6000 14.5000 7.2804
         vertex -2.8196 14.5000 7.5000
      endloop
   endfacet
   facet normal 0.7672 0.0000 0.6414
      outer loop
         vertex -2.6000 12.5000 7.2804
         vertex -2.8196 14.5000 7.5000
         vertex -2.8196 12.5000 7.5000
      endloop
   endfacet
   facet normal 0.9405 0.0000 0.3399
      outer loop
         vertex -2.9000 14.5000 7.8000
         vertex -2.9000 12.5000 7.8000
         vertex -2.8196 12.5000 7.5000
      endloop
   endfacet
   facet normal 0.9071 0.0000 0.4210
      outer loop
         vertex -2.9000 14.5000 7.8000
         vertex -2.8196 12.5000 7.5000
         vertex -2.8196 14.5000 7.5000
      endloop
   endfacet
   facet normal 0.9405 0.3399 0.0000
      outer loop
         vertex 1.1201 7.8241 7.0000
         vertex 1.1000 7.8991 7.0000
         vertex 1.1000 7.8991 9.8500
      endloop
   endfacet
   facet normal 0.9071 0.4210 0.0000
      outer loop
         vertex 1.1201 7.8241 7.0000
         vertex 1.1000 7.8991 9.8500
         vertex 1.1201 7.8241 9.8500
      endloop
   endfacet
   facet normal 1.0000 0.0000 0.0000
      outer loop
         vertex 1.1000 9.5149 9.8500
         vertex 1.1000 7.8991 9.8500
         vertex 1.1000 7.8991 7.0000
      endloop
   endfacet
   facet normal 1.0000 0.0000 0.0000
      outer loop
         vertex 1.1000 9.5149 9.8500
         vertex 1.1000 7.8991 7.0000
         vertex 1.1000 9.5149 7.0000
      endloop
   endfacet
   facet normal 0.9071 -0.4210 0.0000
      outer loop
         vertex 1.1000 9.5149 7.0000
         vertex 1.1134 9.5649 7.0000
         vertex 1.1134 9.5649 9.8500
      endloop
   endfacet
   facet normal 0.9405 -0.3399 0.0000
      outer loop
         vertex 1.1000 9.5149 7.0000
         vertex 1.1134 9.5649 9.8500
         vertex 1.1000 9.5149 9.8500
      endloop
   endfacet
   facet normal 0.6414 -0.7672 0.0000
      outer loop
         vertex 1.1134 9.5649 7.0000
         vertex 1.1500 9.6015 7.0000
         vertex 1.1500 9.6015 9.8500
      endloop
   endfacet
   facet normal 0.7672 -0.6414 0.0000
      outer loop
         vertex 1.1134 9.5649 7.0000
         vertex 1.1500 9.6015 9.8500
         vertex 1.1134 9.5649 9.8500
      endloop
   endfacet
   facet normal 0.2319 -0.9727 0.0000
      outer loop
         vertex 1.1500 9.6015 7.0000
         vertex 1.2000 9.6149 7.0000
         vertex 1.2000 9.6149 9.8500
      endloop
   endfacet
   facet normal 0.3703 -0.9289 0.0000
      outer loop
         vertex 1.1500 9.6015 7.0000
         vertex 1.2000 9.6149 9.8500
         vertex 1.1500 9.6015 9.8500
      endloop
   endfacet
   facet normal -0.0016 1.0000 0.0000
      outer loop
         vertex 1.4000 12.1000 7.0000
         vertex 1.2661 12.0928 7.0000
         vertex 1.2661 12.0928 9.8500
      endloop
   endfacet
   facet normal 0.0511 0.9987 0.0000
      outer loop
         vertex 1.4000 12.1000 7.0000
         vertex 1.2661 12.0928 9.8500
         vertex 1.4000 12.1000 9.8500
      endloop
   endfacet
   facet normal 0.0511 0.9987 0.0000
      outer loop
         vertex 1.2661 12.0928 7.0000
         vertex 1.2500 12.0919 7.0000
         vertex 1.2500 12.0919 9.8500
      endloop
   endfacet
   facet normal -0.0016 1.0000 0.0000
      outer loop
         vertex 1.2661 12.0928 7.0000
         vertex 1.2500 12.0919 9.8500
         vertex 1.2661 12.0928 9.8500
      endloop
   endfacet
   facet normal 0.2206 0.9754 0.0000
      outer loop
         vertex 2.0250 11.9325 7.0000
         vertex 1.4000 12.1000 7.0000
         vertex 1.4000 12.1000 9.8500
      endloop
   endfacet
   facet normal 0.3364 0.9417 0.0000
      outer loop
         vertex 2.0250 11.9325 7.0000
         vertex 1.4000 12.1000 9.8500
         vertex 2.0250 11.9325 9.8500
      endloop
   endfacet
   facet normal 0.7672 0.6414 0.0000
      outer loop
         vertex 1.1750 12.1120 7.0000
         vertex 1.1201 12.1669 7.0000
         vertex 1.1201 12.1669 9.8500
      endloop
   endfacet
   facet normal 0.6414 0.7672 0.0000
      outer loop
         vertex 1.1750 12.1120 7.0000
         vertex 1.1201 12.1669 9.8500
         vertex 1.1750 12.1120 9.8500
      endloop
   endfacet
   facet normal 0.9285 0.3714 0.0000
      outer loop
         vertex -2.3000 14.5000 7.2000
         vertex -2.1000 14.0000 7.2000
         vertex -2.1000 14.0000 7.0000
      endloop
   endfacet
   facet normal 0.9285 0.3714 0.0000
      outer loop
         vertex -2.3000 14.5000 7.2000
         vertex -2.1000 14.0000 7.0000
         vertex -2.3000 14.5000 7.0000
      endloop
   endfacet
   facet normal 0.9405 0.3399 0.0000
      outer loop
         vertex 1.1201 12.1669 7.0000
         vertex 1.1000 12.2419 7.0000
         vertex 1.1000 12.2419 9.8500
      endloop
   endfacet
   facet normal 0.9071 0.4210 0.0000
      outer loop
         vertex 1.1201 12.1669 7.0000
         vertex 1.1000 12.2419 9.8500
         vertex 1.1201 12.1669 9.8500
      endloop
   endfacet
   facet normal 1.0000 0.0000 0.0000
      outer loop
         vertex 1.1000 13.7500 9.8500
         vertex 1.1000 12.2419 9.8500
         vertex 1.1000 12.2419 7.0000
      endloop
   endfacet
   facet normal 1.0000 0.0000 0.0000
      outer loop
         vertex 1.1000 13.7500 9.8500
         vertex 1.1000 12.2419 7.0000
         vertex 1.1000 13.7500 7.0000
      endloop
   endfacet
   facet normal 0.0000 -1.0000 0.0000
      outer loop
         vertex 2.3000 13.9000 9.8500
         vertex 1.2500 13.9000 9.8500
         vertex 1.2500 13.9000 7.0000
      endloop
   endfacet
   facet normal 0.0000 -1.0000 0.0000
      outer loop
         vertex 2.3000 13.9000 9.8500
         vertex 1.2500 13.9000 7.0000
         vertex 2.3000 13.9000 7.0000
      endloop
   endfacet
   facet normal -1.0000 0.0000 0.0000
      outer loop
         vertex 0.7000 12.5000 7.8000
         vertex 0.7000 12.5000 9.5000
         vertex 0.7000 14.5000 9.5000
      endloop
   endfacet
   facet normal -1.0000 0.0000 0.0000
      outer loop
         vertex 0.7000 12.5000 7.8000
         vertex 0.7000 14.5000 9.5000
         vertex 0.7000 14.5000 7.8000
      endloop
   endfacet
   facet normal -0.9405 0.0000 -0.3399
      outer loop
         vertex 0.7000 14.5000 9.5000
         vertex 0.7000 12.5000 9.5000
         vertex 0.6196 12.5000 9.8000
      endloop
   endfacet
   facet normal -0.9071 0.0000 -0.4210
      outer loop
         vertex 0.7000 14.5000 9.5000
         vertex 0.6196 12.5000 9.8000
         vertex 0.6196 14.5000 9.8000
      endloop
   endfacet
   facet normal -0.3399 0.0000 0.9405
      outer loop
         vertex 0.1000 14.5000 7.2000
         vertex 0.1000 12.5000 7.2000
         vertex 0.4000 12.5000 7.2804
      endloop
   endfacet
   facet normal -0.4210 0.0000 0.9071
      outer loop
         vertex 0.1000 14.5000 7.2000
         vertex 0.4000 12.5000 7.2804
         vertex 0.4000 14.5000 7.2804
      endloop
   endfacet
   facet normal -0.7672 0.0000 0.6414
      outer loop
         vertex 0.6196 12.5000 7.5000
         vertex 0.6196 14.5000 7.5000
         vertex 0.4000 14.5000 7.2804
      endloop
   endfacet
   facet normal -0.6414 0.0000 0.7672
      outer loop
         vertex 0.6196 12.5000 7.5000
         vertex 0.4000 14.5000 7.2804
         vertex 0.4000 12.5000 7.2804
      endloop
   endfacet
   facet normal -0.9071 0.0000 0.4210
      outer loop
         vertex 0.6196 14.5000 7.5000
         vertex 0.6196 12.5000 7.5000
         vertex 0.7000 12.5000 7.8000
      endloop
   endfacet
   facet normal -0.9405 0.0000 0.3399
      outer loop
         vertex 0.6196 14.5000 7.5000
         vertex 0.7000 12.5000 7.8000
         vertex 0.7000 14.5000 7.8000
      endloop
   endfacet
   facet normal 0.0000 0.0000 1.0000
      outer loop
         vertex 0.1000 12.5000 7.2000
         vertex 0.1000 14.5000 7.2000
         vertex -0.1000 14.0000 7.2000
      endloop
   endfacet
   facet normal 0.0000 0.0000 1.0000
      outer loop
         vertex 0.1000 12.5000 7.2000
         vertex -0.1000 14.0000 7.2000
         vertex -0.1000 12.5000 7.2000
      endloop
   endfacet
   facet normal -1.0000 0.0000 0.0000
      outer loop
         vertex -0.1000 14.0000 7.0000
         vertex -0.1000 12.5000 7.0000
         vertex -0.1000 12.5000 7.2000
      endloop
   endfacet
   facet normal -1.0000 0.0000 0.0000
      outer loop
         vertex -0.1000 14.0000 7.0000
         vertex -0.1000 12.5000 7.2000
         vertex -0.1000 14.0000 7.2000
      endloop
   endfacet
   facet normal -0.9285 0.3714 0.0000
      outer loop
         vertex 0.1000 14.5000 7.0000
         vertex -0.1000 14.0000 7.0000
         vertex -0.1000 14.0000 7.2000
      endloop
   endfacet
   facet normal -0.9285 0.3714 0.0000
      outer loop
         vertex 0.1000 14.5000 7.0000
         vertex -0.1000 14.0000 7.2000
         vertex 0.1000 14.5000 7.2000
      endloop
   endfacet
   facet normal 0.9071 -0.4210 0.0000
      outer loop
         vertex 1.1000 13.7500 7.0000
         vertex 1.1201 13.8250 7.0000
         vertex 1.1201 13.8250 9.8500
      endloop
   endfacet
   facet normal 0.9405 -0.3399 0.0000
      outer loop
         vertex 1.1000 13.7500 7.0000
         vertex 1.1201 13.8250 9.8500
         vertex 1.1000 13.7500 9.8500
      endloop
   endfacet
   facet normal 0.6414 -0.7672 0.0000
      outer loop
         vertex 1.1201 13.8250 7.0000
         vertex 1.1750 13.8799 7.0000
         vertex 1.1750 13.8799 9.8500
      endloop
   endfacet
   facet normal 0.7672 -0.6414 0.0000
      outer loop
         vertex 1.1201 13.8250 7.0000
         vertex 1.1750 13.8799 9.8500
         vertex 1.1201 13.8250 9.8500
      endloop
   endfacet
   facet normal 0.3399 -0.9405 0.0000
      outer loop
         vertex 1.1750 13.8799 7.0000
         vertex 1.2500 13.9000 7.0000
         vertex 1.2500 13.9000 9.8500
      endloop
   endfacet
   facet normal 0.4210 -0.9071 0.0000
      outer loop
         vertex 1.1750 13.8799 7.0000
         vertex 1.2500 13.9000 9.8500
         vertex 1.1750 13.8799 9.8500
      endloop
   endfacet
   facet normal 0.2321 0.9727 0.0000
      outer loop
         vertex 1.9250 7.5825 3.5000
         vertex 1.3000 7.7500 3.5000
         vertex 1.3000 7.7500 6.3500
      endloop
   endfacet
   facet normal 0.3418 0.9398 0.0000
      outer loop
         vertex 1.9250 7.5825 3.5000
         vertex 1.3000 7.7500 6.3500
         vertex 1.9250 7.5825 6.3500
      endloop
   endfacet
   facet normal 0.0284 0.9996 0.0000
      outer loop
         vertex 1.3000 7.7500 3.5000
         vertex 1.2554 7.7492 3.5000
         vertex 1.2554 7.7492 6.3500
      endloop
   endfacet
   facet normal 0.0750 0.9972 0.0000
      outer loop
         vertex 1.3000 7.7500 3.5000
         vertex 1.2554 7.7492 6.3500
         vertex 1.3000 7.7500 6.3500
      endloop
   endfacet
   facet normal 0.0750 0.9972 0.0000
      outer loop
         vertex 1.2554 7.7492 3.5000
         vertex 1.2500 7.7491 3.5000
         vertex 1.2500 7.7491 6.3500
      endloop
   endfacet
   facet normal 0.0284 0.9996 0.0000
      outer loop
         vertex 1.2554 7.7492 3.5000
         vertex 1.2500 7.7491 6.3500
         vertex 1.2554 7.7492 6.3500
      endloop
   endfacet
   facet normal 1.0000 0.0000 0.0000
      outer loop
         vertex 2.2000 5.6325 3.5000
         vertex 2.2000 7.3675 3.5000
         vertex 2.2000 7.3675 6.3500
      endloop
   endfacet
   facet normal 1.0000 0.0000 0.0000
      outer loop
         vertex 2.2000 5.6325 3.5000
         vertex 2.2000 7.3675 6.3500
         vertex 2.2000 5.6325 6.3500
      endloop
   endfacet
   facet normal 0.5060 0.8625 0.0000
      outer loop
         vertex 2.2000 7.3675 3.5000
         vertex 1.9250 7.5825 3.5000
         vertex 1.9250 7.5825 6.3500
      endloop
   endfacet
   facet normal 0.5628 0.8266 0.0000
      outer loop
         vertex 2.2000 7.3675 3.5000
         vertex 1.9250 7.5825 6.3500
         vertex 2.2000 7.3675 6.3500
      endloop
   endfacet
   facet normal 0.3786 0.9256 0.0000
      outer loop
         vertex 1.2500 7.7491 3.5000
         vertex 1.1750 7.7692 3.5000
         vertex 1.1750 7.7692 6.3500
      endloop
   endfacet
   facet normal 0.2501 0.9682 0.0000
      outer loop
         vertex 1.2500 7.7491 3.5000
         vertex 1.1750 7.7692 6.3500
         vertex 1.2500 7.7491 6.3500
      endloop
   endfacet
   facet normal 0.6414 0.7672 0.0000
      outer loop
         vertex 1.1201 7.8241 6.3500
         vertex 1.1750 7.7692 6.3500
         vertex 1.1750 7.7692 3.5000
      endloop
   endfacet
   facet normal 0.7672 0.6414 0.0000
      outer loop
         vertex 1.1201 7.8241 6.3500
         vertex 1.1750 7.7692 3.5000
         vertex 1.1201 7.8241 3.5000
      endloop
   endfacet
   facet normal 0.3733 0.9277 0.0000
      outer loop
         vertex 1.2500 12.0919 3.5000
         vertex 1.1750 12.1120 3.5000
         vertex 1.1750 12.1120 6.3500
      endloop
   endfacet
   facet normal 0.2386 0.9711 0.0000
      outer loop
         vertex 1.2500 12.0919 3.5000
         vertex 1.1750 12.1120 6.3500
         vertex 1.2500 12.0919 6.3500
      endloop
   endfacet
   facet normal -0.0189 -0.9998 0.0000
      outer loop
         vertex 1.2000 9.6149 3.5000
         vertex 1.2148 9.6138 3.5000
         vertex 1.2148 9.6138 6.3500
      endloop
   endfacet
   facet normal 0.0372 -0.9993 0.0000
      outer loop
         vertex 1.2000 9.6149 3.5000
         vertex 1.2148 9.6138 6.3500
         vertex 1.2000 9.6149 6.3500
      endloop
   endfacet
   facet normal 0.0372 -0.9993 0.0000
      outer loop
         vertex 1.2148 9.6138 3.5000
         vertex 1.4000 9.6000 3.5000
         vertex 1.4000 9.6000 6.3500
      endloop
   endfacet
   facet normal -0.0189 -0.9998 0.0000
      outer loop
         vertex 1.2148 9.6138 3.5000
         vertex 1.4000 9.6000 6.3500
         vertex 1.2148 9.6138 6.3500
      endloop
   endfacet
   facet normal 0.3334 -0.9428 0.0000
      outer loop
         vertex 1.4000 9.6000 3.5000
         vertex 2.0250 9.7675 3.5000
         vertex 2.0250 9.7675 6.3500
      endloop
   endfacet
   facet normal 0.2139 -0.9768 0.0000
      outer loop
         vertex 1.4000 9.6000 3.5000
         vertex 2.0250 9.7675 6.3500
         vertex 1.4000 9.6000 6.3500
      endloop
   endfacet
   facet normal 0.5628 -0.8266 0.0000
      outer loop
         vertex 2.0250 9.7675 3.5000
         vertex 2.3000 9.9825 3.5000
         vertex 2.3000 9.9825 6.3500
      endloop
   endfacet
   facet normal 0.5060 -0.8625 0.0000
      outer loop
         vertex 2.0250 9.7675 3.5000
         vertex 2.3000 9.9825 6.3500
         vertex 2.0250 9.7675 6.3500
      endloop
   endfacet
   facet normal 0.5628 0.8266 0.0000
      outer loop
         vertex 2.0250 11.9325 6.3500
         vertex 2.3000 11.7175 6.3500
         vertex 2.3000 11.7175 3.5000
      endloop
   endfacet
   facet normal 0.5060 0.8625 0.0000
      outer loop
         vertex 2.0250 11.9325 6.3500
         vertex 2.3000 11.7175 3.5000
         vertex 2.0250 11.9325 3.5000
      endloop
   endfacet
   facet normal 0.0000 1.0000 0.0000
      outer loop
         vertex -0.1000 12.5000 3.5000
         vertex -2.1000 12.5000 3.5000
         vertex -2.1000 12.5000 3.7000
      endloop
   endfacet
   facet normal 0.0000 1.0000 0.0000
      outer loop
         vertex -0.1000 12.5000 3.5000
         vertex -2.1000 12.5000 3.7000
         vertex -0.1000 12.5000 3.7000
      endloop
   endfacet
   facet normal 1.0000 0.0000 0.0000
      outer loop
         vertex -2.9000 12.5000 4.3000
         vertex -2.9000 14.5000 4.3000
         vertex -2.9000 14.5000 4.4000
      endloop
   endfacet
   facet normal 1.0000 0.0000 0.0000
      outer loop
         vertex -2.9000 12.5000 4.3000
         vertex -2.9000 14.5000 4.4000
         vertex -2.9000 12.5000 4.4000
      endloop
   endfacet
   facet normal 1.0000 0.0000 0.0000
      outer loop
         vertex -2.9000 12.5000 5.9000
         vertex -2.9000 14.5000 5.9000
         vertex -2.9000 14.5000 6.0000
      endloop
   endfacet
   facet normal 1.0000 0.0000 0.0000
      outer loop
         vertex -2.9000 12.5000 5.9000
         vertex -2.9000 14.5000 6.0000
         vertex -2.9000 12.5000 6.0000
      endloop
   endfacet
   facet normal 0.4210 0.0000 0.9071
      outer loop
         vertex -2.9750 12.5000 4.5299
         vertex -2.9750 14.5000 4.5299
         vertex -3.0500 14.5000 4.5500
      endloop
   endfacet
   facet normal 0.3399 0.0000 0.9405
      outer loop
         vertex -2.9750 12.5000 4.5299
         vertex -3.0500 14.5000 4.5500
         vertex -3.0500 12.5000 4.5500
      endloop
   endfacet
   facet normal 0.0000 0.0000 1.0000
      outer loop
         vertex -3.0500 12.5000 4.5500
         vertex -3.0500 14.5000 4.5500
         vertex -4.1000 14.5000 4.5500
      endloop
   endfacet
   facet normal 0.0000 0.0000 1.0000
      outer loop
         vertex -3.0500 12.5000 4.5500
         vertex -4.1000 14.5000 4.5500
         vertex -4.1000 12.5000 4.5500
      endloop
   endfacet
   facet normal 0.6414 0.0000 0.7672
      outer loop
         vertex -2.9750 14.5000 4.5299
         vertex -2.9750 12.5000 4.5299
         vertex -2.9201 12.5000 4.4750
      endloop
   endfacet
   facet normal 0.7672 0.0000 0.6414
      outer loop
         vertex -2.9750 14.5000 4.5299
         vertex -2.9201 12.5000 4.4750
         vertex -2.9201 14.5000 4.4750
      endloop
   endfacet
   facet normal 0.9071 0.0000 0.4210
      outer loop
         vertex -2.9201 14.5000 4.4750
         vertex -2.9201 12.5000 4.4750
         vertex -2.9000 12.5000 4.4000
      endloop
   endfacet
   facet normal 0.9405 0.0000 0.3399
      outer loop
         vertex -2.9201 14.5000 4.4750
         vertex -2.9000 12.5000 4.4000
         vertex -2.9000 14.5000 4.4000
      endloop
   endfacet
   facet normal 0.9071 0.0000 0.4210
      outer loop
         vertex -4.3598 12.5000 4.7000
         vertex -4.3598 14.5000 4.7000
         vertex -4.4000 14.5000 4.8500
      endloop
   endfacet
   facet normal 0.9405 0.0000 0.3399
      outer loop
         vertex -4.3598 12.5000 4.7000
         vertex -4.4000 14.5000 4.8500
         vertex -4.4000 12.5000 4.8500
      endloop
   endfacet
   facet normal 0.6414 0.0000 0.7672
      outer loop
         vertex -4.2500 12.5000 4.5902
         vertex -4.2500 14.5000 4.5902
         vertex -4.3598 14.5000 4.7000
      endloop
   endfacet
   facet normal 0.7672 0.0000 0.6414
      outer loop
         vertex -4.2500 12.5000 4.5902
         vertex -4.3598 14.5000 4.7000
         vertex -4.3598 12.5000 4.7000
      endloop
   endfacet
   facet normal 0.3399 0.0000 0.9405
      outer loop
         vertex -4.1000 12.5000 4.5500
         vertex -4.1000 14.5000 4.5500
         vertex -4.2500 14.5000 4.5902
      endloop
   endfacet
   facet normal 0.4210 0.0000 0.9071
      outer loop
         vertex -4.1000 12.5000 4.5500
         vertex -4.2500 14.5000 4.5902
         vertex -4.2500 12.5000 4.5902
      endloop
   endfacet
   facet normal 1.0000 0.0000 0.0000
      outer loop
         vertex -4.4000 14.5000 5.4500
         vertex -4.4000 12.5000 5.4500
         vertex -4.4000 12.5000 4.8500
      endloop
   endfacet
   facet normal 1.0000 0.0000 0.0000
      outer loop
         vertex -4.4000 14.5000 5.4500
         vertex -4.4000 12.5000 4.8500
         vertex -4.4000 14.5000 4.8500
      endloop
   endfacet
   facet normal 0.0000 0.0000 -1.0000
      outer loop
         vertex -4.1000 12.5000 5.7500
         vertex -4.1000 14.5000 5.7500
         vertex -3.0500 14.5000 5.7500
      endloop
   endfacet
   facet normal 0.0000 0.0000 -1.0000
      outer loop
         vertex -4.1000 12.5000 5.7500
         vertex -3.0500 14.5000 5.7500
         vertex -3.0500 12.5000 5.7500
      endloop
   endfacet
   facet normal 0.9405 0.0000 -0.3399
      outer loop
         vertex -2.9000 14.5000 5.9000
         vertex -2.9000 12.5000 5.9000
         vertex -2.9201 12.5000 5.8250
      endloop
   endfacet
   facet normal 0.9071 0.0000 -0.4210
      outer loop
         vertex -2.9000 14.5000 5.9000
         vertex -2.9201 12.5000 5.8250
         vertex -2.9201 14.5000 5.8250
      endloop
   endfacet
   facet normal 0.6414 0.0000 -0.7672
      outer loop
         vertex -2.9750 12.5000 5.7701
         vertex -2.9750 14.5000 5.7701
         vertex -2.9201 14.5000 5.8250
      endloop
   endfacet
   facet normal 0.7672 0.0000 -0.6414
      outer loop
         vertex -2.9750 12.5000 5.7701
         vertex -2.9201 14.5000 5.8250
         vertex -2.9201 12.5000 5.8250
      endloop
   endfacet
   facet normal 0.4210 0.0000 -0.9071
      outer loop
         vertex -2.9750 14.5000 5.7701
         vertex -2.9750 12.5000 5.7701
         vertex -3.0500 12.5000 5.7500
      endloop
   endfacet
   facet normal 0.3399 0.0000 -0.9405
      outer loop
         vertex -2.9750 14.5000 5.7701
         vertex -3.0500 12.5000 5.7500
         vertex -3.0500 14.5000 5.7500
      endloop
   endfacet
   facet normal 0.3399 0.0000 -0.9405
      outer loop
         vertex -4.1000 14.5000 5.7500
         vertex -4.1000 12.5000 5.7500
         vertex -4.2500 12.5000 5.7098
      endloop
   endfacet
   facet normal 0.4210 0.0000 -0.9071
      outer loop
         vertex -4.1000 14.5000 5.7500
         vertex -4.2500 12.5000 5.7098
         vertex -4.2500 14.5000 5.7098
      endloop
   endfacet
   facet normal 0.7672 0.0000 -0.6414
      outer loop
         vertex -4.3598 12.5000 5.6000
         vertex -4.3598 14.5000 5.6000
         vertex -4.2500 14.5000 5.7098
      endloop
   endfacet
   facet normal 0.6414 0.0000 -0.7672
      outer loop
         vertex -4.3598 12.5000 5.6000
         vertex -4.2500 14.5000 5.7098
         vertex -4.2500 12.5000 5.7098
      endloop
   endfacet
   facet normal 0.9405 0.0000 -0.3399
      outer loop
         vertex -4.4000 12.5000 5.4500
         vertex -4.4000 14.5000 5.4500
         vertex -4.3598 14.5000 5.6000
      endloop
   endfacet
   facet normal 0.9071 0.0000 -0.4210
      outer loop
         vertex -4.4000 12.5000 5.4500
         vertex -4.3598 14.5000 5.6000
         vertex -4.3598 12.5000 5.6000
      endloop
   endfacet
   facet normal 0.4210 0.0000 0.9071
      outer loop
         vertex -2.6000 14.5000 3.7804
         vertex -2.6000 12.5000 3.7804
         vertex -2.3000 12.5000 3.7000
      endloop
   endfacet
   facet normal 0.3399 0.0000 0.9405
      outer loop
         vertex -2.6000 14.5000 3.7804
         vertex -2.3000 12.5000 3.7000
         vertex -2.3000 14.5000 3.7000
      endloop
   endfacet
   facet normal 1.0000 0.0000 0.0000
      outer loop
         vertex -2.1000 12.5000 3.5000
         vertex -2.1000 14.0000 3.5000
         vertex -2.1000 14.0000 3.7000
      endloop
   endfacet
   facet normal 1.0000 0.0000 0.0000
      outer loop
         vertex -2.1000 12.5000 3.5000
         vertex -2.1000 14.0000 3.7000
         vertex -2.1000 12.5000 3.7000
      endloop
   endfacet
   facet normal 0.0000 0.0000 1.0000
      outer loop
         vertex -2.3000 14.5000 3.7000
         vertex -2.3000 12.5000 3.7000
         vertex -2.1000 12.5000 3.7000
      endloop
   endfacet
   facet normal 0.0000 0.0000 1.0000
      outer loop
         vertex -2.3000 14.5000 3.7000
         vertex -2.1000 12.5000 3.7000
         vertex -2.1000 14.0000 3.7000
      endloop
   endfacet
   facet normal 0.6414 0.0000 0.7672
      outer loop
         vertex -2.6000 12.5000 3.7804
         vertex -2.6000 14.5000 3.7804
         vertex -2.8196 14.5000 4.0000
      endloop
   endfacet
   facet normal 0.7672 0.0000 0.6414
      outer loop
         vertex -2.6000 12.5000 3.7804
         vertex -2.8196 14.5000 4.0000
         vertex -2.8196 12.5000 4.0000
      endloop
   endfacet
   facet normal 0.9405 0.0000 0.3399
      outer loop
         vertex -2.9000 14.5000 4.3000
         vertex -2.9000 12.5000 4.3000
         vertex -2.8196 12.5000 4.0000
      endloop
   endfacet
   facet normal 0.9071 0.0000 0.4210
      outer loop
         vertex -2.9000 14.5000 4.3000
         vertex -2.8196 12.5000 4.0000
         vertex -2.8196 14.5000 4.0000
      endloop
   endfacet
   facet normal 0.9071 0.0000 -0.4210
      outer loop
         vertex -2.8196 14.5000 6.3000
         vertex -2.8196 12.5000 6.3000
         vertex -2.9000 12.5000 6.0000
      endloop
   endfacet
   facet normal 0.9405 0.0000 -0.3399
      outer loop
         vertex -2.8196 14.5000 6.3000
         vertex -2.9000 12.5000 6.0000
         vertex -2.9000 14.5000 6.0000
      endloop
   endfacet
   facet normal 0.9405 0.3399 0.0000
      outer loop
         vertex 1.1201 7.8241 3.5000
         vertex 1.1000 7.8991 3.5000
         vertex 1.1000 7.8991 6.3500
      endloop
   endfacet
   facet normal 0.9071 0.4210 0.0000
      outer loop
         vertex 1.1201 7.8241 3.5000
         vertex 1.1000 7.8991 6.3500
         vertex 1.1201 7.8241 6.3500
      endloop
   endfacet
   facet normal 1.0000 0.0000 0.0000
      outer loop
         vertex 1.1000 9.5149 6.3500
         vertex 1.1000 7.8991 6.3500
         vertex 1.1000 7.8991 3.5000
      endloop
   endfacet
   facet normal 1.0000 0.0000 0.0000
      outer loop
         vertex 1.1000 9.5149 6.3500
         vertex 1.1000 7.8991 3.5000
         vertex 1.1000 9.5149 3.5000
      endloop
   endfacet
   facet normal 0.9071 -0.4210 0.0000
      outer loop
         vertex 1.1000 9.5149 3.5000
         vertex 1.1134 9.5649 3.5000
         vertex 1.1134 9.5649 6.3500
      endloop
   endfacet
   facet normal 0.9405 -0.3399 0.0000
      outer loop
         vertex 1.1000 9.5149 3.5000
         vertex 1.1134 9.5649 6.3500
         vertex 1.1000 9.5149 6.3500
      endloop
   endfacet
   facet normal 0.6414 -0.7672 0.0000
      outer loop
         vertex 1.1134 9.5649 3.5000
         vertex 1.1500 9.6015 3.5000
         vertex 1.1500 9.6015 6.3500
      endloop
   endfacet
   facet normal 0.7672 -0.6414 0.0000
      outer loop
         vertex 1.1134 9.5649 3.5000
         vertex 1.1500 9.6015 6.3500
         vertex 1.1134 9.5649 6.3500
      endloop
   endfacet
   facet normal 0.2319 -0.9727 0.0000
      outer loop
         vertex 1.1500 9.6015 3.5000
         vertex 1.2000 9.6149 3.5000
         vertex 1.2000 9.6149 6.3500
      endloop
   endfacet
   facet normal 0.3703 -0.9289 0.0000
      outer loop
         vertex 1.1500 9.6015 3.5000
         vertex 1.2000 9.6149 6.3500
         vertex 1.1500 9.6015 6.3500
      endloop
   endfacet
   facet normal -0.0016 1.0000 0.0000
      outer loop
         vertex 1.4000 12.1000 3.5000
         vertex 1.2661 12.0928 3.5000
         vertex 1.2661 12.0928 6.3500
      endloop
   endfacet
   facet normal 0.0511 0.9987 0.0000
      outer loop
         vertex 1.4000 12.1000 3.5000
         vertex 1.2661 12.0928 6.3500
         vertex 1.4000 12.1000 6.3500
      endloop
   endfacet
   facet normal 0.0511 0.9987 0.0000
      outer loop
         vertex 1.2661 12.0928 3.5000
         vertex 1.2500 12.0919 3.5000
         vertex 1.2500 12.0919 6.3500
      endloop
   endfacet
   facet normal -0.0016 1.0000 0.0000
      outer loop
         vertex 1.2661 12.0928 3.5000
         vertex 1.2500 12.0919 6.3500
         vertex 1.2661 12.0928 6.3500
      endloop
   endfacet
   facet normal 0.2206 0.9754 0.0000
      outer loop
         vertex 2.0250 11.9325 3.5000
         vertex 1.4000 12.1000 3.5000
         vertex 1.4000 12.1000 6.3500
      endloop
   endfacet
   facet normal 0.3364 0.9417 0.0000
      outer loop
         vertex 2.0250 11.9325 3.5000
         vertex 1.4000 12.1000 6.3500
         vertex 2.0250 11.9325 6.3500
      endloop
   endfacet
   facet normal 0.7672 0.6414 0.0000
      outer loop
         vertex 1.1750 12.1120 3.5000
         vertex 1.1201 12.1669 3.5000
         vertex 1.1201 12.1669 6.3500
      endloop
   endfacet
   facet normal 0.6414 0.7672 0.0000
      outer loop
         vertex 1.1750 12.1120 3.5000
         vertex 1.1201 12.1669 6.3500
         vertex 1.1750 12.1120 6.3500
      endloop
   endfacet
   facet normal 0.9285 0.3714 0.0000
      outer loop
         vertex -2.1000 14.0000 3.5000
         vertex -2.3000 14.5000 3.5000
         vertex -2.3000 14.5000 3.7000
      endloop
   endfacet
   facet normal 0.9285 0.3714 0.0000
      outer loop
         vertex -2.1000 14.0000 3.5000
         vertex -2.3000 14.5000 3.7000
         vertex -2.1000 14.0000 3.7000
      endloop
   endfacet
   facet normal 0.9405 0.3399 0.0000
      outer loop
         vertex 1.1201 12.1669 3.5000
         vertex 1.1000 12.2419 3.5000
         vertex 1.1000 12.2419 6.3500
      endloop
   endfacet
   facet normal 0.9071 0.4210 0.0000
      outer loop
         vertex 1.1201 12.1669 3.5000
         vertex 1.1000 12.2419 6.3500
         vertex 1.1201 12.1669 6.3500
      endloop
   endfacet
   facet normal 1.0000 0.0000 0.0000
      outer loop
         vertex 1.1000 13.7500 6.3500
         vertex 1.1000 12.2419 6.3500
         vertex 1.1000 12.2419 3.5000
      endloop
   endfacet
   facet normal 1.0000 0.0000 0.0000
      outer loop
         vertex 1.1000 13.7500 6.3500
         vertex 1.1000 12.2419 3.5000
         vertex 1.1000 13.7500 3.5000
      endloop
   endfacet
   facet normal 0.0000 -1.0000 0.0000
      outer loop
         vertex 2.3000 13.9000 6.3500
         vertex 1.2500 13.9000 6.3500
         vertex 1.2500 13.9000 3.5000
      endloop
   endfacet
   facet normal 0.0000 -1.0000 0.0000
      outer loop
         vertex 2.3000 13.9000 6.3500
         vertex 1.2500 13.9000 3.5000
         vertex 2.3000 13.9000 3.5000
      endloop
   endfacet
   facet normal 0.0000 0.0000 1.0000
      outer loop
         vertex 0.1000 12.5000 3.7000
         vertex 0.1000 14.5000 3.7000
         vertex -0.1000 14.0000 3.7000
      endloop
   endfacet
   facet normal 0.0000 0.0000 1.0000
      outer loop
         vertex 0.1000 12.5000 3.7000
         vertex -0.1000 14.0000 3.7000
         vertex -0.1000 12.5000 3.7000
      endloop
   endfacet
   facet normal -1.0000 0.0000 0.0000
      outer loop
         vertex -0.1000 12.5000 3.7000
         vertex -0.1000 14.0000 3.7000
         vertex -0.1000 14.0000 3.5000
      endloop
   endfacet
   facet normal -1.0000 0.0000 0.0000
      outer loop
         vertex -0.1000 12.5000 3.7000
         vertex -0.1000 14.0000 3.5000
         vertex -0.1000 12.5000 3.5000
      endloop
   endfacet
   facet normal -0.9285 0.3714 0.0000
      outer loop
         vertex 0.1000 14.5000 3.5000
         vertex -0.1000 14.0000 3.5000
         vertex -0.1000 14.0000 3.7000
      endloop
   endfacet
   facet normal -0.9285 0.3714 0.0000
      outer loop
         vertex 0.1000 14.5000 3.5000
         vertex -0.1000 14.0000 3.7000
         vertex 0.1000 14.5000 3.7000
      endloop
   endfacet
   facet normal -0.3399 0.0000 0.9405
      outer loop
         vertex 0.1000 14.5000 3.7000
         vertex 0.1000 12.5000 3.7000
         vertex 0.4000 12.5000 3.7804
      endloop
   endfacet
   facet normal -0.4210 0.0000 0.9071
      outer loop
         vertex 0.1000 14.5000 3.7000
         vertex 0.4000 12.5000 3.7804
         vertex 0.4000 14.5000 3.7804
      endloop
   endfacet
   facet normal -0.6414 0.0000 0.7672
      outer loop
         vertex 0.4000 14.5000 3.7804
         vertex 0.4000 12.5000 3.7804
         vertex 0.6196 12.5000 4.0000
      endloop
   endfacet
   facet normal -0.7672 0.0000 0.6414
      outer loop
         vertex 0.4000 14.5000 3.7804
         vertex 0.6196 12.5000 4.0000
         vertex 0.6196 14.5000 4.0000
      endloop
   endfacet
   facet normal -0.9405 0.0000 0.3399
      outer loop
         vertex 0.7000 12.5000 4.3000
         vertex 0.7000 14.5000 4.3000
         vertex 0.6196 14.5000 4.0000
      endloop
   endfacet
   facet normal -0.9071 0.0000 0.4210
      outer loop
         vertex 0.7000 12.5000 4.3000
         vertex 0.6196 14.5000 4.0000
         vertex 0.6196 12.5000 4.0000
      endloop
   endfacet
   facet normal -1.0000 0.0000 0.0000
      outer loop
         vertex 0.7000 12.5000 6.0000
         vertex 0.7000 14.5000 6.0000
         vertex 0.7000 14.5000 4.3000
      endloop
   endfacet
   facet normal -1.0000 0.0000 0.0000
      outer loop
         vertex 0.7000 12.5000 6.0000
         vertex 0.7000 14.5000 4.3000
         vertex 0.7000 12.5000 4.3000
      endloop
   endfacet
   facet normal -0.9405 0.0000 -0.3399
      outer loop
         vertex 0.7000 14.5000 6.0000
         vertex 0.7000 12.5000 6.0000
         vertex 0.6196 12.5000 6.3000
      endloop
   endfacet
   facet normal -0.9071 0.0000 -0.4210
      outer loop
         vertex 0.7000 14.5000 6.0000
         vertex 0.6196 12.5000 6.3000
         vertex 0.6196 14.5000 6.3000
      endloop
   endfacet
   facet normal 0.9071 -0.4210 0.0000
      outer loop
         vertex 1.1000 13.7500 3.5000
         vertex 1.1201 13.8250 3.5000
         vertex 1.1201 13.8250 6.3500
      endloop
   endfacet
   facet normal 0.9405 -0.3399 0.0000
      outer loop
         vertex 1.1000 13.7500 3.5000
         vertex 1.1201 13.8250 6.3500
         vertex 1.1000 13.7500 6.3500
      endloop
   endfacet
   facet normal 0.6414 -0.7672 0.0000
      outer loop
         vertex 1.1201 13.8250 3.5000
         vertex 1.1750 13.8799 3.5000
         vertex 1.1750 13.8799 6.3500
      endloop
   endfacet
   facet normal 0.7672 -0.6414 0.0000
      outer loop
         vertex 1.1201 13.8250 3.5000
         vertex 1.1750 13.8799 6.3500
         vertex 1.1201 13.8250 6.3500
      endloop
   endfacet
   facet normal 0.3399 -0.9405 0.0000
      outer loop
         vertex 1.1750 13.8799 3.5000
         vertex 1.2500 13.9000 3.5000
         vertex 1.2500 13.9000 6.3500
      endloop
   endfacet
   facet normal 0.4210 -0.9071 0.0000
      outer loop
         vertex 1.1750 13.8799 3.5000
         vertex 1.2500 13.9000 6.3500
         vertex 1.1750 13.8799 6.3500
      endloop
   endfacet
   facet normal 0.5628 -0.8266 0.0000
      outer loop
         vertex 1.9250 5.4175 10.5000
         vertex 2.2000 5.6325 10.5000
         vertex 2.2000 5.6325 13.3500
      endloop
   endfacet
   facet normal 0.5060 -0.8625 0.0000
      outer loop
         vertex 1.9250 5.4175 10.5000
         vertex 2.2000 5.6325 13.3500
         vertex 1.9250 5.4175 13.3500
      endloop
   endfacet
   facet normal 0.2501 -0.9682 0.0000
      outer loop
         vertex 1.1750 5.2308 10.5000
         vertex 1.2500 5.2509 10.5000
         vertex 1.2500 5.2509 13.3500
      endloop
   endfacet
   facet normal 0.3786 -0.9256 0.0000
      outer loop
         vertex 1.1750 5.2308 10.5000
         vertex 1.2500 5.2509 13.3500
         vertex 1.1750 5.2308 13.3500
      endloop
   endfacet
   facet normal 0.3418 -0.9398 0.0000
      outer loop
         vertex 1.3000 5.2500 10.5000
         vertex 1.9250 5.4175 10.5000
         vertex 1.9250 5.4175 13.3500
      endloop
   endfacet
   facet normal 0.2321 -0.9727 0.0000
      outer loop
         vertex 1.3000 5.2500 10.5000
         vertex 1.9250 5.4175 13.3500
         vertex 1.3000 5.2500 13.3500
      endloop
   endfacet
   facet normal 0.0284 -0.9996 0.0000
      outer loop
         vertex 1.2500 5.2509 10.5000
         vertex 1.2554 5.2508 10.5000
         vertex 1.2554 5.2508 13.3500
      endloop
   endfacet
   facet normal 0.0750 -0.9972 0.0000
      outer loop
         vertex 1.2500 5.2509 10.5000
         vertex 1.2554 5.2508 13.3500
         vertex 1.2500 5.2509 13.3500
      endloop
   endfacet
   facet normal 0.0750 -0.9972 0.0000
      outer loop
         vertex 1.2554 5.2508 10.5000
         vertex 1.3000 5.2500 10.5000
         vertex 1.3000 5.2500 13.3500
      endloop
   endfacet
   facet normal 0.0284 -0.9996 0.0000
      outer loop
         vertex 1.2554 5.2508 10.5000
         vertex 1.3000 5.2500 13.3500
         vertex 1.2554 5.2508 13.3500
      endloop
   endfacet
   facet normal 0.7672 -0.6414 0.0000
      outer loop
         vertex 1.1750 5.2308 13.3500
         vertex 1.1201 5.1759 13.3500
         vertex 1.1201 5.1759 10.5000
      endloop
   endfacet
   facet normal 0.6414 -0.7672 0.0000
      outer loop
         vertex 1.1750 5.2308 13.3500
         vertex 1.1201 5.1759 10.5000
         vertex 1.1750 5.2308 10.5000
      endloop
   endfacet
   facet normal 1.0000 0.0000 0.0000
      outer loop
         vertex 1.1000 5.1009 13.3500
         vertex 1.1000 2.6489 13.3500
         vertex 1.1000 2.6489 10.5000
      endloop
   endfacet
   facet normal 1.0000 0.0000 0.0000
      outer loop
         vertex 1.1000 5.1009 13.3500
         vertex 1.1000 2.6489 10.5000
         vertex 1.1000 5.1009 10.5000
      endloop
   endfacet
   facet normal 0.9071 -0.4210 0.0000
      outer loop
         vertex 1.1000 5.1009 10.5000
         vertex 1.1201 5.1759 10.5000
         vertex 1.1201 5.1759 13.3500
      endloop
   endfacet
   facet normal 0.9405 -0.3399 0.0000
      outer loop
         vertex 1.1000 5.1009 10.5000
         vertex 1.1201 5.1759 13.3500
         vertex 1.1000 5.1009 13.3500
      endloop
   endfacet
   facet normal 0.0252 0.9997 0.0000
      outer loop
         vertex 1.3000 2.5000 10.5000
         vertex 1.2565 2.4991 10.5000
         vertex 1.2565 2.4991 13.3500
      endloop
   endfacet
   facet normal 0.0724 0.9974 0.0000
      outer loop
         vertex 1.3000 2.5000 10.5000
         vertex 1.2565 2.4991 13.3500
         vertex 1.3000 2.5000 13.3500
      endloop
   endfacet
   facet normal 0.0724 0.9974 0.0000
      outer loop
         vertex 1.2565 2.4991 10.5000
         vertex 1.2500 2.4989 10.5000
         vertex 1.2500 2.4989 13.3500
      endloop
   endfacet
   facet normal 0.0252 0.9997 0.0000
      outer loop
         vertex 1.2565 2.4991 10.5000
         vertex 1.2500 2.4989 13.3500
         vertex 1.2565 2.4991 13.3500
      endloop
   endfacet
   facet normal 0.9071 0.4210 0.0000
      outer loop
         vertex 2.3000 1.5000 10.5000
         vertex 2.1660 2.0000 10.5000
         vertex 2.1660 2.0000 13.3500
      endloop
   endfacet
   facet normal 0.9405 0.3399 0.0000
      outer loop
         vertex 2.3000 1.5000 10.5000
         vertex 2.1660 2.0000 13.3500
         vertex 2.3000 1.5000 13.3500
      endloop
   endfacet
   facet normal 0.6414 0.7672 0.0000
      outer loop
         vertex 2.1660 2.0000 10.5000
         vertex 1.8000 2.3660 10.5000
         vertex 1.8000 2.3660 13.3500
      endloop
   endfacet
   facet normal 0.7672 0.6414 0.0000
      outer loop
         vertex 2.1660 2.0000 10.5000
         vertex 1.8000 2.3660 13.3500
         vertex 2.1660 2.0000 13.3500
      endloop
   endfacet
   facet normal 0.2489 0.9685 0.0000
      outer loop
         vertex 1.8000 2.3660 10.5000
         vertex 1.3000 2.5000 10.5000
         vertex 1.3000 2.5000 13.3500
      endloop
   endfacet
   facet normal 0.3780 0.9258 0.0000
      outer loop
         vertex 1.8000 2.3660 10.5000
         vertex 1.3000 2.5000 13.3500
         vertex 1.8000 2.3660 13.3500
      endloop
   endfacet
   facet normal 0.3780 0.9258 0.0000
      outer loop
         vertex 1.2500 2.4989 10.5000
         vertex 1.1750 2.5190 10.5000
         vertex 1.1750 2.5190 13.3500
      endloop
   endfacet
   facet normal 0.2489 0.9685 0.0000
      outer loop
         vertex 1.2500 2.4989 10.5000
         vertex 1.1750 2.5190 13.3500
         vertex 1.2500 2.4989 13.3500
      endloop
   endfacet
   facet normal 0.7672 0.6414 0.0000
      outer loop
         vertex 1.1750 2.5190 10.5000
         vertex 1.1201 2.5739 10.5000
         vertex 1.1201 2.5739 13.3500
      endloop
   endfacet
   facet normal 0.6414 0.7672 0.0000
      outer loop
         vertex 1.1750 2.5190 10.5000
         vertex 1.1201 2.5739 13.3500
         vertex 1.1750 2.5190 13.3500
      endloop
   endfacet
   facet normal 0.9405 0.3399 0.0000
      outer loop
         vertex 1.1201 2.5739 10.5000
         vertex 1.1000 2.6489 10.5000
         vertex 1.1000 2.6489 13.3500
      endloop
   endfacet
   facet normal 0.9071 0.4210 0.0000
      outer loop
         vertex 1.1201 2.5739 10.5000
         vertex 1.1000 2.6489 13.3500
         vertex 1.1201 2.5739 13.3500
      endloop
   endfacet
   facet normal 0.5628 -0.8266 0.0000
      outer loop
         vertex 1.9250 5.4175 7.0000
         vertex 2.2000 5.6325 7.0000
         vertex 2.2000 5.6325 9.8500
      endloop
   endfacet
   facet normal 0.5060 -0.8625 0.0000
      outer loop
         vertex 1.9250 5.4175 7.0000
         vertex 2.2000 5.6325 9.8500
         vertex 1.9250 5.4175 9.8500
      endloop
   endfacet
   facet normal 0.2501 -0.9682 0.0000
      outer loop
         vertex 1.1750 5.2308 7.0000
         vertex 1.2500 5.2509 7.0000
         vertex 1.2500 5.2509 9.8500
      endloop
   endfacet
   facet normal 0.3786 -0.9256 0.0000
      outer loop
         vertex 1.1750 5.2308 7.0000
         vertex 1.2500 5.2509 9.8500
         vertex 1.1750 5.2308 9.8500
      endloop
   endfacet
   facet normal 0.3418 -0.9398 0.0000
      outer loop
         vertex 1.3000 5.2500 7.0000
         vertex 1.9250 5.4175 7.0000
         vertex 1.9250 5.4175 9.8500
      endloop
   endfacet
   facet normal 0.2321 -0.9727 0.0000
      outer loop
         vertex 1.3000 5.2500 7.0000
         vertex 1.9250 5.4175 9.8500
         vertex 1.3000 5.2500 9.8500
      endloop
   endfacet
   facet normal 0.0284 -0.9996 0.0000
      outer loop
         vertex 1.2500 5.2509 7.0000
         vertex 1.2554 5.2508 7.0000
         vertex 1.2554 5.2508 9.8500
      endloop
   endfacet
   facet normal 0.0750 -0.9972 0.0000
      outer loop
         vertex 1.2500 5.2509 7.0000
         vertex 1.2554 5.2508 9.8500
         vertex 1.2500 5.2509 9.8500
      endloop
   endfacet
   facet normal 0.0750 -0.9972 0.0000
      outer loop
         vertex 1.2554 5.2508 7.0000
         vertex 1.3000 5.2500 7.0000
         vertex 1.3000 5.2500 9.8500
      endloop
   endfacet
   facet normal 0.0284 -0.9996 0.0000
      outer loop
         vertex 1.2554 5.2508 7.0000
         vertex 1.3000 5.2500 9.8500
         vertex 1.2554 5.2508 9.8500
      endloop
   endfacet
   facet normal 0.6414 -0.7672 0.0000
      outer loop
         vertex 1.1201 5.1759 7.0000
         vertex 1.1750 5.2308 7.0000
         vertex 1.1750 5.2308 9.8500
      endloop
   endfacet
   facet normal 0.7672 -0.6414 0.0000
      outer loop
         vertex 1.1201 5.1759 7.0000
         vertex 1.1750 5.2308 9.8500
         vertex 1.1201 5.1759 9.8500
      endloop
   endfacet
   facet normal 1.0000 0.0000 0.0000
      outer loop
         vertex 1.1000 2.6489 7.0000
         vertex 1.1000 5.1009 7.0000
         vertex 1.1000 5.1009 9.8500
      endloop
   endfacet
   facet normal 1.0000 0.0000 0.0000
      outer loop
         vertex 1.1000 2.6489 7.0000
         vertex 1.1000 5.1009 9.8500
         vertex 1.1000 2.6489 9.8500
      endloop
   endfacet
   facet normal 0.9071 -0.4210 0.0000
      outer loop
         vertex 1.1000 5.1009 7.0000
         vertex 1.1201 5.1759 7.0000
         vertex 1.1201 5.1759 9.8500
      endloop
   endfacet
   facet normal 0.9405 -0.3399 0.0000
      outer loop
         vertex 1.1000 5.1009 7.0000
         vertex 1.1201 5.1759 9.8500
         vertex 1.1000 5.1009 9.8500
      endloop
   endfacet
   facet normal 0.0252 0.9997 0.0000
      outer loop
         vertex 1.3000 2.5000 7.0000
         vertex 1.2565 2.4991 7.0000
         vertex 1.2565 2.4991 9.8500
      endloop
   endfacet
   facet normal 0.0724 0.9974 0.0000
      outer loop
         vertex 1.3000 2.5000 7.0000
         vertex 1.2565 2.4991 9.8500
         vertex 1.3000 2.5000 9.8500
      endloop
   endfacet
   facet normal 0.0724 0.9974 0.0000
      outer loop
         vertex 1.2565 2.4991 7.0000
         vertex 1.2500 2.4989 7.0000
         vertex 1.2500 2.4989 9.8500
      endloop
   endfacet
   facet normal 0.0252 0.9997 0.0000
      outer loop
         vertex 1.2565 2.4991 7.0000
         vertex 1.2500 2.4989 9.8500
         vertex 1.2565 2.4991 9.8500
      endloop
   endfacet
   facet normal 0.9071 0.4210 0.0000
      outer loop
         vertex 2.3000 1.5000 7.0000
         vertex 2.1660 2.0000 7.0000
         vertex 2.1660 2.0000 9.8500
      endloop
   endfacet
   facet normal 0.9405 0.3399 0.0000
      outer loop
         vertex 2.3000 1.5000 7.0000
         vertex 2.1660 2.0000 9.8500
         vertex 2.3000 1.5000 9.8500
      endloop
   endfacet
   facet normal 0.6414 0.7672 0.0000
      outer loop
         vertex 2.1660 2.0000 7.0000
         vertex 1.8000 2.3660 7.0000
         vertex 1.8000 2.3660 9.8500
      endloop
   endfacet
   facet normal 0.7672 0.6414 0.0000
      outer loop
         vertex 2.1660 2.0000 7.0000
         vertex 1.8000 2.3660 9.8500
         vertex 2.1660 2.0000 9.8500
      endloop
   endfacet
   facet normal 0.2489 0.9685 0.0000
      outer loop
         vertex 1.8000 2.3660 7.0000
         vertex 1.3000 2.5000 7.0000
         vertex 1.3000 2.5000 9.8500
      endloop
   endfacet
   facet normal 0.3780 0.9258 0.0000
      outer loop
         vertex 1.8000 2.3660 7.0000
         vertex 1.3000 2.5000 9.8500
         vertex 1.8000 2.3660 9.8500
      endloop
   endfacet
   facet normal 0.3780 0.9258 0.0000
      outer loop
         vertex 1.2500 2.4989 7.0000
         vertex 1.1750 2.5190 7.0000
         vertex 1.1750 2.5190 9.8500
      endloop
   endfacet
   facet normal 0.2489 0.9685 0.0000
      outer loop
         vertex 1.2500 2.4989 7.0000
         vertex 1.1750 2.5190 9.8500
         vertex 1.2500 2.4989 9.8500
      endloop
   endfacet
   facet normal 0.7672 0.6414 0.0000
      outer loop
         vertex 1.1750 2.5190 7.0000
         vertex 1.1201 2.5739 7.0000
         vertex 1.1201 2.5739 9.8500
      endloop
   endfacet
   facet normal 0.6414 0.7672 0.0000
      outer loop
         vertex 1.1750 2.5190 7.0000
         vertex 1.1201 2.5739 9.8500
         vertex 1.1750 2.5190 9.8500
      endloop
   endfacet
   facet normal 0.9405 0.3399 0.0000
      outer loop
         vertex 1.1201 2.5739 7.0000
         vertex 1.1000 2.6489 7.0000
         vertex 1.1000 2.6489 9.8500
      endloop
   endfacet
   facet normal 0.9071 0.4210 0.0000
      outer loop
         vertex 1.1201 2.5739 7.0000
         vertex 1.1000 2.6489 9.8500
         vertex 1.1201 2.5739 9.8500
      endloop
   endfacet
   facet normal 0.5628 -0.8266 0.0000
      outer loop
         vertex 1.9250 5.4175 3.5000
         vertex 2.2000 5.6325 3.5000
         vertex 2.2000 5.6325 6.3500
      endloop
   endfacet
   facet normal 0.5060 -0.8625 0.0000
      outer loop
         vertex 1.9250 5.4175 3.5000
         vertex 2.2000 5.6325 6.3500
         vertex 1.9250 5.4175 6.3500
      endloop
   endfacet
   facet normal 0.2501 -0.9682 0.0000
      outer loop
         vertex 1.1750 5.2308 3.5000
         vertex 1.2500 5.2509 3.5000
         vertex 1.2500 5.2509 6.3500
      endloop
   endfacet
   facet normal 0.3786 -0.9256 0.0000
      outer loop
         vertex 1.1750 5.2308 3.5000
         vertex 1.2500 5.2509 6.3500
         vertex 1.1750 5.2308 6.3500
      endloop
   endfacet
   facet normal 0.3418 -0.9398 0.0000
      outer loop
         vertex 1.3000 5.2500 3.5000
         vertex 1.9250 5.4175 3.5000
         vertex 1.9250 5.4175 6.3500
      endloop
   endfacet
   facet normal 0.2321 -0.9727 0.0000
      outer loop
         vertex 1.3000 5.2500 3.5000
         vertex 1.9250 5.4175 6.3500
         vertex 1.3000 5.2500 6.3500
      endloop
   endfacet
   facet normal 0.0284 -0.9996 0.0000
      outer loop
         vertex 1.2500 5.2509 3.5000
         vertex 1.2554 5.2508 3.5000
         vertex 1.2554 5.2508 6.3500
      endloop
   endfacet
   facet normal 0.0750 -0.9972 0.0000
      outer loop
         vertex 1.2500 5.2509 3.5000
         vertex 1.2554 5.2508 6.3500
         vertex 1.2500 5.2509 6.3500
      endloop
   endfacet
   facet normal 0.0750 -0.9972 0.0000
      outer loop
         vertex 1.2554 5.2508 3.5000
         vertex 1.3000 5.2500 3.5000
         vertex 1.3000 5.2500 6.3500
      endloop
   endfacet
   facet normal 0.0284 -0.9996 0.0000
      outer loop
         vertex 1.2554 5.2508 3.5000
         vertex 1.3000 5.2500 6.3500
         vertex 1.2554 5.2508 6.3500
      endloop
   endfacet
   facet normal 0.6414 -0.7672 0.0000
      outer loop
         vertex 1.1201 5.1759 3.5000
         vertex 1.1750 5.2308 3.5000
         vertex 1.1750 5.2308 6.3500
      endloop
   endfacet
   facet normal 0.7672 -0.6414 0.0000
      outer loop
         vertex 1.1201 5.1759 3.5000
         vertex 1.1750 5.2308 6.3500
         vertex 1.1201 5.1759 6.3500
      endloop
   endfacet
   facet normal 1.0000 0.0000 0.0000
      outer loop
         vertex 1.1000 2.6489 3.5000
         vertex 1.1000 5.1009 3.5000
         vertex 1.1000 5.1009 6.3500
      endloop
   endfacet
   facet normal 1.0000 0.0000 0.0000
      outer loop
         vertex 1.1000 2.6489 3.5000
         vertex 1.1000 5.1009 6.3500
         vertex 1.1000 2.6489 6.3500
      endloop
   endfacet
   facet normal 0.9071 -0.4210 0.0000
      outer loop
         vertex 1.1000 5.1009 3.5000
         vertex 1.1201 5.1759 3.5000
         vertex 1.1201 5.1759 6.3500
      endloop
   endfacet
   facet normal 0.9405 -0.3399 0.0000
      outer loop
         vertex 1.1000 5.1009 3.5000
         vertex 1.1201 5.1759 6.3500
         vertex 1.1000 5.1009 6.3500
      endloop
   endfacet
   facet normal 0.0252 0.9997 0.0000
      outer loop
         vertex 1.3000 2.5000 3.5000
         vertex 1.2565 2.4991 3.5000
         vertex 1.2565 2.4991 6.3500
      endloop
   endfacet
   facet normal 0.0724 0.9974 0.0000
      outer loop
         vertex 1.3000 2.5000 3.5000
         vertex 1.2565 2.4991 6.3500
         vertex 1.3000 2.5000 6.3500
      endloop
   endfacet
   facet normal 0.0724 0.9974 0.0000
      outer loop
         vertex 1.2565 2.4991 3.5000
         vertex 1.2500 2.4989 3.5000
         vertex 1.2500 2.4989 6.3500
      endloop
   endfacet
   facet normal 0.0252 0.9997 0.0000
      outer loop
         vertex 1.2565 2.4991 3.5000
         vertex 1.2500 2.4989 6.3500
         vertex 1.2565 2.4991 6.3500
      endloop
   endfacet
   facet normal 0.9071 0.4210 0.0000
      outer loop
         vertex 2.3000 1.5000 3.5000
         vertex 2.1660 2.0000 3.5000
         vertex 2.1660 2.0000 6.3500
      endloop
   endfacet
   facet normal 0.9405 0.3399 0.0000
      outer loop
         vertex 2.3000 1.5000 3.5000
         vertex 2.1660 2.0000 6.3500
         vertex 2.3000 1.5000 6.3500
      endloop
   endfacet
   facet normal 0.6414 0.7672 0.0000
      outer loop
         vertex 2.1660 2.0000 3.5000
         vertex 1.8000 2.3660 3.5000
         vertex 1.8000 2.3660 6.3500
      endloop
   endfacet
   facet normal 0.7672 0.6414 0.0000
      outer loop
         vertex 2.1660 2.0000 3.5000
         vertex 1.8000 2.3660 6.3500
         vertex 2.1660 2.0000 6.3500
      endloop
   endfacet
   facet normal 0.2489 0.9685 0.0000
      outer loop
         vertex 1.8000 2.3660 3.5000
         vertex 1.3000 2.5000 3.5000
         vertex 1.3000 2.5000 6.3500
      endloop
   endfacet
   facet normal 0.3780 0.9258 0.0000
      outer loop
         vertex 1.8000 2.3660 3.5000
         vertex 1.3000 2.5000 6.3500
         vertex 1.8000 2.3660 6.3500
      endloop
   endfacet
   facet normal 0.3780 0.9258 0.0000
      outer loop
         vertex 1.2500 2.4989 3.5000
         vertex 1.1750 2.5190 3.5000
         vertex 1.1750 2.5190 6.3500
      endloop
   endfacet
   facet normal 0.2489 0.9685 0.0000
      outer loop
         vertex 1.2500 2.4989 3.5000
         vertex 1.1750 2.5190 6.3500
         vertex 1.2500 2.4989 6.3500
      endloop
   endfacet
   facet normal 0.7672 0.6414 0.0000
      outer loop
         vertex 1.1750 2.5190 3.5000
         vertex 1.1201 2.5739 3.5000
         vertex 1.1201 2.5739 6.3500
      endloop
   endfacet
   facet normal 0.6414 0.7672 0.0000
      outer loop
         vertex 1.1750 2.5190 3.5000
         vertex 1.1201 2.5739 6.3500
         vertex 1.1750 2.5190 6.3500
      endloop
   endfacet
   facet normal 0.9405 0.3399 0.0000
      outer loop
         vertex 1.1201 2.5739 3.5000
         vertex 1.1000 2.6489 3.5000
         vertex 1.1000 2.6489 6.3500
      endloop
   endfacet
   facet normal 0.9071 0.4210 0.0000
      outer loop
         vertex 1.1201 2.5739 3.5000
         vertex 1.1000 2.6489 6.3500
         vertex 1.1201 2.5739 6.3500
      endloop
   endfacet
   facet normal 0.2321 0.9727 0.0000
      outer loop
         vertex 1.9250 7.5825 0.0000
         vertex 1.3000 7.7500 0.0000
         vertex 1.3000 7.7500 2.8500
      endloop
   endfacet
   facet normal 0.3418 0.9398 0.0000
      outer loop
         vertex 1.9250 7.5825 0.0000
         vertex 1.3000 7.7500 2.8500
         vertex 1.9250 7.5825 2.8500
      endloop
   endfacet
   facet normal 0.5628 -0.8266 0.0000
      outer loop
         vertex 1.9250 5.4175 0.0000
         vertex 2.2000 5.6325 0.0000
         vertex 2.2000 5.6325 2.8500
      endloop
   endfacet
   facet normal 0.5060 -0.8625 0.0000
      outer loop
         vertex 1.9250 5.4175 0.0000
         vertex 2.2000 5.6325 2.8500
         vertex 1.9250 5.4175 2.8500
      endloop
   endfacet
   facet normal 0.2501 -0.9682 0.0000
      outer loop
         vertex 1.1750 5.2308 0.0000
         vertex 1.2500 5.2509 0.0000
         vertex 1.2500 5.2509 2.8500
      endloop
   endfacet
   facet normal 0.3786 -0.9256 0.0000
      outer loop
         vertex 1.1750 5.2308 0.0000
         vertex 1.2500 5.2509 2.8500
         vertex 1.1750 5.2308 2.8500
      endloop
   endfacet
   facet normal 0.0284 0.9996 0.0000
      outer loop
         vertex 1.3000 7.7500 0.0000
         vertex 1.2554 7.7492 0.0000
         vertex 1.2554 7.7492 2.8500
      endloop
   endfacet
   facet normal 0.0750 0.9972 0.0000
      outer loop
         vertex 1.3000 7.7500 0.0000
         vertex 1.2554 7.7492 2.8500
         vertex 1.3000 7.7500 2.8500
      endloop
   endfacet
   facet normal 0.0750 0.9972 0.0000
      outer loop
         vertex 1.2554 7.7492 0.0000
         vertex 1.2500 7.7491 0.0000
         vertex 1.2500 7.7491 2.8500
      endloop
   endfacet
   facet normal 0.0284 0.9996 0.0000
      outer loop
         vertex 1.2554 7.7492 0.0000
         vertex 1.2500 7.7491 2.8500
         vertex 1.2554 7.7492 2.8500
      endloop
   endfacet
   facet normal 1.0000 0.0000 0.0000
      outer loop
         vertex 2.2000 7.3675 2.8500
         vertex 2.2000 5.6325 2.8500
         vertex 2.2000 5.6325 0.0000
      endloop
   endfacet
   facet normal 1.0000 0.0000 0.0000
      outer loop
         vertex 2.2000 7.3675 2.8500
         vertex 2.2000 5.6325 0.0000
         vertex 2.2000 7.3675 0.0000
      endloop
   endfacet
   facet normal 0.5060 0.8625 0.0000
      outer loop
         vertex 2.2000 7.3675 0.0000
         vertex 1.9250 7.5825 0.0000
         vertex 1.9250 7.5825 2.8500
      endloop
   endfacet
   facet normal 0.5628 0.8266 0.0000
      outer loop
         vertex 2.2000 7.3675 0.0000
         vertex 1.9250 7.5825 2.8500
         vertex 2.2000 7.3675 2.8500
      endloop
   endfacet
   facet normal 0.3786 0.9256 0.0000
      outer loop
         vertex 1.2500 7.7491 0.0000
         vertex 1.1750 7.7692 0.0000
         vertex 1.1750 7.7692 2.8500
      endloop
   endfacet
   facet normal 0.2501 0.9682 0.0000
      outer loop
         vertex 1.2500 7.7491 0.0000
         vertex 1.1750 7.7692 2.8500
         vertex 1.2500 7.7491 2.8500
      endloop
   endfacet
   facet normal 0.6414 0.7672 0.0000
      outer loop
         vertex 1.1201 7.8241 2.8500
         vertex 1.1750 7.7692 2.8500
         vertex 1.1750 7.7692 0.0000
      endloop
   endfacet
   facet normal 0.7672 0.6414 0.0000
      outer loop
         vertex 1.1201 7.8241 2.8500
         vertex 1.1750 7.7692 0.0000
         vertex 1.1201 7.8241 0.0000
      endloop
   endfacet
   facet normal 0.3418 -0.9398 0.0000
      outer loop
         vertex 1.3000 5.2500 0.0000
         vertex 1.9250 5.4175 0.0000
         vertex 1.9250 5.4175 2.8500
      endloop
   endfacet
   facet normal 0.2321 -0.9727 0.0000
      outer loop
         vertex 1.3000 5.2500 0.0000
         vertex 1.9250 5.4175 2.8500
         vertex 1.3000 5.2500 2.8500
      endloop
   endfacet
   facet normal 0.0284 -0.9996 0.0000
      outer loop
         vertex 1.2500 5.2509 0.0000
         vertex 1.2554 5.2508 0.0000
         vertex 1.2554 5.2508 2.8500
      endloop
   endfacet
   facet normal 0.0750 -0.9972 0.0000
      outer loop
         vertex 1.2500 5.2509 0.0000
         vertex 1.2554 5.2508 2.8500
         vertex 1.2500 5.2509 2.8500
      endloop
   endfacet
   facet normal 0.0750 -0.9972 0.0000
      outer loop
         vertex 1.2554 5.2508 0.0000
         vertex 1.3000 5.2500 0.0000
         vertex 1.3000 5.2500 2.8500
      endloop
   endfacet
   facet normal 0.0284 -0.9996 0.0000
      outer loop
         vertex 1.2554 5.2508 0.0000
         vertex 1.3000 5.2500 2.8500
         vertex 1.2554 5.2508 2.8500
      endloop
   endfacet
   facet normal 0.6414 -0.7672 0.0000
      outer loop
         vertex 1.1201 5.1759 0.0000
         vertex 1.1750 5.2308 0.0000
         vertex 1.1750 5.2308 2.8500
      endloop
   endfacet
   facet normal 0.7672 -0.6414 0.0000
      outer loop
         vertex 1.1201 5.1759 0.0000
         vertex 1.1750 5.2308 2.8500
         vertex 1.1201 5.1759 2.8500
      endloop
   endfacet
   facet normal 1.0000 0.0000 0.0000
      outer loop
         vertex 1.1000 5.1009 2.8500
         vertex 1.1000 2.6489 2.8500
         vertex 1.1000 2.6489 0.0000
      endloop
   endfacet
   facet normal 1.0000 0.0000 0.0000
      outer loop
         vertex 1.1000 5.1009 2.8500
         vertex 1.1000 2.6489 0.0000
         vertex 1.1000 5.1009 0.0000
      endloop
   endfacet
   facet normal 0.9071 -0.4210 0.0000
      outer loop
         vertex 1.1000 5.1009 0.0000
         vertex 1.1201 5.1759 0.0000
         vertex 1.1201 5.1759 2.8500
      endloop
   endfacet
   facet normal 0.9405 -0.3399 0.0000
      outer loop
         vertex 1.1000 5.1009 0.0000
         vertex 1.1201 5.1759 2.8500
         vertex 1.1000 5.1009 2.8500
      endloop
   endfacet
   facet normal 0.0252 0.9997 0.0000
      outer loop
         vertex 1.3000 2.5000 0.0000
         vertex 1.2565 2.4991 0.0000
         vertex 1.2565 2.4991 2.8500
      endloop
   endfacet
   facet normal 0.0724 0.9974 0.0000
      outer loop
         vertex 1.3000 2.5000 0.0000
         vertex 1.2565 2.4991 2.8500
         vertex 1.3000 2.5000 2.8500
      endloop
   endfacet
   facet normal 0.0724 0.9974 0.0000
      outer loop
         vertex 1.2565 2.4991 0.0000
         vertex 1.2500 2.4989 0.0000
         vertex 1.2500 2.4989 2.8500
      endloop
   endfacet
   facet normal 0.0252 0.9997 0.0000
      outer loop
         vertex 1.2565 2.4991 0.0000
         vertex 1.2500 2.4989 2.8500
         vertex 1.2565 2.4991 2.8500
      endloop
   endfacet
   facet normal 0.9071 0.4210 0.0000
      outer loop
         vertex 2.2000 1.8732 0.0000
         vertex 2.1660 2.0000 0.0000
         vertex 2.1660 2.0000 2.8500
      endloop
   endfacet
   facet normal 0.9405 0.3399 0.0000
      outer loop
         vertex 2.2000 1.8732 0.0000
         vertex 2.1660 2.0000 2.8500
         vertex 2.3000 1.5000 2.8500
      endloop
   endfacet
   facet normal 0.9659 0.2588 0.0000
      outer loop
         vertex 2.2000 1.8732 0.0000
         vertex 2.3000 1.5000 2.8500
         vertex 2.3000 1.5000 0.0000
      endloop
   endfacet
   facet normal 0.6414 0.7672 0.0000
      outer loop
         vertex 2.1660 2.0000 0.0000
         vertex 1.8000 2.3660 0.0000
         vertex 1.8000 2.3660 2.8500
      endloop
   endfacet
   facet normal 0.7672 0.6414 0.0000
      outer loop
         vertex 2.1660 2.0000 0.0000
         vertex 1.8000 2.3660 2.8500
         vertex 2.1660 2.0000 2.8500
      endloop
   endfacet
   facet normal 0.2489 0.9685 0.0000
      outer loop
         vertex 1.8000 2.3660 0.0000
         vertex 1.3000 2.5000 0.0000
         vertex 1.3000 2.5000 2.8500
      endloop
   endfacet
   facet normal 0.3780 0.9258 0.0000
      outer loop
         vertex 1.8000 2.3660 0.0000
         vertex 1.3000 2.5000 2.8500
         vertex 1.8000 2.3660 2.8500
      endloop
   endfacet
   facet normal 0.3780 0.9258 0.0000
      outer loop
         vertex 1.2500 2.4989 0.0000
         vertex 1.1750 2.5190 0.0000
         vertex 1.1750 2.5190 2.8500
      endloop
   endfacet
   facet normal 0.2489 0.9685 0.0000
      outer loop
         vertex 1.2500 2.4989 0.0000
         vertex 1.1750 2.5190 2.8500
         vertex 1.2500 2.4989 2.8500
      endloop
   endfacet
   facet normal 0.7672 0.6414 0.0000
      outer loop
         vertex 1.1750 2.5190 0.0000
         vertex 1.1201 2.5739 0.0000
         vertex 1.1201 2.5739 2.8500
      endloop
   endfacet
   facet normal 0.6414 0.7672 0.0000
      outer loop
         vertex 1.1750 2.5190 0.0000
         vertex 1.1201 2.5739 2.8500
         vertex 1.1750 2.5190 2.8500
      endloop
   endfacet
   facet normal 0.9405 0.3399 0.0000
      outer loop
         vertex 1.1201 2.5739 0.0000
         vertex 1.1000 2.6489 0.0000
         vertex 1.1000 2.6489 2.8500
      endloop
   endfacet
   facet normal 0.9071 0.4210 0.0000
      outer loop
         vertex 1.1201 2.5739 0.0000
         vertex 1.1000 2.6489 2.8500
         vertex 1.1201 2.5739 2.8500
      endloop
   endfacet
   facet normal 0.3733 0.9277 0.0000
      outer loop
         vertex 1.2500 12.0919 0.0000
         vertex 1.1750 12.1120 0.0000
         vertex 1.1750 12.1120 2.8500
      endloop
   endfacet
   facet normal 0.2386 0.9711 0.0000
      outer loop
         vertex 1.2500 12.0919 0.0000
         vertex 1.1750 12.1120 2.8500
         vertex 1.2500 12.0919 2.8500
      endloop
   endfacet
   facet normal -0.0189 -0.9998 0.0000
      outer loop
         vertex 1.2000 9.6149 0.0000
         vertex 1.2148 9.6138 0.0000
         vertex 1.2148 9.6138 2.8500
      endloop
   endfacet
   facet normal 0.0372 -0.9993 0.0000
      outer loop
         vertex 1.2000 9.6149 0.0000
         vertex 1.2148 9.6138 2.8500
         vertex 1.2000 9.6149 2.8500
      endloop
   endfacet
   facet normal 0.0372 -0.9993 0.0000
      outer loop
         vertex 1.2148 9.6138 0.0000
         vertex 1.4000 9.6000 0.0000
         vertex 1.4000 9.6000 2.8500
      endloop
   endfacet
   facet normal -0.0189 -0.9998 0.0000
      outer loop
         vertex 1.2148 9.6138 0.0000
         vertex 1.4000 9.6000 2.8500
         vertex 1.2148 9.6138 2.8500
      endloop
   endfacet
   facet normal 0.3334 -0.9428 0.0000
      outer loop
         vertex 1.4000 9.6000 0.0000
         vertex 2.0250 9.7675 0.0000
         vertex 2.0250 9.7675 2.8500
      endloop
   endfacet
   facet normal 0.2139 -0.9768 0.0000
      outer loop
         vertex 1.4000 9.6000 0.0000
         vertex 2.0250 9.7675 2.8500
         vertex 1.4000 9.6000 2.8500
      endloop
   endfacet
   facet normal 0.6160 -0.7877 0.0000
      outer loop
         vertex 2.2000 9.9043 0.0000
         vertex 2.3000 9.9825 0.0000
         vertex 2.3000 9.9825 2.8500
      endloop
   endfacet
   facet normal 0.5628 -0.8266 0.0000
      outer loop
         vertex 2.2000 9.9043 0.0000
         vertex 2.3000 9.9825 2.8500
         vertex 2.0250 9.7675 2.8500
      endloop
   endfacet
   facet normal 0.5060 -0.8625 0.0000
      outer loop
         vertex 2.2000 9.9043 0.0000
         vertex 2.0250 9.7675 2.8500
         vertex 2.0250 9.7675 0.0000
      endloop
   endfacet
   facet normal 0.5628 0.8266 0.0000
      outer loop
         vertex 2.0250 11.9325 2.8500
         vertex 2.3000 11.7175 2.8500
         vertex 2.3000 11.7175 0.0000
      endloop
   endfacet
   facet normal 0.5628 0.8266 0.0000
      outer loop
         vertex 2.0250 11.9325 2.8500
         vertex 2.3000 11.7175 0.0000
         vertex 2.2000 11.7957 0.0000
      endloop
   endfacet
   facet normal 0.5060 0.8625 0.0000
      outer loop
         vertex 2.0250 11.9325 2.8500
         vertex 2.2000 11.7957 0.0000
         vertex 2.0250 11.9325 0.0000
      endloop
   endfacet
   facet normal 0.0000 1.0000 0.0000
      outer loop
         vertex -0.1000 12.5000 0.0000
         vertex -2.1000 12.5000 0.0000
         vertex -2.1000 12.5000 0.2000
      endloop
   endfacet
   facet normal 0.0000 1.0000 0.0000
      outer loop
         vertex -0.1000 12.5000 0.0000
         vertex -2.1000 12.5000 0.2000
         vertex -0.1000 12.5000 0.2000
      endloop
   endfacet
   facet normal 1.0000 0.0000 0.0000
      outer loop
         vertex -2.9000 12.5000 0.8000
         vertex -2.9000 14.5000 0.8000
         vertex -2.9000 14.5000 0.9000
      endloop
   endfacet
   facet normal 1.0000 0.0000 0.0000
      outer loop
         vertex -2.9000 12.5000 0.8000
         vertex -2.9000 14.5000 0.9000
         vertex -2.9000 12.5000 0.9000
      endloop
   endfacet
   facet normal 1.0000 0.0000 0.0000
      outer loop
         vertex -2.9000 14.5000 2.5000
         vertex -2.9000 12.5000 2.5000
         vertex -2.9000 12.5000 2.4000
      endloop
   endfacet
   facet normal 1.0000 0.0000 0.0000
      outer loop
         vertex -2.9000 14.5000 2.5000
         vertex -2.9000 12.5000 2.4000
         vertex -2.9000 14.5000 2.4000
      endloop
   endfacet
   facet normal 0.4210 0.0000 0.9071
      outer loop
         vertex -2.9750 12.5000 1.0299
         vertex -2.9750 14.5000 1.0299
         vertex -3.0500 14.5000 1.0500
      endloop
   endfacet
   facet normal 0.3399 0.0000 0.9405
      outer loop
         vertex -2.9750 12.5000 1.0299
         vertex -3.0500 14.5000 1.0500
         vertex -3.0500 12.5000 1.0500
      endloop
   endfacet
   facet normal 0.0000 0.0000 1.0000
      outer loop
         vertex -3.0500 12.5000 1.0500
         vertex -3.0500 14.5000 1.0500
         vertex -4.1000 14.5000 1.0500
      endloop
   endfacet
   facet normal 0.0000 0.0000 1.0000
      outer loop
         vertex -3.0500 12.5000 1.0500
         vertex -4.1000 14.5000 1.0500
         vertex -4.1000 12.5000 1.0500
      endloop
   endfacet
   facet normal 0.6414 0.0000 0.7672
      outer loop
         vertex -2.9750 14.5000 1.0299
         vertex -2.9750 12.5000 1.0299
         vertex -2.9201 12.5000 0.9750
      endloop
   endfacet
   facet normal 0.7672 0.0000 0.6414
      outer loop
         vertex -2.9750 14.5000 1.0299
         vertex -2.9201 12.5000 0.9750
         vertex -2.9201 14.5000 0.9750
      endloop
   endfacet
   facet normal 0.9071 0.0000 0.4210
      outer loop
         vertex -2.9201 14.5000 0.9750
         vertex -2.9201 12.5000 0.9750
         vertex -2.9000 12.5000 0.9000
      endloop
   endfacet
   facet normal 0.9405 0.0000 0.3399
      outer loop
         vertex -2.9201 14.5000 0.9750
         vertex -2.9000 12.5000 0.9000
         vertex -2.9000 14.5000 0.9000
      endloop
   endfacet
   facet normal 0.9405 0.0000 0.3399
      outer loop
         vertex -4.4000 14.5000 1.3500
         vertex -4.4000 12.5000 1.3500
         vertex -4.3598 12.5000 1.2000
      endloop
   endfacet
   facet normal 0.9071 0.0000 0.4210
      outer loop
         vertex -4.4000 14.5000 1.3500
         vertex -4.3598 12.5000 1.2000
         vertex -4.3598 14.5000 1.2000
      endloop
   endfacet
   facet normal 0.6414 0.0000 0.7672
      outer loop
         vertex -4.2500 12.5000 1.0902
         vertex -4.2500 14.5000 1.0902
         vertex -4.3598 14.5000 1.2000
      endloop
   endfacet
   facet normal 0.7672 0.0000 0.6414
      outer loop
         vertex -4.2500 12.5000 1.0902
         vertex -4.3598 14.5000 1.2000
         vertex -4.3598 12.5000 1.2000
      endloop
   endfacet
   facet normal 0.3399 0.0000 0.9405
      outer loop
         vertex -4.1000 12.5000 1.0500
         vertex -4.1000 14.5000 1.0500
         vertex -4.2500 14.5000 1.0902
      endloop
   endfacet
   facet normal 0.4210 0.0000 0.9071
      outer loop
         vertex -4.1000 12.5000 1.0500
         vertex -4.2500 14.5000 1.0902
         vertex -4.2500 12.5000 1.0902
      endloop
   endfacet
   facet normal 1.0000 0.0000 0.0000
      outer loop
         vertex -4.4000 12.5000 1.3500
         vertex -4.4000 14.5000 1.3500
         vertex -4.4000 14.5000 1.9500
      endloop
   endfacet
   facet normal 1.0000 0.0000 0.0000
      outer loop
         vertex -4.4000 12.5000 1.3500
         vertex -4.4000 14.5000 1.9500
         vertex -4.4000 12.5000 1.9500
      endloop
   endfacet
   facet normal 0.0000 0.0000 -1.0000
      outer loop
         vertex -3.0500 14.5000 2.2500
         vertex -3.0500 12.5000 2.2500
         vertex -4.1000 12.5000 2.2500
      endloop
   endfacet
   facet normal 0.0000 0.0000 -1.0000
      outer loop
         vertex -3.0500 14.5000 2.2500
         vertex -4.1000 12.5000 2.2500
         vertex -4.1000 14.5000 2.2500
      endloop
   endfacet
   facet normal 0.9405 0.0000 -0.3399
      outer loop
         vertex -2.9000 14.5000 2.4000
         vertex -2.9000 12.5000 2.4000
         vertex -2.9201 12.5000 2.3250
      endloop
   endfacet
   facet normal 0.9071 0.0000 -0.4210
      outer loop
         vertex -2.9000 14.5000 2.4000
         vertex -2.9201 12.5000 2.3250
         vertex -2.9201 14.5000 2.3250
      endloop
   endfacet
   facet normal 0.6414 0.0000 -0.7672
      outer loop
         vertex -2.9750 12.5000 2.2701
         vertex -2.9750 14.5000 2.2701
         vertex -2.9201 14.5000 2.3250
      endloop
   endfacet
   facet normal 0.7672 0.0000 -0.6414
      outer loop
         vertex -2.9750 12.5000 2.2701
         vertex -2.9201 14.5000 2.3250
         vertex -2.9201 12.5000 2.3250
      endloop
   endfacet
   facet normal 0.3399 0.0000 -0.9405
      outer loop
         vertex -3.0500 12.5000 2.2500
         vertex -3.0500 14.5000 2.2500
         vertex -2.9750 14.5000 2.2701
      endloop
   endfacet
   facet normal 0.4210 0.0000 -0.9071
      outer loop
         vertex -3.0500 12.5000 2.2500
         vertex -2.9750 14.5000 2.2701
         vertex -2.9750 12.5000 2.2701
      endloop
   endfacet
   facet normal 0.4210 0.0000 -0.9071
      outer loop
         vertex -4.2500 12.5000 2.2098
         vertex -4.2500 14.5000 2.2098
         vertex -4.1000 14.5000 2.2500
      endloop
   endfacet
   facet normal 0.3399 0.0000 -0.9405
      outer loop
         vertex -4.2500 12.5000 2.2098
         vertex -4.1000 14.5000 2.2500
         vertex -4.1000 12.5000 2.2500
      endloop
   endfacet
   facet normal 0.6414 0.0000 -0.7672
      outer loop
         vertex -4.2500 14.5000 2.2098
         vertex -4.2500 12.5000 2.2098
         vertex -4.3598 12.5000 2.1000
      endloop
   endfacet
   facet normal 0.7672 0.0000 -0.6414
      outer loop
         vertex -4.2500 14.5000 2.2098
         vertex -4.3598 12.5000 2.1000
         vertex -4.3598 14.5000 2.1000
      endloop
   endfacet
   facet normal 0.9405 0.0000 -0.3399
      outer loop
         vertex -4.4000 12.5000 1.9500
         vertex -4.4000 14.5000 1.9500
         vertex -4.3598 14.5000 2.1000
      endloop
   endfacet
   facet normal 0.9071 0.0000 -0.4210
      outer loop
         vertex -4.4000 12.5000 1.9500
         vertex -4.3598 14.5000 2.1000
         vertex -4.3598 12.5000 2.1000
      endloop
   endfacet
   facet normal 0.4210 0.0000 0.9071
      outer loop
         vertex -2.6000 14.5000 0.2804
         vertex -2.6000 12.5000 0.2804
         vertex -2.3000 12.5000 0.2000
      endloop
   endfacet
   facet normal 0.3399 0.0000 0.9405
      outer loop
         vertex -2.6000 14.5000 0.2804
         vertex -2.3000 12.5000 0.2000
         vertex -2.3000 14.5000 0.2000
      endloop
   endfacet
   facet normal 1.0000 0.0000 0.0000
      outer loop
         vertex -2.1000 14.0000 0.0000
         vertex -2.1000 14.0000 0.2000
         vertex -2.1000 12.5000 0.2000
      endloop
   endfacet
   facet normal 1.0000 0.0000 0.0000
      outer loop
         vertex -2.1000 14.0000 0.0000
         vertex -2.1000 12.5000 0.2000
         vertex -2.1000 12.5000 0.0000
      endloop
   endfacet
   facet normal 0.0000 0.0000 1.0000
      outer loop
         vertex -2.3000 14.5000 0.2000
         vertex -2.3000 12.5000 0.2000
         vertex -2.1000 12.5000 0.2000
      endloop
   endfacet
   facet normal 0.0000 0.0000 1.0000
      outer loop
         vertex -2.3000 14.5000 0.2000
         vertex -2.1000 12.5000 0.2000
         vertex -2.1000 14.0000 0.2000
      endloop
   endfacet
   facet normal 0.6414 0.0000 0.7672
      outer loop
         vertex -2.6000 12.5000 0.2804
         vertex -2.6000 14.5000 0.2804
         vertex -2.8196 14.5000 0.5000
      endloop
   endfacet
   facet normal 0.7672 0.0000 0.6414
      outer loop
         vertex -2.6000 12.5000 0.2804
         vertex -2.8196 14.5000 0.5000
         vertex -2.8196 12.5000 0.5000
      endloop
   endfacet
   facet normal 0.9405 0.0000 0.3399
      outer loop
         vertex -2.9000 14.5000 0.8000
         vertex -2.9000 12.5000 0.8000
         vertex -2.8196 12.5000 0.5000
      endloop
   endfacet
   facet normal 0.9071 0.0000 0.4210
      outer loop
         vertex -2.9000 14.5000 0.8000
         vertex -2.8196 12.5000 0.5000
         vertex -2.8196 14.5000 0.5000
      endloop
   endfacet
   facet normal 0.9405 0.0000 -0.3399
      outer loop
         vertex -2.9000 12.5000 2.5000
         vertex -2.9000 14.5000 2.5000
         vertex -2.8196 14.5000 2.8000
      endloop
   endfacet
   facet normal 0.9071 0.0000 -0.4210
      outer loop
         vertex -2.9000 12.5000 2.5000
         vertex -2.8196 14.5000 2.8000
         vertex -2.8196 12.5000 2.8000
      endloop
   endfacet
   facet normal 0.9405 0.3399 0.0000
      outer loop
         vertex 1.1201 7.8241 0.0000
         vertex 1.1000 7.8991 0.0000
         vertex 1.1000 7.8991 2.8500
      endloop
   endfacet
   facet normal 0.9071 0.4210 0.0000
      outer loop
         vertex 1.1201 7.8241 0.0000
         vertex 1.1000 7.8991 2.8500
         vertex 1.1201 7.8241 2.8500
      endloop
   endfacet
   facet normal 1.0000 0.0000 0.0000
      outer loop
         vertex 1.1000 9.5149 2.8500
         vertex 1.1000 7.8991 2.8500
         vertex 1.1000 7.8991 0.0000
      endloop
   endfacet
   facet normal 1.0000 0.0000 0.0000
      outer loop
         vertex 1.1000 9.5149 2.8500
         vertex 1.1000 7.8991 0.0000
         vertex 1.1000 9.5149 0.0000
      endloop
   endfacet
   facet normal 0.9071 -0.4210 0.0000
      outer loop
         vertex 1.1000 9.5149 0.0000
         vertex 1.1134 9.5649 0.0000
         vertex 1.1134 9.5649 2.8500
      endloop
   endfacet
   facet normal 0.9405 -0.3399 0.0000
      outer loop
         vertex 1.1000 9.5149 0.0000
         vertex 1.1134 9.5649 2.8500
         vertex 1.1000 9.5149 2.8500
      endloop
   endfacet
   facet normal 0.6414 -0.7672 0.0000
      outer loop
         vertex 1.1134 9.5649 0.0000
         vertex 1.1500 9.6015 0.0000
         vertex 1.1500 9.6015 2.8500
      endloop
   endfacet
   facet normal 0.7672 -0.6414 0.0000
      outer loop
         vertex 1.1134 9.5649 0.0000
         vertex 1.1500 9.6015 2.8500
         vertex 1.1134 9.5649 2.8500
      endloop
   endfacet
   facet normal 0.2319 -0.9727 0.0000
      outer loop
         vertex 1.1500 9.6015 0.0000
         vertex 1.2000 9.6149 0.0000
         vertex 1.2000 9.6149 2.8500
      endloop
   endfacet
   facet normal 0.3703 -0.9289 0.0000
      outer loop
         vertex 1.1500 9.6015 0.0000
         vertex 1.2000 9.6149 2.8500
         vertex 1.1500 9.6015 2.8500
      endloop
   endfacet
   facet normal -0.0016 1.0000 0.0000
      outer loop
         vertex 1.4000 12.1000 0.0000
         vertex 1.2661 12.0928 0.0000
         vertex 1.2661 12.0928 2.8500
      endloop
   endfacet
   facet normal 0.0511 0.9987 0.0000
      outer loop
         vertex 1.4000 12.1000 0.0000
         vertex 1.2661 12.0928 2.8500
         vertex 1.4000 12.1000 2.8500
      endloop
   endfacet
   facet normal 0.0511 0.9987 0.0000
      outer loop
         vertex 1.2661 12.0928 0.0000
         vertex 1.2500 12.0919 0.0000
         vertex 1.2500 12.0919 2.8500
      endloop
   endfacet
   facet normal -0.0016 1.0000 0.0000
      outer loop
         vertex 1.2661 12.0928 0.0000
         vertex 1.2500 12.0919 2.8500
         vertex 1.2661 12.0928 2.8500
      endloop
   endfacet
   facet normal 0.2206 0.9754 0.0000
      outer loop
         vertex 2.0250 11.9325 0.0000
         vertex 1.4000 12.1000 0.0000
         vertex 1.4000 12.1000 2.8500
      endloop
   endfacet
   facet normal 0.3364 0.9417 0.0000
      outer loop
         vertex 2.0250 11.9325 0.0000
         vertex 1.4000 12.1000 2.8500
         vertex 2.0250 11.9325 2.8500
      endloop
   endfacet
   facet normal 0.7672 0.6414 0.0000
      outer loop
         vertex 1.1750 12.1120 0.0000
         vertex 1.1201 12.1669 0.0000
         vertex 1.1201 12.1669 2.8500
      endloop
   endfacet
   facet normal 0.6414 0.7672 0.0000
      outer loop
         vertex 1.1750 12.1120 0.0000
         vertex 1.1201 12.1669 2.8500
         vertex 1.1750 12.1120 2.8500
      endloop
   endfacet
   facet normal 0.9285 0.3714 0.0000
      outer loop
         vertex -2.2600 14.4000 0.0000
         vertex -2.3000 14.5000 0.0000
         vertex -2.3000 14.5000 0.2000
      endloop
   endfacet
   facet normal 0.9285 0.3714 0.0000
      outer loop
         vertex -2.2600 14.4000 0.0000
         vertex -2.3000 14.5000 0.2000
         vertex -2.1000 14.0000 0.2000
      endloop
   endfacet
   facet normal 0.9285 0.3714 0.0000
      outer loop
         vertex -2.2600 14.4000 0.0000
         vertex -2.1000 14.0000 0.2000
         vertex -2.1000 14.0000 0.0000
      endloop
   endfacet
   facet normal 0.9405 0.3399 0.0000
      outer loop
         vertex 1.1201 12.1669 0.0000
         vertex 1.1000 12.2419 0.0000
         vertex 1.1000 12.2419 2.8500
      endloop
   endfacet
   facet normal 0.9071 0.4210 0.0000
      outer loop
         vertex 1.1201 12.1669 0.0000
         vertex 1.1000 12.2419 2.8500
         vertex 1.1201 12.1669 2.8500
      endloop
   endfacet
   facet normal 1.0000 0.0000 0.0000
      outer loop
         vertex 1.1000 12.2419 0.0000
         vertex 1.1000 13.7500 0.0000
         vertex 1.1000 13.7500 2.8500
      endloop
   endfacet
   facet normal 1.0000 0.0000 0.0000
      outer loop
         vertex 1.1000 12.2419 0.0000
         vertex 1.1000 13.7500 2.8500
         vertex 1.1000 12.2419 2.8500
      endloop
   endfacet
   facet normal 0.0000 -1.0000 0.0000
      outer loop
         vertex 2.3000 13.9000 2.8500
         vertex 1.2500 13.9000 2.8500
         vertex 1.2500 13.9000 0.0000
      endloop
   endfacet
   facet normal 0.0000 -1.0000 0.0000
      outer loop
         vertex 2.3000 13.9000 2.8500
         vertex 1.2500 13.9000 0.0000
         vertex 2.2000 13.9000 0.0000
      endloop
   endfacet
   facet normal 0.0000 -1.0000 0.0000
      outer loop
         vertex 2.3000 13.9000 2.8500
         vertex 2.2000 13.9000 0.0000
         vertex 2.3000 13.9000 0.0000
      endloop
   endfacet
   facet normal 0.0000 0.0000 1.0000
      outer loop
         vertex 0.1000 12.5000 0.2000
         vertex 0.1000 14.5000 0.2000
         vertex -0.1000 14.0000 0.2000
      endloop
   endfacet
   facet normal 0.0000 0.0000 1.0000
      outer loop
         vertex 0.1000 12.5000 0.2000
         vertex -0.1000 14.0000 0.2000
         vertex -0.1000 12.5000 0.2000
      endloop
   endfacet
   facet normal -1.0000 0.0000 0.0000
      outer loop
         vertex -0.1000 14.0000 0.0000
         vertex -0.1000 12.5000 0.0000
         vertex -0.1000 12.5000 0.2000
      endloop
   endfacet
   facet normal -1.0000 0.0000 0.0000
      outer loop
         vertex -0.1000 14.0000 0.0000
         vertex -0.1000 12.5000 0.2000
         vertex -0.1000 14.0000 0.2000
      endloop
   endfacet
   facet normal -0.9285 0.3714 0.0000
      outer loop
         vertex 0.1000 14.5000 0.2000
         vertex 0.1000 14.5000 0.0000
         vertex 0.0600 14.4000 0.0000
      endloop
   endfacet
   facet normal -0.9285 0.3714 0.0000
      outer loop
         vertex 0.1000 14.5000 0.2000
         vertex 0.0600 14.4000 0.0000
         vertex -0.1000 14.0000 0.0000
      endloop
   endfacet
   facet normal -0.9285 0.3714 0.0000
      outer loop
         vertex 0.1000 14.5000 0.2000
         vertex -0.1000 14.0000 0.0000
         vertex -0.1000 14.0000 0.2000
      endloop
   endfacet
   facet normal -0.4210 0.0000 0.9071
      outer loop
         vertex 0.4000 12.5000 0.2804
         vertex 0.4000 14.5000 0.2804
         vertex 0.1000 14.5000 0.2000
      endloop
   endfacet
   facet normal -0.3399 0.0000 0.9405
      outer loop
         vertex 0.4000 12.5000 0.2804
         vertex 0.1000 14.5000 0.2000
         vertex 0.1000 12.5000 0.2000
      endloop
   endfacet
   facet normal -0.6414 0.0000 0.7672
      outer loop
         vertex 0.4000 14.5000 0.2804
         vertex 0.4000 12.5000 0.2804
         vertex 0.6196 12.5000 0.5000
      endloop
   endfacet
   facet normal -0.7672 0.0000 0.6414
      outer loop
         vertex 0.4000 14.5000 0.2804
         vertex 0.6196 12.5000 0.5000
         vertex 0.6196 14.5000 0.5000
      endloop
   endfacet
   facet normal -0.9405 0.0000 0.3399
      outer loop
         vertex 0.7000 12.5000 0.8000
         vertex 0.7000 14.5000 0.8000
         vertex 0.6196 14.5000 0.5000
      endloop
   endfacet
   facet normal -0.9071 0.0000 0.4210
      outer loop
         vertex 0.7000 12.5000 0.8000
         vertex 0.6196 14.5000 0.5000
         vertex 0.6196 12.5000 0.5000
      endloop
   endfacet
   facet normal -1.0000 0.0000 0.0000
      outer loop
         vertex 0.7000 12.5000 2.5000
         vertex 0.7000 14.5000 2.5000
         vertex 0.7000 14.5000 0.8000
      endloop
   endfacet
   facet normal -1.0000 0.0000 0.0000
      outer loop
         vertex 0.7000 12.5000 2.5000
         vertex 0.7000 14.5000 0.8000
         vertex 0.7000 12.5000 0.8000
      endloop
   endfacet
   facet normal -0.9071 0.0000 -0.4210
      outer loop
         vertex 0.6196 12.5000 2.8000
         vertex 0.6196 14.5000 2.8000
         vertex 0.7000 14.5000 2.5000
      endloop
   endfacet
   facet normal -0.9405 0.0000 -0.3399
      outer loop
         vertex 0.6196 12.5000 2.8000
         vertex 0.7000 14.5000 2.5000
         vertex 0.7000 12.5000 2.5000
      endloop
   endfacet
   facet normal 0.9071 -0.4210 0.0000
      outer loop
         vertex 1.1000 13.7500 0.0000
         vertex 1.1201 13.8250 0.0000
         vertex 1.1201 13.8250 2.8500
      endloop
   endfacet
   facet normal 0.9405 -0.3399 0.0000
      outer loop
         vertex 1.1000 13.7500 0.0000
         vertex 1.1201 13.8250 2.8500
         vertex 1.1000 13.7500 2.8500
      endloop
   endfacet
   facet normal 0.6414 -0.7672 0.0000
      outer loop
         vertex 1.1201 13.8250 0.0000
         vertex 1.1750 13.8799 0.0000
         vertex 1.1750 13.8799 2.8500
      endloop
   endfacet
   facet normal 0.7672 -0.6414 0.0000
      outer loop
         vertex 1.1201 13.8250 0.0000
         vertex 1.1750 13.8799 2.8500
         vertex 1.1201 13.8250 2.8500
      endloop
   endfacet
   facet normal 0.3399 -0.9405 0.0000
      outer loop
         vertex 1.1750 13.8799 0.0000
         vertex 1.2500 13.9000 0.0000
         vertex 1.2500 13.9000 2.8500
      endloop
   endfacet
   facet normal 0.4210 -0.9071 0.0000
      outer loop
         vertex 1.1750 13.8799 0.0000
         vertex 1.2500 13.9000 2.8500
         vertex 1.1750 13.8799 2.8500
      endloop
   endfacet
   facet normal 0.7660 -0.6428 0.0000
      outer loop
         vertex -8.7000 12.9926 0.0500
         vertex -8.2670 13.5086 0.0500
         vertex -8.2670 13.5086 2.6500
      endloop
   endfacet
   facet normal 0.7660 -0.6428 0.0000
      outer loop
         vertex -8.7000 12.9926 0.0500
         vertex -8.2670 13.5086 2.6500
         vertex -8.7000 12.9926 2.6500
      endloop
   endfacet
   facet normal 0.9858 -0.1682 0.0000
      outer loop
         vertex -8.2170 13.5800 0.0500
         vertex -8.1500 13.8300 0.0500
         vertex -8.1500 13.8300 2.6500
      endloop
   endfacet
   facet normal 0.9540 -0.2997 0.0000
      outer loop
         vertex -8.2170 13.5800 0.0500
         vertex -8.1500 13.8300 2.6500
         vertex -8.2170 13.5800 2.6500
      endloop
   endfacet
   facet normal 0.8799 -0.4751 0.0000
      outer loop
         vertex -8.2670 13.5086 0.0500
         vertex -8.2170 13.5800 0.0500
         vertex -8.2170 13.5800 2.6500
      endloop
   endfacet
   facet normal 0.8508 -0.5255 0.0000
      outer loop
         vertex -8.2670 13.5086 0.0500
         vertex -8.2170 13.5800 2.6500
         vertex -8.2670 13.5086 2.6500
      endloop
   endfacet
   facet normal 0.9931 0.1172 0.0000
      outer loop
         vertex -8.1500 13.8300 0.0500
         vertex -8.1862 14.0169 0.0500
         vertex -8.1862 14.0169 2.6500
      endloop
   endfacet
   facet normal 0.9991 0.0416 0.0000
      outer loop
         vertex -8.1500 13.8300 0.0500
         vertex -8.1862 14.0169 2.6500
         vertex -8.1500 13.8300 2.6500
      endloop
   endfacet
   facet normal 0.7660 -0.6428 0.0000
      outer loop
         vertex -8.7000 12.9926 3.5500
         vertex -8.2670 13.5086 3.5500
         vertex -8.2670 13.5086 6.1500
      endloop
   endfacet
   facet normal 0.7660 -0.6428 0.0000
      outer loop
         vertex -8.7000 12.9926 3.5500
         vertex -8.2670 13.5086 6.1500
         vertex -8.7000 12.9926 6.1500
      endloop
   endfacet
   facet normal 0.9858 -0.1682 0.0000
      outer loop
         vertex -8.2170 13.5800 3.5500
         vertex -8.1500 13.8300 3.5500
         vertex -8.1500 13.8300 6.1500
      endloop
   endfacet
   facet normal 0.9540 -0.2997 0.0000
      outer loop
         vertex -8.2170 13.5800 3.5500
         vertex -8.1500 13.8300 6.1500
         vertex -8.2170 13.5800 6.1500
      endloop
   endfacet
   facet normal 0.8799 -0.4751 0.0000
      outer loop
         vertex -8.2670 13.5086 3.5500
         vertex -8.2170 13.5800 3.5500
         vertex -8.2170 13.5800 6.1500
      endloop
   endfacet
   facet normal 0.8508 -0.5255 0.0000
      outer loop
         vertex -8.2670 13.5086 3.5500
         vertex -8.2170 13.5800 6.1500
         vertex -8.2670 13.5086 6.1500
      endloop
   endfacet
   facet normal 0.9931 0.1172 0.0000
      outer loop
         vertex -8.1500 13.8300 3.5500
         vertex -8.1862 14.0169 3.5500
         vertex -8.1862 14.0169 6.1500
      endloop
   endfacet
   facet normal 0.9991 0.0416 0.0000
      outer loop
         vertex -8.1500 13.8300 3.5500
         vertex -8.1862 14.0169 6.1500
         vertex -8.1500 13.8300 6.1500
      endloop
   endfacet
   facet normal 0.7660 -0.6428 0.0000
      outer loop
         vertex -8.7000 12.9926 7.0500
         vertex -8.2670 13.5086 7.0500
         vertex -8.2670 13.5086 9.6500
      endloop
   endfacet
   facet normal 0.7660 -0.6428 0.0000
      outer loop
         vertex -8.7000 12.9926 7.0500
         vertex -8.2670 13.5086 9.6500
         vertex -8.7000 12.9926 9.6500
      endloop
   endfacet
   facet normal -1.0000 0.0000 0.0000
      outer loop
         vertex -10.4500 7.2500 7.0500
         vertex -10.4500 10.9070 9.6500
         vertex -10.4500 10.9070 7.0500
      endloop
   endfacet
   facet normal -1.0000 0.0000 0.0000
      outer loop
         vertex -10.4500 10.9070 7.0500
         vertex -10.4500 10.9070 9.6500
         vertex -10.4500 16.2796 9.6500
      endloop
   endfacet
   facet normal -1.0000 0.0000 0.0000
      outer loop
         vertex -10.4500 10.9070 7.0500
         vertex -10.4500 16.2796 9.6500
         vertex -10.4500 16.2796 7.0500
      endloop
   endfacet
   facet normal -1.0000 0.0000 0.0000
      outer loop
         vertex -10.4500 16.2796 7.0500
         vertex -10.4500 16.2796 9.6500
         vertex -10.4500 16.2800 9.6496
      endloop
   endfacet
   facet normal -1.0000 0.0000 0.0000
      outer loop
         vertex -10.4500 16.2796 7.0500
         vertex -10.4500 16.2800 9.6496
         vertex -10.4500 16.2800 7.0504
      endloop
   endfacet
   facet normal -1.0000 0.0000 0.0000
      outer loop
         vertex -10.4500 10.9070 9.6500
         vertex -10.4500 7.2500 7.0500
         vertex -10.4500 7.2500 9.6500
      endloop
   endfacet
   facet normal 0.9858 -0.1682 0.0000
      outer loop
         vertex -8.2170 13.5800 7.0500
         vertex -8.1500 13.8300 7.0500
         vertex -8.1500 13.8300 9.6500
      endloop
   endfacet
   facet normal 0.9540 -0.2997 0.0000
      outer loop
         vertex -8.2170 13.5800 7.0500
         vertex -8.1500 13.8300 9.6500
         vertex -8.2170 13.5800 9.6500
      endloop
   endfacet
   facet normal 0.8799 -0.4751 0.0000
      outer loop
         vertex -8.2670 13.5086 7.0500
         vertex -8.2170 13.5800 7.0500
         vertex -8.2170 13.5800 9.6500
      endloop
   endfacet
   facet normal 0.8508 -0.5255 0.0000
      outer loop
         vertex -8.2670 13.5086 7.0500
         vertex -8.2170 13.5800 9.6500
         vertex -8.2670 13.5086 9.6500
      endloop
   endfacet
   facet normal 0.9931 0.1172 0.0000
      outer loop
         vertex -8.1500 13.8300 7.0500
         vertex -8.1862 14.0169 7.0500
         vertex -8.1862 14.0169 9.6500
      endloop
   endfacet
   facet normal 0.9991 0.0416 0.0000
      outer loop
         vertex -8.1500 13.8300 7.0500
         vertex -8.1862 14.0169 9.6500
         vertex -8.1500 13.8300 9.6500
      endloop
   endfacet
   facet normal 0.7660 -0.6428 0.0000
      outer loop
         vertex -8.7000 12.9926 10.5500
         vertex -8.2670 13.5086 10.5500
         vertex -8.2670 13.5086 13.1500
      endloop
   endfacet
   facet normal 0.7660 -0.6428 0.0000
      outer loop
         vertex -8.7000 12.9926 10.5500
         vertex -8.2670 13.5086 13.1500
         vertex -8.7000 12.9926 13.1500
      endloop
   endfacet
   facet normal 0.9858 -0.1682 0.0000
      outer loop
         vertex -8.2170 13.5800 10.5500
         vertex -8.1500 13.8300 10.5500
         vertex -8.1500 13.8300 13.1500
      endloop
   endfacet
   facet normal 0.9540 -0.2997 0.0000
      outer loop
         vertex -8.2170 13.5800 10.5500
         vertex -8.1500 13.8300 13.1500
         vertex -8.2170 13.5800 13.1500
      endloop
   endfacet
   facet normal 0.8799 -0.4751 0.0000
      outer loop
         vertex -8.2670 13.5086 10.5500
         vertex -8.2170 13.5800 10.5500
         vertex -8.2170 13.5800 13.1500
      endloop
   endfacet
   facet normal 0.8508 -0.5255 0.0000
      outer loop
         vertex -8.2670 13.5086 10.5500
         vertex -8.2170 13.5800 13.1500
         vertex -8.2670 13.5086 13.1500
      endloop
   endfacet
   facet normal 0.9931 0.1172 0.0000
      outer loop
         vertex -8.1500 13.8300 10.5500
         vertex -8.1862 14.0169 10.5500
         vertex -8.1862 14.0169 13.1500
      endloop
   endfacet
   facet normal 0.9991 0.0416 0.0000
      outer loop
         vertex -8.1500 13.8300 10.5500
         vertex -8.1862 14.0169 13.1500
         vertex -8.1500 13.8300 13.1500
      endloop
   endfacet
   facet normal 0.0000 0.0000 1.0000
      outer loop
         vertex -8.1862 14.0169 13.4000
         vertex -8.6429 15.1500 13.4000
         vertex -10.4500 15.1500 13.4000
      endloop
   endfacet
   facet normal 0.0000 0.0000 1.0000
      outer loop
         vertex -8.1862 14.0169 13.4000
         vertex -10.4500 15.1500 13.4000
         vertex -10.4500 10.9070 13.4000
      endloop
   endfacet
   facet normal 0.0000 0.0000 1.0000
      outer loop
         vertex -8.1862 14.0169 13.4000
         vertex -10.4500 10.9070 13.4000
         vertex -8.2670 13.5086 13.4000
      endloop
   endfacet
   facet normal 0.0000 0.0000 1.0000
      outer loop
         vertex -8.1862 14.0169 13.4000
         vertex -8.2670 13.5086 13.4000
         vertex -8.2170 13.5800 13.4000
      endloop
   endfacet
   facet normal 0.0000 0.0000 1.0000
      outer loop
         vertex -8.1862 14.0169 13.4000
         vertex -8.2170 13.5800 13.4000
         vertex -8.1500 13.8300 13.4000
      endloop
   endfacet
   facet normal 0.9540 -0.2997 0.0000
      outer loop
         vertex -8.2170 13.5800 13.4000
         vertex -8.2170 13.5800 13.1500
         vertex -8.1500 13.8300 13.1500
      endloop
   endfacet
   facet normal 0.9858 -0.1682 0.0000
      outer loop
         vertex -8.2170 13.5800 13.4000
         vertex -8.1500 13.8300 13.1500
         vertex -8.1500 13.8300 13.4000
      endloop
   endfacet
   facet normal 0.8508 -0.5255 0.0000
      outer loop
         vertex -8.2670 13.5086 13.4000
         vertex -8.2670 13.5086 13.1500
         vertex -8.2170 13.5800 13.1500
      endloop
   endfacet
   facet normal 0.8799 -0.4751 0.0000
      outer loop
         vertex -8.2670 13.5086 13.4000
         vertex -8.2170 13.5800 13.1500
         vertex -8.2170 13.5800 13.4000
      endloop
   endfacet
   facet normal 0.7660 -0.6428 0.0000
      outer loop
         vertex -8.7000 12.9926 13.1500
         vertex -8.2670 13.5086 13.1500
         vertex -8.2670 13.5086 13.4000
      endloop
   endfacet
   facet normal 0.7660 -0.6428 0.0000
      outer loop
         vertex -8.7000 12.9926 13.1500
         vertex -8.2670 13.5086 13.4000
         vertex -10.4500 10.9070 13.4000
      endloop
   endfacet
   facet normal 0.7660 -0.6428 0.0000
      outer loop
         vertex -8.7000 12.9926 13.1500
         vertex -10.4500 10.9070 13.4000
         vertex -10.4500 10.9070 13.1500
      endloop
   endfacet
   facet normal 0.9991 0.0416 0.0000
      outer loop
         vertex -8.1500 13.8300 13.4000
         vertex -8.1500 13.8300 13.1500
         vertex -8.1862 14.0169 13.1500
      endloop
   endfacet
   facet normal 0.9931 0.1172 0.0000
      outer loop
         vertex -8.1500 13.8300 13.4000
         vertex -8.1862 14.0169 13.1500
         vertex -8.1862 14.0169 13.4000
      endloop
   endfacet
   facet normal 0.0000 0.0000 1.0000
      outer loop
         vertex -8.1862 14.0169 9.9000
         vertex -8.6429 15.1500 9.9000
         vertex -10.4500 15.1500 9.9000
      endloop
   endfacet
   facet normal 0.0000 0.0000 1.0000
      outer loop
         vertex -8.1862 14.0169 9.9000
         vertex -10.4500 15.1500 9.9000
         vertex -10.4500 10.9070 9.9000
      endloop
   endfacet
   facet normal 0.0000 0.0000 1.0000
      outer loop
         vertex -8.1862 14.0169 9.9000
         vertex -10.4500 10.9070 9.9000
         vertex -8.2670 13.5086 9.9000
      endloop
   endfacet
   facet normal 0.0000 0.0000 1.0000
      outer loop
         vertex -8.1862 14.0169 9.9000
         vertex -8.2670 13.5086 9.9000
         vertex -8.2170 13.5800 9.9000
      endloop
   endfacet
   facet normal 0.0000 0.0000 1.0000
      outer loop
         vertex -8.1862 14.0169 9.9000
         vertex -8.2170 13.5800 9.9000
         vertex -8.1500 13.8300 9.9000
      endloop
   endfacet
   facet normal 0.9540 -0.2997 0.0000
      outer loop
         vertex -8.2170 13.5800 9.9000
         vertex -8.2170 13.5800 9.6500
         vertex -8.1500 13.8300 9.6500
      endloop
   endfacet
   facet normal 0.9858 -0.1682 0.0000
      outer loop
         vertex -8.2170 13.5800 9.9000
         vertex -8.1500 13.8300 9.6500
         vertex -8.1500 13.8300 9.9000
      endloop
   endfacet
   facet normal 0.8508 -0.5255 0.0000
      outer loop
         vertex -8.2670 13.5086 9.9000
         vertex -8.2670 13.5086 9.6500
         vertex -8.2170 13.5800 9.6500
      endloop
   endfacet
   facet normal 0.8799 -0.4751 0.0000
      outer loop
         vertex -8.2670 13.5086 9.9000
         vertex -8.2170 13.5800 9.6500
         vertex -8.2170 13.5800 9.9000
      endloop
   endfacet
   facet normal 0.7660 -0.6428 0.0000
      outer loop
         vertex -8.7000 12.9926 9.6500
         vertex -8.2670 13.5086 9.6500
         vertex -8.2670 13.5086 9.9000
      endloop
   endfacet
   facet normal 0.7660 -0.6428 0.0000
      outer loop
         vertex -8.7000 12.9926 9.6500
         vertex -8.2670 13.5086 9.9000
         vertex -10.4500 10.9070 9.9000
      endloop
   endfacet
   facet normal 0.7660 -0.6428 0.0000
      outer loop
         vertex -8.7000 12.9926 9.6500
         vertex -10.4500 10.9070 9.9000
         vertex -10.4500 10.9070 9.6500
      endloop
   endfacet
   facet normal 0.9991 0.0416 0.0000
      outer loop
         vertex -8.1500 13.8300 9.9000
         vertex -8.1500 13.8300 9.6500
         vertex -8.1862 14.0169 9.6500
      endloop
   endfacet
   facet normal 0.9931 0.1172 0.0000
      outer loop
         vertex -8.1500 13.8300 9.9000
         vertex -8.1862 14.0169 9.6500
         vertex -8.1862 14.0169 9.9000
      endloop
   endfacet
   facet normal 0.0000 0.0000 -1.0000
      outer loop
         vertex -8.6429 15.1500 10.3000
         vertex -8.1862 14.0169 10.3000
         vertex -8.1500 13.8300 10.3000
      endloop
   endfacet
   facet normal 0.0000 0.0000 -1.0000
      outer loop
         vertex -8.6429 15.1500 10.3000
         vertex -8.1500 13.8300 10.3000
         vertex -8.2170 13.5800 10.3000
      endloop
   endfacet
   facet normal 0.0000 0.0000 -1.0000
      outer loop
         vertex -8.6429 15.1500 10.3000
         vertex -8.2170 13.5800 10.3000
         vertex -8.2670 13.5086 10.3000
      endloop
   endfacet
   facet normal 0.0000 0.0000 -1.0000
      outer loop
         vertex -8.6429 15.1500 10.3000
         vertex -8.2670 13.5086 10.3000
         vertex -10.4500 10.9070 10.3000
      endloop
   endfacet
   facet normal 0.0000 0.0000 -1.0000
      outer loop
         vertex -8.6429 15.1500 10.3000
         vertex -10.4500 10.9070 10.3000
         vertex -10.4500 15.1500 10.3000
      endloop
   endfacet
   facet normal 0.9858 -0.1682 0.0000
      outer loop
         vertex -8.2170 13.5800 10.3000
         vertex -8.1500 13.8300 10.3000
         vertex -8.1500 13.8300 10.5500
      endloop
   endfacet
   facet normal 0.9540 -0.2997 0.0000
      outer loop
         vertex -8.2170 13.5800 10.3000
         vertex -8.1500 13.8300 10.5500
         vertex -8.2170 13.5800 10.5500
      endloop
   endfacet
   facet normal 0.8799 -0.4751 0.0000
      outer loop
         vertex -8.2670 13.5086 10.3000
         vertex -8.2170 13.5800 10.3000
         vertex -8.2170 13.5800 10.5500
      endloop
   endfacet
   facet normal 0.8508 -0.5255 0.0000
      outer loop
         vertex -8.2670 13.5086 10.3000
         vertex -8.2170 13.5800 10.5500
         vertex -8.2670 13.5086 10.5500
      endloop
   endfacet
   facet normal 0.7660 -0.6428 0.0000
      outer loop
         vertex -8.2670 13.5086 10.3000
         vertex -8.2670 13.5086 10.5500
         vertex -8.7000 12.9926 10.5500
      endloop
   endfacet
   facet normal 0.7660 -0.6428 0.0000
      outer loop
         vertex -8.2670 13.5086 10.3000
         vertex -8.7000 12.9926 10.5500
         vertex -10.4500 10.9070 10.5500
      endloop
   endfacet
   facet normal 0.7660 -0.6428 0.0000
      outer loop
         vertex -8.2670 13.5086 10.3000
         vertex -10.4500 10.9070 10.5500
         vertex -10.4500 10.9070 10.3000
      endloop
   endfacet
   facet normal 0.9931 0.1172 0.0000
      outer loop
         vertex -8.1500 13.8300 10.3000
         vertex -8.1862 14.0169 10.3000
         vertex -8.1862 14.0169 10.5500
      endloop
   endfacet
   facet normal 0.9991 0.0416 0.0000
      outer loop
         vertex -8.1500 13.8300 10.3000
         vertex -8.1862 14.0169 10.5500
         vertex -8.1500 13.8300 10.5500
      endloop
   endfacet
   facet normal 0.0000 0.0000 1.0000
      outer loop
         vertex -8.1862 14.0169 6.4000
         vertex -8.6429 15.1500 6.4000
         vertex -10.4500 15.1500 6.4000
      endloop
   endfacet
   facet normal 0.0000 0.0000 1.0000
      outer loop
         vertex -8.1862 14.0169 6.4000
         vertex -10.4500 15.1500 6.4000
         vertex -10.4500 10.9070 6.4000
      endloop
   endfacet
   facet normal 0.0000 0.0000 1.0000
      outer loop
         vertex -8.1862 14.0169 6.4000
         vertex -10.4500 10.9070 6.4000
         vertex -8.2670 13.5086 6.4000
      endloop
   endfacet
   facet normal 0.0000 0.0000 1.0000
      outer loop
         vertex -8.1862 14.0169 6.4000
         vertex -8.2670 13.5086 6.4000
         vertex -8.2170 13.5800 6.4000
      endloop
   endfacet
   facet normal 0.0000 0.0000 1.0000
      outer loop
         vertex -8.1862 14.0169 6.4000
         vertex -8.2170 13.5800 6.4000
         vertex -8.1500 13.8300 6.4000
      endloop
   endfacet
   facet normal 0.9540 -0.2997 0.0000
      outer loop
         vertex -8.2170 13.5800 6.4000
         vertex -8.2170 13.5800 6.1500
         vertex -8.1500 13.8300 6.1500
      endloop
   endfacet
   facet normal 0.9858 -0.1682 0.0000
      outer loop
         vertex -8.2170 13.5800 6.4000
         vertex -8.1500 13.8300 6.1500
         vertex -8.1500 13.8300 6.4000
      endloop
   endfacet
   facet normal 0.8508 -0.5255 0.0000
      outer loop
         vertex -8.2670 13.5086 6.4000
         vertex -8.2670 13.5086 6.1500
         vertex -8.2170 13.5800 6.1500
      endloop
   endfacet
   facet normal 0.8799 -0.4751 0.0000
      outer loop
         vertex -8.2670 13.5086 6.4000
         vertex -8.2170 13.5800 6.1500
         vertex -8.2170 13.5800 6.4000
      endloop
   endfacet
   facet normal 0.7660 -0.6428 0.0000
      outer loop
         vertex -8.7000 12.9926 6.1500
         vertex -8.2670 13.5086 6.1500
         vertex -8.2670 13.5086 6.4000
      endloop
   endfacet
   facet normal 0.7660 -0.6428 0.0000
      outer loop
         vertex -8.7000 12.9926 6.1500
         vertex -8.2670 13.5086 6.4000
         vertex -10.4500 10.9070 6.4000
      endloop
   endfacet
   facet normal 0.7660 -0.6428 0.0000
      outer loop
         vertex -8.7000 12.9926 6.1500
         vertex -10.4500 10.9070 6.4000
         vertex -10.4500 10.9070 6.1500
      endloop
   endfacet
   facet normal 0.9991 0.0416 0.0000
      outer loop
         vertex -8.1500 13.8300 6.4000
         vertex -8.1500 13.8300 6.1500
         vertex -8.1862 14.0169 6.1500
      endloop
   endfacet
   facet normal 0.9931 0.1172 0.0000
      outer loop
         vertex -8.1500 13.8300 6.4000
         vertex -8.1862 14.0169 6.1500
         vertex -8.1862 14.0169 6.4000
      endloop
   endfacet
   facet normal 0.0000 0.0000 -1.0000
      outer loop
         vertex -8.6429 15.1500 6.8000
         vertex -8.1862 14.0169 6.8000
         vertex -8.1500 13.8300 6.8000
      endloop
   endfacet
   facet normal 0.0000 0.0000 -1.0000
      outer loop
         vertex -8.6429 15.1500 6.8000
         vertex -8.1500 13.8300 6.8000
         vertex -8.2170 13.5800 6.8000
      endloop
   endfacet
   facet normal 0.0000 0.0000 -1.0000
      outer loop
         vertex -8.6429 15.1500 6.8000
         vertex -8.2170 13.5800 6.8000
         vertex -8.2670 13.5086 6.8000
      endloop
   endfacet
   facet normal 0.0000 0.0000 -1.0000
      outer loop
         vertex -8.6429 15.1500 6.8000
         vertex -8.2670 13.5086 6.8000
         vertex -10.4500 10.9070 6.8000
      endloop
   endfacet
   facet normal 0.0000 0.0000 -1.0000
      outer loop
         vertex -8.6429 15.1500 6.8000
         vertex -10.4500 10.9070 6.8000
         vertex -10.4500 15.1500 6.8000
      endloop
   endfacet
   facet normal 0.9858 -0.1682 0.0000
      outer loop
         vertex -8.2170 13.5800 6.8000
         vertex -8.1500 13.8300 6.8000
         vertex -8.1500 13.8300 7.0500
      endloop
   endfacet
   facet normal 0.9540 -0.2997 0.0000
      outer loop
         vertex -8.2170 13.5800 6.8000
         vertex -8.1500 13.8300 7.0500
         vertex -8.2170 13.5800 7.0500
      endloop
   endfacet
   facet normal 0.8799 -0.4751 0.0000
      outer loop
         vertex -8.2670 13.5086 6.8000
         vertex -8.2170 13.5800 6.8000
         vertex -8.2170 13.5800 7.0500
      endloop
   endfacet
   facet normal 0.8508 -0.5255 0.0000
      outer loop
         vertex -8.2670 13.5086 6.8000
         vertex -8.2170 13.5800 7.0500
         vertex -8.2670 13.5086 7.0500
      endloop
   endfacet
   facet normal 0.7660 -0.6428 0.0000
      outer loop
         vertex -8.2670 13.5086 6.8000
         vertex -8.2670 13.5086 7.0500
         vertex -8.7000 12.9926 7.0500
      endloop
   endfacet
   facet normal 0.7660 -0.6428 0.0000
      outer loop
         vertex -8.2670 13.5086 6.8000
         vertex -8.7000 12.9926 7.0500
         vertex -10.4500 10.9070 7.0500
      endloop
   endfacet
   facet normal 0.7660 -0.6428 0.0000
      outer loop
         vertex -8.2670 13.5086 6.8000
         vertex -10.4500 10.9070 7.0500
         vertex -10.4500 10.9070 6.8000
      endloop
   endfacet
   facet normal 0.9931 0.1172 0.0000
      outer loop
         vertex -8.1500 13.8300 6.8000
         vertex -8.1862 14.0169 6.8000
         vertex -8.1862 14.0169 7.0500
      endloop
   endfacet
   facet normal 0.9991 0.0416 0.0000
      outer loop
         vertex -8.1500 13.8300 6.8000
         vertex -8.1862 14.0169 7.0500
         vertex -8.1500 13.8300 7.0500
      endloop
   endfacet
   facet normal 0.0000 0.0000 1.0000
      outer loop
         vertex -8.1862 14.0169 2.9000
         vertex -8.6429 15.1500 2.9000
         vertex -10.4500 15.1500 2.9000
      endloop
   endfacet
   facet normal 0.0000 0.0000 1.0000
      outer loop
         vertex -8.1862 14.0169 2.9000
         vertex -10.4500 15.1500 2.9000
         vertex -10.4500 10.9070 2.9000
      endloop
   endfacet
   facet normal 0.0000 0.0000 1.0000
      outer loop
         vertex -8.1862 14.0169 2.9000
         vertex -10.4500 10.9070 2.9000
         vertex -8.2670 13.5086 2.9000
      endloop
   endfacet
   facet normal 0.0000 0.0000 1.0000
      outer loop
         vertex -8.1862 14.0169 2.9000
         vertex -8.2670 13.5086 2.9000
         vertex -8.2170 13.5800 2.9000
      endloop
   endfacet
   facet normal 0.0000 0.0000 1.0000
      outer loop
         vertex -8.1862 14.0169 2.9000
         vertex -8.2170 13.5800 2.9000
         vertex -8.1500 13.8300 2.9000
      endloop
   endfacet
   facet normal 0.9540 -0.2997 0.0000
      outer loop
         vertex -8.2170 13.5800 2.9000
         vertex -8.2170 13.5800 2.6500
         vertex -8.1500 13.8300 2.6500
      endloop
   endfacet
   facet normal 0.9858 -0.1682 0.0000
      outer loop
         vertex -8.2170 13.5800 2.9000
         vertex -8.1500 13.8300 2.6500
         vertex -8.1500 13.8300 2.9000
      endloop
   endfacet
   facet normal 0.8508 -0.5255 0.0000
      outer loop
         vertex -8.2670 13.5086 2.9000
         vertex -8.2670 13.5086 2.6500
         vertex -8.2170 13.5800 2.6500
      endloop
   endfacet
   facet normal 0.8799 -0.4751 0.0000
      outer loop
         vertex -8.2670 13.5086 2.9000
         vertex -8.2170 13.5800 2.6500
         vertex -8.2170 13.5800 2.9000
      endloop
   endfacet
   facet normal 0.7660 -0.6428 0.0000
      outer loop
         vertex -8.7000 12.9926 2.6500
         vertex -8.2670 13.5086 2.6500
         vertex -8.2670 13.5086 2.9000
      endloop
   endfacet
   facet normal 0.7660 -0.6428 0.0000
      outer loop
         vertex -8.7000 12.9926 2.6500
         vertex -8.2670 13.5086 2.9000
         vertex -10.4500 10.9070 2.9000
      endloop
   endfacet
   facet normal 0.7660 -0.6428 0.0000
      outer loop
         vertex -8.7000 12.9926 2.6500
         vertex -10.4500 10.9070 2.9000
         vertex -10.4500 10.9070 2.6500
      endloop
   endfacet
   facet normal 0.9991 0.0416 0.0000
      outer loop
         vertex -8.1500 13.8300 2.9000
         vertex -8.1500 13.8300 2.6500
         vertex -8.1862 14.0169 2.6500
      endloop
   endfacet
   facet normal 0.9931 0.1172 0.0000
      outer loop
         vertex -8.1500 13.8300 2.9000
         vertex -8.1862 14.0169 2.6500
         vertex -8.1862 14.0169 2.9000
      endloop
   endfacet
   facet normal 0.0000 0.0000 -1.0000
      outer loop
         vertex -8.6429 15.1500 3.3000
         vertex -8.1862 14.0169 3.3000
         vertex -8.1500 13.8300 3.3000
      endloop
   endfacet
   facet normal 0.0000 0.0000 -1.0000
      outer loop
         vertex -8.6429 15.1500 3.3000
         vertex -8.1500 13.8300 3.3000
         vertex -8.2170 13.5800 3.3000
      endloop
   endfacet
   facet normal 0.0000 0.0000 -1.0000
      outer loop
         vertex -8.6429 15.1500 3.3000
         vertex -8.2170 13.5800 3.3000
         vertex -8.2670 13.5086 3.3000
      endloop
   endfacet
   facet normal 0.0000 0.0000 -1.0000
      outer loop
         vertex -8.6429 15.1500 3.3000
         vertex -8.2670 13.5086 3.3000
         vertex -10.4500 10.9070 3.3000
      endloop
   endfacet
   facet normal 0.0000 0.0000 -1.0000
      outer loop
         vertex -8.6429 15.1500 3.3000
         vertex -10.4500 10.9070 3.3000
         vertex -10.4500 15.1500 3.3000
      endloop
   endfacet
   facet normal 0.9858 -0.1682 0.0000
      outer loop
         vertex -8.2170 13.5800 3.3000
         vertex -8.1500 13.8300 3.3000
         vertex -8.1500 13.8300 3.5500
      endloop
   endfacet
   facet normal 0.9540 -0.2997 0.0000
      outer loop
         vertex -8.2170 13.5800 3.3000
         vertex -8.1500 13.8300 3.5500
         vertex -8.2170 13.5800 3.5500
      endloop
   endfacet
   facet normal 0.8799 -0.4751 0.0000
      outer loop
         vertex -8.2670 13.5086 3.3000
         vertex -8.2170 13.5800 3.3000
         vertex -8.2170 13.5800 3.5500
      endloop
   endfacet
   facet normal 0.8508 -0.5255 0.0000
      outer loop
         vertex -8.2670 13.5086 3.3000
         vertex -8.2170 13.5800 3.5500
         vertex -8.2670 13.5086 3.5500
      endloop
   endfacet
   facet normal 0.7660 -0.6428 0.0000
      outer loop
         vertex -8.2670 13.5086 3.3000
         vertex -8.2670 13.5086 3.5500
         vertex -8.7000 12.9926 3.5500
      endloop
   endfacet
   facet normal 0.7660 -0.6428 0.0000
      outer loop
         vertex -8.2670 13.5086 3.3000
         vertex -8.7000 12.9926 3.5500
         vertex -10.4500 10.9070 3.5500
      endloop
   endfacet
   facet normal 0.7660 -0.6428 0.0000
      outer loop
         vertex -8.2670 13.5086 3.3000
         vertex -10.4500 10.9070 3.5500
         vertex -10.4500 10.9070 3.3000
      endloop
   endfacet
   facet normal 0.9931 0.1172 0.0000
      outer loop
         vertex -8.1500 13.8300 3.3000
         vertex -8.1862 14.0169 3.3000
         vertex -8.1862 14.0169 3.5500
      endloop
   endfacet
   facet normal 0.9991 0.0416 0.0000
      outer loop
         vertex -8.1500 13.8300 3.3000
         vertex -8.1862 14.0169 3.5500
         vertex -8.1500 13.8300 3.5500
      endloop
   endfacet
   facet normal -1.0000 0.0000 0.0000
      outer loop
         vertex -10.4500 10.9070 0.0500
         vertex -10.4500 16.2796 0.0500
         vertex -10.4500 16.2404 0.0108
      endloop
   endfacet
   facet normal -1.0000 0.0000 0.0000
      outer loop
         vertex -10.4500 10.9070 0.0500
         vertex -10.4500 16.2404 0.0108
         vertex -10.4500 16.1774 -0.0186
      endloop
   endfacet
   facet normal -1.0000 0.0000 0.0000
      outer loop
         vertex -10.4500 10.9070 0.0500
         vertex -10.4500 16.1774 -0.0186
         vertex -10.4500 15.9265 -0.0978
      endloop
   endfacet
   facet normal -1.0000 0.0000 0.0000
      outer loop
         vertex -10.4500 10.9070 0.0500
         vertex -10.4500 15.9265 -0.0978
         vertex -10.4500 15.1500 -0.2000
      endloop
   endfacet
   facet normal -1.0000 0.0000 0.0000
      outer loop
         vertex -10.4500 10.9070 0.0500
         vertex -10.4500 15.1500 -0.2000
         vertex -10.4500 10.9070 -0.2000
      endloop
   endfacet
   facet normal 0.9540 -0.2997 0.0000
      outer loop
         vertex -8.2170 13.5800 0.0500
         vertex -8.2170 13.5800 -0.2000
         vertex -8.1500 13.8300 -0.2000
      endloop
   endfacet
   facet normal 0.9858 -0.1682 0.0000
      outer loop
         vertex -8.2170 13.5800 0.0500
         vertex -8.1500 13.8300 -0.2000
         vertex -8.1500 13.8300 0.0500
      endloop
   endfacet
   facet normal 0.8799 -0.4751 0.0000
      outer loop
         vertex -8.2170 13.5800 -0.2000
         vertex -8.2170 13.5800 0.0500
         vertex -8.2670 13.5086 0.0500
      endloop
   endfacet
   facet normal 0.8508 -0.5255 0.0000
      outer loop
         vertex -8.2170 13.5800 -0.2000
         vertex -8.2670 13.5086 0.0500
         vertex -8.2670 13.5086 -0.2000
      endloop
   endfacet
   facet normal 0.7660 -0.6428 0.0000
      outer loop
         vertex -8.2670 13.5086 -0.2000
         vertex -8.2670 13.5086 0.0500
         vertex -8.7000 12.9926 0.0500
      endloop
   endfacet
   facet normal 0.7660 -0.6428 0.0000
      outer loop
         vertex -8.2670 13.5086 -0.2000
         vertex -8.7000 12.9926 0.0500
         vertex -10.4500 10.9070 0.0500
      endloop
   endfacet
   facet normal 0.7660 -0.6428 0.0000
      outer loop
         vertex -8.2670 13.5086 -0.2000
         vertex -10.4500 10.9070 0.0500
         vertex -10.4500 10.9070 -0.2000
      endloop
   endfacet
   facet normal 0.9275 0.3738 0.0000
      outer loop
         vertex -9.0981 16.2796 0.0500
         vertex -8.1862 14.0169 0.0500
         vertex -8.1862 14.0169 -0.2000
      endloop
   endfacet
   facet normal 0.9275 0.3738 0.0000
      outer loop
         vertex -9.0981 16.2796 0.0500
         vertex -8.1862 14.0169 -0.2000
         vertex -8.6429 15.1500 -0.2000
      endloop
   endfacet
   facet normal 0.9275 0.3738 0.0000
      outer loop
         vertex -9.0981 16.2796 0.0500
         vertex -8.6429 15.1500 -0.2000
         vertex -8.9558 15.9265 -0.0978
      endloop
   endfacet
   facet normal 0.9275 0.3738 0.0000
      outer loop
         vertex -9.0981 16.2796 0.0500
         vertex -8.9558 15.9265 -0.0978
         vertex -9.0569 16.1774 -0.0186
      endloop
   endfacet
   facet normal 0.9275 0.3738 0.0000
      outer loop
         vertex -9.0981 16.2796 0.0500
         vertex -9.0569 16.1774 -0.0186
         vertex -9.0823 16.2404 0.0108
      endloop
   endfacet
   facet normal 0.9991 0.0416 0.0000
      outer loop
         vertex -8.1500 13.8300 0.0500
         vertex -8.1500 13.8300 -0.2000
         vertex -8.1862 14.0169 -0.2000
      endloop
   endfacet
   facet normal 0.9931 0.1172 0.0000
      outer loop
         vertex -8.1500 13.8300 0.0500
         vertex -8.1862 14.0169 -0.2000
         vertex -8.1862 14.0169 0.0500
      endloop
   endfacet
   facet normal -0.5865 0.8100 0.0000
      outer loop
         vertex -7.3601 14.4598 0.0000
         vertex -7.4399 14.3928 0.0000
         vertex -7.4399 14.3928 14.0000
      endloop
   endfacet
   facet normal -0.5259 0.8506 0.0000
      outer loop
         vertex -7.3601 14.4598 0.0000
         vertex -7.4399 14.3928 14.0000
         vertex -7.3601 14.4598 14.0000
      endloop
   endfacet
   facet normal -0.3271 0.9450 0.0000
      outer loop
         vertex -7.2101 14.5000 14.0000
         vertex -7.2101 14.5000 0.0000
         vertex -7.3601 14.4598 0.0000
      endloop
   endfacet
   facet normal -0.3951 0.9186 0.0000
      outer loop
         vertex -7.2101 14.5000 14.0000
         vertex -7.3601 14.4598 0.0000
         vertex -7.3601 14.4598 14.0000
      endloop
   endfacet
   facet normal 0.0000 1.0000 0.0000
      outer loop
         vertex -4.1000 14.5000 1.0500
         vertex -3.0500 14.5000 1.0500
         vertex -2.9750 14.5000 1.0299
      endloop
   endfacet
   facet normal 0.0000 1.0000 0.0000
      outer loop
         vertex -4.1000 14.5000 1.0500
         vertex -2.9750 14.5000 1.0299
         vertex -2.9201 14.5000 0.9750
      endloop
   endfacet
   facet normal 0.0000 1.0000 0.0000
      outer loop
         vertex -4.1000 14.5000 1.0500
         vertex -2.9201 14.5000 0.9750
         vertex -2.9000 14.5000 0.9000
      endloop
   endfacet
   facet normal 0.0000 1.0000 0.0000
      outer loop
         vertex -4.1000 14.5000 1.0500
         vertex -2.9000 14.5000 0.9000
         vertex -2.9000 14.5000 0.8000
      endloop
   endfacet
   facet normal 0.0000 1.0000 0.0000
      outer loop
         vertex -4.1000 14.5000 1.0500
         vertex -2.9000 14.5000 0.8000
         vertex -2.8196 14.5000 0.5000
      endloop
   endfacet
   facet normal 0.0000 1.0000 0.0000
      outer loop
         vertex -4.1000 14.5000 1.0500
         vertex -2.8196 14.5000 0.5000
         vertex -4.2500 14.5000 1.0902
      endloop
   endfacet
   facet normal 0.0000 1.0000 0.0000
      outer loop
         vertex -4.1000 14.5000 4.5500
         vertex -3.0500 14.5000 4.5500
         vertex -2.9750 14.5000 4.5299
      endloop
   endfacet
   facet normal 0.0000 1.0000 0.0000
      outer loop
         vertex -4.1000 14.5000 4.5500
         vertex -2.9750 14.5000 4.5299
         vertex -2.9201 14.5000 4.4750
      endloop
   endfacet
   facet normal 0.0000 1.0000 0.0000
      outer loop
         vertex -4.1000 14.5000 4.5500
         vertex -2.9201 14.5000 4.4750
         vertex -2.9000 14.5000 4.4000
      endloop
   endfacet
   facet normal 0.0000 1.0000 0.0000
      outer loop
         vertex -4.1000 14.5000 4.5500
         vertex -2.9000 14.5000 4.4000
         vertex -2.9000 14.5000 4.3000
      endloop
   endfacet
   facet normal 0.0000 1.0000 0.0000
      outer loop
         vertex -4.1000 14.5000 4.5500
         vertex -2.9000 14.5000 4.3000
         vertex -2.8196 14.5000 4.0000
      endloop
   endfacet
   facet normal 0.0000 1.0000 0.0000
      outer loop
         vertex -4.1000 14.5000 4.5500
         vertex -2.8196 14.5000 4.0000
         vertex -4.2500 14.5000 4.5902
      endloop
   endfacet
   facet normal 0.0000 1.0000 0.0000
      outer loop
         vertex -4.1000 14.5000 8.0500
         vertex -3.0500 14.5000 8.0500
         vertex -2.9750 14.5000 8.0299
      endloop
   endfacet
   facet normal 0.0000 1.0000 0.0000
      outer loop
         vertex -4.1000 14.5000 8.0500
         vertex -2.9750 14.5000 8.0299
         vertex -2.9201 14.5000 7.9750
      endloop
   endfacet
   facet normal 0.0000 1.0000 0.0000
      outer loop
         vertex -4.1000 14.5000 8.0500
         vertex -2.9201 14.5000 7.9750
         vertex -2.9000 14.5000 7.9000
      endloop
   endfacet
   facet normal 0.0000 1.0000 0.0000
      outer loop
         vertex -4.1000 14.5000 8.0500
         vertex -2.9000 14.5000 7.9000
         vertex -2.9000 14.5000 7.8000
      endloop
   endfacet
   facet normal 0.0000 1.0000 0.0000
      outer loop
         vertex -4.1000 14.5000 8.0500
         vertex -2.9000 14.5000 7.8000
         vertex -2.8196 14.5000 7.5000
      endloop
   endfacet
   facet normal 0.0000 1.0000 0.0000
      outer loop
         vertex -4.1000 14.5000 8.0500
         vertex -2.8196 14.5000 7.5000
         vertex -4.2500 14.5000 8.0902
      endloop
   endfacet
   facet normal 0.0000 1.0000 0.0000
      outer loop
         vertex -4.1000 14.5000 11.5500
         vertex -3.0500 14.5000 11.5500
         vertex -2.9750 14.5000 11.5299
      endloop
   endfacet
   facet normal 0.0000 1.0000 0.0000
      outer loop
         vertex -4.1000 14.5000 11.5500
         vertex -2.9750 14.5000 11.5299
         vertex -2.9201 14.5000 11.4750
      endloop
   endfacet
   facet normal 0.0000 1.0000 0.0000
      outer loop
         vertex -4.1000 14.5000 11.5500
         vertex -2.9201 14.5000 11.4750
         vertex -2.9000 14.5000 11.4000
      endloop
   endfacet
   facet normal 0.0000 1.0000 0.0000
      outer loop
         vertex -4.1000 14.5000 11.5500
         vertex -2.9000 14.5000 11.4000
         vertex -2.9000 14.5000 11.3000
      endloop
   endfacet
   facet normal 0.0000 1.0000 0.0000
      outer loop
         vertex -4.1000 14.5000 11.5500
         vertex -2.9000 14.5000 11.3000
         vertex -2.8196 14.5000 11.0000
      endloop
   endfacet
   facet normal 0.0000 1.0000 0.0000
      outer loop
         vertex -4.1000 14.5000 11.5500
         vertex -2.8196 14.5000 11.0000
         vertex -4.2500 14.5000 11.5902
      endloop
   endfacet
   facet normal 0.0000 1.0000 0.0000
      outer loop
         vertex -7.2101 14.5000 14.0000
         vertex 2.0000 14.5000 14.0000
         vertex 0.1000 14.5000 13.6000
      endloop
   endfacet
   facet normal 0.0000 1.0000 0.0000
      outer loop
         vertex -7.2101 14.5000 14.0000
         vertex 0.1000 14.5000 13.6000
         vertex -2.3000 14.5000 13.6000
      endloop
   endfacet
   facet normal 0.0000 1.0000 0.0000
      outer loop
         vertex -7.2101 14.5000 14.0000
         vertex -2.3000 14.5000 13.6000
         vertex -2.6000 14.5000 13.5196
      endloop
   endfacet
   facet normal 0.0000 1.0000 0.0000
      outer loop
         vertex -7.2101 14.5000 14.0000
         vertex -2.6000 14.5000 13.5196
         vertex -2.8196 14.5000 13.3000
      endloop
   endfacet
   facet normal 0.0000 1.0000 0.0000
      outer loop
         vertex -7.2101 14.5000 14.0000
         vertex -2.8196 14.5000 13.3000
         vertex -2.9000 14.5000 13.0000
      endloop
   endfacet
   facet normal 0.0000 1.0000 0.0000
      outer loop
         vertex -7.2101 14.5000 14.0000
         vertex -2.9000 14.5000 13.0000
         vertex -2.9000 14.5000 12.9000
      endloop
   endfacet
   facet normal 0.0000 1.0000 0.0000
      outer loop
         vertex -7.2101 14.5000 14.0000
         vertex -2.9000 14.5000 12.9000
         vertex -2.9201 14.5000 12.8250
      endloop
   endfacet
   facet normal 0.0000 1.0000 0.0000
      outer loop
         vertex -7.2101 14.5000 14.0000
         vertex -2.9201 14.5000 12.8250
         vertex -2.9750 14.5000 12.7701
      endloop
   endfacet
   facet normal 0.0000 1.0000 0.0000
      outer loop
         vertex -7.2101 14.5000 14.0000
         vertex -2.9750 14.5000 12.7701
         vertex -3.0500 14.5000 12.7500
      endloop
   endfacet
   facet normal 0.0000 1.0000 0.0000
      outer loop
         vertex -7.2101 14.5000 14.0000
         vertex -3.0500 14.5000 12.7500
         vertex -4.1000 14.5000 12.7500
      endloop
   endfacet
   facet normal 0.0000 1.0000 0.0000
      outer loop
         vertex -7.2101 14.5000 14.0000
         vertex -4.1000 14.5000 12.7500
         vertex -4.2500 14.5000 12.7098
      endloop
   endfacet
   facet normal 0.0000 1.0000 0.0000
      outer loop
         vertex -7.2101 14.5000 14.0000
         vertex -4.2500 14.5000 12.7098
         vertex -4.3598 14.5000 12.6000
      endloop
   endfacet
   facet normal 0.0000 1.0000 0.0000
      outer loop
         vertex -7.2101 14.5000 14.0000
         vertex -4.3598 14.5000 12.6000
         vertex -4.4000 14.5000 12.4500
      endloop
   endfacet
   facet normal 0.0000 1.0000 0.0000
      outer loop
         vertex -7.2101 14.5000 14.0000
         vertex -4.4000 14.5000 12.4500
         vertex -4.4000 14.5000 11.8500
      endloop
   endfacet
   facet normal 0.0000 1.0000 0.0000
      outer loop
         vertex -7.2101 14.5000 14.0000
         vertex -4.4000 14.5000 11.8500
         vertex -4.3598 14.5000 11.7000
      endloop
   endfacet
   facet normal 0.0000 1.0000 0.0000
      outer loop
         vertex -7.2101 14.5000 14.0000
         vertex -4.3598 14.5000 11.7000
         vertex -4.2500 14.5000 11.5902
      endloop
   endfacet
   facet normal 0.0000 1.0000 0.0000
      outer loop
         vertex -7.2101 14.5000 14.0000
         vertex -4.2500 14.5000 11.5902
         vertex -2.6000 14.5000 10.0196
      endloop
   endfacet
   facet normal 0.0000 1.0000 0.0000
      outer loop
         vertex -7.2101 14.5000 14.0000
         vertex -2.6000 14.5000 10.0196
         vertex -2.8196 14.5000 9.8000
      endloop
   endfacet
   facet normal 0.0000 1.0000 0.0000
      outer loop
         vertex -7.2101 14.5000 14.0000
         vertex -2.8196 14.5000 9.8000
         vertex -2.9000 14.5000 9.5000
      endloop
   endfacet
   facet normal 0.0000 1.0000 0.0000
      outer loop
         vertex -7.2101 14.5000 14.0000
         vertex -2.9000 14.5000 9.5000
         vertex -2.9000 14.5000 9.4000
      endloop
   endfacet
   facet normal 0.0000 1.0000 0.0000
      outer loop
         vertex -7.2101 14.5000 14.0000
         vertex -2.9000 14.5000 9.4000
         vertex -2.9201 14.5000 9.3250
      endloop
   endfacet
   facet normal 0.0000 1.0000 0.0000
      outer loop
         vertex -7.2101 14.5000 14.0000
         vertex -2.9201 14.5000 9.3250
         vertex -2.9750 14.5000 9.2701
      endloop
   endfacet
   facet normal 0.0000 1.0000 0.0000
      outer loop
         vertex -7.2101 14.5000 14.0000
         vertex -2.9750 14.5000 9.2701
         vertex -3.0500 14.5000 9.2500
      endloop
   endfacet
   facet normal 0.0000 1.0000 0.0000
      outer loop
         vertex -7.2101 14.5000 14.0000
         vertex -3.0500 14.5000 9.2500
         vertex -4.1000 14.5000 9.2500
      endloop
   endfacet
   facet normal 0.0000 1.0000 0.0000
      outer loop
         vertex -7.2101 14.5000 14.0000
         vertex -4.1000 14.5000 9.2500
         vertex -4.2500 14.5000 9.2098
      endloop
   endfacet
   facet normal 0.0000 1.0000 0.0000
      outer loop
         vertex -7.2101 14.5000 14.0000
         vertex -4.2500 14.5000 9.2098
         vertex -4.3598 14.5000 9.1000
      endloop
   endfacet
   facet normal 0.0000 1.0000 0.0000
      outer loop
         vertex -7.2101 14.5000 14.0000
         vertex -4.3598 14.5000 9.1000
         vertex -4.4000 14.5000 8.9500
      endloop
   endfacet
   facet normal 0.0000 1.0000 0.0000
      outer loop
         vertex -7.2101 14.5000 14.0000
         vertex -4.4000 14.5000 8.9500
         vertex -4.4000 14.5000 8.3500
      endloop
   endfacet
   facet normal 0.0000 1.0000 0.0000
      outer loop
         vertex -7.2101 14.5000 14.0000
         vertex -4.4000 14.5000 8.3500
         vertex -4.3598 14.5000 8.2000
      endloop
   endfacet
   facet normal 0.0000 1.0000 0.0000
      outer loop
         vertex -7.2101 14.5000 14.0000
         vertex -4.3598 14.5000 8.2000
         vertex -4.1000 14.5000 5.7500
      endloop
   endfacet
   facet normal 0.0000 1.0000 0.0000
      outer loop
         vertex -7.2101 14.5000 14.0000
         vertex -4.1000 14.5000 5.7500
         vertex -4.2500 14.5000 5.7098
      endloop
   endfacet
   facet normal 0.0000 1.0000 0.0000
      outer loop
         vertex -7.2101 14.5000 14.0000
         vertex -4.2500 14.5000 5.7098
         vertex -4.3598 14.5000 5.6000
      endloop
   endfacet
   facet normal 0.0000 1.0000 0.0000
      outer loop
         vertex -7.2101 14.5000 14.0000
         vertex -4.3598 14.5000 5.6000
         vertex -4.4000 14.5000 5.4500
      endloop
   endfacet
   facet normal 0.0000 1.0000 0.0000
      outer loop
         vertex -7.2101 14.5000 14.0000
         vertex -4.4000 14.5000 5.4500
         vertex -4.4000 14.5000 4.8500
      endloop
   endfacet
   facet normal 0.0000 1.0000 0.0000
      outer loop
         vertex -7.2101 14.5000 14.0000
         vertex -4.4000 14.5000 4.8500
         vertex -4.3598 14.5000 4.7000
      endloop
   endfacet
   facet normal 0.0000 1.0000 0.0000
      outer loop
         vertex -7.2101 14.5000 14.0000
         vertex -4.3598 14.5000 4.7000
         vertex -4.1000 14.5000 2.2500
      endloop
   endfacet
   facet normal 0.0000 1.0000 0.0000
      outer loop
         vertex -7.2101 14.5000 14.0000
         vertex -4.1000 14.5000 2.2500
         vertex -4.2500 14.5000 2.2098
      endloop
   endfacet
   facet normal 0.0000 1.0000 0.0000
      outer loop
         vertex -7.2101 14.5000 14.0000
         vertex -4.2500 14.5000 2.2098
         vertex -4.3598 14.5000 2.1000
      endloop
   endfacet
   facet normal 0.0000 1.0000 0.0000
      outer loop
         vertex -7.2101 14.5000 14.0000
         vertex -4.3598 14.5000 2.1000
         vertex -4.4000 14.5000 1.9500
      endloop
   endfacet
   facet normal 0.0000 1.0000 0.0000
      outer loop
         vertex -7.2101 14.5000 14.0000
         vertex -4.4000 14.5000 1.9500
         vertex -4.4000 14.5000 1.3500
      endloop
   endfacet
   facet normal 0.0000 1.0000 0.0000
      outer loop
         vertex -7.2101 14.5000 14.0000
         vertex -4.4000 14.5000 1.3500
         vertex -7.2101 14.5000 0.0000
      endloop
   endfacet
   facet normal 0.0000 1.0000 0.0000
      outer loop
         vertex 2.0000 14.5000 14.0000
         vertex 2.0000 14.5000 0.0000
         vertex 0.7000 14.5000 0.8000
      endloop
   endfacet
   facet normal 0.0000 1.0000 0.0000
      outer loop
         vertex 2.0000 14.5000 14.0000
         vertex 0.7000 14.5000 0.8000
         vertex 0.7000 14.5000 2.5000
      endloop
   endfacet
   facet normal 0.0000 1.0000 0.0000
      outer loop
         vertex 2.0000 14.5000 14.0000
         vertex 0.7000 14.5000 2.5000
         vertex 0.6196 14.5000 2.8000
      endloop
   endfacet
   facet normal 0.0000 1.0000 0.0000
      outer loop
         vertex 2.0000 14.5000 14.0000
         vertex 0.6196 14.5000 2.8000
         vertex 0.7000 14.5000 4.3000
      endloop
   endfacet
   facet normal 0.0000 1.0000 0.0000
      outer loop
         vertex 2.0000 14.5000 14.0000
         vertex 0.7000 14.5000 4.3000
         vertex 0.7000 14.5000 6.0000
      endloop
   endfacet
   facet normal 0.0000 1.0000 0.0000
      outer loop
         vertex 2.0000 14.5000 14.0000
         vertex 0.7000 14.5000 6.0000
         vertex 0.6196 14.5000 6.3000
      endloop
   endfacet
   facet normal 0.0000 1.0000 0.0000
      outer loop
         vertex 2.0000 14.5000 14.0000
         vertex 0.6196 14.5000 6.3000
         vertex 0.7000 14.5000 7.8000
      endloop
   endfacet
   facet normal 0.0000 1.0000 0.0000
      outer loop
         vertex 2.0000 14.5000 14.0000
         vertex 0.7000 14.5000 7.8000
         vertex 0.7000 14.5000 9.5000
      endloop
   endfacet
   facet normal 0.0000 1.0000 0.0000
      outer loop
         vertex 2.0000 14.5000 14.0000
         vertex 0.7000 14.5000 9.5000
         vertex 0.6196 14.5000 9.8000
      endloop
   endfacet
   facet normal 0.0000 1.0000 0.0000
      outer loop
         vertex 2.0000 14.5000 14.0000
         vertex 0.6196 14.5000 9.8000
         vertex 0.4000 14.5000 10.0196
      endloop
   endfacet
   facet normal 0.0000 1.0000 0.0000
      outer loop
         vertex 2.0000 14.5000 14.0000
         vertex 0.4000 14.5000 10.0196
         vertex 0.6196 14.5000 11.0000
      endloop
   endfacet
   facet normal 0.0000 1.0000 0.0000
      outer loop
         vertex 2.0000 14.5000 14.0000
         vertex 0.6196 14.5000 11.0000
         vertex 0.7000 14.5000 11.3000
      endloop
   endfacet
   facet normal 0.0000 1.0000 0.0000
      outer loop
         vertex 2.0000 14.5000 14.0000
         vertex 0.7000 14.5000 11.3000
         vertex 0.7000 14.5000 13.0000
      endloop
   endfacet
   facet normal 0.0000 1.0000 0.0000
      outer loop
         vertex 2.0000 14.5000 14.0000
         vertex 0.7000 14.5000 13.0000
         vertex 0.6196 14.5000 13.3000
      endloop
   endfacet
   facet normal 0.0000 1.0000 0.0000
      outer loop
         vertex 2.0000 14.5000 14.0000
         vertex 0.6196 14.5000 13.3000
         vertex 0.4000 14.5000 13.5196
      endloop
   endfacet
   facet normal 0.0000 1.0000 0.0000
      outer loop
         vertex 2.0000 14.5000 14.0000
         vertex 0.4000 14.5000 13.5196
         vertex 0.1000 14.5000 13.6000
      endloop
   endfacet
   facet normal 0.0000 1.0000 0.0000
      outer loop
         vertex -2.6000 14.5000 10.0196
         vertex -4.2500 14.5000 11.5902
         vertex -2.3000 14.5000 10.1000
      endloop
   endfacet
   facet normal 0.0000 1.0000 0.0000
      outer loop
         vertex -2.3000 14.5000 10.1000
         vertex -4.2500 14.5000 11.5902
         vertex -2.3000 14.5000 10.5000
      endloop
   endfacet
   facet normal 0.0000 1.0000 0.0000
      outer loop
         vertex -2.3000 14.5000 10.1000
         vertex -2.3000 14.5000 10.5000
         vertex 0.1000 14.5000 10.1000
      endloop
   endfacet
   facet normal 0.0000 1.0000 0.0000
      outer loop
         vertex 0.1000 14.5000 10.1000
         vertex -2.3000 14.5000 10.5000
         vertex 0.1000 14.5000 10.5000
      endloop
   endfacet
   facet normal 0.0000 1.0000 0.0000
      outer loop
         vertex 0.1000 14.5000 10.1000
         vertex 0.1000 14.5000 10.5000
         vertex 0.4000 14.5000 10.7804
      endloop
   endfacet
   facet normal 0.0000 1.0000 0.0000
      outer loop
         vertex 0.4000 14.5000 10.7804
         vertex 0.1000 14.5000 10.5000
         vertex 0.1000 14.5000 10.7000
      endloop
   endfacet
   facet normal 0.0000 1.0000 0.0000
      outer loop
         vertex 0.6196 14.5000 11.0000
         vertex 0.4000 14.5000 10.0196
         vertex 0.1000 14.5000 10.1000
      endloop
   endfacet
   facet normal 0.0000 1.0000 0.0000
      outer loop
         vertex 0.6196 14.5000 11.0000
         vertex 0.1000 14.5000 10.1000
         vertex 0.4000 14.5000 10.7804
      endloop
   endfacet
   facet normal 0.0000 1.0000 0.0000
      outer loop
         vertex 0.1000 14.5000 7.2000
         vertex 0.4000 14.5000 7.2804
         vertex 0.1000 14.5000 7.0000
      endloop
   endfacet
   facet normal 0.0000 1.0000 0.0000
      outer loop
         vertex 0.1000 14.5000 7.0000
         vertex 0.4000 14.5000 7.2804
         vertex 0.1000 14.5000 6.6000
      endloop
   endfacet
   facet normal 0.0000 1.0000 0.0000
      outer loop
         vertex 0.1000 14.5000 7.0000
         vertex 0.1000 14.5000 6.6000
         vertex -2.3000 14.5000 7.0000
      endloop
   endfacet
   facet normal 0.0000 1.0000 0.0000
      outer loop
         vertex -2.3000 14.5000 7.0000
         vertex 0.1000 14.5000 6.6000
         vertex -2.3000 14.5000 6.6000
      endloop
   endfacet
   facet normal 0.0000 1.0000 0.0000
      outer loop
         vertex -2.3000 14.5000 7.0000
         vertex -2.3000 14.5000 6.6000
         vertex -4.2500 14.5000 8.0902
      endloop
   endfacet
   facet normal 0.0000 1.0000 0.0000
      outer loop
         vertex -4.2500 14.5000 8.0902
         vertex -2.3000 14.5000 6.6000
         vertex -2.6000 14.5000 6.5196
      endloop
   endfacet
   facet normal 0.0000 1.0000 0.0000
      outer loop
         vertex -4.2500 14.5000 8.0902
         vertex -2.6000 14.5000 6.5196
         vertex -2.8196 14.5000 6.3000
      endloop
   endfacet
   facet normal 0.0000 1.0000 0.0000
      outer loop
         vertex 0.6196 14.5000 7.5000
         vertex 0.7000 14.5000 7.8000
         vertex 0.4000 14.5000 6.5196
      endloop
   endfacet
   facet normal 0.0000 1.0000 0.0000
      outer loop
         vertex 0.6196 14.5000 7.5000
         vertex 0.4000 14.5000 6.5196
         vertex 0.1000 14.5000 6.6000
      endloop
   endfacet
   facet normal 0.0000 1.0000 0.0000
      outer loop
         vertex 0.6196 14.5000 7.5000
         vertex 0.1000 14.5000 6.6000
         vertex 0.4000 14.5000 7.2804
      endloop
   endfacet
   facet normal 0.0000 1.0000 0.0000
      outer loop
         vertex 0.1000 14.5000 3.7000
         vertex 0.4000 14.5000 3.7804
         vertex 0.1000 14.5000 3.5000
      endloop
   endfacet
   facet normal 0.0000 1.0000 0.0000
      outer loop
         vertex 0.1000 14.5000 3.5000
         vertex 0.4000 14.5000 3.7804
         vertex 0.1000 14.5000 3.1000
      endloop
   endfacet
   facet normal 0.0000 1.0000 0.0000
      outer loop
         vertex 0.1000 14.5000 3.5000
         vertex 0.1000 14.5000 3.1000
         vertex -2.3000 14.5000 3.5000
      endloop
   endfacet
   facet normal 0.0000 1.0000 0.0000
      outer loop
         vertex -2.3000 14.5000 3.5000
         vertex 0.1000 14.5000 3.1000
         vertex -2.3000 14.5000 3.1000
      endloop
   endfacet
   facet normal 0.0000 1.0000 0.0000
      outer loop
         vertex -2.3000 14.5000 3.5000
         vertex -2.3000 14.5000 3.1000
         vertex -4.2500 14.5000 4.5902
      endloop
   endfacet
   facet normal 0.0000 1.0000 0.0000
      outer loop
         vertex -4.2500 14.5000 4.5902
         vertex -2.3000 14.5000 3.1000
         vertex -2.6000 14.5000 3.0196
      endloop
   endfacet
   facet normal 0.0000 1.0000 0.0000
      outer loop
         vertex -4.2500 14.5000 4.5902
         vertex -2.6000 14.5000 3.0196
         vertex -2.8196 14.5000 2.8000
      endloop
   endfacet
   facet normal 0.0000 1.0000 0.0000
      outer loop
         vertex 0.6196 14.5000 4.0000
         vertex 0.7000 14.5000 4.3000
         vertex 0.4000 14.5000 3.0196
      endloop
   endfacet
   facet normal 0.0000 1.0000 0.0000
      outer loop
         vertex 0.6196 14.5000 4.0000
         vertex 0.4000 14.5000 3.0196
         vertex 0.1000 14.5000 3.1000
      endloop
   endfacet
   facet normal 0.0000 1.0000 0.0000
      outer loop
         vertex 0.6196 14.5000 4.0000
         vertex 0.1000 14.5000 3.1000
         vertex 0.4000 14.5000 3.7804
      endloop
   endfacet
   facet normal 0.0000 1.0000 0.0000
      outer loop
         vertex 2.0000 14.5000 0.0000
         vertex 0.1000 14.5000 0.0000
         vertex 0.1000 14.5000 0.2000
      endloop
   endfacet
   facet normal 0.0000 1.0000 0.0000
      outer loop
         vertex 2.0000 14.5000 0.0000
         vertex 0.1000 14.5000 0.2000
         vertex 0.4000 14.5000 0.2804
      endloop
   endfacet
   facet normal 0.0000 1.0000 0.0000
      outer loop
         vertex 2.0000 14.5000 0.0000
         vertex 0.4000 14.5000 0.2804
         vertex 0.6196 14.5000 0.5000
      endloop
   endfacet
   facet normal 0.0000 1.0000 0.0000
      outer loop
         vertex 2.0000 14.5000 0.0000
         vertex 0.6196 14.5000 0.5000
         vertex 0.7000 14.5000 0.8000
      endloop
   endfacet
   facet normal 0.0000 1.0000 0.0000
      outer loop
         vertex -2.6000 14.5000 10.7804
         vertex -2.3000 14.5000 10.7000
         vertex -2.3000 14.5000 10.5000
      endloop
   endfacet
   facet normal 0.0000 1.0000 0.0000
      outer loop
         vertex -2.6000 14.5000 10.7804
         vertex -2.3000 14.5000 10.5000
         vertex -4.2500 14.5000 11.5902
      endloop
   endfacet
   facet normal 0.0000 1.0000 0.0000
      outer loop
         vertex -2.6000 14.5000 10.7804
         vertex -4.2500 14.5000 11.5902
         vertex -2.8196 14.5000 11.0000
      endloop
   endfacet
   facet normal 0.0000 1.0000 0.0000
      outer loop
         vertex -2.6000 14.5000 7.2804
         vertex -2.3000 14.5000 7.2000
         vertex -2.3000 14.5000 7.0000
      endloop
   endfacet
   facet normal 0.0000 1.0000 0.0000
      outer loop
         vertex -2.6000 14.5000 7.2804
         vertex -2.3000 14.5000 7.0000
         vertex -4.2500 14.5000 8.0902
      endloop
   endfacet
   facet normal 0.0000 1.0000 0.0000
      outer loop
         vertex -2.6000 14.5000 7.2804
         vertex -4.2500 14.5000 8.0902
         vertex -2.8196 14.5000 7.5000
      endloop
   endfacet
   facet normal 0.0000 1.0000 0.0000
      outer loop
         vertex -4.3598 14.5000 8.2000
         vertex -4.2500 14.5000 8.0902
         vertex -2.8196 14.5000 6.3000
      endloop
   endfacet
   facet normal 0.0000 1.0000 0.0000
      outer loop
         vertex -4.3598 14.5000 8.2000
         vertex -2.8196 14.5000 6.3000
         vertex -2.9000 14.5000 6.0000
      endloop
   endfacet
   facet normal 0.0000 1.0000 0.0000
      outer loop
         vertex -4.3598 14.5000 8.2000
         vertex -2.9000 14.5000 6.0000
         vertex -2.9000 14.5000 5.9000
      endloop
   endfacet
   facet normal 0.0000 1.0000 0.0000
      outer loop
         vertex -4.3598 14.5000 8.2000
         vertex -2.9000 14.5000 5.9000
         vertex -2.9201 14.5000 5.8250
      endloop
   endfacet
   facet normal 0.0000 1.0000 0.0000
      outer loop
         vertex -4.3598 14.5000 8.2000
         vertex -2.9201 14.5000 5.8250
         vertex -2.9750 14.5000 5.7701
      endloop
   endfacet
   facet normal 0.0000 1.0000 0.0000
      outer loop
         vertex -4.3598 14.5000 8.2000
         vertex -2.9750 14.5000 5.7701
         vertex -3.0500 14.5000 5.7500
      endloop
   endfacet
   facet normal 0.0000 1.0000 0.0000
      outer loop
         vertex -4.3598 14.5000 8.2000
         vertex -3.0500 14.5000 5.7500
         vertex -4.1000 14.5000 5.7500
      endloop
   endfacet
   facet normal 0.0000 1.0000 0.0000
      outer loop
         vertex -2.6000 14.5000 3.7804
         vertex -2.3000 14.5000 3.7000
         vertex -2.3000 14.5000 3.5000
      endloop
   endfacet
   facet normal 0.0000 1.0000 0.0000
      outer loop
         vertex -2.6000 14.5000 3.7804
         vertex -2.3000 14.5000 3.5000
         vertex -4.2500 14.5000 4.5902
      endloop
   endfacet
   facet normal 0.0000 1.0000 0.0000
      outer loop
         vertex -2.6000 14.5000 3.7804
         vertex -4.2500 14.5000 4.5902
         vertex -2.8196 14.5000 4.0000
      endloop
   endfacet
   facet normal 0.0000 1.0000 0.0000
      outer loop
         vertex -4.3598 14.5000 4.7000
         vertex -4.2500 14.5000 4.5902
         vertex -2.8196 14.5000 2.8000
      endloop
   endfacet
   facet normal 0.0000 1.0000 0.0000
      outer loop
         vertex -4.3598 14.5000 4.7000
         vertex -2.8196 14.5000 2.8000
         vertex -2.9000 14.5000 2.5000
      endloop
   endfacet
   facet normal 0.0000 1.0000 0.0000
      outer loop
         vertex -4.3598 14.5000 4.7000
         vertex -2.9000 14.5000 2.5000
         vertex -2.9000 14.5000 2.4000
      endloop
   endfacet
   facet normal 0.0000 1.0000 0.0000
      outer loop
         vertex -4.3598 14.5000 4.7000
         vertex -2.9000 14.5000 2.4000
         vertex -2.9201 14.5000 2.3250
      endloop
   endfacet
   facet normal 0.0000 1.0000 0.0000
      outer loop
         vertex -4.3598 14.5000 4.7000
         vertex -2.9201 14.5000 2.3250
         vertex -2.9750 14.5000 2.2701
      endloop
   endfacet
   facet normal 0.0000 1.0000 0.0000
      outer loop
         vertex -4.3598 14.5000 4.7000
         vertex -2.9750 14.5000 2.2701
         vertex -3.0500 14.5000 2.2500
      endloop
   endfacet
   facet normal 0.0000 1.0000 0.0000
      outer loop
         vertex -4.3598 14.5000 4.7000
         vertex -3.0500 14.5000 2.2500
         vertex -4.1000 14.5000 2.2500
      endloop
   endfacet
   facet normal 0.0000 1.0000 0.0000
      outer loop
         vertex -4.2500 14.5000 1.0902
         vertex -2.8196 14.5000 0.5000
         vertex -2.6000 14.5000 0.2804
      endloop
   endfacet
   facet normal 0.0000 1.0000 0.0000
      outer loop
         vertex -4.2500 14.5000 1.0902
         vertex -2.6000 14.5000 0.2804
         vertex -2.3000 14.5000 0.0000
      endloop
   endfacet
   facet normal 0.0000 1.0000 0.0000
      outer loop
         vertex -4.2500 14.5000 1.0902
         vertex -2.3000 14.5000 0.0000
         vertex -7.2101 14.5000 0.0000
      endloop
   endfacet
   facet normal 0.0000 1.0000 0.0000
      outer loop
         vertex -4.2500 14.5000 1.0902
         vertex -7.2101 14.5000 0.0000
         vertex -4.3598 14.5000 1.2000
      endloop
   endfacet
   facet normal 0.0000 1.0000 0.0000
      outer loop
         vertex -4.3598 14.5000 1.2000
         vertex -7.2101 14.5000 0.0000
         vertex -4.4000 14.5000 1.3500
      endloop
   endfacet
   facet normal 0.0000 1.0000 0.0000
      outer loop
         vertex -2.3000 14.5000 0.0000
         vertex -2.6000 14.5000 0.2804
         vertex -2.3000 14.5000 0.2000
      endloop
   endfacet
   facet normal 0.0000 1.0000 0.0000
      outer loop
         vertex 0.7000 14.5000 4.3000
         vertex 0.6196 14.5000 2.8000
         vertex 0.4000 14.5000 3.0196
      endloop
   endfacet
   facet normal 0.0000 1.0000 0.0000
      outer loop
         vertex 0.7000 14.5000 7.8000
         vertex 0.6196 14.5000 6.3000
         vertex 0.4000 14.5000 6.5196
      endloop
   endfacet
   facet normal 0.3399 0.9405 0.0000
      outer loop
         vertex 2.0000 14.5000 0.0000
         vertex 2.0000 14.5000 14.0000
         vertex 2.1500 14.4598 14.0000
      endloop
   endfacet
   facet normal 0.4210 0.9071 0.0000
      outer loop
         vertex 2.0000 14.5000 0.0000
         vertex 2.1500 14.4598 14.0000
         vertex 2.1500 14.4598 0.0000
      endloop
   endfacet
   facet normal -1.0000 0.0000 0.0000
      outer loop
         vertex -10.4500 7.2500 0.0500
         vertex -10.4500 10.9070 2.6500
         vertex -10.4500 10.9070 0.0500
      endloop
   endfacet
   facet normal -1.0000 0.0000 0.0000
      outer loop
         vertex -10.4500 10.9070 0.0500
         vertex -10.4500 10.9070 2.6500
         vertex -10.4500 16.2796 2.6500
      endloop
   endfacet
   facet normal -1.0000 0.0000 0.0000
      outer loop
         vertex -10.4500 10.9070 0.0500
         vertex -10.4500 16.2796 2.6500
         vertex -10.4500 16.2796 0.0500
      endloop
   endfacet
   facet normal -1.0000 0.0000 0.0000
      outer loop
         vertex -10.4500 16.2796 0.0500
         vertex -10.4500 16.2796 2.6500
         vertex -10.4500 16.2800 2.6496
      endloop
   endfacet
   facet normal -1.0000 0.0000 0.0000
      outer loop
         vertex -10.4500 16.2796 0.0500
         vertex -10.4500 16.2800 2.6496
         vertex -10.4500 16.2800 0.0504
      endloop
   endfacet
   facet normal -1.0000 0.0000 0.0000
      outer loop
         vertex -10.4500 10.9070 2.6500
         vertex -10.4500 7.2500 0.0500
         vertex -10.4500 7.2500 2.6500
      endloop
   endfacet
   facet normal 0.0000 0.7503 0.6611
      outer loop
         vertex -9.0981 16.2796 2.6500
         vertex -9.1413 16.3868 2.5428
         vertex -10.4500 16.2800 2.6496
      endloop
   endfacet
   facet normal 0.0000 0.7071 0.7071
      outer loop
         vertex -9.0981 16.2796 2.6500
         vertex -10.4500 16.2800 2.6496
         vertex -10.4500 16.2796 2.6500
      endloop
   endfacet
   facet normal 0.0000 0.6653 0.7466
      outer loop
         vertex -9.0981 16.2796 2.6500
         vertex -10.4500 16.2796 2.6500
         vertex -10.4500 16.2404 2.6892
      endloop
   endfacet
   facet normal 0.0000 0.6207 0.7840
      outer loop
         vertex -9.0981 16.2796 2.6500
         vertex -10.4500 16.2404 2.6892
         vertex -9.0823 16.2404 2.6892
      endloop
   endfacet
   facet normal 0.0000 0.7911 0.6116
      outer loop
         vertex -10.4500 16.2800 2.6496
         vertex -9.1413 16.3868 2.5428
         vertex -10.4214 16.3868 2.5428
      endloop
   endfacet
   facet normal 0.0000 0.7911 -0.6116
      outer loop
         vertex -10.4214 16.3868 0.1572
         vertex -9.1413 16.3868 0.1572
         vertex -10.4500 16.2800 0.0504
      endloop
   endfacet
   facet normal 0.0000 0.7503 -0.6611
      outer loop
         vertex -10.4500 16.2800 0.0504
         vertex -9.1413 16.3868 0.1572
         vertex -9.0981 16.2796 0.0500
      endloop
   endfacet
   facet normal 0.0000 0.7071 -0.7071
      outer loop
         vertex -10.4500 16.2800 0.0504
         vertex -9.0981 16.2796 0.0500
         vertex -10.4500 16.2796 0.0500
      endloop
   endfacet
   facet normal 0.0000 0.6653 -0.7466
      outer loop
         vertex -10.4500 16.2796 0.0500
         vertex -9.0981 16.2796 0.0500
         vertex -9.0823 16.2404 0.0108
      endloop
   endfacet
   facet normal 0.0000 0.6207 -0.7840
      outer loop
         vertex -10.4500 16.2796 0.0500
         vertex -9.0823 16.2404 0.0108
         vertex -10.4500 16.2404 0.0108
      endloop
   endfacet
   facet normal 0.8454 0.5342 0.0000
      outer loop
         vertex -9.1619 16.4300 0.2653
         vertex -9.1619 16.4300 2.4347
         vertex -9.1595 16.4249 2.4531
      endloop
   endfacet
   facet normal 0.8737 0.4865 0.0000
      outer loop
         vertex -9.1619 16.4300 0.2653
         vertex -9.1595 16.4249 2.4531
         vertex -9.1435 16.3921 2.5302
      endloop
   endfacet
   facet normal 0.8737 0.4865 0.0000
      outer loop
         vertex -9.1619 16.4300 0.2653
         vertex -9.1435 16.3921 2.5302
         vertex -9.1435 16.3921 0.1698
      endloop
   endfacet
   facet normal 0.8737 0.4865 0.0000
      outer loop
         vertex -9.1619 16.4300 0.2653
         vertex -9.1435 16.3921 0.1698
         vertex -9.1595 16.4249 0.2469
      endloop
   endfacet
   facet normal 0.9275 0.3738 0.0000
      outer loop
         vertex -8.1862 14.0169 0.0500
         vertex -9.0981 16.2796 0.0500
         vertex -9.1413 16.3868 0.1572
      endloop
   endfacet
   facet normal 0.9275 0.3738 0.0000
      outer loop
         vertex -8.1862 14.0169 0.0500
         vertex -9.1413 16.3868 0.1572
         vertex -9.1435 16.3921 0.1698
      endloop
   endfacet
   facet normal 0.9275 0.3738 0.0000
      outer loop
         vertex -8.1862 14.0169 0.0500
         vertex -9.1435 16.3921 0.1698
         vertex -9.1435 16.3921 2.5302
      endloop
   endfacet
   facet normal 0.9275 0.3738 0.0000
      outer loop
         vertex -8.1862 14.0169 0.0500
         vertex -9.1435 16.3921 2.5302
         vertex -9.1413 16.3868 2.5428
      endloop
   endfacet
   facet normal 0.9275 0.3738 0.0000
      outer loop
         vertex -8.1862 14.0169 0.0500
         vertex -9.1413 16.3868 2.5428
         vertex -9.0981 16.2796 2.6500
      endloop
   endfacet
   facet normal 0.9275 0.3738 0.0000
      outer loop
         vertex -8.1862 14.0169 0.0500
         vertex -9.0981 16.2796 2.6500
         vertex -8.1862 14.0169 2.6500
      endloop
   endfacet
   facet normal 0.0000 0.9750 0.2222
      outer loop
         vertex -9.1756 16.4437 2.3853
         vertex -10.3961 16.4437 2.3853
         vertex -10.4098 16.4300 2.4347
      endloop
   endfacet
   facet normal 0.0000 0.9696 0.2448
      outer loop
         vertex -9.1756 16.4437 2.3853
         vertex -10.4098 16.4300 2.4347
         vertex -10.4112 16.4249 2.4531
      endloop
   endfacet
   facet normal 0.0000 0.9696 0.2448
      outer loop
         vertex -9.1756 16.4437 2.3853
         vertex -10.4112 16.4249 2.4531
         vertex -9.1595 16.4249 2.4531
      endloop
   endfacet
   facet normal 0.0000 0.9696 0.2448
      outer loop
         vertex -9.1756 16.4437 2.3853
         vertex -9.1595 16.4249 2.4531
         vertex -9.1619 16.4300 2.4347
      endloop
   endfacet
   facet normal 0.0000 0.8634 0.5045
      outer loop
         vertex -10.4214 16.3868 2.5428
         vertex -9.1413 16.3868 2.5428
         vertex -9.1435 16.3921 2.5302
      endloop
   endfacet
   facet normal 0.0000 0.8940 0.4481
      outer loop
         vertex -10.4214 16.3868 2.5428
         vertex -9.1435 16.3921 2.5302
         vertex -9.1595 16.4249 2.4531
      endloop
   endfacet
   facet normal 0.0000 0.8940 0.4481
      outer loop
         vertex -10.4214 16.3868 2.5428
         vertex -9.1595 16.4249 2.4531
         vertex -10.4112 16.4249 2.4531
      endloop
   endfacet
   facet normal 0.0000 0.9750 -0.2222
      outer loop
         vertex -10.3961 16.4437 0.3147
         vertex -9.1756 16.4437 0.3147
         vertex -9.1619 16.4300 0.2653
      endloop
   endfacet
   facet normal 0.0000 0.9696 -0.2448
      outer loop
         vertex -10.3961 16.4437 0.3147
         vertex -9.1619 16.4300 0.2653
         vertex -9.1595 16.4249 0.2469
      endloop
   endfacet
   facet normal 0.0000 0.9696 -0.2448
      outer loop
         vertex -10.3961 16.4437 0.3147
         vertex -9.1595 16.4249 0.2469
         vertex -10.4112 16.4249 0.2469
      endloop
   endfacet
   facet normal 0.0000 0.9696 -0.2448
      outer loop
         vertex -10.3961 16.4437 0.3147
         vertex -10.4112 16.4249 0.2469
         vertex -10.4098 16.4300 0.2653
      endloop
   endfacet
   facet normal 0.0000 0.9205 -0.3908
      outer loop
         vertex -10.4112 16.4249 0.2469
         vertex -9.1595 16.4249 0.2469
         vertex -9.1435 16.3921 0.1698
      endloop
   endfacet
   facet normal 0.0000 0.8940 -0.4481
      outer loop
         vertex -10.4112 16.4249 0.2469
         vertex -9.1435 16.3921 0.1698
         vertex -9.1413 16.3868 0.1572
      endloop
   endfacet
   facet normal 0.0000 0.8634 -0.5045
      outer loop
         vertex -10.4112 16.4249 0.2469
         vertex -9.1413 16.3868 0.1572
         vertex -10.4214 16.3868 0.1572
      endloop
   endfacet
   facet normal -0.9659 0.2588 0.0000
      outer loop
         vertex -10.4500 16.2800 0.0504
         vertex -10.4500 16.2800 2.6496
         vertex -10.4214 16.3868 2.5428
      endloop
   endfacet
   facet normal -0.9659 0.2588 0.0000
      outer loop
         vertex -10.4500 16.2800 0.0504
         vertex -10.4214 16.3868 2.5428
         vertex -10.4112 16.4249 2.4531
      endloop
   endfacet
   facet normal -0.9405 0.3399 0.0000
      outer loop
         vertex -10.4500 16.2800 0.0504
         vertex -10.4112 16.4249 2.4531
         vertex -10.4098 16.4300 2.4347
      endloop
   endfacet
   facet normal -0.9071 0.4210 0.0000
      outer loop
         vertex -10.4500 16.2800 0.0504
         vertex -10.4098 16.4300 2.4347
         vertex -10.4098 16.4300 0.2653
      endloop
   endfacet
   facet normal -0.9405 0.3399 0.0000
      outer loop
         vertex -10.4500 16.2800 0.0504
         vertex -10.4098 16.4300 0.2653
         vertex -10.4112 16.4249 0.2469
      endloop
   endfacet
   facet normal -0.9659 0.2588 0.0000
      outer loop
         vertex -10.4500 16.2800 0.0504
         vertex -10.4112 16.4249 0.2469
         vertex -10.4214 16.3868 0.1572
      endloop
   endfacet
   facet normal 0.4210 0.9071 0.0000
      outer loop
         vertex -9.2717 16.5398 1.6553
         vertex -9.2717 16.5398 1.0447
         vertex -9.4217 16.5800 1.3500
      endloop
   endfacet
   facet normal 0.7806 0.6250 0.0000
      outer loop
         vertex -9.1619 16.4300 2.4347
         vertex -9.1619 16.4300 0.2653
         vertex -9.1756 16.4437 0.3147
      endloop
   endfacet
   facet normal 0.6856 0.7280 0.0000
      outer loop
         vertex -9.1619 16.4300 2.4347
         vertex -9.1756 16.4437 0.3147
         vertex -9.2717 16.5398 1.0447
      endloop
   endfacet
   facet normal 0.6188 0.7855 0.0000
      outer loop
         vertex -9.1619 16.4300 2.4347
         vertex -9.2717 16.5398 1.0447
         vertex -9.2717 16.5398 1.6553
      endloop
   endfacet
   facet normal 0.6856 0.7280 0.0000
      outer loop
         vertex -9.1619 16.4300 2.4347
         vertex -9.2717 16.5398 1.6553
         vertex -9.1756 16.4437 2.3853
      endloop
   endfacet
   facet normal 0.0000 0.9843 0.1765
      outer loop
         vertex -10.3961 16.4437 2.3853
         vertex -9.1756 16.4437 2.3853
         vertex -9.2717 16.5398 1.6553
      endloop
   endfacet
   facet normal 0.0000 0.9939 0.1106
      outer loop
         vertex -10.3961 16.4437 2.3853
         vertex -9.2717 16.5398 1.6553
         vertex -9.4217 16.5800 1.3500
      endloop
   endfacet
   facet normal 0.0000 0.9978 0.0670
      outer loop
         vertex -10.3961 16.4437 2.3853
         vertex -9.4217 16.5800 1.3500
         vertex -10.1500 16.5800 1.3500
      endloop
   endfacet
   facet normal 0.0000 0.9939 0.1106
      outer loop
         vertex -10.3961 16.4437 2.3853
         vertex -10.1500 16.5800 1.3500
         vertex -10.3000 16.5398 1.6553
      endloop
   endfacet
   facet normal 0.0000 0.9843 -0.1765
      outer loop
         vertex -9.1756 16.4437 0.3147
         vertex -10.3961 16.4437 0.3147
         vertex -10.3000 16.5398 1.0447
      endloop
   endfacet
   facet normal 0.0000 0.9939 -0.1106
      outer loop
         vertex -9.1756 16.4437 0.3147
         vertex -10.3000 16.5398 1.0447
         vertex -10.1500 16.5800 1.3500
      endloop
   endfacet
   facet normal 0.0000 0.9978 -0.0670
      outer loop
         vertex -9.1756 16.4437 0.3147
         vertex -10.1500 16.5800 1.3500
         vertex -9.4217 16.5800 1.3500
      endloop
   endfacet
   facet normal 0.0000 0.9939 -0.1106
      outer loop
         vertex -9.1756 16.4437 0.3147
         vertex -9.4217 16.5800 1.3500
         vertex -9.2717 16.5398 1.0447
      endloop
   endfacet
   facet normal -0.8181 0.5751 0.0000
      outer loop
         vertex -10.4098 16.4300 0.2653
         vertex -10.4098 16.4300 2.4347
         vertex -10.3961 16.4437 2.3853
      endloop
   endfacet
   facet normal -0.7071 0.7071 0.0000
      outer loop
         vertex -10.4098 16.4300 0.2653
         vertex -10.3961 16.4437 2.3853
         vertex -10.3000 16.5398 1.6553
      endloop
   endfacet
   facet normal -0.6414 0.7672 0.0000
      outer loop
         vertex -10.4098 16.4300 0.2653
         vertex -10.3000 16.5398 1.6553
         vertex -10.3000 16.5398 1.0447
      endloop
   endfacet
   facet normal -0.7071 0.7071 0.0000
      outer loop
         vertex -10.4098 16.4300 0.2653
         vertex -10.3000 16.5398 1.0447
         vertex -10.3961 16.4437 0.3147
      endloop
   endfacet
   facet normal -0.4210 0.9071 0.0000
      outer loop
         vertex -10.1500 16.5800 1.3500
         vertex -10.3000 16.5398 1.0447
         vertex -10.3000 16.5398 1.6553
      endloop
   endfacet
   facet normal -1.0000 0.0000 0.0000
      outer loop
         vertex -10.4500 7.2500 3.5500
         vertex -10.4500 10.9070 6.1500
         vertex -10.4500 10.9070 3.5500
      endloop
   endfacet
   facet normal -1.0000 0.0000 0.0000
      outer loop
         vertex -10.4500 10.9070 3.5500
         vertex -10.4500 10.9070 6.1500
         vertex -10.4500 16.2796 6.1500
      endloop
   endfacet
   facet normal -1.0000 0.0000 0.0000
      outer loop
         vertex -10.4500 10.9070 3.5500
         vertex -10.4500 16.2796 6.1500
         vertex -10.4500 16.2796 3.5500
      endloop
   endfacet
   facet normal -1.0000 0.0000 0.0000
      outer loop
         vertex -10.4500 16.2796 3.5500
         vertex -10.4500 16.2796 6.1500
         vertex -10.4500 16.2800 6.1496
      endloop
   endfacet
   facet normal -1.0000 0.0000 0.0000
      outer loop
         vertex -10.4500 16.2796 3.5500
         vertex -10.4500 16.2800 6.1496
         vertex -10.4500 16.2800 3.5504
      endloop
   endfacet
   facet normal -1.0000 0.0000 0.0000
      outer loop
         vertex -10.4500 10.9070 6.1500
         vertex -10.4500 7.2500 3.5500
         vertex -10.4500 7.2500 6.1500
      endloop
   endfacet
   facet normal 0.0000 0.7503 0.6611
      outer loop
         vertex -9.0981 16.2796 6.1500
         vertex -9.1413 16.3868 6.0428
         vertex -10.4500 16.2800 6.1496
      endloop
   endfacet
   facet normal 0.0000 0.7071 0.7071
      outer loop
         vertex -9.0981 16.2796 6.1500
         vertex -10.4500 16.2800 6.1496
         vertex -10.4500 16.2796 6.1500
      endloop
   endfacet
   facet normal 0.0000 0.6653 0.7466
      outer loop
         vertex -9.0981 16.2796 6.1500
         vertex -10.4500 16.2796 6.1500
         vertex -10.4500 16.2404 6.1892
      endloop
   endfacet
   facet normal 0.0000 0.6207 0.7840
      outer loop
         vertex -9.0981 16.2796 6.1500
         vertex -10.4500 16.2404 6.1892
         vertex -9.0823 16.2404 6.1892
      endloop
   endfacet
   facet normal 0.0000 0.7911 0.6116
      outer loop
         vertex -10.4500 16.2800 6.1496
         vertex -9.1413 16.3868 6.0428
         vertex -10.4214 16.3868 6.0428
      endloop
   endfacet
   facet normal 0.0000 0.7911 -0.6116
      outer loop
         vertex -10.4214 16.3868 3.6572
         vertex -9.1413 16.3868 3.6572
         vertex -10.4500 16.2800 3.5504
      endloop
   endfacet
   facet normal 0.0000 0.7503 -0.6611
      outer loop
         vertex -10.4500 16.2800 3.5504
         vertex -9.1413 16.3868 3.6572
         vertex -9.0981 16.2796 3.5500
      endloop
   endfacet
   facet normal 0.0000 0.7071 -0.7071
      outer loop
         vertex -10.4500 16.2800 3.5504
         vertex -9.0981 16.2796 3.5500
         vertex -10.4500 16.2796 3.5500
      endloop
   endfacet
   facet normal 0.0000 0.6653 -0.7466
      outer loop
         vertex -10.4500 16.2796 3.5500
         vertex -9.0981 16.2796 3.5500
         vertex -9.0823 16.2404 3.5108
      endloop
   endfacet
   facet normal 0.0000 0.6207 -0.7840
      outer loop
         vertex -10.4500 16.2796 3.5500
         vertex -9.0823 16.2404 3.5108
         vertex -10.4500 16.2404 3.5108
      endloop
   endfacet
   facet normal 0.8454 0.5342 0.0000
      outer loop
         vertex -9.1619 16.4300 3.7653
         vertex -9.1619 16.4300 5.9347
         vertex -9.1595 16.4249 5.9531
      endloop
   endfacet
   facet normal 0.8737 0.4865 0.0000
      outer loop
         vertex -9.1619 16.4300 3.7653
         vertex -9.1595 16.4249 5.9531
         vertex -9.1435 16.3921 6.0302
      endloop
   endfacet
   facet normal 0.8737 0.4865 0.0000
      outer loop
         vertex -9.1619 16.4300 3.7653
         vertex -9.1435 16.3921 6.0302
         vertex -9.1435 16.3921 3.6698
      endloop
   endfacet
   facet normal 0.8737 0.4865 0.0000
      outer loop
         vertex -9.1619 16.4300 3.7653
         vertex -9.1435 16.3921 3.6698
         vertex -9.1595 16.4249 3.7469
      endloop
   endfacet
   facet normal 0.9275 0.3738 0.0000
      outer loop
         vertex -8.1862 14.0169 3.5500
         vertex -9.0981 16.2796 3.5500
         vertex -9.1413 16.3868 3.6572
      endloop
   endfacet
   facet normal 0.9275 0.3738 0.0000
      outer loop
         vertex -8.1862 14.0169 3.5500
         vertex -9.1413 16.3868 3.6572
         vertex -9.1435 16.3921 3.6698
      endloop
   endfacet
   facet normal 0.9275 0.3738 0.0000
      outer loop
         vertex -8.1862 14.0169 3.5500
         vertex -9.1435 16.3921 3.6698
         vertex -9.1435 16.3921 6.0302
      endloop
   endfacet
   facet normal 0.9275 0.3738 0.0000
      outer loop
         vertex -8.1862 14.0169 3.5500
         vertex -9.1435 16.3921 6.0302
         vertex -9.1413 16.3868 6.0428
      endloop
   endfacet
   facet normal 0.9275 0.3738 0.0000
      outer loop
         vertex -8.1862 14.0169 3.5500
         vertex -9.1413 16.3868 6.0428
         vertex -9.0981 16.2796 6.1500
      endloop
   endfacet
   facet normal 0.9275 0.3738 0.0000
      outer loop
         vertex -8.1862 14.0169 3.5500
         vertex -9.0981 16.2796 6.1500
         vertex -8.1862 14.0169 6.1500
      endloop
   endfacet
   facet normal 0.0000 0.9750 0.2222
      outer loop
         vertex -9.1756 16.4437 5.8853
         vertex -10.3961 16.4437 5.8853
         vertex -10.4098 16.4300 5.9347
      endloop
   endfacet
   facet normal 0.0000 0.9696 0.2448
      outer loop
         vertex -9.1756 16.4437 5.8853
         vertex -10.4098 16.4300 5.9347
         vertex -10.4112 16.4249 5.9531
      endloop
   endfacet
   facet normal 0.0000 0.9696 0.2448
      outer loop
         vertex -9.1756 16.4437 5.8853
         vertex -10.4112 16.4249 5.9531
         vertex -9.1595 16.4249 5.9531
      endloop
   endfacet
   facet normal 0.0000 0.9696 0.2448
      outer loop
         vertex -9.1756 16.4437 5.8853
         vertex -9.1595 16.4249 5.9531
         vertex -9.1619 16.4300 5.9347
      endloop
   endfacet
   facet normal 0.0000 0.8634 0.5045
      outer loop
         vertex -10.4214 16.3868 6.0428
         vertex -9.1413 16.3868 6.0428
         vertex -9.1435 16.3921 6.0302
      endloop
   endfacet
   facet normal 0.0000 0.8940 0.4481
      outer loop
         vertex -10.4214 16.3868 6.0428
         vertex -9.1435 16.3921 6.0302
         vertex -9.1595 16.4249 5.9531
      endloop
   endfacet
   facet normal 0.0000 0.8940 0.4481
      outer loop
         vertex -10.4214 16.3868 6.0428
         vertex -9.1595 16.4249 5.9531
         vertex -10.4112 16.4249 5.9531
      endloop
   endfacet
   facet normal 0.0000 0.9750 -0.2222
      outer loop
         vertex -10.3961 16.4437 3.8147
         vertex -9.1756 16.4437 3.8147
         vertex -9.1619 16.4300 3.7653
      endloop
   endfacet
   facet normal 0.0000 0.9696 -0.2448
      outer loop
         vertex -10.3961 16.4437 3.8147
         vertex -9.1619 16.4300 3.7653
         vertex -9.1595 16.4249 3.7469
      endloop
   endfacet
   facet normal 0.0000 0.9696 -0.2448
      outer loop
         vertex -10.3961 16.4437 3.8147
         vertex -9.1595 16.4249 3.7469
         vertex -10.4112 16.4249 3.7469
      endloop
   endfacet
   facet normal 0.0000 0.9696 -0.2448
      outer loop
         vertex -10.3961 16.4437 3.8147
         vertex -10.4112 16.4249 3.7469
         vertex -10.4098 16.4300 3.7653
      endloop
   endfacet
   facet normal 0.0000 0.9205 -0.3908
      outer loop
         vertex -10.4112 16.4249 3.7469
         vertex -9.1595 16.4249 3.7469
         vertex -9.1435 16.3921 3.6698
      endloop
   endfacet
   facet normal 0.0000 0.8940 -0.4481
      outer loop
         vertex -10.4112 16.4249 3.7469
         vertex -9.1435 16.3921 3.6698
         vertex -9.1413 16.3868 3.6572
      endloop
   endfacet
   facet normal 0.0000 0.8634 -0.5045
      outer loop
         vertex -10.4112 16.4249 3.7469
         vertex -9.1413 16.3868 3.6572
         vertex -10.4214 16.3868 3.6572
      endloop
   endfacet
   facet normal -0.9659 0.2588 0.0000
      outer loop
         vertex -10.4500 16.2800 3.5504
         vertex -10.4500 16.2800 6.1496
         vertex -10.4214 16.3868 6.0428
      endloop
   endfacet
   facet normal -0.9659 0.2588 0.0000
      outer loop
         vertex -10.4500 16.2800 3.5504
         vertex -10.4214 16.3868 6.0428
         vertex -10.4112 16.4249 5.9531
      endloop
   endfacet
   facet normal -0.9405 0.3399 0.0000
      outer loop
         vertex -10.4500 16.2800 3.5504
         vertex -10.4112 16.4249 5.9531
         vertex -10.4098 16.4300 5.9347
      endloop
   endfacet
   facet normal -0.9071 0.4210 0.0000
      outer loop
         vertex -10.4500 16.2800 3.5504
         vertex -10.4098 16.4300 5.9347
         vertex -10.4098 16.4300 3.7653
      endloop
   endfacet
   facet normal -0.9405 0.3399 0.0000
      outer loop
         vertex -10.4500 16.2800 3.5504
         vertex -10.4098 16.4300 3.7653
         vertex -10.4112 16.4249 3.7469
      endloop
   endfacet
   facet normal -0.9659 0.2588 0.0000
      outer loop
         vertex -10.4500 16.2800 3.5504
         vertex -10.4112 16.4249 3.7469
         vertex -10.4214 16.3868 3.6572
      endloop
   endfacet
   facet normal 0.4210 0.9071 0.0000
      outer loop
         vertex -9.2717 16.5398 5.1553
         vertex -9.2717 16.5398 4.5447
         vertex -9.4217 16.5800 4.8500
      endloop
   endfacet
   facet normal 0.7806 0.6250 0.0000
      outer loop
         vertex -9.1619 16.4300 5.9347
         vertex -9.1619 16.4300 3.7653
         vertex -9.1756 16.4437 3.8147
      endloop
   endfacet
   facet normal 0.6856 0.7280 0.0000
      outer loop
         vertex -9.1619 16.4300 5.9347
         vertex -9.1756 16.4437 3.8147
         vertex -9.2717 16.5398 4.5447
      endloop
   endfacet
   facet normal 0.6188 0.7855 0.0000
      outer loop
         vertex -9.1619 16.4300 5.9347
         vertex -9.2717 16.5398 4.5447
         vertex -9.2717 16.5398 5.1553
      endloop
   endfacet
   facet normal 0.6856 0.7280 0.0000
      outer loop
         vertex -9.1619 16.4300 5.9347
         vertex -9.2717 16.5398 5.1553
         vertex -9.1756 16.4437 5.8853
      endloop
   endfacet
   facet normal 0.0000 0.9843 0.1765
      outer loop
         vertex -10.3961 16.4437 5.8853
         vertex -9.1756 16.4437 5.8853
         vertex -9.2717 16.5398 5.1553
      endloop
   endfacet
   facet normal 0.0000 0.9939 0.1106
      outer loop
         vertex -10.3961 16.4437 5.8853
         vertex -9.2717 16.5398 5.1553
         vertex -9.4217 16.5800 4.8500
      endloop
   endfacet
   facet normal 0.0000 0.9978 0.0670
      outer loop
         vertex -10.3961 16.4437 5.8853
         vertex -9.4217 16.5800 4.8500
         vertex -10.1500 16.5800 4.8500
      endloop
   endfacet
   facet normal 0.0000 0.9939 0.1106
      outer loop
         vertex -10.3961 16.4437 5.8853
         vertex -10.1500 16.5800 4.8500
         vertex -10.3000 16.5398 5.1553
      endloop
   endfacet
   facet normal 0.0000 0.9843 -0.1765
      outer loop
         vertex -9.1756 16.4437 3.8147
         vertex -10.3961 16.4437 3.8147
         vertex -10.3000 16.5398 4.5447
      endloop
   endfacet
   facet normal 0.0000 0.9939 -0.1106
      outer loop
         vertex -9.1756 16.4437 3.8147
         vertex -10.3000 16.5398 4.5447
         vertex -10.1500 16.5800 4.8500
      endloop
   endfacet
   facet normal 0.0000 0.9978 -0.0670
      outer loop
         vertex -9.1756 16.4437 3.8147
         vertex -10.1500 16.5800 4.8500
         vertex -9.4217 16.5800 4.8500
      endloop
   endfacet
   facet normal 0.0000 0.9939 -0.1106
      outer loop
         vertex -9.1756 16.4437 3.8147
         vertex -9.4217 16.5800 4.8500
         vertex -9.2717 16.5398 4.5447
      endloop
   endfacet
   facet normal -0.8181 0.5751 0.0000
      outer loop
         vertex -10.4098 16.4300 3.7653
         vertex -10.4098 16.4300 5.9347
         vertex -10.3961 16.4437 5.8853
      endloop
   endfacet
   facet normal -0.7071 0.7071 0.0000
      outer loop
         vertex -10.4098 16.4300 3.7653
         vertex -10.3961 16.4437 5.8853
         vertex -10.3000 16.5398 5.1553
      endloop
   endfacet
   facet normal -0.6414 0.7672 0.0000
      outer loop
         vertex -10.4098 16.4300 3.7653
         vertex -10.3000 16.5398 5.1553
         vertex -10.3000 16.5398 4.5447
      endloop
   endfacet
   facet normal -0.7071 0.7071 0.0000
      outer loop
         vertex -10.4098 16.4300 3.7653
         vertex -10.3000 16.5398 4.5447
         vertex -10.3961 16.4437 3.8147
      endloop
   endfacet
   facet normal -0.4210 0.9071 0.0000
      outer loop
         vertex -10.1500 16.5800 4.8500
         vertex -10.3000 16.5398 4.5447
         vertex -10.3000 16.5398 5.1553
      endloop
   endfacet
   facet normal 0.0000 0.7503 0.6611
      outer loop
         vertex -9.0981 16.2796 9.6500
         vertex -9.1413 16.3868 9.5428
         vertex -10.4500 16.2800 9.6496
      endloop
   endfacet
   facet normal 0.0000 0.7071 0.7071
      outer loop
         vertex -9.0981 16.2796 9.6500
         vertex -10.4500 16.2800 9.6496
         vertex -10.4500 16.2796 9.6500
      endloop
   endfacet
   facet normal 0.0000 0.6653 0.7466
      outer loop
         vertex -9.0981 16.2796 9.6500
         vertex -10.4500 16.2796 9.6500
         vertex -10.4500 16.2404 9.6892
      endloop
   endfacet
   facet normal 0.0000 0.6207 0.7840
      outer loop
         vertex -9.0981 16.2796 9.6500
         vertex -10.4500 16.2404 9.6892
         vertex -9.0823 16.2404 9.6892
      endloop
   endfacet
   facet normal 0.0000 0.7911 0.6116
      outer loop
         vertex -10.4500 16.2800 9.6496
         vertex -9.1413 16.3868 9.5428
         vertex -10.4214 16.3868 9.5428
      endloop
   endfacet
   facet normal 0.0000 0.7911 -0.6116
      outer loop
         vertex -10.4214 16.3868 7.1572
         vertex -9.1413 16.3868 7.1572
         vertex -10.4500 16.2800 7.0504
      endloop
   endfacet
   facet normal 0.0000 0.7503 -0.6611
      outer loop
         vertex -10.4500 16.2800 7.0504
         vertex -9.1413 16.3868 7.1572
         vertex -9.0981 16.2796 7.0500
      endloop
   endfacet
   facet normal 0.0000 0.7071 -0.7071
      outer loop
         vertex -10.4500 16.2800 7.0504
         vertex -9.0981 16.2796 7.0500
         vertex -10.4500 16.2796 7.0500
      endloop
   endfacet
   facet normal 0.0000 0.6653 -0.7466
      outer loop
         vertex -10.4500 16.2796 7.0500
         vertex -9.0981 16.2796 7.0500
         vertex -9.0823 16.2404 7.0108
      endloop
   endfacet
   facet normal 0.0000 0.6207 -0.7840
      outer loop
         vertex -10.4500 16.2796 7.0500
         vertex -9.0823 16.2404 7.0108
         vertex -10.4500 16.2404 7.0108
      endloop
   endfacet
   facet normal 0.8454 0.5342 0.0000
      outer loop
         vertex -9.1619 16.4300 7.2653
         vertex -9.1619 16.4300 9.4347
         vertex -9.1595 16.4249 9.4531
      endloop
   endfacet
   facet normal 0.8737 0.4865 0.0000
      outer loop
         vertex -9.1619 16.4300 7.2653
         vertex -9.1595 16.4249 9.4531
         vertex -9.1435 16.3921 9.5302
      endloop
   endfacet
   facet normal 0.8737 0.4865 0.0000
      outer loop
         vertex -9.1619 16.4300 7.2653
         vertex -9.1435 16.3921 9.5302
         vertex -9.1435 16.3921 7.1698
      endloop
   endfacet
   facet normal 0.8737 0.4865 0.0000
      outer loop
         vertex -9.1619 16.4300 7.2653
         vertex -9.1435 16.3921 7.1698
         vertex -9.1595 16.4249 7.2469
      endloop
   endfacet
   facet normal 0.9275 0.3738 0.0000
      outer loop
         vertex -8.1862 14.0169 7.0500
         vertex -9.0981 16.2796 7.0500
         vertex -9.1413 16.3868 7.1572
      endloop
   endfacet
   facet normal 0.9275 0.3738 0.0000
      outer loop
         vertex -8.1862 14.0169 7.0500
         vertex -9.1413 16.3868 7.1572
         vertex -9.1435 16.3921 7.1698
      endloop
   endfacet
   facet normal 0.9275 0.3738 0.0000
      outer loop
         vertex -8.1862 14.0169 7.0500
         vertex -9.1435 16.3921 7.1698
         vertex -9.1435 16.3921 9.5302
      endloop
   endfacet
   facet normal 0.9275 0.3738 0.0000
      outer loop
         vertex -8.1862 14.0169 7.0500
         vertex -9.1435 16.3921 9.5302
         vertex -9.1413 16.3868 9.5428
      endloop
   endfacet
   facet normal 0.9275 0.3738 0.0000
      outer loop
         vertex -8.1862 14.0169 7.0500
         vertex -9.1413 16.3868 9.5428
         vertex -9.0981 16.2796 9.6500
      endloop
   endfacet
   facet normal 0.9275 0.3738 0.0000
      outer loop
         vertex -8.1862 14.0169 7.0500
         vertex -9.0981 16.2796 9.6500
         vertex -8.1862 14.0169 9.6500
      endloop
   endfacet
   facet normal 0.0000 0.9750 0.2222
      outer loop
         vertex -9.1756 16.4437 9.3853
         vertex -10.3961 16.4437 9.3853
         vertex -10.4098 16.4300 9.4347
      endloop
   endfacet
   facet normal 0.0000 0.9696 0.2448
      outer loop
         vertex -9.1756 16.4437 9.3853
         vertex -10.4098 16.4300 9.4347
         vertex -10.4112 16.4249 9.4531
      endloop
   endfacet
   facet normal 0.0000 0.9696 0.2448
      outer loop
         vertex -9.1756 16.4437 9.3853
         vertex -10.4112 16.4249 9.4531
         vertex -9.1595 16.4249 9.4531
      endloop
   endfacet
   facet normal 0.0000 0.9696 0.2448
      outer loop
         vertex -9.1756 16.4437 9.3853
         vertex -9.1595 16.4249 9.4531
         vertex -9.1619 16.4300 9.4347
      endloop
   endfacet
   facet normal 0.0000 0.8634 0.5045
      outer loop
         vertex -10.4214 16.3868 9.5428
         vertex -9.1413 16.3868 9.5428
         vertex -9.1435 16.3921 9.5302
      endloop
   endfacet
   facet normal 0.0000 0.8940 0.4481
      outer loop
         vertex -10.4214 16.3868 9.5428
         vertex -9.1435 16.3921 9.5302
         vertex -9.1595 16.4249 9.4531
      endloop
   endfacet
   facet normal 0.0000 0.8940 0.4481
      outer loop
         vertex -10.4214 16.3868 9.5428
         vertex -9.1595 16.4249 9.4531
         vertex -10.4112 16.4249 9.4531
      endloop
   endfacet
   facet normal 0.0000 0.9636 -0.2673
      outer loop
         vertex -9.1595 16.4249 7.2469
         vertex -10.4112 16.4249 7.2469
         vertex -10.4098 16.4300 7.2653
      endloop
   endfacet
   facet normal 0.0000 0.9696 -0.2448
      outer loop
         vertex -9.1595 16.4249 7.2469
         vertex -10.4098 16.4300 7.2653
         vertex -10.3961 16.4437 7.3147
      endloop
   endfacet
   facet normal 0.0000 0.9750 -0.2222
      outer loop
         vertex -9.1595 16.4249 7.2469
         vertex -10.3961 16.4437 7.3147
         vertex -9.1756 16.4437 7.3147
      endloop
   endfacet
   facet normal 0.0000 0.9696 -0.2448
      outer loop
         vertex -9.1595 16.4249 7.2469
         vertex -9.1756 16.4437 7.3147
         vertex -9.1619 16.4300 7.2653
      endloop
   endfacet
   facet normal 0.0000 0.9205 -0.3908
      outer loop
         vertex -10.4112 16.4249 7.2469
         vertex -9.1595 16.4249 7.2469
         vertex -9.1435 16.3921 7.1698
      endloop
   endfacet
   facet normal 0.0000 0.8940 -0.4481
      outer loop
         vertex -10.4112 16.4249 7.2469
         vertex -9.1435 16.3921 7.1698
         vertex -9.1413 16.3868 7.1572
      endloop
   endfacet
   facet normal 0.0000 0.8634 -0.5045
      outer loop
         vertex -10.4112 16.4249 7.2469
         vertex -9.1413 16.3868 7.1572
         vertex -10.4214 16.3868 7.1572
      endloop
   endfacet
   facet normal -0.9071 0.4210 0.0000
      outer loop
         vertex -10.4098 16.4300 9.4347
         vertex -10.4098 16.4300 7.2653
         vertex -10.4112 16.4249 7.2469
      endloop
   endfacet
   facet normal -0.9405 0.3399 0.0000
      outer loop
         vertex -10.4098 16.4300 9.4347
         vertex -10.4112 16.4249 7.2469
         vertex -10.4214 16.3868 7.1572
      endloop
   endfacet
   facet normal -0.9405 0.3399 0.0000
      outer loop
         vertex -10.4098 16.4300 9.4347
         vertex -10.4214 16.3868 7.1572
         vertex -10.4500 16.2800 7.0504
      endloop
   endfacet
   facet normal -0.9405 0.3399 0.0000
      outer loop
         vertex -10.4098 16.4300 9.4347
         vertex -10.4500 16.2800 7.0504
         vertex -10.4500 16.2800 9.6496
      endloop
   endfacet
   facet normal -0.9405 0.3399 0.0000
      outer loop
         vertex -10.4098 16.4300 9.4347
         vertex -10.4500 16.2800 9.6496
         vertex -10.4214 16.3868 9.5428
      endloop
   endfacet
   facet normal -0.9405 0.3399 0.0000
      outer loop
         vertex -10.4098 16.4300 9.4347
         vertex -10.4214 16.3868 9.5428
         vertex -10.4112 16.4249 9.4531
      endloop
   endfacet
   facet normal 0.4210 0.9071 0.0000
      outer loop
         vertex -9.2717 16.5398 8.6553
         vertex -9.2717 16.5398 8.0447
         vertex -9.4217 16.5800 8.3500
      endloop
   endfacet
   facet normal 0.7806 0.6250 0.0000
      outer loop
         vertex -9.1619 16.4300 9.4347
         vertex -9.1619 16.4300 7.2653
         vertex -9.1756 16.4437 7.3147
      endloop
   endfacet
   facet normal 0.6856 0.7280 0.0000
      outer loop
         vertex -9.1619 16.4300 9.4347
         vertex -9.1756 16.4437 7.3147
         vertex -9.2717 16.5398 8.0447
      endloop
   endfacet
   facet normal 0.6188 0.7855 0.0000
      outer loop
         vertex -9.1619 16.4300 9.4347
         vertex -9.2717 16.5398 8.0447
         vertex -9.2717 16.5398 8.6553
      endloop
   endfacet
   facet normal 0.6856 0.7280 0.0000
      outer loop
         vertex -9.1619 16.4300 9.4347
         vertex -9.2717 16.5398 8.6553
         vertex -9.1756 16.4437 9.3853
      endloop
   endfacet
   facet normal 0.0000 0.9843 0.1765
      outer loop
         vertex -10.3961 16.4437 9.3853
         vertex -9.1756 16.4437 9.3853
         vertex -9.2717 16.5398 8.6553
      endloop
   endfacet
   facet normal 0.0000 0.9939 0.1106
      outer loop
         vertex -10.3961 16.4437 9.3853
         vertex -9.2717 16.5398 8.6553
         vertex -9.4217 16.5800 8.3500
      endloop
   endfacet
   facet normal 0.0000 0.9978 0.0670
      outer loop
         vertex -10.3961 16.4437 9.3853
         vertex -9.4217 16.5800 8.3500
         vertex -10.1500 16.5800 8.3500
      endloop
   endfacet
   facet normal 0.0000 0.9939 0.1106
      outer loop
         vertex -10.3961 16.4437 9.3853
         vertex -10.1500 16.5800 8.3500
         vertex -10.3000 16.5398 8.6553
      endloop
   endfacet
   facet normal 0.0000 0.9843 -0.1765
      outer loop
         vertex -9.1756 16.4437 7.3147
         vertex -10.3961 16.4437 7.3147
         vertex -10.3000 16.5398 8.0447
      endloop
   endfacet
   facet normal 0.0000 0.9939 -0.1106
      outer loop
         vertex -9.1756 16.4437 7.3147
         vertex -10.3000 16.5398 8.0447
         vertex -10.1500 16.5800 8.3500
      endloop
   endfacet
   facet normal 0.0000 0.9978 -0.0670
      outer loop
         vertex -9.1756 16.4437 7.3147
         vertex -10.1500 16.5800 8.3500
         vertex -9.4217 16.5800 8.3500
      endloop
   endfacet
   facet normal 0.0000 0.9939 -0.1106
      outer loop
         vertex -9.1756 16.4437 7.3147
         vertex -9.4217 16.5800 8.3500
         vertex -9.2717 16.5398 8.0447
      endloop
   endfacet
   facet normal -0.8181 0.5751 0.0000
      outer loop
         vertex -10.4098 16.4300 7.2653
         vertex -10.4098 16.4300 9.4347
         vertex -10.3961 16.4437 9.3853
      endloop
   endfacet
   facet normal -0.7071 0.7071 0.0000
      outer loop
         vertex -10.4098 16.4300 7.2653
         vertex -10.3961 16.4437 9.3853
         vertex -10.3000 16.5398 8.6553
      endloop
   endfacet
   facet normal -0.6414 0.7672 0.0000
      outer loop
         vertex -10.4098 16.4300 7.2653
         vertex -10.3000 16.5398 8.6553
         vertex -10.3000 16.5398 8.0447
      endloop
   endfacet
   facet normal -0.7071 0.7071 0.0000
      outer loop
         vertex -10.4098 16.4300 7.2653
         vertex -10.3000 16.5398 8.0447
         vertex -10.3961 16.4437 7.3147
      endloop
   endfacet
   facet normal -0.4210 0.9071 0.0000
      outer loop
         vertex -10.3000 16.5398 8.0447
         vertex -10.3000 16.5398 8.6553
         vertex -10.1500 16.5800 8.3500
      endloop
   endfacet
   facet normal -1.0000 0.0000 0.0000
      outer loop
         vertex -10.4500 7.2500 10.5500
         vertex -10.4500 10.9070 13.1500
         vertex -10.4500 10.9070 10.5500
      endloop
   endfacet
   facet normal -1.0000 0.0000 0.0000
      outer loop
         vertex -10.4500 10.9070 10.5500
         vertex -10.4500 10.9070 13.1500
         vertex -10.4500 16.2796 13.1500
      endloop
   endfacet
   facet normal -1.0000 0.0000 0.0000
      outer loop
         vertex -10.4500 10.9070 10.5500
         vertex -10.4500 16.2796 13.1500
         vertex -10.4500 16.2796 10.5500
      endloop
   endfacet
   facet normal -1.0000 0.0000 0.0000
      outer loop
         vertex -10.4500 16.2796 10.5500
         vertex -10.4500 16.2796 13.1500
         vertex -10.4500 16.2800 13.1496
      endloop
   endfacet
   facet normal -1.0000 0.0000 0.0000
      outer loop
         vertex -10.4500 16.2796 10.5500
         vertex -10.4500 16.2800 13.1496
         vertex -10.4500 16.2800 10.5504
      endloop
   endfacet
   facet normal -1.0000 0.0000 0.0000
      outer loop
         vertex -10.4500 10.9070 13.1500
         vertex -10.4500 7.2500 10.5500
         vertex -10.4500 7.2500 13.1500
      endloop
   endfacet
   facet normal 0.0000 0.7503 0.6611
      outer loop
         vertex -9.0981 16.2796 13.1500
         vertex -9.1413 16.3868 13.0428
         vertex -10.4500 16.2800 13.1496
      endloop
   endfacet
   facet normal 0.0000 0.7071 0.7071
      outer loop
         vertex -9.0981 16.2796 13.1500
         vertex -10.4500 16.2800 13.1496
         vertex -10.4500 16.2796 13.1500
      endloop
   endfacet
   facet normal 0.0000 0.6653 0.7466
      outer loop
         vertex -9.0981 16.2796 13.1500
         vertex -10.4500 16.2796 13.1500
         vertex -10.4500 16.2404 13.1892
      endloop
   endfacet
   facet normal 0.0000 0.6207 0.7840
      outer loop
         vertex -9.0981 16.2796 13.1500
         vertex -10.4500 16.2404 13.1892
         vertex -9.0823 16.2404 13.1892
      endloop
   endfacet
   facet normal 0.0000 0.7911 0.6116
      outer loop
         vertex -10.4500 16.2800 13.1496
         vertex -9.1413 16.3868 13.0428
         vertex -10.4214 16.3868 13.0428
      endloop
   endfacet
   facet normal 0.0000 0.7911 -0.6116
      outer loop
         vertex -10.4214 16.3868 10.6572
         vertex -9.1413 16.3868 10.6572
         vertex -10.4500 16.2800 10.5504
      endloop
   endfacet
   facet normal 0.0000 0.7503 -0.6611
      outer loop
         vertex -10.4500 16.2800 10.5504
         vertex -9.1413 16.3868 10.6572
         vertex -9.0981 16.2796 10.5500
      endloop
   endfacet
   facet normal 0.0000 0.7071 -0.7071
      outer loop
         vertex -10.4500 16.2800 10.5504
         vertex -9.0981 16.2796 10.5500
         vertex -10.4500 16.2796 10.5500
      endloop
   endfacet
   facet normal 0.0000 0.6653 -0.7466
      outer loop
         vertex -10.4500 16.2796 10.5500
         vertex -9.0981 16.2796 10.5500
         vertex -9.0823 16.2404 10.5108
      endloop
   endfacet
   facet normal 0.0000 0.6207 -0.7840
      outer loop
         vertex -10.4500 16.2796 10.5500
         vertex -9.0823 16.2404 10.5108
         vertex -10.4500 16.2404 10.5108
      endloop
   endfacet
   facet normal 0.8454 0.5342 0.0000
      outer loop
         vertex -9.1619 16.4300 10.7653
         vertex -9.1619 16.4300 12.9347
         vertex -9.1595 16.4249 12.9531
      endloop
   endfacet
   facet normal 0.8737 0.4865 0.0000
      outer loop
         vertex -9.1619 16.4300 10.7653
         vertex -9.1595 16.4249 12.9531
         vertex -9.1435 16.3921 13.0302
      endloop
   endfacet
   facet normal 0.8737 0.4865 0.0000
      outer loop
         vertex -9.1619 16.4300 10.7653
         vertex -9.1435 16.3921 13.0302
         vertex -9.1435 16.3921 10.6698
      endloop
   endfacet
   facet normal 0.8737 0.4865 0.0000
      outer loop
         vertex -9.1619 16.4300 10.7653
         vertex -9.1435 16.3921 10.6698
         vertex -9.1595 16.4249 10.7469
      endloop
   endfacet
   facet normal 0.9275 0.3738 0.0000
      outer loop
         vertex -9.1435 16.3921 10.6698
         vertex -9.1435 16.3921 13.0302
         vertex -9.1413 16.3868 13.0428
      endloop
   endfacet
   facet normal 0.9275 0.3738 0.0000
      outer loop
         vertex -9.1435 16.3921 10.6698
         vertex -9.1413 16.3868 13.0428
         vertex -9.0981 16.2796 13.1500
      endloop
   endfacet
   facet normal 0.9275 0.3738 0.0000
      outer loop
         vertex -9.1435 16.3921 10.6698
         vertex -9.0981 16.2796 13.1500
         vertex -8.1862 14.0169 13.1500
      endloop
   endfacet
   facet normal 0.9275 0.3738 0.0000
      outer loop
         vertex -9.1435 16.3921 10.6698
         vertex -8.1862 14.0169 13.1500
         vertex -8.1862 14.0169 10.5500
      endloop
   endfacet
   facet normal 0.9275 0.3738 0.0000
      outer loop
         vertex -9.1435 16.3921 10.6698
         vertex -8.1862 14.0169 10.5500
         vertex -9.0981 16.2796 10.5500
      endloop
   endfacet
   facet normal 0.9275 0.3738 0.0000
      outer loop
         vertex -9.1435 16.3921 10.6698
         vertex -9.0981 16.2796 10.5500
         vertex -9.1413 16.3868 10.6572
      endloop
   endfacet
   facet normal 0.0000 0.9636 0.2673
      outer loop
         vertex -10.4112 16.4249 12.9531
         vertex -9.1595 16.4249 12.9531
         vertex -9.1619 16.4300 12.9347
      endloop
   endfacet
   facet normal 0.0000 0.9696 0.2448
      outer loop
         vertex -10.4112 16.4249 12.9531
         vertex -9.1619 16.4300 12.9347
         vertex -9.1756 16.4437 12.8853
      endloop
   endfacet
   facet normal 0.0000 0.9750 0.2222
      outer loop
         vertex -10.4112 16.4249 12.9531
         vertex -9.1756 16.4437 12.8853
         vertex -10.3961 16.4437 12.8853
      endloop
   endfacet
   facet normal 0.0000 0.9696 0.2448
      outer loop
         vertex -10.4112 16.4249 12.9531
         vertex -10.3961 16.4437 12.8853
         vertex -10.4098 16.4300 12.9347
      endloop
   endfacet
   facet normal 0.0000 0.8634 0.5045
      outer loop
         vertex -10.4214 16.3868 13.0428
         vertex -9.1413 16.3868 13.0428
         vertex -9.1435 16.3921 13.0302
      endloop
   endfacet
   facet normal 0.0000 0.8940 0.4481
      outer loop
         vertex -10.4214 16.3868 13.0428
         vertex -9.1435 16.3921 13.0302
         vertex -9.1595 16.4249 12.9531
      endloop
   endfacet
   facet normal 0.0000 0.8940 0.4481
      outer loop
         vertex -10.4214 16.3868 13.0428
         vertex -9.1595 16.4249 12.9531
         vertex -10.4112 16.4249 12.9531
      endloop
   endfacet
   facet normal 0.0000 0.9636 -0.2673
      outer loop
         vertex -9.1595 16.4249 10.7469
         vertex -10.4112 16.4249 10.7469
         vertex -10.4098 16.4300 10.7653
      endloop
   endfacet
   facet normal 0.0000 0.9696 -0.2448
      outer loop
         vertex -9.1595 16.4249 10.7469
         vertex -10.4098 16.4300 10.7653
         vertex -10.3961 16.4437 10.8147
      endloop
   endfacet
   facet normal 0.0000 0.9750 -0.2222
      outer loop
         vertex -9.1595 16.4249 10.7469
         vertex -10.3961 16.4437 10.8147
         vertex -9.1756 16.4437 10.8147
      endloop
   endfacet
   facet normal 0.0000 0.9696 -0.2448
      outer loop
         vertex -9.1595 16.4249 10.7469
         vertex -9.1756 16.4437 10.8147
         vertex -9.1619 16.4300 10.7653
      endloop
   endfacet
   facet normal 0.0000 0.9205 -0.3908
      outer loop
         vertex -10.4112 16.4249 10.7469
         vertex -9.1595 16.4249 10.7469
         vertex -9.1435 16.3921 10.6698
      endloop
   endfacet
   facet normal 0.0000 0.8940 -0.4481
      outer loop
         vertex -10.4112 16.4249 10.7469
         vertex -9.1435 16.3921 10.6698
         vertex -9.1413 16.3868 10.6572
      endloop
   endfacet
   facet normal 0.0000 0.8634 -0.5045
      outer loop
         vertex -10.4112 16.4249 10.7469
         vertex -9.1413 16.3868 10.6572
         vertex -10.4214 16.3868 10.6572
      endloop
   endfacet
   facet normal -0.9071 0.4210 0.0000
      outer loop
         vertex -10.4098 16.4300 12.9347
         vertex -10.4098 16.4300 10.7653
         vertex -10.4112 16.4249 10.7469
      endloop
   endfacet
   facet normal -0.9405 0.3399 0.0000
      outer loop
         vertex -10.4098 16.4300 12.9347
         vertex -10.4112 16.4249 10.7469
         vertex -10.4214 16.3868 10.6572
      endloop
   endfacet
   facet normal -0.9405 0.3399 0.0000
      outer loop
         vertex -10.4098 16.4300 12.9347
         vertex -10.4214 16.3868 10.6572
         vertex -10.4500 16.2800 10.5504
      endloop
   endfacet
   facet normal -0.9405 0.3399 0.0000
      outer loop
         vertex -10.4098 16.4300 12.9347
         vertex -10.4500 16.2800 10.5504
         vertex -10.4500 16.2800 13.1496
      endloop
   endfacet
   facet normal -0.9405 0.3399 0.0000
      outer loop
         vertex -10.4098 16.4300 12.9347
         vertex -10.4500 16.2800 13.1496
         vertex -10.4214 16.3868 13.0428
      endloop
   endfacet
   facet normal -0.9405 0.3399 0.0000
      outer loop
         vertex -10.4098 16.4300 12.9347
         vertex -10.4214 16.3868 13.0428
         vertex -10.4112 16.4249 12.9531
      endloop
   endfacet
   facet normal 0.4210 0.9071 0.0000
      outer loop
         vertex -9.2717 16.5398 12.1553
         vertex -9.2717 16.5398 11.5447
         vertex -9.4217 16.5800 11.8500
      endloop
   endfacet
   facet normal 0.7806 0.6250 0.0000
      outer loop
         vertex -9.1619 16.4300 12.9347
         vertex -9.1619 16.4300 10.7653
         vertex -9.1756 16.4437 10.8147
      endloop
   endfacet
   facet normal 0.6856 0.7280 0.0000
      outer loop
         vertex -9.1619 16.4300 12.9347
         vertex -9.1756 16.4437 10.8147
         vertex -9.2717 16.5398 11.5447
      endloop
   endfacet
   facet normal 0.6188 0.7855 0.0000
      outer loop
         vertex -9.1619 16.4300 12.9347
         vertex -9.2717 16.5398 11.5447
         vertex -9.2717 16.5398 12.1553
      endloop
   endfacet
   facet normal 0.6856 0.7280 0.0000
      outer loop
         vertex -9.1619 16.4300 12.9347
         vertex -9.2717 16.5398 12.1553
         vertex -9.1756 16.4437 12.8853
      endloop
   endfacet
   facet normal 0.0000 0.9843 0.1765
      outer loop
         vertex -10.3961 16.4437 12.8853
         vertex -9.1756 16.4437 12.8853
         vertex -9.2717 16.5398 12.1553
      endloop
   endfacet
   facet normal 0.0000 0.9939 0.1106
      outer loop
         vertex -10.3961 16.4437 12.8853
         vertex -9.2717 16.5398 12.1553
         vertex -9.4217 16.5800 11.8500
      endloop
   endfacet
   facet normal 0.0000 0.9978 0.0670
      outer loop
         vertex -10.3961 16.4437 12.8853
         vertex -9.4217 16.5800 11.8500
         vertex -10.1500 16.5800 11.8500
      endloop
   endfacet
   facet normal 0.0000 0.9939 0.1106
      outer loop
         vertex -10.3961 16.4437 12.8853
         vertex -10.1500 16.5800 11.8500
         vertex -10.3000 16.5398 12.1553
      endloop
   endfacet
   facet normal 0.0000 0.9843 -0.1765
      outer loop
         vertex -9.1756 16.4437 10.8147
         vertex -10.3961 16.4437 10.8147
         vertex -10.3000 16.5398 11.5447
      endloop
   endfacet
   facet normal 0.0000 0.9939 -0.1106
      outer loop
         vertex -9.1756 16.4437 10.8147
         vertex -10.3000 16.5398 11.5447
         vertex -10.1500 16.5800 11.8500
      endloop
   endfacet
   facet normal 0.0000 0.9978 -0.0670
      outer loop
         vertex -9.1756 16.4437 10.8147
         vertex -10.1500 16.5800 11.8500
         vertex -9.4217 16.5800 11.8500
      endloop
   endfacet
   facet normal 0.0000 0.9939 -0.1106
      outer loop
         vertex -9.1756 16.4437 10.8147
         vertex -9.4217 16.5800 11.8500
         vertex -9.2717 16.5398 11.5447
      endloop
   endfacet
   facet normal -0.8181 0.5751 0.0000
      outer loop
         vertex -10.4098 16.4300 10.7653
         vertex -10.4098 16.4300 12.9347
         vertex -10.3961 16.4437 12.8853
      endloop
   endfacet
   facet normal -0.7071 0.7071 0.0000
      outer loop
         vertex -10.4098 16.4300 10.7653
         vertex -10.3961 16.4437 12.8853
         vertex -10.3000 16.5398 12.1553
      endloop
   endfacet
   facet normal -0.6414 0.7672 0.0000
      outer loop
         vertex -10.4098 16.4300 10.7653
         vertex -10.3000 16.5398 12.1553
         vertex -10.3000 16.5398 11.5447
      endloop
   endfacet
   facet normal -0.7071 0.7071 0.0000
      outer loop
         vertex -10.4098 16.4300 10.7653
         vertex -10.3000 16.5398 11.5447
         vertex -10.3961 16.4437 10.8147
      endloop
   endfacet
   facet normal -0.4210 0.9071 0.0000
      outer loop
         vertex -10.1500 16.5800 11.8500
         vertex -10.3000 16.5398 11.5447
         vertex -10.3000 16.5398 12.1553
      endloop
   endfacet
   facet normal -1.0000 0.0000 0.0000
      outer loop
         vertex -10.4500 10.9070 13.4000
         vertex -10.4500 15.1500 13.4000
         vertex -10.4500 15.9265 13.2978
      endloop
   endfacet
   facet normal -1.0000 0.0000 0.0000
      outer loop
         vertex -10.4500 10.9070 13.4000
         vertex -10.4500 15.9265 13.2978
         vertex -10.4500 16.1774 13.2186
      endloop
   endfacet
   facet normal -1.0000 0.0000 0.0000
      outer loop
         vertex -10.4500 10.9070 13.4000
         vertex -10.4500 16.1774 13.2186
         vertex -10.4500 16.2404 13.1892
      endloop
   endfacet
   facet normal -1.0000 0.0000 0.0000
      outer loop
         vertex -10.4500 10.9070 13.4000
         vertex -10.4500 16.2404 13.1892
         vertex -10.4500 16.2796 13.1500
      endloop
   endfacet
   facet normal -1.0000 0.0000 0.0000
      outer loop
         vertex -10.4500 10.9070 13.4000
         vertex -10.4500 16.2796 13.1500
         vertex -10.4500 10.9070 13.1500
      endloop
   endfacet
   facet normal 0.0000 0.4742 0.8804
      outer loop
         vertex -10.4500 16.1774 13.2186
         vertex -9.0569 16.1774 13.2186
         vertex -9.0823 16.2404 13.1892
      endloop
   endfacet
   facet normal 0.0000 0.5247 0.8513
      outer loop
         vertex -10.4500 16.1774 13.2186
         vertex -9.0823 16.2404 13.1892
         vertex -10.4500 16.2404 13.1892
      endloop
   endfacet
   facet normal 0.0000 0.2731 0.9620
      outer loop
         vertex -9.0569 16.1774 13.2186
         vertex -10.4500 16.1774 13.2186
         vertex -10.4500 15.9265 13.2978
      endloop
   endfacet
   facet normal 0.0000 0.2450 0.9695
      outer loop
         vertex -9.0569 16.1774 13.2186
         vertex -10.4500 15.9265 13.2978
         vertex -8.9558 15.9265 13.2978
      endloop
   endfacet
   facet normal 0.0000 0.1593 0.9872
      outer loop
         vertex -10.4500 15.1500 13.4000
         vertex -8.6429 15.1500 13.4000
         vertex -8.9558 15.9265 13.2978
      endloop
   endfacet
   facet normal 0.0000 0.1880 0.9822
      outer loop
         vertex -10.4500 15.1500 13.4000
         vertex -8.9558 15.9265 13.2978
         vertex -10.4500 15.9265 13.2978
      endloop
   endfacet
   facet normal 0.9275 0.3738 0.0000
      outer loop
         vertex -8.6429 15.1500 13.4000
         vertex -8.1862 14.0169 13.4000
         vertex -8.1862 14.0169 13.1500
      endloop
   endfacet
   facet normal 0.9275 0.3738 0.0000
      outer loop
         vertex -8.6429 15.1500 13.4000
         vertex -8.1862 14.0169 13.1500
         vertex -9.0981 16.2796 13.1500
      endloop
   endfacet
   facet normal 0.9275 0.3738 0.0000
      outer loop
         vertex -8.6429 15.1500 13.4000
         vertex -9.0981 16.2796 13.1500
         vertex -9.0823 16.2404 13.1892
      endloop
   endfacet
   facet normal 0.9275 0.3738 0.0000
      outer loop
         vertex -8.6429 15.1500 13.4000
         vertex -9.0823 16.2404 13.1892
         vertex -9.0569 16.1774 13.2186
      endloop
   endfacet
   facet normal 0.9275 0.3738 0.0000
      outer loop
         vertex -8.6429 15.1500 13.4000
         vertex -9.0569 16.1774 13.2186
         vertex -8.9558 15.9265 13.2978
      endloop
   endfacet
   facet normal -1.0000 0.0000 0.0000
      outer loop
         vertex -10.4500 10.9070 9.9000
         vertex -10.4500 15.1500 9.9000
         vertex -10.4500 15.9265 9.7978
      endloop
   endfacet
   facet normal -1.0000 0.0000 0.0000
      outer loop
         vertex -10.4500 10.9070 9.9000
         vertex -10.4500 15.9265 9.7978
         vertex -10.4500 16.1774 9.7186
      endloop
   endfacet
   facet normal -1.0000 0.0000 0.0000
      outer loop
         vertex -10.4500 10.9070 9.9000
         vertex -10.4500 16.1774 9.7186
         vertex -10.4500 16.2404 9.6892
      endloop
   endfacet
   facet normal -1.0000 0.0000 0.0000
      outer loop
         vertex -10.4500 10.9070 9.9000
         vertex -10.4500 16.2404 9.6892
         vertex -10.4500 16.2796 9.6500
      endloop
   endfacet
   facet normal -1.0000 0.0000 0.0000
      outer loop
         vertex -10.4500 10.9070 9.9000
         vertex -10.4500 16.2796 9.6500
         vertex -10.4500 10.9070 9.6500
      endloop
   endfacet
   facet normal 0.0000 0.4742 0.8804
      outer loop
         vertex -10.4500 16.1774 9.7186
         vertex -9.0569 16.1774 9.7186
         vertex -9.0823 16.2404 9.6892
      endloop
   endfacet
   facet normal 0.0000 0.5247 0.8513
      outer loop
         vertex -10.4500 16.1774 9.7186
         vertex -9.0823 16.2404 9.6892
         vertex -10.4500 16.2404 9.6892
      endloop
   endfacet
   facet normal 0.0000 0.2731 0.9620
      outer loop
         vertex -9.0569 16.1774 9.7186
         vertex -10.4500 16.1774 9.7186
         vertex -10.4500 15.9265 9.7978
      endloop
   endfacet
   facet normal 0.0000 0.2450 0.9695
      outer loop
         vertex -9.0569 16.1774 9.7186
         vertex -10.4500 15.9265 9.7978
         vertex -8.9558 15.9265 9.7978
      endloop
   endfacet
   facet normal 0.0000 0.1593 0.9872
      outer loop
         vertex -10.4500 15.1500 9.9000
         vertex -8.6429 15.1500 9.9000
         vertex -8.9558 15.9265 9.7978
      endloop
   endfacet
   facet normal 0.0000 0.1880 0.9822
      outer loop
         vertex -10.4500 15.1500 9.9000
         vertex -8.9558 15.9265 9.7978
         vertex -10.4500 15.9265 9.7978
      endloop
   endfacet
   facet normal 0.9275 0.3738 0.0000
      outer loop
         vertex -8.6429 15.1500 9.9000
         vertex -8.1862 14.0169 9.9000
         vertex -8.1862 14.0169 9.6500
      endloop
   endfacet
   facet normal 0.9275 0.3738 0.0000
      outer loop
         vertex -8.6429 15.1500 9.9000
         vertex -8.1862 14.0169 9.6500
         vertex -9.0981 16.2796 9.6500
      endloop
   endfacet
   facet normal 0.9275 0.3738 0.0000
      outer loop
         vertex -8.6429 15.1500 9.9000
         vertex -9.0981 16.2796 9.6500
         vertex -9.0823 16.2404 9.6892
      endloop
   endfacet
   facet normal 0.9275 0.3738 0.0000
      outer loop
         vertex -8.6429 15.1500 9.9000
         vertex -9.0823 16.2404 9.6892
         vertex -9.0569 16.1774 9.7186
      endloop
   endfacet
   facet normal 0.9275 0.3738 0.0000
      outer loop
         vertex -8.6429 15.1500 9.9000
         vertex -9.0569 16.1774 9.7186
         vertex -8.9558 15.9265 9.7978
      endloop
   endfacet
   facet normal -1.0000 0.0000 0.0000
      outer loop
         vertex -10.4500 10.9070 10.5500
         vertex -10.4500 16.2796 10.5500
         vertex -10.4500 16.2404 10.5108
      endloop
   endfacet
   facet normal -1.0000 0.0000 0.0000
      outer loop
         vertex -10.4500 10.9070 10.5500
         vertex -10.4500 16.2404 10.5108
         vertex -10.4500 16.1774 10.4814
      endloop
   endfacet
   facet normal -1.0000 0.0000 0.0000
      outer loop
         vertex -10.4500 10.9070 10.5500
         vertex -10.4500 16.1774 10.4814
         vertex -10.4500 15.9265 10.4022
      endloop
   endfacet
   facet normal -1.0000 0.0000 0.0000
      outer loop
         vertex -10.4500 10.9070 10.5500
         vertex -10.4500 15.9265 10.4022
         vertex -10.4500 15.1500 10.3000
      endloop
   endfacet
   facet normal -1.0000 0.0000 0.0000
      outer loop
         vertex -10.4500 10.9070 10.5500
         vertex -10.4500 15.1500 10.3000
         vertex -10.4500 10.9070 10.3000
      endloop
   endfacet
   facet normal 0.0000 0.1593 -0.9872
      outer loop
         vertex -8.6429 15.1500 10.3000
         vertex -10.4500 15.1500 10.3000
         vertex -10.4500 15.9265 10.4022
      endloop
   endfacet
   facet normal 0.0000 0.1880 -0.9822
      outer loop
         vertex -8.6429 15.1500 10.3000
         vertex -10.4500 15.9265 10.4022
         vertex -8.9558 15.9265 10.4022
      endloop
   endfacet
   facet normal 0.0000 0.2450 -0.9695
      outer loop
         vertex -8.9558 15.9265 10.4022
         vertex -10.4500 15.9265 10.4022
         vertex -10.4500 16.1774 10.4814
      endloop
   endfacet
   facet normal 0.0000 0.2731 -0.9620
      outer loop
         vertex -8.9558 15.9265 10.4022
         vertex -10.4500 16.1774 10.4814
         vertex -9.0569 16.1774 10.4814
      endloop
   endfacet
   facet normal 0.0000 0.5247 -0.8513
      outer loop
         vertex -10.4500 16.2404 10.5108
         vertex -9.0823 16.2404 10.5108
         vertex -9.0569 16.1774 10.4814
      endloop
   endfacet
   facet normal 0.0000 0.4742 -0.8804
      outer loop
         vertex -10.4500 16.2404 10.5108
         vertex -9.0569 16.1774 10.4814
         vertex -10.4500 16.1774 10.4814
      endloop
   endfacet
   facet normal 0.9275 0.3738 0.0000
      outer loop
         vertex -9.0981 16.2796 10.5500
         vertex -8.1862 14.0169 10.5500
         vertex -8.1862 14.0169 10.3000
      endloop
   endfacet
   facet normal 0.9275 0.3738 0.0000
      outer loop
         vertex -9.0981 16.2796 10.5500
         vertex -8.1862 14.0169 10.3000
         vertex -8.6429 15.1500 10.3000
      endloop
   endfacet
   facet normal 0.9275 0.3738 0.0000
      outer loop
         vertex -9.0981 16.2796 10.5500
         vertex -8.6429 15.1500 10.3000
         vertex -8.9558 15.9265 10.4022
      endloop
   endfacet
   facet normal 0.9275 0.3738 0.0000
      outer loop
         vertex -9.0981 16.2796 10.5500
         vertex -8.9558 15.9265 10.4022
         vertex -9.0569 16.1774 10.4814
      endloop
   endfacet
   facet normal 0.9275 0.3738 0.0000
      outer loop
         vertex -9.0981 16.2796 10.5500
         vertex -9.0569 16.1774 10.4814
         vertex -9.0823 16.2404 10.5108
      endloop
   endfacet
   facet normal -1.0000 0.0000 0.0000
      outer loop
         vertex -10.4500 16.2796 6.1500
         vertex -10.4500 10.9070 6.1500
         vertex -10.4500 10.9070 6.4000
      endloop
   endfacet
   facet normal -1.0000 0.0000 0.0000
      outer loop
         vertex -10.4500 16.2796 6.1500
         vertex -10.4500 10.9070 6.4000
         vertex -10.4500 15.1500 6.4000
      endloop
   endfacet
   facet normal -1.0000 0.0000 0.0000
      outer loop
         vertex -10.4500 16.2796 6.1500
         vertex -10.4500 15.1500 6.4000
         vertex -10.4500 15.9265 6.2978
      endloop
   endfacet
   facet normal -1.0000 0.0000 0.0000
      outer loop
         vertex -10.4500 16.2796 6.1500
         vertex -10.4500 15.9265 6.2978
         vertex -10.4500 16.1774 6.2186
      endloop
   endfacet
   facet normal -1.0000 0.0000 0.0000
      outer loop
         vertex -10.4500 16.2796 6.1500
         vertex -10.4500 16.1774 6.2186
         vertex -10.4500 16.2404 6.1892
      endloop
   endfacet
   facet normal 0.0000 0.4742 0.8804
      outer loop
         vertex -10.4500 16.1774 6.2186
         vertex -9.0569 16.1774 6.2186
         vertex -9.0823 16.2404 6.1892
      endloop
   endfacet
   facet normal 0.0000 0.5247 0.8513
      outer loop
         vertex -10.4500 16.1774 6.2186
         vertex -9.0823 16.2404 6.1892
         vertex -10.4500 16.2404 6.1892
      endloop
   endfacet
   facet normal 0.0000 0.2731 0.9620
      outer loop
         vertex -9.0569 16.1774 6.2186
         vertex -10.4500 16.1774 6.2186
         vertex -10.4500 15.9265 6.2978
      endloop
   endfacet
   facet normal 0.0000 0.2450 0.9695
      outer loop
         vertex -9.0569 16.1774 6.2186
         vertex -10.4500 15.9265 6.2978
         vertex -8.9558 15.9265 6.2978
      endloop
   endfacet
   facet normal 0.0000 0.1593 0.9872
      outer loop
         vertex -10.4500 15.1500 6.4000
         vertex -8.6429 15.1500 6.4000
         vertex -8.9558 15.9265 6.2978
      endloop
   endfacet
   facet normal 0.0000 0.1880 0.9822
      outer loop
         vertex -10.4500 15.1500 6.4000
         vertex -8.9558 15.9265 6.2978
         vertex -10.4500 15.9265 6.2978
      endloop
   endfacet
   facet normal 0.9275 0.3738 0.0000
      outer loop
         vertex -8.6429 15.1500 6.4000
         vertex -8.1862 14.0169 6.4000
         vertex -8.1862 14.0169 6.1500
      endloop
   endfacet
   facet normal 0.9275 0.3738 0.0000
      outer loop
         vertex -8.6429 15.1500 6.4000
         vertex -8.1862 14.0169 6.1500
         vertex -9.0981 16.2796 6.1500
      endloop
   endfacet
   facet normal 0.9275 0.3738 0.0000
      outer loop
         vertex -8.6429 15.1500 6.4000
         vertex -9.0981 16.2796 6.1500
         vertex -9.0823 16.2404 6.1892
      endloop
   endfacet
   facet normal 0.9275 0.3738 0.0000
      outer loop
         vertex -8.6429 15.1500 6.4000
         vertex -9.0823 16.2404 6.1892
         vertex -9.0569 16.1774 6.2186
      endloop
   endfacet
   facet normal 0.9275 0.3738 0.0000
      outer loop
         vertex -8.6429 15.1500 6.4000
         vertex -9.0569 16.1774 6.2186
         vertex -8.9558 15.9265 6.2978
      endloop
   endfacet
   facet normal -1.0000 0.0000 0.0000
      outer loop
         vertex -10.4500 15.1500 6.8000
         vertex -10.4500 10.9070 6.8000
         vertex -10.4500 10.9070 7.0500
      endloop
   endfacet
   facet normal -1.0000 0.0000 0.0000
      outer loop
         vertex -10.4500 15.1500 6.8000
         vertex -10.4500 10.9070 7.0500
         vertex -10.4500 16.2796 7.0500
      endloop
   endfacet
   facet normal -1.0000 0.0000 0.0000
      outer loop
         vertex -10.4500 15.1500 6.8000
         vertex -10.4500 16.2796 7.0500
         vertex -10.4500 16.2404 7.0108
      endloop
   endfacet
   facet normal -1.0000 0.0000 0.0000
      outer loop
         vertex -10.4500 15.1500 6.8000
         vertex -10.4500 16.2404 7.0108
         vertex -10.4500 16.1774 6.9814
      endloop
   endfacet
   facet normal -1.0000 0.0000 0.0000
      outer loop
         vertex -10.4500 15.1500 6.8000
         vertex -10.4500 16.1774 6.9814
         vertex -10.4500 15.9265 6.9022
      endloop
   endfacet
   facet normal 0.0000 0.1593 -0.9872
      outer loop
         vertex -8.6429 15.1500 6.8000
         vertex -10.4500 15.1500 6.8000
         vertex -10.4500 15.9265 6.9022
      endloop
   endfacet
   facet normal 0.0000 0.1880 -0.9822
      outer loop
         vertex -8.6429 15.1500 6.8000
         vertex -10.4500 15.9265 6.9022
         vertex -8.9558 15.9265 6.9022
      endloop
   endfacet
   facet normal 0.0000 0.2731 -0.9620
      outer loop
         vertex -10.4500 16.1774 6.9814
         vertex -9.0569 16.1774 6.9814
         vertex -8.9558 15.9265 6.9022
      endloop
   endfacet
   facet normal 0.0000 0.2450 -0.9695
      outer loop
         vertex -10.4500 16.1774 6.9814
         vertex -8.9558 15.9265 6.9022
         vertex -10.4500 15.9265 6.9022
      endloop
   endfacet
   facet normal 0.0000 0.4742 -0.8804
      outer loop
         vertex -9.0569 16.1774 6.9814
         vertex -10.4500 16.1774 6.9814
         vertex -10.4500 16.2404 7.0108
      endloop
   endfacet
   facet normal 0.0000 0.5247 -0.8513
      outer loop
         vertex -9.0569 16.1774 6.9814
         vertex -10.4500 16.2404 7.0108
         vertex -9.0823 16.2404 7.0108
      endloop
   endfacet
   facet normal 0.9275 0.3738 0.0000
      outer loop
         vertex -8.1862 14.0169 6.8000
         vertex -8.6429 15.1500 6.8000
         vertex -8.9558 15.9265 6.9022
      endloop
   endfacet
   facet normal 0.9275 0.3738 0.0000
      outer loop
         vertex -8.1862 14.0169 6.8000
         vertex -8.9558 15.9265 6.9022
         vertex -9.0569 16.1774 6.9814
      endloop
   endfacet
   facet normal 0.9275 0.3738 0.0000
      outer loop
         vertex -8.1862 14.0169 6.8000
         vertex -9.0569 16.1774 6.9814
         vertex -9.0823 16.2404 7.0108
      endloop
   endfacet
   facet normal 0.9275 0.3738 0.0000
      outer loop
         vertex -8.1862 14.0169 6.8000
         vertex -9.0823 16.2404 7.0108
         vertex -9.0981 16.2796 7.0500
      endloop
   endfacet
   facet normal 0.9275 0.3738 0.0000
      outer loop
         vertex -8.1862 14.0169 6.8000
         vertex -9.0981 16.2796 7.0500
         vertex -8.1862 14.0169 7.0500
      endloop
   endfacet
   facet normal -1.0000 0.0000 0.0000
      outer loop
         vertex -10.4500 16.2796 2.6500
         vertex -10.4500 10.9070 2.6500
         vertex -10.4500 10.9070 2.9000
      endloop
   endfacet
   facet normal -1.0000 0.0000 0.0000
      outer loop
         vertex -10.4500 16.2796 2.6500
         vertex -10.4500 10.9070 2.9000
         vertex -10.4500 15.1500 2.9000
      endloop
   endfacet
   facet normal -1.0000 0.0000 0.0000
      outer loop
         vertex -10.4500 16.2796 2.6500
         vertex -10.4500 15.1500 2.9000
         vertex -10.4500 15.9265 2.7978
      endloop
   endfacet
   facet normal -1.0000 0.0000 0.0000
      outer loop
         vertex -10.4500 16.2796 2.6500
         vertex -10.4500 15.9265 2.7978
         vertex -10.4500 16.1774 2.7186
      endloop
   endfacet
   facet normal -1.0000 0.0000 0.0000
      outer loop
         vertex -10.4500 16.2796 2.6500
         vertex -10.4500 16.1774 2.7186
         vertex -10.4500 16.2404 2.6892
      endloop
   endfacet
   facet normal 0.0000 0.4742 0.8804
      outer loop
         vertex -10.4500 16.1774 2.7186
         vertex -9.0569 16.1774 2.7186
         vertex -9.0823 16.2404 2.6892
      endloop
   endfacet
   facet normal 0.0000 0.5247 0.8513
      outer loop
         vertex -10.4500 16.1774 2.7186
         vertex -9.0823 16.2404 2.6892
         vertex -10.4500 16.2404 2.6892
      endloop
   endfacet
   facet normal 0.0000 0.2731 0.9620
      outer loop
         vertex -9.0569 16.1774 2.7186
         vertex -10.4500 16.1774 2.7186
         vertex -10.4500 15.9265 2.7978
      endloop
   endfacet
   facet normal 0.0000 0.2450 0.9695
      outer loop
         vertex -9.0569 16.1774 2.7186
         vertex -10.4500 15.9265 2.7978
         vertex -8.9558 15.9265 2.7978
      endloop
   endfacet
   facet normal 0.0000 0.1593 0.9872
      outer loop
         vertex -10.4500 15.1500 2.9000
         vertex -8.6429 15.1500 2.9000
         vertex -8.9558 15.9265 2.7978
      endloop
   endfacet
   facet normal 0.0000 0.1880 0.9822
      outer loop
         vertex -10.4500 15.1500 2.9000
         vertex -8.9558 15.9265 2.7978
         vertex -10.4500 15.9265 2.7978
      endloop
   endfacet
   facet normal 0.9275 0.3738 0.0000
      outer loop
         vertex -8.1862 14.0169 2.6500
         vertex -9.0981 16.2796 2.6500
         vertex -9.0823 16.2404 2.6892
      endloop
   endfacet
   facet normal 0.9275 0.3738 0.0000
      outer loop
         vertex -8.1862 14.0169 2.6500
         vertex -9.0823 16.2404 2.6892
         vertex -9.0569 16.1774 2.7186
      endloop
   endfacet
   facet normal 0.9275 0.3738 0.0000
      outer loop
         vertex -8.1862 14.0169 2.6500
         vertex -9.0569 16.1774 2.7186
         vertex -8.9558 15.9265 2.7978
      endloop
   endfacet
   facet normal 0.9275 0.3738 0.0000
      outer loop
         vertex -8.1862 14.0169 2.6500
         vertex -8.9558 15.9265 2.7978
         vertex -8.6429 15.1500 2.9000
      endloop
   endfacet
   facet normal 0.9275 0.3738 0.0000
      outer loop
         vertex -8.1862 14.0169 2.6500
         vertex -8.6429 15.1500 2.9000
         vertex -8.1862 14.0169 2.9000
      endloop
   endfacet
   facet normal -1.0000 0.0000 0.0000
      outer loop
         vertex -10.4500 15.1500 3.3000
         vertex -10.4500 10.9070 3.3000
         vertex -10.4500 10.9070 3.5500
      endloop
   endfacet
   facet normal -1.0000 0.0000 0.0000
      outer loop
         vertex -10.4500 15.1500 3.3000
         vertex -10.4500 10.9070 3.5500
         vertex -10.4500 16.2796 3.5500
      endloop
   endfacet
   facet normal -1.0000 0.0000 0.0000
      outer loop
         vertex -10.4500 15.1500 3.3000
         vertex -10.4500 16.2796 3.5500
         vertex -10.4500 16.2404 3.5108
      endloop
   endfacet
   facet normal -1.0000 0.0000 0.0000
      outer loop
         vertex -10.4500 15.1500 3.3000
         vertex -10.4500 16.2404 3.5108
         vertex -10.4500 16.1774 3.4814
      endloop
   endfacet
   facet normal -1.0000 0.0000 0.0000
      outer loop
         vertex -10.4500 15.1500 3.3000
         vertex -10.4500 16.1774 3.4814
         vertex -10.4500 15.9265 3.4022
      endloop
   endfacet
   facet normal 0.0000 0.1880 -0.9822
      outer loop
         vertex -10.4500 15.9265 3.4022
         vertex -8.9558 15.9265 3.4022
         vertex -8.6429 15.1500 3.3000
      endloop
   endfacet
   facet normal 0.0000 0.1593 -0.9872
      outer loop
         vertex -10.4500 15.9265 3.4022
         vertex -8.6429 15.1500 3.3000
         vertex -10.4500 15.1500 3.3000
      endloop
   endfacet
   facet normal 0.0000 0.2450 -0.9695
      outer loop
         vertex -8.9558 15.9265 3.4022
         vertex -10.4500 15.9265 3.4022
         vertex -10.4500 16.1774 3.4814
      endloop
   endfacet
   facet normal 0.0000 0.2731 -0.9620
      outer loop
         vertex -8.9558 15.9265 3.4022
         vertex -10.4500 16.1774 3.4814
         vertex -9.0569 16.1774 3.4814
      endloop
   endfacet
   facet normal 0.0000 0.4742 -0.8804
      outer loop
         vertex -9.0569 16.1774 3.4814
         vertex -10.4500 16.1774 3.4814
         vertex -10.4500 16.2404 3.5108
      endloop
   endfacet
   facet normal 0.0000 0.5247 -0.8513
      outer loop
         vertex -9.0569 16.1774 3.4814
         vertex -10.4500 16.2404 3.5108
         vertex -9.0823 16.2404 3.5108
      endloop
   endfacet
   facet normal 0.9275 0.3738 0.0000
      outer loop
         vertex -8.1862 14.0169 3.3000
         vertex -8.6429 15.1500 3.3000
         vertex -8.9558 15.9265 3.4022
      endloop
   endfacet
   facet normal 0.9275 0.3738 0.0000
      outer loop
         vertex -8.1862 14.0169 3.3000
         vertex -8.9558 15.9265 3.4022
         vertex -9.0569 16.1774 3.4814
      endloop
   endfacet
   facet normal 0.9275 0.3738 0.0000
      outer loop
         vertex -8.1862 14.0169 3.3000
         vertex -9.0569 16.1774 3.4814
         vertex -9.0823 16.2404 3.5108
      endloop
   endfacet
   facet normal 0.9275 0.3738 0.0000
      outer loop
         vertex -8.1862 14.0169 3.3000
         vertex -9.0823 16.2404 3.5108
         vertex -9.0981 16.2796 3.5500
      endloop
   endfacet
   facet normal 0.9275 0.3738 0.0000
      outer loop
         vertex -8.1862 14.0169 3.3000
         vertex -9.0981 16.2796 3.5500
         vertex -8.1862 14.0169 3.5500
      endloop
   endfacet
   facet normal 0.0000 0.4742 -0.8804
      outer loop
         vertex -9.0569 16.1774 -0.0186
         vertex -10.4500 16.1774 -0.0186
         vertex -10.4500 16.2404 0.0108
      endloop
   endfacet
   facet normal 0.0000 0.5247 -0.8513
      outer loop
         vertex -9.0569 16.1774 -0.0186
         vertex -10.4500 16.2404 0.0108
         vertex -9.0823 16.2404 0.0108
      endloop
   endfacet
   facet normal 0.0000 0.0000 1.0000
      outer loop
         vertex 0.2000 7.4500 14.5000
         vertex 0.2000 8.2500 14.5000
         vertex -0.5500 8.2500 14.5000
      endloop
   endfacet
   facet normal 0.0000 0.0000 1.0000
      outer loop
         vertex 0.2000 7.4500 14.5000
         vertex -0.5500 8.2500 14.5000
         vertex -2.3500 9.1839 14.5000
      endloop
   endfacet
   facet normal 0.0000 0.0000 1.0000
      outer loop
         vertex 0.2000 7.4500 14.5000
         vertex -2.3500 9.1839 14.5000
         vertex -2.3500 7.4500 14.5000
      endloop
   endfacet
   facet normal 1.0000 0.0000 0.0000
      outer loop
         vertex 0.2000 8.2500 14.5000
         vertex 0.2000 7.4500 14.5000
         vertex 0.2000 7.4500 14.0000
      endloop
   endfacet
   facet normal 1.0000 0.0000 0.0000
      outer loop
         vertex 0.2000 8.2500 14.5000
         vertex 0.2000 7.4500 14.0000
         vertex 0.2000 8.2500 14.0000
      endloop
   endfacet
   facet normal 0.4605 0.8876 0.0000
      outer loop
         vertex -0.5500 8.2500 14.0000
         vertex -2.3500 9.1839 14.0000
         vertex -2.3500 9.1839 14.5000
      endloop
   endfacet
   facet normal 0.4605 0.8876 0.0000
      outer loop
         vertex -0.5500 8.2500 14.0000
         vertex -2.3500 9.1839 14.5000
         vertex -0.5500 8.2500 14.5000
      endloop
   endfacet
   facet normal 0.0000 -1.0000 0.0000
      outer loop
         vertex -2.3500 7.4500 14.0000
         vertex 0.2000 7.4500 14.0000
         vertex 0.2000 7.4500 14.5000
      endloop
   endfacet
   facet normal 0.0000 -1.0000 0.0000
      outer loop
         vertex -2.3500 7.4500 14.0000
         vertex 0.2000 7.4500 14.5000
         vertex -2.3500 7.4500 14.5000
      endloop
   endfacet
   facet normal -1.0000 0.0000 0.0000
      outer loop
         vertex -2.3500 9.1839 14.0000
         vertex -2.3500 7.4500 14.0000
         vertex -2.3500 7.4500 14.5000
      endloop
   endfacet
   facet normal -1.0000 0.0000 0.0000
      outer loop
         vertex -2.3500 9.1839 14.0000
         vertex -2.3500 7.4500 14.5000
         vertex -2.3500 9.1839 14.5000
      endloop
   endfacet
   facet normal -0.9851 0.1719 0.0000
      outer loop
         vertex -7.8500 5.4000 14.0000
         vertex -7.8500 5.4000 14.7500
         vertex -7.7897 5.6250 14.7500
      endloop
   endfacet
   facet normal -0.9391 0.3437 0.0000
      outer loop
         vertex -7.8500 5.4000 14.0000
         vertex -7.7897 5.6250 14.7500
         vertex -7.7897 5.6250 14.0000
      endloop
   endfacet
   facet normal -0.6414 -0.7672 0.0000
      outer loop
         vertex -7.6250 5.0103 14.0000
         vertex -7.6250 5.0103 14.7500
         vertex -7.7897 5.1750 14.7500
      endloop
   endfacet
   facet normal -0.7672 -0.6414 0.0000
      outer loop
         vertex -7.6250 5.0103 14.0000
         vertex -7.7897 5.1750 14.7500
         vertex -7.7897 5.1750 14.0000
      endloop
   endfacet
   facet normal -0.9851 -0.1719 0.0000
      outer loop
         vertex -7.8500 5.4000 14.7500
         vertex -7.8500 5.4000 14.0000
         vertex -7.7897 5.1750 14.0000
      endloop
   endfacet
   facet normal -0.9391 -0.3437 0.0000
      outer loop
         vertex -7.8500 5.4000 14.7500
         vertex -7.7897 5.1750 14.0000
         vertex -7.7897 5.1750 14.7500
      endloop
   endfacet
   facet normal 0.6414 -0.7672 0.0000
      outer loop
         vertex -7.1750 5.0103 14.7500
         vertex -7.1750 5.0103 14.0000
         vertex -7.0103 5.1750 14.0000
      endloop
   endfacet
   facet normal 0.7672 -0.6414 0.0000
      outer loop
         vertex -7.1750 5.0103 14.7500
         vertex -7.0103 5.1750 14.0000
         vertex -7.0103 5.1750 14.7500
      endloop
   endfacet
   facet normal 0.3437 -0.9391 0.0000
      outer loop
         vertex -7.1750 5.0103 14.0000
         vertex -7.1750 5.0103 14.7500
         vertex -7.4000 4.9500 14.7500
      endloop
   endfacet
   facet normal 0.1719 -0.9851 0.0000
      outer loop
         vertex -7.1750 5.0103 14.0000
         vertex -7.4000 4.9500 14.7500
         vertex -7.4000 4.9500 14.0000
      endloop
   endfacet
   facet normal -0.3437 -0.9391 0.0000
      outer loop
         vertex -7.6250 5.0103 14.7500
         vertex -7.6250 5.0103 14.0000
         vertex -7.4000 4.9500 14.0000
      endloop
   endfacet
   facet normal -0.1719 -0.9851 0.0000
      outer loop
         vertex -7.6250 5.0103 14.7500
         vertex -7.4000 4.9500 14.0000
         vertex -7.4000 4.9500 14.7500
      endloop
   endfacet
   facet normal -0.9472 0.3205 0.0000
      outer loop
         vertex -5.8500 4.2494 14.0000
         vertex -5.8500 4.2494 14.5500
         vertex -5.6356 5.0494 14.5500
      endloop
   endfacet
   facet normal -0.9242 0.3820 0.0000
      outer loop
         vertex -5.8500 4.2494 14.0000
         vertex -5.6356 5.0494 14.5500
         vertex -5.6356 5.0494 14.0000
      endloop
   endfacet
   facet normal 0.3399 -0.9405 0.0000
      outer loop
         vertex -5.3500 3.4500 14.5500
         vertex -5.3500 3.4500 14.0000
         vertex -5.1000 3.5170 14.0000
      endloop
   endfacet
   facet normal 0.4210 -0.9071 0.0000
      outer loop
         vertex -5.3500 3.4500 14.5500
         vertex -5.1000 3.5170 14.0000
         vertex -5.1000 3.5170 14.5500
      endloop
   endfacet
   facet normal 0.0000 -1.0000 0.0000
      outer loop
         vertex -5.3500 3.4500 14.0000
         vertex -5.3500 3.4500 14.5500
         vertex -5.8500 3.4500 14.5500
      endloop
   endfacet
   facet normal 0.0000 -1.0000 0.0000
      outer loop
         vertex -5.3500 3.4500 14.0000
         vertex -5.8500 3.4500 14.5500
         vertex -5.8500 3.4500 14.0000
      endloop
   endfacet
   facet normal -1.0000 0.0000 0.0000
      outer loop
         vertex -5.8500 3.4500 14.0000
         vertex -5.8500 3.4500 14.5500
         vertex -5.8500 4.2494 14.5500
      endloop
   endfacet
   facet normal -1.0000 0.0000 0.0000
      outer loop
         vertex -5.8500 3.4500 14.0000
         vertex -5.8500 4.2494 14.5500
         vertex -5.8500 4.2494 14.0000
      endloop
   endfacet
   facet normal 0.9405 -0.3399 0.0000
      outer loop
         vertex -4.9170 3.7000 14.0000
         vertex -4.8500 3.9500 14.0000
         vertex -4.8500 3.9500 14.5500
      endloop
   endfacet
   facet normal 0.9071 -0.4210 0.0000
      outer loop
         vertex -4.9170 3.7000 14.0000
         vertex -4.8500 3.9500 14.5500
         vertex -4.9170 3.7000 14.5500
      endloop
   endfacet
   facet normal 0.7672 -0.6414 0.0000
      outer loop
         vertex -4.9170 3.7000 14.0000
         vertex -4.9170 3.7000 14.5500
         vertex -5.1000 3.5170 14.5500
      endloop
   endfacet
   facet normal 0.6414 -0.7672 0.0000
      outer loop
         vertex -4.9170 3.7000 14.0000
         vertex -5.1000 3.5170 14.5500
         vertex -5.1000 3.5170 14.0000
      endloop
   endfacet
   facet normal -0.6414 0.7672 0.0000
      outer loop
         vertex -7.6250 5.7897 14.7500
         vertex -7.6250 5.7897 14.0000
         vertex -7.7897 5.6250 14.0000
      endloop
   endfacet
   facet normal -0.7672 0.6414 0.0000
      outer loop
         vertex -7.6250 5.7897 14.7500
         vertex -7.7897 5.6250 14.0000
         vertex -7.7897 5.6250 14.7500
      endloop
   endfacet
   facet normal 0.9851 0.1719 0.0000
      outer loop
         vertex -6.9500 5.4000 14.7500
         vertex -6.9500 5.4000 14.0000
         vertex -7.0103 5.6250 14.0000
      endloop
   endfacet
   facet normal 0.9391 0.3437 0.0000
      outer loop
         vertex -6.9500 5.4000 14.7500
         vertex -7.0103 5.6250 14.0000
         vertex -7.0103 5.6250 14.7500
      endloop
   endfacet
   facet normal 0.9851 -0.1719 0.0000
      outer loop
         vertex -6.9500 5.4000 14.0000
         vertex -6.9500 5.4000 14.7500
         vertex -7.0103 5.1750 14.7500
      endloop
   endfacet
   facet normal 0.9391 -0.3437 0.0000
      outer loop
         vertex -6.9500 5.4000 14.0000
         vertex -7.0103 5.1750 14.7500
         vertex -7.0103 5.1750 14.0000
      endloop
   endfacet
   facet normal 1.0000 0.0000 0.0000
      outer loop
         vertex -4.8500 3.9500 14.0000
         vertex -4.8500 5.5500 14.0000
         vertex -4.8500 5.5500 14.5500
      endloop
   endfacet
   facet normal 1.0000 0.0000 0.0000
      outer loop
         vertex -4.8500 3.9500 14.0000
         vertex -4.8500 5.5500 14.5500
         vertex -4.8500 3.9500 14.5500
      endloop
   endfacet
   facet normal -0.8656 0.5007 0.0000
      outer loop
         vertex -5.6356 5.0494 14.0000
         vertex -5.6356 5.0494 14.5500
         vertex -5.3814 5.3808 14.5500
      endloop
   endfacet
   facet normal -0.8309 0.5564 0.0000
      outer loop
         vertex -5.6356 5.0494 14.0000
         vertex -5.3814 5.3808 14.5500
         vertex -5.3814 5.3808 14.0000
      endloop
   endfacet
   facet normal -0.1719 0.9851 0.0000
      outer loop
         vertex -7.4000 5.8500 14.7500
         vertex -7.4000 5.8500 14.0000
         vertex -7.6250 5.7897 14.0000
      endloop
   endfacet
   facet normal -0.3437 0.9391 0.0000
      outer loop
         vertex -7.4000 5.8500 14.7500
         vertex -7.6250 5.7897 14.0000
         vertex -7.6250 5.7897 14.7500
      endloop
   endfacet
   facet normal 0.1719 0.9851 0.0000
      outer loop
         vertex -7.4000 5.8500 14.0000
         vertex -7.4000 5.8500 14.7500
         vertex -7.1750 5.7897 14.7500
      endloop
   endfacet
   facet normal 0.3437 0.9391 0.0000
      outer loop
         vertex -7.4000 5.8500 14.0000
         vertex -7.1750 5.7897 14.7500
         vertex -7.1750 5.7897 14.0000
      endloop
   endfacet
   facet normal 0.6414 0.7672 0.0000
      outer loop
         vertex -7.1750 5.7897 14.0000
         vertex -7.1750 5.7897 14.7500
         vertex -7.0103 5.6250 14.7500
      endloop
   endfacet
   facet normal 0.7672 0.6414 0.0000
      outer loop
         vertex -7.1750 5.7897 14.0000
         vertex -7.0103 5.6250 14.7500
         vertex -7.0103 5.6250 14.0000
      endloop
   endfacet
   facet normal 0.1719 0.9851 0.0000
      outer loop
         vertex -5.0000 5.7000 14.0000
         vertex -5.0000 5.7000 14.5500
         vertex -4.9250 5.6799 14.5500
      endloop
   endfacet
   facet normal 0.3437 0.9391 0.0000
      outer loop
         vertex -5.0000 5.7000 14.0000
         vertex -4.9250 5.6799 14.5500
         vertex -4.9250 5.6799 14.0000
      endloop
   endfacet
   facet normal 0.6414 0.7672 0.0000
      outer loop
         vertex -4.9250 5.6799 14.0000
         vertex -4.9250 5.6799 14.5500
         vertex -4.8701 5.6250 14.5500
      endloop
   endfacet
   facet normal 0.7672 0.6414 0.0000
      outer loop
         vertex -4.9250 5.6799 14.0000
         vertex -4.8701 5.6250 14.5500
         vertex -4.8701 5.6250 14.0000
      endloop
   endfacet
   facet normal 0.9071 0.4210 0.0000
      outer loop
         vertex -4.8701 5.6250 14.0000
         vertex -4.8701 5.6250 14.5500
         vertex -4.8500 5.5500 14.5500
      endloop
   endfacet
   facet normal 0.9405 0.3399 0.0000
      outer loop
         vertex -4.8701 5.6250 14.0000
         vertex -4.8500 5.5500 14.5500
         vertex -4.8500 5.5500 14.0000
      endloop
   endfacet
   facet normal -0.7071 0.7071 0.0000
      outer loop
         vertex -5.3814 5.3808 14.0000
         vertex -5.3814 5.3808 14.5500
         vertex -5.1061 5.6561 14.5500
      endloop
   endfacet
   facet normal -0.7071 0.7071 0.0000
      outer loop
         vertex -5.3814 5.3808 14.0000
         vertex -5.1061 5.6561 14.5500
         vertex -5.1061 5.6561 14.0000
      endloop
   endfacet
   facet normal -0.5007 0.8656 0.0000
      outer loop
         vertex -5.0750 5.6799 14.5500
         vertex -5.0750 5.6799 14.0000
         vertex -5.1061 5.6561 14.0000
      endloop
   endfacet
   facet normal -0.5564 0.8309 0.0000
      outer loop
         vertex -5.0750 5.6799 14.5500
         vertex -5.1061 5.6561 14.0000
         vertex -5.1061 5.6561 14.5500
      endloop
   endfacet
   facet normal -0.1525 0.9883 0.0000
      outer loop
         vertex -5.0000 5.7000 14.5500
         vertex -5.0000 5.7000 14.0000
         vertex -5.0750 5.6799 14.0000
      endloop
   endfacet
   facet normal -0.3034 0.9529 0.0000
      outer loop
         vertex -5.0000 5.7000 14.5500
         vertex -5.0750 5.6799 14.0000
         vertex -5.0750 5.6799 14.5500
      endloop
   endfacet
   facet normal 0.0000 1.0000 0.0000
      outer loop
         vertex 0.2000 8.2500 14.0000
         vertex -0.5500 8.2500 14.0000
         vertex -0.5500 8.2500 14.5000
      endloop
   endfacet
   facet normal 0.0000 1.0000 0.0000
      outer loop
         vertex 0.2000 8.2500 14.0000
         vertex -0.5500 8.2500 14.5000
         vertex 0.2000 8.2500 14.5000
      endloop
   endfacet
   facet normal 0.0000 0.0000 1.0000
      outer loop
         vertex -7.7897 5.6250 14.7500
         vertex -7.8500 5.4000 14.7500
         vertex -7.7897 5.1750 14.7500
      endloop
   endfacet
   facet normal 0.0000 0.0000 1.0000
      outer loop
         vertex -7.7897 5.6250 14.7500
         vertex -7.7897 5.1750 14.7500
         vertex -7.6250 5.0103 14.7500
      endloop
   endfacet
   facet normal 0.0000 0.0000 1.0000
      outer loop
         vertex -7.7897 5.6250 14.7500
         vertex -7.6250 5.0103 14.7500
         vertex -7.4000 4.9500 14.7500
      endloop
   endfacet
   facet normal 0.0000 0.0000 1.0000
      outer loop
         vertex -7.7897 5.6250 14.7500
         vertex -7.4000 4.9500 14.7500
         vertex -7.1750 5.0103 14.7500
      endloop
   endfacet
   facet normal 0.0000 0.0000 1.0000
      outer loop
         vertex -7.7897 5.6250 14.7500
         vertex -7.1750 5.0103 14.7500
         vertex -7.0103 5.1750 14.7500
      endloop
   endfacet
   facet normal 0.0000 0.0000 1.0000
      outer loop
         vertex -7.7897 5.6250 14.7500
         vertex -7.0103 5.1750 14.7500
         vertex -6.9500 5.4000 14.7500
      endloop
   endfacet
   facet normal 0.0000 0.0000 1.0000
      outer loop
         vertex -7.7897 5.6250 14.7500
         vertex -6.9500 5.4000 14.7500
         vertex -7.0103 5.6250 14.7500
      endloop
   endfacet
   facet normal 0.0000 0.0000 1.0000
      outer loop
         vertex -7.7897 5.6250 14.7500
         vertex -7.0103 5.6250 14.7500
         vertex -7.1750 5.7897 14.7500
      endloop
   endfacet
   facet normal 0.0000 0.0000 1.0000
      outer loop
         vertex -7.7897 5.6250 14.7500
         vertex -7.1750 5.7897 14.7500
         vertex -7.4000 5.8500 14.7500
      endloop
   endfacet
   facet normal 0.0000 0.0000 1.0000
      outer loop
         vertex -7.7897 5.6250 14.7500
         vertex -7.4000 5.8500 14.7500
         vertex -7.6250 5.7897 14.7500
      endloop
   endfacet
   facet normal 0.0000 0.0000 1.0000
      outer loop
         vertex -5.3814 5.3808 14.5500
         vertex -5.6356 5.0494 14.5500
         vertex -5.8500 4.2494 14.5500
      endloop
   endfacet
   facet normal 0.0000 0.0000 1.0000
      outer loop
         vertex -5.3814 5.3808 14.5500
         vertex -5.8500 4.2494 14.5500
         vertex -5.8500 3.4500 14.5500
      endloop
   endfacet
   facet normal 0.0000 0.0000 1.0000
      outer loop
         vertex -5.3814 5.3808 14.5500
         vertex -5.8500 3.4500 14.5500
         vertex -5.3500 3.4500 14.5500
      endloop
   endfacet
   facet normal 0.0000 0.0000 1.0000
      outer loop
         vertex -5.3814 5.3808 14.5500
         vertex -5.3500 3.4500 14.5500
         vertex -5.1000 3.5170 14.5500
      endloop
   endfacet
   facet normal 0.0000 0.0000 1.0000
      outer loop
         vertex -5.3814 5.3808 14.5500
         vertex -5.1000 3.5170 14.5500
         vertex -4.9170 3.7000 14.5500
      endloop
   endfacet
   facet normal 0.0000 0.0000 1.0000
      outer loop
         vertex -5.3814 5.3808 14.5500
         vertex -4.9170 3.7000 14.5500
         vertex -4.8500 3.9500 14.5500
      endloop
   endfacet
   facet normal 0.0000 0.0000 1.0000
      outer loop
         vertex -5.3814 5.3808 14.5500
         vertex -4.8500 3.9500 14.5500
         vertex -4.8500 5.5500 14.5500
      endloop
   endfacet
   facet normal 0.0000 0.0000 1.0000
      outer loop
         vertex -5.3814 5.3808 14.5500
         vertex -4.8500 5.5500 14.5500
         vertex -4.8701 5.6250 14.5500
      endloop
   endfacet
   facet normal 0.0000 0.0000 1.0000
      outer loop
         vertex -5.3814 5.3808 14.5500
         vertex -4.8701 5.6250 14.5500
         vertex -4.9250 5.6799 14.5500
      endloop
   endfacet
   facet normal 0.0000 0.0000 1.0000
      outer loop
         vertex -5.3814 5.3808 14.5500
         vertex -4.9250 5.6799 14.5500
         vertex -5.0000 5.7000 14.5500
      endloop
   endfacet
   facet normal 0.0000 0.0000 1.0000
      outer loop
         vertex -5.3814 5.3808 14.5500
         vertex -5.0000 5.7000 14.5500
         vertex -5.0750 5.6799 14.5500
      endloop
   endfacet
   facet normal 0.0000 0.0000 1.0000
      outer loop
         vertex -5.3814 5.3808 14.5500
         vertex -5.0750 5.6799 14.5500
         vertex -5.1061 5.6561 14.5500
      endloop
   endfacet
   facet normal 0.0000 0.0000 -1.0000
      outer loop
         vertex -4.5000 0.1000 -1.5000
         vertex 1.9000 14.4000 -1.5000
         vertex 1.9000 0.1000 -1.5000
      endloop
   endfacet
   facet normal 0.0000 0.0000 -1.0000
      outer loop
         vertex 1.9000 0.1000 -1.5000
         vertex 1.9000 14.4000 -1.5000
         vertex 2.0500 14.3598 -1.5000
      endloop
   endfacet
   facet normal 0.0000 0.0000 -1.0000
      outer loop
         vertex 1.9000 0.1000 -1.5000
         vertex 2.0500 14.3598 -1.5000
         vertex 2.0500 0.1402 -1.5000
      endloop
   endfacet
   facet normal 0.0000 0.0000 -1.0000
      outer loop
         vertex 2.0500 0.1402 -1.5000
         vertex 2.0500 14.3598 -1.5000
         vertex 2.1598 14.2500 -1.5000
      endloop
   endfacet
   facet normal 0.0000 0.0000 -1.0000
      outer loop
         vertex 2.0500 0.1402 -1.5000
         vertex 2.1598 14.2500 -1.5000
         vertex 2.1598 0.2500 -1.5000
      endloop
   endfacet
   facet normal 0.0000 0.0000 -1.0000
      outer loop
         vertex 2.1598 0.2500 -1.5000
         vertex 2.1598 14.2500 -1.5000
         vertex 2.2000 14.1000 -1.5000
      endloop
   endfacet
   facet normal 0.0000 0.0000 -1.0000
      outer loop
         vertex 2.1598 0.2500 -1.5000
         vertex 2.2000 14.1000 -1.5000
         vertex 2.2000 0.4000 -1.5000
      endloop
   endfacet
   facet normal 0.0000 0.0000 -1.0000
      outer loop
         vertex 1.9000 14.4000 -1.5000
         vertex -4.5000 0.1000 -1.5000
         vertex -4.5268 0.2000 -1.5000
      endloop
   endfacet
   facet normal 0.0000 0.0000 -1.0000
      outer loop
         vertex 1.9000 14.4000 -1.5000
         vertex -4.5268 0.2000 -1.5000
         vertex -4.6000 0.2732 -1.5000
      endloop
   endfacet
   facet normal 0.0000 0.0000 -1.0000
      outer loop
         vertex 1.9000 14.4000 -1.5000
         vertex -4.6000 0.2732 -1.5000
         vertex -4.7000 0.3000 -1.5000
      endloop
   endfacet
   facet normal 0.0000 0.0000 -1.0000
      outer loop
         vertex 1.9000 14.4000 -1.5000
         vertex -4.7000 0.3000 -1.5000
         vertex -6.0000 0.3000 -1.5000
      endloop
   endfacet
   facet normal 0.0000 0.0000 -1.0000
      outer loop
         vertex 1.9000 14.4000 -1.5000
         vertex -6.0000 0.3000 -1.5000
         vertex -6.1000 0.2732 -1.5000
      endloop
   endfacet
   facet normal 0.0000 0.0000 -1.0000
      outer loop
         vertex 1.9000 14.4000 -1.5000
         vertex -6.1000 0.2732 -1.5000
         vertex -6.1732 0.2000 -1.5000
      endloop
   endfacet
   facet normal 0.0000 0.0000 -1.0000
      outer loop
         vertex 1.9000 14.4000 -1.5000
         vertex -6.1732 0.2000 -1.5000
         vertex -7.2601 14.4000 -1.5000
      endloop
   endfacet
   facet normal 0.0000 0.0000 -1.0000
      outer loop
         vertex -6.2000 0.1000 -1.5000
         vertex -10.0500 0.1000 -1.5000
         vertex -7.4899 14.2928 -1.5000
      endloop
   endfacet
   facet normal 0.0000 0.0000 -1.0000
      outer loop
         vertex -6.2000 0.1000 -1.5000
         vertex -7.4899 14.2928 -1.5000
         vertex -7.4101 14.3598 -1.5000
      endloop
   endfacet
   facet normal 0.0000 0.0000 -1.0000
      outer loop
         vertex -6.2000 0.1000 -1.5000
         vertex -7.4101 14.3598 -1.5000
         vertex -7.2601 14.4000 -1.5000
      endloop
   endfacet
   facet normal 0.0000 0.0000 -1.0000
      outer loop
         vertex -6.2000 0.1000 -1.5000
         vertex -7.2601 14.4000 -1.5000
         vertex -6.1732 0.2000 -1.5000
      endloop
   endfacet
   facet normal 0.0000 0.0000 -1.0000
      outer loop
         vertex -10.3500 0.4000 -1.5000
         vertex -10.3098 10.9251 -1.5000
         vertex -10.3098 0.2500 -1.5000
      endloop
   endfacet
   facet normal 0.0000 0.0000 -1.0000
      outer loop
         vertex -10.3098 0.2500 -1.5000
         vertex -10.3098 10.9251 -1.5000
         vertex -10.2798 10.9680 -1.5000
      endloop
   endfacet
   facet normal 0.0000 0.0000 -1.0000
      outer loop
         vertex -10.3098 0.2500 -1.5000
         vertex -10.2798 10.9680 -1.5000
         vertex -10.2000 0.1402 -1.5000
      endloop
   endfacet
   facet normal 0.0000 0.0000 -1.0000
      outer loop
         vertex -10.2000 0.1402 -1.5000
         vertex -10.2798 10.9680 -1.5000
         vertex -7.4899 14.2928 -1.5000
      endloop
   endfacet
   facet normal 0.0000 0.0000 -1.0000
      outer loop
         vertex -10.2000 0.1402 -1.5000
         vertex -7.4899 14.2928 -1.5000
         vertex -10.0500 0.1000 -1.5000
      endloop
   endfacet
   facet normal 0.0000 0.0000 -1.0000
      outer loop
         vertex -10.3098 10.9251 -1.5000
         vertex -10.3500 0.4000 -1.5000
         vertex -10.3500 10.7751 -1.5000
      endloop
   endfacet
   facet normal -0.9405 -0.3399 0.0000
      outer loop
         vertex -4.5268 0.2000 -1.5000
         vertex -4.5000 0.1000 -1.5000
         vertex -4.5000 0.1000 0.0000
      endloop
   endfacet
   facet normal -0.9071 -0.4210 0.0000
      outer loop
         vertex -4.5268 0.2000 -1.5000
         vertex -4.5000 0.1000 0.0000
         vertex -4.5268 0.2000 0.0000
      endloop
   endfacet
   facet normal 0.4210 -0.9071 0.0000
      outer loop
         vertex 1.9000 0.1000 -1.5000
         vertex 2.0500 0.1402 -1.5000
         vertex 2.0500 0.1402 0.0000
      endloop
   endfacet
   facet normal 0.3399 -0.9405 0.0000
      outer loop
         vertex 1.9000 0.1000 -1.5000
         vertex 2.0500 0.1402 0.0000
         vertex 1.9000 0.1000 0.0000
      endloop
   endfacet
   facet normal 0.0000 -1.0000 0.0000
      outer loop
         vertex -4.5000 0.1000 -1.5000
         vertex 1.9000 0.1000 -1.5000
         vertex 1.9000 0.1000 0.0000
      endloop
   endfacet
   facet normal 0.0000 -1.0000 0.0000
      outer loop
         vertex -4.5000 0.1000 -1.5000
         vertex 1.9000 0.1000 0.0000
         vertex 1.5000 0.1000 0.0000
      endloop
   endfacet
   facet normal 0.0000 -1.0000 0.0000
      outer loop
         vertex -4.5000 0.1000 -1.5000
         vertex 1.5000 0.1000 0.0000
         vertex -2.1500 0.1000 0.0000
      endloop
   endfacet
   facet normal 0.0000 -1.0000 0.0000
      outer loop
         vertex -4.5000 0.1000 -1.5000
         vertex -2.1500 0.1000 0.0000
         vertex -3.6500 0.1000 0.0000
      endloop
   endfacet
   facet normal 0.0000 -1.0000 0.0000
      outer loop
         vertex -4.5000 0.1000 -1.5000
         vertex -3.6500 0.1000 0.0000
         vertex -4.5000 0.1000 0.0000
      endloop
   endfacet
   facet normal 0.0000 0.0000 -1.0000
      outer loop
         vertex -8.2670 13.5086 -0.2000
         vertex -10.4500 10.9070 -0.2000
         vertex -10.4500 15.1500 -0.2000
      endloop
   endfacet
   facet normal 0.0000 0.0000 -1.0000
      outer loop
         vertex -8.2670 13.5086 -0.2000
         vertex -10.4500 15.1500 -0.2000
         vertex -8.6429 15.1500 -0.2000
      endloop
   endfacet
   facet normal 0.0000 0.0000 -1.0000
      outer loop
         vertex -8.2670 13.5086 -0.2000
         vertex -8.6429 15.1500 -0.2000
         vertex -8.1862 14.0169 -0.2000
      endloop
   endfacet
   facet normal 0.0000 0.0000 -1.0000
      outer loop
         vertex -8.2670 13.5086 -0.2000
         vertex -8.1862 14.0169 -0.2000
         vertex -8.1500 13.8300 -0.2000
      endloop
   endfacet
   facet normal 0.0000 0.0000 -1.0000
      outer loop
         vertex -8.2670 13.5086 -0.2000
         vertex -8.1500 13.8300 -0.2000
         vertex -8.2170 13.5800 -0.2000
      endloop
   endfacet
   facet normal 1.0000 0.0000 0.0000
      outer loop
         vertex 2.2000 14.1000 -1.5000
         vertex 2.2000 14.1000 0.0000
         vertex 2.2000 13.9000 0.0000
      endloop
   endfacet
   facet normal 1.0000 0.0000 0.0000
      outer loop
         vertex 2.2000 14.1000 -1.5000
         vertex 2.2000 13.9000 0.0000
         vertex 2.2000 11.7957 0.0000
      endloop
   endfacet
   facet normal 1.0000 0.0000 0.0000
      outer loop
         vertex 2.2000 14.1000 -1.5000
         vertex 2.2000 11.7957 0.0000
         vertex 2.2000 9.9043 0.0000
      endloop
   endfacet
   facet normal 1.0000 0.0000 0.0000
      outer loop
         vertex 2.2000 14.1000 -1.5000
         vertex 2.2000 9.9043 0.0000
         vertex 2.2000 7.3675 0.0000
      endloop
   endfacet
   facet normal 1.0000 0.0000 0.0000
      outer loop
         vertex 2.2000 14.1000 -1.5000
         vertex 2.2000 7.3675 0.0000
         vertex 2.2000 5.6325 0.0000
      endloop
   endfacet
   facet normal 1.0000 0.0000 0.0000
      outer loop
         vertex 2.2000 14.1000 -1.5000
         vertex 2.2000 5.6325 0.0000
         vertex 2.2000 1.8732 0.0000
      endloop
   endfacet
   facet normal 1.0000 0.0000 0.0000
      outer loop
         vertex 2.2000 14.1000 -1.5000
         vertex 2.2000 1.8732 0.0000
         vertex 2.2000 0.4000 0.0000
      endloop
   endfacet
   facet normal 1.0000 0.0000 0.0000
      outer loop
         vertex 2.2000 14.1000 -1.5000
         vertex 2.2000 0.4000 0.0000
         vertex 2.2000 0.4000 -1.5000
      endloop
   endfacet
   facet normal 0.9071 -0.4210 0.0000
      outer loop
         vertex 2.2000 0.4000 0.0000
         vertex 2.1598 0.2500 0.0000
         vertex 2.1598 0.2500 -1.5000
      endloop
   endfacet
   facet normal 0.9405 -0.3399 0.0000
      outer loop
         vertex 2.2000 0.4000 0.0000
         vertex 2.1598 0.2500 -1.5000
         vertex 2.2000 0.4000 -1.5000
      endloop
   endfacet
   facet normal 0.7672 -0.6414 0.0000
      outer loop
         vertex 2.0500 0.1402 -1.5000
         vertex 2.1598 0.2500 -1.5000
         vertex 2.1598 0.2500 0.0000
      endloop
   endfacet
   facet normal 0.6414 -0.7672 0.0000
      outer loop
         vertex 2.0500 0.1402 -1.5000
         vertex 2.1598 0.2500 0.0000
         vertex 2.0500 0.1402 0.0000
      endloop
   endfacet
   facet normal -0.5865 0.8100 0.0000
      outer loop
         vertex -7.4101 14.3598 -1.5000
         vertex -7.4899 14.2928 -1.5000
         vertex -7.4899 14.2928 0.0000
      endloop
   endfacet
   facet normal -0.5259 0.8506 0.0000
      outer loop
         vertex -7.4101 14.3598 -1.5000
         vertex -7.4899 14.2928 0.0000
         vertex -7.4101 14.3598 0.0000
      endloop
   endfacet
   facet normal 0.6414 0.7672 0.0000
      outer loop
         vertex 2.1598 14.2500 -1.5000
         vertex 2.0500 14.3598 -1.5000
         vertex 2.0500 14.3598 0.0000
      endloop
   endfacet
   facet normal 0.7672 0.6414 0.0000
      outer loop
         vertex 2.1598 14.2500 -1.5000
         vertex 2.0500 14.3598 0.0000
         vertex 2.1598 14.2500 0.0000
      endloop
   endfacet
   facet normal 0.9071 0.4210 0.0000
      outer loop
         vertex 2.2000 14.1000 -1.5000
         vertex 2.1598 14.2500 -1.5000
         vertex 2.1598 14.2500 0.0000
      endloop
   endfacet
   facet normal 0.9405 0.3399 0.0000
      outer loop
         vertex 2.2000 14.1000 -1.5000
         vertex 2.1598 14.2500 0.0000
         vertex 2.2000 14.1000 0.0000
      endloop
   endfacet
   facet normal -0.3271 0.9450 0.0000
      outer loop
         vertex -7.4101 14.3598 0.0000
         vertex -7.2601 14.4000 0.0000
         vertex -7.2601 14.4000 -1.5000
      endloop
   endfacet
   facet normal -0.3951 0.9186 0.0000
      outer loop
         vertex -7.4101 14.3598 0.0000
         vertex -7.2601 14.4000 -1.5000
         vertex -7.4101 14.3598 -1.5000
      endloop
   endfacet
   facet normal 0.0000 1.0000 0.0000
      outer loop
         vertex 1.9000 14.4000 -1.5000
         vertex -7.2601 14.4000 -1.5000
         vertex -7.2601 14.4000 0.0000
      endloop
   endfacet
   facet normal 0.0000 1.0000 0.0000
      outer loop
         vertex 1.9000 14.4000 -1.5000
         vertex -7.2601 14.4000 0.0000
         vertex -2.2600 14.4000 0.0000
      endloop
   endfacet
   facet normal 0.0000 1.0000 0.0000
      outer loop
         vertex 1.9000 14.4000 -1.5000
         vertex -2.2600 14.4000 0.0000
         vertex 0.0600 14.4000 0.0000
      endloop
   endfacet
   facet normal 0.0000 1.0000 0.0000
      outer loop
         vertex 1.9000 14.4000 -1.5000
         vertex 0.0600 14.4000 0.0000
         vertex 1.9000 14.4000 0.0000
      endloop
   endfacet
   facet normal 0.4210 0.9071 0.0000
      outer loop
         vertex 1.9000 14.4000 0.0000
         vertex 2.0500 14.3598 0.0000
         vertex 2.0500 14.3598 -1.5000
      endloop
   endfacet
   facet normal 0.3399 0.9405 0.0000
      outer loop
         vertex 1.9000 14.4000 0.0000
         vertex 2.0500 14.3598 -1.5000
         vertex 1.9000 14.4000 -1.5000
      endloop
   endfacet
   facet normal 0.9071 -0.4210 0.0000
      outer loop
         vertex -6.2000 0.1000 -1.5000
         vertex -6.1732 0.2000 -1.5000
         vertex -6.1732 0.2000 0.0000
      endloop
   endfacet
   facet normal 0.9405 -0.3399 0.0000
      outer loop
         vertex -6.2000 0.1000 -1.5000
         vertex -6.1732 0.2000 0.0000
         vertex -6.2000 0.1000 0.0000
      endloop
   endfacet
   facet normal -1.0000 0.0000 0.0000
      outer loop
         vertex -10.3500 10.7751 -1.5000
         vertex -10.3500 0.4000 -1.5000
         vertex -10.3500 2.1500 0.0000
      endloop
   endfacet
   facet normal -1.0000 0.0000 0.0000
      outer loop
         vertex -10.3500 10.7751 -1.5000
         vertex -10.3500 2.1500 0.0000
         vertex -10.3500 8.9000 -0.2500
      endloop
   endfacet
   facet normal -1.0000 0.0000 0.0000
      outer loop
         vertex -10.3500 10.7751 -1.5000
         vertex -10.3500 8.9000 -0.2500
         vertex -10.3500 10.7751 -0.2500
      endloop
   endfacet
   facet normal -1.0000 0.0000 0.0000
      outer loop
         vertex -10.3500 2.1500 0.0000
         vertex -10.3500 0.4000 -1.5000
         vertex -10.3500 0.4000 0.0000
      endloop
   endfacet
   facet normal -1.0000 0.0000 0.0000
      outer loop
         vertex -10.3500 8.9000 -0.2500
         vertex -10.3500 2.1500 0.0000
         vertex -10.3500 8.9000 0.0000
      endloop
   endfacet
   facet normal -0.3399 -0.9405 0.0000
      outer loop
         vertex -10.2000 0.1402 -1.5000
         vertex -10.0500 0.1000 -1.5000
         vertex -10.0500 0.1000 0.0000
      endloop
   endfacet
   facet normal -0.4210 -0.9071 0.0000
      outer loop
         vertex -10.2000 0.1402 -1.5000
         vertex -10.0500 0.1000 0.0000
         vertex -10.2000 0.1402 0.0000
      endloop
   endfacet
   facet normal -0.6414 -0.7672 0.0000
      outer loop
         vertex -10.3098 0.2500 -1.5000
         vertex -10.2000 0.1402 -1.5000
         vertex -10.2000 0.1402 0.0000
      endloop
   endfacet
   facet normal -0.7672 -0.6414 0.0000
      outer loop
         vertex -10.3098 0.2500 -1.5000
         vertex -10.2000 0.1402 0.0000
         vertex -10.3098 0.2500 0.0000
      endloop
   endfacet
   facet normal -0.9071 -0.4210 0.0000
      outer loop
         vertex -10.3500 0.4000 -1.5000
         vertex -10.3098 0.2500 -1.5000
         vertex -10.3098 0.2500 0.0000
      endloop
   endfacet
   facet normal -0.9405 -0.3399 0.0000
      outer loop
         vertex -10.3500 0.4000 -1.5000
         vertex -10.3098 0.2500 0.0000
         vertex -10.3500 0.4000 0.0000
      endloop
   endfacet
   facet normal 0.0000 1.0000 0.0000
      outer loop
         vertex -10.3500 8.9000 0.0000
         vertex -10.1000 8.9000 0.0000
         vertex -10.2846 8.9000 -0.1262
      endloop
   endfacet
   facet normal 0.0000 1.0000 0.0000
      outer loop
         vertex -10.3500 8.9000 0.0000
         vertex -10.2846 8.9000 -0.1262
         vertex -10.3299 8.9000 -0.1750
      endloop
   endfacet
   facet normal 0.0000 1.0000 0.0000
      outer loop
         vertex -10.3500 8.9000 0.0000
         vertex -10.3299 8.9000 -0.1750
         vertex -10.3500 8.9000 -0.2500
      endloop
   endfacet
   facet normal -0.9122 0.0000 0.4098
      outer loop
         vertex -10.3299 8.9000 -0.1750
         vertex -10.3299 10.8501 -0.1750
         vertex -10.3500 10.7751 -0.2500
      endloop
   endfacet
   facet normal -0.9424 0.0000 0.3344
      outer loop
         vertex -10.3299 8.9000 -0.1750
         vertex -10.3500 10.7751 -0.2500
         vertex -10.3500 8.9000 -0.2500
      endloop
   endfacet
   facet normal -0.7849 0.0000 0.6197
      outer loop
         vertex -10.3299 8.9000 -0.1750
         vertex -10.2846 8.9000 -0.1262
         vertex -10.2846 10.9611 -0.1262
      endloop
   endfacet
   facet normal -0.7849 0.0000 0.6197
      outer loop
         vertex -10.3299 8.9000 -0.1750
         vertex -10.2846 10.9611 -0.1262
         vertex -10.3098 10.9251 -0.1533
      endloop
   endfacet
   facet normal -0.8326 0.0000 0.5539
      outer loop
         vertex -10.3299 8.9000 -0.1750
         vertex -10.3098 10.9251 -0.1533
         vertex -10.3299 10.8501 -0.1750
      endloop
   endfacet
   facet normal -0.9494 0.3139 0.0000
      outer loop
         vertex -10.3098 10.9251 -1.5000
         vertex -10.3500 10.7751 -1.5000
         vertex -10.3500 10.7751 -0.2500
      endloop
   endfacet
   facet normal -0.9494 0.3139 0.0000
      outer loop
         vertex -10.3098 10.9251 -1.5000
         vertex -10.3500 10.7751 -0.2500
         vertex -10.3299 10.8501 -0.1750
      endloop
   endfacet
   facet normal -0.9295 0.3687 0.0000
      outer loop
         vertex -10.3098 10.9251 -1.5000
         vertex -10.3299 10.8501 -0.1750
         vertex -10.3098 10.9251 -0.1533
      endloop
   endfacet
   facet normal -0.8192 0.5736 0.0000
      outer loop
         vertex -10.2846 10.9611 -0.1262
         vertex -10.2798 10.9680 -0.1229
         vertex -10.2798 10.9680 -1.5000
      endloop
   endfacet
   facet normal -0.8508 0.5255 0.0000
      outer loop
         vertex -10.2846 10.9611 -0.1262
         vertex -10.2798 10.9680 -1.5000
         vertex -10.3098 10.9251 -1.5000
      endloop
   endfacet
   facet normal -0.8799 0.4751 0.0000
      outer loop
         vertex -10.2846 10.9611 -0.1262
         vertex -10.3098 10.9251 -1.5000
         vertex -10.3098 10.9251 -0.1533
      endloop
   endfacet
   facet normal -0.7660 0.6428 0.0000
      outer loop
         vertex -7.4899 14.2928 -1.5000
         vertex -10.2798 10.9680 -1.5000
         vertex -9.8422 11.4896 -0.1799
      endloop
   endfacet
   facet normal -0.7660 0.6428 0.0000
      outer loop
         vertex -7.4899 14.2928 -1.5000
         vertex -9.8422 11.4896 -0.1799
         vertex -9.7672 11.5789 -0.2000
      endloop
   endfacet
   facet normal -0.7660 0.6428 0.0000
      outer loop
         vertex -7.4899 14.2928 -1.5000
         vertex -9.7672 11.5789 -0.2000
         vertex -9.6000 11.7781 -0.2000
      endloop
   endfacet
   facet normal -0.7660 0.6428 0.0000
      outer loop
         vertex -7.4899 14.2928 -1.5000
         vertex -9.6000 11.7781 -0.2000
         vertex -9.5250 11.8675 -0.1799
      endloop
   endfacet
   facet normal -0.7660 0.6428 0.0000
      outer loop
         vertex -7.4899 14.2928 -1.5000
         vertex -9.5250 11.8675 -0.1799
         vertex -9.4701 11.9330 -0.1250
      endloop
   endfacet
   facet normal -0.7660 0.6428 0.0000
      outer loop
         vertex -7.4899 14.2928 -1.5000
         vertex -9.4701 11.9330 -0.1250
         vertex -9.4500 11.9569 -0.0500
      endloop
   endfacet
   facet normal -0.7660 0.6428 0.0000
      outer loop
         vertex -7.4899 14.2928 -1.5000
         vertex -9.4500 11.9569 -0.0500
         vertex -8.6000 12.9699 0.0000
      endloop
   endfacet
   facet normal -0.7660 0.6428 0.0000
      outer loop
         vertex -7.4899 14.2928 -1.5000
         vertex -8.6000 12.9699 0.0000
         vertex -7.4899 14.2928 0.0000
      endloop
   endfacet
   facet normal -0.7660 0.6428 0.0000
      outer loop
         vertex -9.8971 11.4241 -0.1250
         vertex -9.8422 11.4896 -0.1799
         vertex -10.0500 11.2419 0.0000
      endloop
   endfacet
   facet normal -0.7660 0.6428 0.0000
      outer loop
         vertex -9.8971 11.4241 -0.1250
         vertex -10.0500 11.2419 0.0000
         vertex -9.9750 11.3312 -0.0201
      endloop
   endfacet
   facet normal -0.7660 0.6428 0.0000
      outer loop
         vertex -9.8971 11.4241 -0.1250
         vertex -9.9750 11.3312 -0.0201
         vertex -9.9201 11.3967 -0.0750
      endloop
   endfacet
   facet normal -0.7660 0.6428 0.0000
      outer loop
         vertex -9.8971 11.4241 -0.1250
         vertex -9.9201 11.3967 -0.0750
         vertex -9.9086 11.4104 -0.1000
      endloop
   endfacet
   facet normal -0.7660 0.6428 0.0000
      outer loop
         vertex -10.1000 11.1823 0.0000
         vertex -10.0500 11.2419 0.0000
         vertex -9.8422 11.4896 -0.1799
      endloop
   endfacet
   facet normal -0.7660 0.6428 0.0000
      outer loop
         vertex -10.1000 11.1823 0.0000
         vertex -9.8422 11.4896 -0.1799
         vertex -10.2798 10.9680 -1.5000
      endloop
   endfacet
   facet normal -0.7660 0.6428 0.0000
      outer loop
         vertex -10.1000 11.1823 0.0000
         vertex -10.2798 10.9680 -1.5000
         vertex -10.2798 10.9680 -0.1229
      endloop
   endfacet
   facet normal -0.7660 0.6428 0.0000
      outer loop
         vertex -8.6000 12.9699 0.0000
         vertex -9.4500 11.9569 -0.0500
         vertex -9.4500 11.9569 0.0000
      endloop
   endfacet
   facet normal 0.0000 -1.0000 0.0000
      outer loop
         vertex -10.0500 0.1000 -1.5000
         vertex -6.2000 0.1000 -1.5000
         vertex -6.2000 0.1000 0.0000
      endloop
   endfacet
   facet normal 0.0000 -1.0000 0.0000
      outer loop
         vertex -10.0500 0.1000 -1.5000
         vertex -6.2000 0.1000 0.0000
         vertex -6.9925 0.1000 0.0000
      endloop
   endfacet
   facet normal 0.0000 -1.0000 0.0000
      outer loop
         vertex -10.0500 0.1000 -1.5000
         vertex -6.9925 0.1000 0.0000
         vertex -8.4075 0.1000 0.0000
      endloop
   endfacet
   facet normal 0.0000 -1.0000 0.0000
      outer loop
         vertex -10.0500 0.1000 -1.5000
         vertex -8.4075 0.1000 0.0000
         vertex -9.8500 0.1000 0.0000
      endloop
   endfacet
   facet normal 0.0000 -1.0000 0.0000
      outer loop
         vertex -10.0500 0.1000 -1.5000
         vertex -9.8500 0.1000 0.0000
         vertex -10.0500 0.1000 0.0000
      endloop
   endfacet
   facet normal 0.0000 1.0000 0.0000
      outer loop
         vertex -9.9086 8.9000 -0.1000
         vertex -9.9201 8.9000 -0.0750
         vertex -9.4500 8.9000 -0.0500
      endloop
   endfacet
   facet normal 0.0000 1.0000 0.0000
      outer loop
         vertex -9.4500 8.9000 -0.0500
         vertex -9.9201 8.9000 -0.0750
         vertex -9.9750 8.9000 -0.0201
      endloop
   endfacet
   facet normal 0.0000 1.0000 0.0000
      outer loop
         vertex -9.4500 8.9000 -0.0500
         vertex -9.9750 8.9000 -0.0201
         vertex -9.4500 8.9000 0.0000
      endloop
   endfacet
   facet normal 0.0000 1.0000 0.0000
      outer loop
         vertex -9.4500 8.9000 0.0000
         vertex -9.9750 8.9000 -0.0201
         vertex -10.0500 8.9000 0.0000
      endloop
   endfacet
   facet normal 0.0000 1.0000 0.0000
      outer loop
         vertex -9.6000 8.9000 -0.2000
         vertex -9.8422 8.9000 -0.1799
         vertex -9.5250 8.9000 -0.1799
      endloop
   endfacet
   facet normal 0.0000 1.0000 0.0000
      outer loop
         vertex -9.5250 8.9000 -0.1799
         vertex -9.8422 8.9000 -0.1799
         vertex -9.8971 8.9000 -0.1250
      endloop
   endfacet
   facet normal 0.0000 1.0000 0.0000
      outer loop
         vertex -9.5250 8.9000 -0.1799
         vertex -9.8971 8.9000 -0.1250
         vertex -9.4701 8.9000 -0.1250
      endloop
   endfacet
   facet normal 0.0000 1.0000 0.0000
      outer loop
         vertex -9.4701 8.9000 -0.1250
         vertex -9.8971 8.9000 -0.1250
         vertex -9.9086 8.9000 -0.1000
      endloop
   endfacet
   facet normal 0.0000 1.0000 0.0000
      outer loop
         vertex -9.4701 8.9000 -0.1250
         vertex -9.9086 8.9000 -0.1000
         vertex -9.4500 8.9000 -0.0500
      endloop
   endfacet
   facet normal 0.0000 1.0000 0.0000
      outer loop
         vertex -9.8422 8.9000 -0.1799
         vertex -9.6000 8.9000 -0.2000
         vertex -9.7672 8.9000 -0.2000
      endloop
   endfacet
   facet normal 0.6215 0.0000 0.7834
      outer loop
         vertex -9.8971 8.9000 -0.1250
         vertex -9.8422 8.9000 -0.1799
         vertex -9.8422 11.4896 -0.1799
      endloop
   endfacet
   facet normal 0.7304 0.0000 0.6830
      outer loop
         vertex -9.8971 8.9000 -0.1250
         vertex -9.8422 11.4896 -0.1799
         vertex -9.8971 11.4241 -0.1250
      endloop
   endfacet
   facet normal -0.5642 0.0000 0.8257
      outer loop
         vertex -10.1000 8.9000 0.0000
         vertex -10.1000 11.1823 0.0000
         vertex -10.2798 10.9680 -0.1229
      endloop
   endfacet
   facet normal -0.5642 0.0000 0.8257
      outer loop
         vertex -10.1000 8.9000 0.0000
         vertex -10.2798 10.9680 -0.1229
         vertex -10.2846 10.9611 -0.1262
      endloop
   endfacet
   facet normal -0.5642 0.0000 0.8257
      outer loop
         vertex -10.1000 8.9000 0.0000
         vertex -10.2846 10.9611 -0.1262
         vertex -10.2846 8.9000 -0.1262
      endloop
   endfacet
   facet normal 0.3399 0.0000 0.9405
      outer loop
         vertex -9.9750 11.3312 -0.0201
         vertex -10.0500 11.2419 0.0000
         vertex -10.0500 8.9000 0.0000
      endloop
   endfacet
   facet normal 0.4210 0.0000 0.9071
      outer loop
         vertex -9.9750 11.3312 -0.0201
         vertex -10.0500 8.9000 0.0000
         vertex -9.9750 8.9000 -0.0201
      endloop
   endfacet
   facet normal 0.7304 0.0000 0.6830
      outer loop
         vertex -9.9750 8.9000 -0.0201
         vertex -9.9201 8.9000 -0.0750
         vertex -9.9201 11.3967 -0.0750
      endloop
   endfacet
   facet normal 0.6215 0.0000 0.7834
      outer loop
         vertex -9.9750 8.9000 -0.0201
         vertex -9.9201 11.3967 -0.0750
         vertex -9.9750 11.3312 -0.0201
      endloop
   endfacet
   facet normal 0.3399 0.0000 0.9405
      outer loop
         vertex -9.8422 8.9000 -0.1799
         vertex -9.7672 8.9000 -0.2000
         vertex -9.7672 11.5789 -0.2000
      endloop
   endfacet
   facet normal 0.4210 0.0000 0.9071
      outer loop
         vertex -9.8422 8.9000 -0.1799
         vertex -9.7672 11.5789 -0.2000
         vertex -9.8422 11.4896 -0.1799
      endloop
   endfacet
   facet normal 0.8823 0.0000 0.4706
      outer loop
         vertex -9.9201 8.9000 -0.0750
         vertex -9.9086 8.9000 -0.1000
         vertex -9.9086 11.4104 -0.1000
      endloop
   endfacet
   facet normal 0.8530 0.0000 0.5219
      outer loop
         vertex -9.9201 8.9000 -0.0750
         vertex -9.9086 11.4104 -0.1000
         vertex -9.9201 11.3967 -0.0750
      endloop
   endfacet
   facet normal 0.8530 0.0000 0.5219
      outer loop
         vertex -9.9086 8.9000 -0.1000
         vertex -9.8971 8.9000 -0.1250
         vertex -9.8971 11.4241 -0.1250
      endloop
   endfacet
   facet normal 0.8823 0.0000 0.4706
      outer loop
         vertex -9.9086 8.9000 -0.1000
         vertex -9.8971 11.4241 -0.1250
         vertex -9.9086 11.4104 -0.1000
      endloop
   endfacet
   facet normal 0.0000 0.0000 1.0000
      outer loop
         vertex -9.6000 11.7781 -0.2000
         vertex -9.7672 11.5789 -0.2000
         vertex -9.7672 8.9000 -0.2000
      endloop
   endfacet
   facet normal 0.0000 0.0000 1.0000
      outer loop
         vertex -9.6000 11.7781 -0.2000
         vertex -9.7672 8.9000 -0.2000
         vertex -9.6000 8.9000 -0.2000
      endloop
   endfacet
   facet normal -0.4210 0.0000 0.9071
      outer loop
         vertex -9.6000 8.9000 -0.2000
         vertex -9.5250 8.9000 -0.1799
         vertex -9.5250 11.8675 -0.1799
      endloop
   endfacet
   facet normal -0.3399 0.0000 0.9405
      outer loop
         vertex -9.6000 8.9000 -0.2000
         vertex -9.5250 11.8675 -0.1799
         vertex -9.6000 11.7781 -0.2000
      endloop
   endfacet
   facet normal -0.7672 0.0000 0.6414
      outer loop
         vertex -9.5250 8.9000 -0.1799
         vertex -9.4701 8.9000 -0.1250
         vertex -9.4701 11.9330 -0.1250
      endloop
   endfacet
   facet normal -0.6414 0.0000 0.7672
      outer loop
         vertex -9.5250 8.9000 -0.1799
         vertex -9.4701 11.9330 -0.1250
         vertex -9.5250 11.8675 -0.1799
      endloop
   endfacet
   facet normal -0.9405 0.0000 0.3399
      outer loop
         vertex -9.4701 8.9000 -0.1250
         vertex -9.4500 8.9000 -0.0500
         vertex -9.4500 11.9569 -0.0500
      endloop
   endfacet
   facet normal -0.9071 0.0000 0.4210
      outer loop
         vertex -9.4701 8.9000 -0.1250
         vertex -9.4500 11.9569 -0.0500
         vertex -9.4701 11.9330 -0.1250
      endloop
   endfacet
   facet normal -1.0000 0.0000 0.0000
      outer loop
         vertex -9.4500 8.9000 0.0000
         vertex -9.4500 11.9569 0.0000
         vertex -9.4500 11.9569 -0.0500
      endloop
   endfacet
   facet normal -1.0000 0.0000 0.0000
      outer loop
         vertex -9.4500 8.9000 0.0000
         vertex -9.4500 11.9569 -0.0500
         vertex -9.4500 8.9000 -0.0500
      endloop
   endfacet
   facet normal 0.0000 0.1880 -0.9822
      outer loop
         vertex -10.4500 15.9265 -0.0978
         vertex -8.9558 15.9265 -0.0978
         vertex -8.6429 15.1500 -0.2000
      endloop
   endfacet
   facet normal 0.0000 0.1593 -0.9872
      outer loop
         vertex -10.4500 15.9265 -0.0978
         vertex -8.6429 15.1500 -0.2000
         vertex -10.4500 15.1500 -0.2000
      endloop
   endfacet
   facet normal 0.0000 0.2450 -0.9695
      outer loop
         vertex -8.9558 15.9265 -0.0978
         vertex -10.4500 15.9265 -0.0978
         vertex -10.4500 16.1774 -0.0186
      endloop
   endfacet
   facet normal 0.0000 0.2731 -0.9620
      outer loop
         vertex -8.9558 15.9265 -0.0978
         vertex -10.4500 16.1774 -0.0186
         vertex -9.0569 16.1774 -0.0186
      endloop
   endfacet
   facet normal -0.7672 -0.6414 0.0000
      outer loop
         vertex -4.6000 0.2732 -1.5000
         vertex -4.5268 0.2000 -1.5000
         vertex -4.5268 0.2000 0.0000
      endloop
   endfacet
   facet normal -0.6414 -0.7672 0.0000
      outer loop
         vertex -4.6000 0.2732 -1.5000
         vertex -4.5268 0.2000 0.0000
         vertex -4.6000 0.2732 0.0000
      endloop
   endfacet
   facet normal -0.4210 -0.9071 0.0000
      outer loop
         vertex -4.7000 0.3000 -1.5000
         vertex -4.6000 0.2732 -1.5000
         vertex -4.6000 0.2732 0.0000
      endloop
   endfacet
   facet normal -0.3399 -0.9405 0.0000
      outer loop
         vertex -4.7000 0.3000 -1.5000
         vertex -4.6000 0.2732 0.0000
         vertex -4.7000 0.3000 0.0000
      endloop
   endfacet
   facet normal 0.0000 -1.0000 0.0000
      outer loop
         vertex -4.7000 0.3000 0.0000
         vertex -6.0000 0.3000 0.0000
         vertex -6.0000 0.3000 -1.5000
      endloop
   endfacet
   facet normal 0.0000 -1.0000 0.0000
      outer loop
         vertex -4.7000 0.3000 0.0000
         vertex -6.0000 0.3000 -1.5000
         vertex -4.7000 0.3000 -1.5000
      endloop
   endfacet
   facet normal 0.3399 -0.9405 0.0000
      outer loop
         vertex -6.1000 0.2732 -1.5000
         vertex -6.0000 0.3000 -1.5000
         vertex -6.0000 0.3000 0.0000
      endloop
   endfacet
   facet normal 0.4210 -0.9071 0.0000
      outer loop
         vertex -6.1000 0.2732 -1.5000
         vertex -6.0000 0.3000 0.0000
         vertex -6.1000 0.2732 0.0000
      endloop
   endfacet
   facet normal 0.6414 -0.7672 0.0000
      outer loop
         vertex -6.1732 0.2000 -1.5000
         vertex -6.1000 0.2732 -1.5000
         vertex -6.1000 0.2732 0.0000
      endloop
   endfacet
   facet normal 0.7672 -0.6414 0.0000
      outer loop
         vertex -6.1732 0.2000 -1.5000
         vertex -6.1000 0.2732 0.0000
         vertex -6.1732 0.2000 0.0000
      endloop
   endfacet
endsolid
