ISO-10303-21;
HEADER;
/* Generated by software containing ST-Developer
 * from STEP Tools, Inc. (www.steptools.com) 
 */
/* OPTION: using custom renumber hook */

FILE_DESCRIPTION(
/* description */ ('STEP AP242',
'CAx-IF Rec.Pracs.---Representation and Presentation of Product Manufa
cturing Information (PMI)---4.0---2014-10-13',
'CAx-IF Rec.Pracs.---3D Tessellated Geometry---0.4---2014-09-14','2;1'),

/* implementation_level */ '2;1');

FILE_NAME(
/* name */ '2601-3104',
/* time_stamp */ '2026-09-08T14:57:32+02:00',
/* author */ ('License CC BY-ND 4.0'),
/* organization */ ('CADENAS'),
/* preprocessor_version */ 'ST-DEVELOPER v20',
/* originating_system */ 'PARTsolutions',
/* authorisation */ '  ');

FILE_SCHEMA (('AP242_MANAGED_MODEL_BASED_3D_ENGINEERING_MIM_LF { 1 0 10303 442 1 1 4 }'));
ENDSEC;

DATA;
#10=SHAPE_REPRESENTATION_RELATIONSHIP('','',#14240,#11);
#11=ADVANCED_BREP_SHAPE_REPRESENTATION('',(#14238),#21382);
#12=B_SPLINE_CURVE_WITH_KNOTS('',3,(#20619,#20620,#20621,#20622),
 .UNSPECIFIED.,.F.,.F.,(4,4),(3.98188670119568E-16,0.000236315292161437),
 .UNSPECIFIED.);
#13=B_SPLINE_CURVE_WITH_KNOTS('',3,(#20870,#20871,#20872,#20873),
 .UNSPECIFIED.,.F.,.F.,(4,4),(4.33680868994202E-19,0.00114691082136395),
 .UNSPECIFIED.);
#14=B_SPLINE_CURVE_WITH_KNOTS('',3,(#20876,#20877,#20878,#20879),
 .UNSPECIFIED.,.F.,.F.,(4,4),(4.33680868994202E-19,8.79865781468822E-5),
 .UNSPECIFIED.);
#15=B_SPLINE_CURVE_WITH_KNOTS('',3,(#20880,#20881,#20882,#20883),
 .UNSPECIFIED.,.F.,.F.,(4,4),(0.,8.7986578146881E-5),.UNSPECIFIED.);
#16=B_SPLINE_CURVE_WITH_KNOTS('',3,(#20885,#20886,#20887,#20888),
 .UNSPECIFIED.,.F.,.F.,(4,4),(2.16840434497101E-19,0.00114691082136395),
 .UNSPECIFIED.);
#17=B_SPLINE_CURVE_WITH_KNOTS('',3,(#20890,#20891,#20892,#20893),
 .UNSPECIFIED.,.F.,.F.,(4,4),(0.,0.000261025235740523),.UNSPECIFIED.);
#18=B_SPLINE_CURVE_WITH_KNOTS('',3,(#20895,#20896,#20897,#20898),
 .UNSPECIFIED.,.F.,.F.,(4,4),(4.33680868994202E-19,0.00114691082136395),
 .UNSPECIFIED.);
#19=B_SPLINE_CURVE_WITH_KNOTS('',3,(#20900,#20901,#20902,#20903),
 .UNSPECIFIED.,.F.,.F.,(4,4),(2.16840434497101E-19,0.00114691082136395),
 .UNSPECIFIED.);
#20=B_SPLINE_CURVE_WITH_KNOTS('',3,(#20905,#20906,#20907,#20908),
 .UNSPECIFIED.,.F.,.F.,(4,4),(1.0842021724855E-19,0.000260679560388618),
 .UNSPECIFIED.);
#21=B_SPLINE_CURVE_WITH_KNOTS('',3,(#20992,#20993,#20994,#20995),
 .UNSPECIFIED.,.F.,.F.,(4,4),(8.67361737988404E-19,0.00114691082136395),
 .UNSPECIFIED.);
#22=B_SPLINE_CURVE_WITH_KNOTS('',3,(#20998,#20999,#21000,#21001),
 .UNSPECIFIED.,.F.,.F.,(4,4),(0.,8.79865781468818E-5),.UNSPECIFIED.);
#23=B_SPLINE_CURVE_WITH_KNOTS('',3,(#21002,#21003,#21004,#21005),
 .UNSPECIFIED.,.F.,.F.,(4,4),(0.,8.79865781468802E-5),.UNSPECIFIED.);
#24=B_SPLINE_CURVE_WITH_KNOTS('',3,(#21007,#21008,#21009,#21010),
 .UNSPECIFIED.,.F.,.F.,(4,4),(4.33680868994202E-19,0.00114691082136395),
 .UNSPECIFIED.);
#25=B_SPLINE_CURVE_WITH_KNOTS('',3,(#21012,#21013,#21014,#21015),
 .UNSPECIFIED.,.F.,.F.,(4,4),(0.,0.000261025235740522),.UNSPECIFIED.);
#26=B_SPLINE_CURVE_WITH_KNOTS('',3,(#21017,#21018,#21019,#21020),
 .UNSPECIFIED.,.F.,.F.,(4,4),(0.,0.00114691082136395),.UNSPECIFIED.);
#27=B_SPLINE_CURVE_WITH_KNOTS('',3,(#21022,#21023,#21024,#21025),
 .UNSPECIFIED.,.F.,.F.,(4,4),(4.33680868994202E-19,0.00114691082136395),
 .UNSPECIFIED.);
#28=B_SPLINE_CURVE_WITH_KNOTS('',3,(#21027,#21028,#21029,#21030),
 .UNSPECIFIED.,.F.,.F.,(4,4),(0.,0.000260679560388617),.UNSPECIFIED.);
#29=B_SPLINE_CURVE_WITH_KNOTS('',3,(#21114,#21115,#21116,#21117),
 .UNSPECIFIED.,.F.,.F.,(4,4),(0.,0.00114691082136395),.UNSPECIFIED.);
#30=B_SPLINE_CURVE_WITH_KNOTS('',3,(#21120,#21121,#21122,#21123),
 .UNSPECIFIED.,.F.,.F.,(4,4),(0.,8.79865781468826E-5),.UNSPECIFIED.);
#31=B_SPLINE_CURVE_WITH_KNOTS('',3,(#21124,#21125,#21126,#21127),
 .UNSPECIFIED.,.F.,.F.,(4,4),(0.,8.7986578146881E-5),.UNSPECIFIED.);
#32=B_SPLINE_CURVE_WITH_KNOTS('',3,(#21129,#21130,#21131,#21132),
 .UNSPECIFIED.,.F.,.F.,(4,4),(1.73472347597681E-18,0.00114691082136395),
 .UNSPECIFIED.);
#33=B_SPLINE_CURVE_WITH_KNOTS('',3,(#21134,#21135,#21136,#21137),
 .UNSPECIFIED.,.F.,.F.,(4,4),(0.,0.000261025235740523),.UNSPECIFIED.);
#34=B_SPLINE_CURVE_WITH_KNOTS('',3,(#21139,#21140,#21141,#21142),
 .UNSPECIFIED.,.F.,.F.,(4,4),(0.,0.00114691082136395),.UNSPECIFIED.);
#35=B_SPLINE_CURVE_WITH_KNOTS('',3,(#21144,#21145,#21146,#21147),
 .UNSPECIFIED.,.F.,.F.,(4,4),(0.,0.00114691082136395),.UNSPECIFIED.);
#36=B_SPLINE_CURVE_WITH_KNOTS('',3,(#21149,#21150,#21151,#21152),
 .UNSPECIFIED.,.F.,.F.,(4,4),(0.,0.000260679560388618),.UNSPECIFIED.);
#37=B_SPLINE_CURVE_WITH_KNOTS('',3,(#21236,#21237,#21238,#21239),
 .UNSPECIFIED.,.F.,.F.,(4,4),(0.,0.00114691082136395),.UNSPECIFIED.);
#38=B_SPLINE_CURVE_WITH_KNOTS('',3,(#21242,#21243,#21244,#21245),
 .UNSPECIFIED.,.F.,.F.,(4,4),(0.,8.79865781468826E-5),.UNSPECIFIED.);
#39=B_SPLINE_CURVE_WITH_KNOTS('',3,(#21246,#21247,#21248,#21249),
 .UNSPECIFIED.,.F.,.F.,(4,4),(0.,8.7986578146881E-5),.UNSPECIFIED.);
#40=B_SPLINE_CURVE_WITH_KNOTS('',3,(#21251,#21252,#21253,#21254),
 .UNSPECIFIED.,.F.,.F.,(4,4),(8.67361737988404E-19,0.00114691082136395),
 .UNSPECIFIED.);
#41=B_SPLINE_CURVE_WITH_KNOTS('',3,(#21256,#21257,#21258,#21259),
 .UNSPECIFIED.,.F.,.F.,(4,4),(0.,0.000261025235740523),.UNSPECIFIED.);
#42=B_SPLINE_CURVE_WITH_KNOTS('',3,(#21261,#21262,#21263,#21264),
 .UNSPECIFIED.,.F.,.F.,(4,4),(0.,0.00114691082136395),.UNSPECIFIED.);
#43=B_SPLINE_CURVE_WITH_KNOTS('',3,(#21266,#21267,#21268,#21269),
 .UNSPECIFIED.,.F.,.F.,(4,4),(8.67361737988403E-19,0.00114691082136395),
 .UNSPECIFIED.);
#44=B_SPLINE_CURVE_WITH_KNOTS('',3,(#21271,#21272,#21273,#21274),
 .UNSPECIFIED.,.F.,.F.,(4,4),(0.,0.000260679560388618),.UNSPECIFIED.);
#45=CYLINDRICAL_SURFACE('',#14413,0.300000000000002);
#46=CYLINDRICAL_SURFACE('',#14415,0.3);
#47=CYLINDRICAL_SURFACE('',#14417,0.299999999999998);
#48=CYLINDRICAL_SURFACE('',#14418,0.300000000000021);
#49=CYLINDRICAL_SURFACE('',#14421,0.150000000000001);
#50=CYLINDRICAL_SURFACE('',#14424,1.25000000000001);
#51=CYLINDRICAL_SURFACE('',#14438,0.15);
#52=CYLINDRICAL_SURFACE('',#14440,1.);
#53=CYLINDRICAL_SURFACE('',#14443,0.100000000000001);
#54=CYLINDRICAL_SURFACE('',#14445,1.25);
#55=CYLINDRICAL_SURFACE('',#14448,1.25);
#56=CYLINDRICAL_SURFACE('',#14450,0.0999999999999994);
#57=CYLINDRICAL_SURFACE('',#14453,0.149999999999998);
#58=CYLINDRICAL_SURFACE('',#14455,1.25);
#59=CYLINDRICAL_SURFACE('',#14457,0.15);
#60=CYLINDRICAL_SURFACE('',#14460,1.);
#61=CYLINDRICAL_SURFACE('',#14464,0.100000000000001);
#62=CYLINDRICAL_SURFACE('',#14467,1.25);
#63=CYLINDRICAL_SURFACE('',#14471,1.25);
#64=CYLINDRICAL_SURFACE('',#14474,0.0999999999999994);
#65=CYLINDRICAL_SURFACE('',#14478,0.149999999999998);
#66=CYLINDRICAL_SURFACE('',#14485,1.25);
#67=CYLINDRICAL_SURFACE('',#14493,1.25000000000001);
#68=CYLINDRICAL_SURFACE('',#14494,0.150000000000001);
#69=CYLINDRICAL_SURFACE('',#14497,0.15);
#70=CYLINDRICAL_SURFACE('',#14500,1.);
#71=CYLINDRICAL_SURFACE('',#14504,0.100000000000001);
#72=CYLINDRICAL_SURFACE('',#14507,1.25);
#73=CYLINDRICAL_SURFACE('',#14511,1.25);
#74=CYLINDRICAL_SURFACE('',#14514,0.0999999999999994);
#75=CYLINDRICAL_SURFACE('',#14518,0.149999999999998);
#76=CYLINDRICAL_SURFACE('',#14525,1.25);
#77=CYLINDRICAL_SURFACE('',#14533,1.25000000000001);
#78=CYLINDRICAL_SURFACE('',#14534,0.150000000000001);
#79=CYLINDRICAL_SURFACE('',#14537,0.15);
#80=CYLINDRICAL_SURFACE('',#14540,1.);
#81=CYLINDRICAL_SURFACE('',#14544,0.100000000000001);
#82=CYLINDRICAL_SURFACE('',#14547,1.25);
#83=CYLINDRICAL_SURFACE('',#14551,1.25);
#84=CYLINDRICAL_SURFACE('',#14554,0.0999999999999994);
#85=CYLINDRICAL_SURFACE('',#14558,0.149999999999998);
#86=CYLINDRICAL_SURFACE('',#14565,1.25);
#87=CYLINDRICAL_SURFACE('',#14573,1.25000000000001);
#88=CYLINDRICAL_SURFACE('',#14574,0.150000000000001);
#89=CYLINDRICAL_SURFACE('',#14582,1.25);
#90=CYLINDRICAL_SURFACE('',#14584,0.149999999999999);
#91=CYLINDRICAL_SURFACE('',#14587,0.150000000000004);
#92=CYLINDRICAL_SURFACE('',#14598,1.25);
#93=CYLINDRICAL_SURFACE('',#14600,0.100000000000003);
#94=CYLINDRICAL_SURFACE('',#14603,0.150000000000001);
#95=CYLINDRICAL_SURFACE('',#14605,1.25);
#96=CYLINDRICAL_SURFACE('',#14608,1.25);
#97=CYLINDRICAL_SURFACE('',#14610,0.150000000000001);
#98=CYLINDRICAL_SURFACE('',#14613,0.15);
#99=CYLINDRICAL_SURFACE('',#14615,1.);
#100=CYLINDRICAL_SURFACE('',#14617,0.150000000000004);
#101=CYLINDRICAL_SURFACE('',#14621,0.149999999999999);
#102=CYLINDRICAL_SURFACE('',#14629,1.25);
#103=CYLINDRICAL_SURFACE('',#14648,1.25);
#104=CYLINDRICAL_SURFACE('',#14649,0.100000000000003);
#105=CYLINDRICAL_SURFACE('',#14651,0.150000000000001);
#106=CYLINDRICAL_SURFACE('',#14652,1.25);
#107=CYLINDRICAL_SURFACE('',#14654,1.25);
#108=CYLINDRICAL_SURFACE('',#14655,0.150000000000001);
#109=CYLINDRICAL_SURFACE('',#14657,0.15);
#110=CYLINDRICAL_SURFACE('',#14658,1.);
#111=CYLINDRICAL_SURFACE('',#14659,0.150000000000004);
#112=CYLINDRICAL_SURFACE('',#14663,0.149999999999999);
#113=CYLINDRICAL_SURFACE('',#14671,1.25);
#114=CYLINDRICAL_SURFACE('',#14690,1.25);
#115=CYLINDRICAL_SURFACE('',#14691,0.100000000000003);
#116=CYLINDRICAL_SURFACE('',#14693,0.150000000000001);
#117=CYLINDRICAL_SURFACE('',#14694,1.25);
#118=CYLINDRICAL_SURFACE('',#14696,1.25);
#119=CYLINDRICAL_SURFACE('',#14697,0.150000000000001);
#120=CYLINDRICAL_SURFACE('',#14699,0.15);
#121=CYLINDRICAL_SURFACE('',#14700,1.);
#122=CYLINDRICAL_SURFACE('',#14701,0.150000000000004);
#123=CYLINDRICAL_SURFACE('',#14705,0.149999999999999);
#124=CYLINDRICAL_SURFACE('',#14713,1.25);
#125=CYLINDRICAL_SURFACE('',#14732,1.25);
#126=CYLINDRICAL_SURFACE('',#14733,0.100000000000003);
#127=CYLINDRICAL_SURFACE('',#14735,0.150000000000001);
#128=CYLINDRICAL_SURFACE('',#14736,1.25);
#129=CYLINDRICAL_SURFACE('',#14738,1.25);
#130=CYLINDRICAL_SURFACE('',#14739,0.150000000000001);
#131=CYLINDRICAL_SURFACE('',#14741,0.15);
#132=CYLINDRICAL_SURFACE('',#14742,1.);
#133=CYLINDRICAL_SURFACE('',#14743,0.149999999999968);
#134=CYLINDRICAL_SURFACE('',#14744,0.149999999999997);
#135=CYLINDRICAL_SURFACE('',#14746,0.149999999999988);
#136=CYLINDRICAL_SURFACE('',#14748,0.149999999999994);
#137=CYLINDRICAL_SURFACE('',#14750,0.149999999999995);
#138=CYLINDRICAL_SURFACE('',#14752,0.150000000000003);
#139=CYLINDRICAL_SURFACE('',#14754,0.150000000000003);
#140=CYLINDRICAL_SURFACE('',#14756,0.149999999999999);
#141=CYLINDRICAL_SURFACE('',#14759,0.150000000000003);
#142=CYLINDRICAL_SURFACE('',#14763,0.149999999999998);
#143=CYLINDRICAL_SURFACE('',#14766,0.149999999999999);
#144=CYLINDRICAL_SURFACE('',#14768,0.150000000000003);
#145=CYLINDRICAL_SURFACE('',#14770,0.149999999999998);
#146=CYLINDRICAL_SURFACE('',#14772,0.149999999999968);
#147=CYLINDRICAL_SURFACE('',#14774,0.150000000000003);
#148=CYLINDRICAL_SURFACE('',#14776,0.150000000000003);
#149=CYLINDRICAL_SURFACE('',#14778,0.149999999999995);
#150=CYLINDRICAL_SURFACE('',#14780,0.149999999999994);
#151=CYLINDRICAL_SURFACE('',#14782,0.149999999999988);
#152=CYLINDRICAL_SURFACE('',#14784,0.149999999999997);
#153=CYLINDRICAL_SURFACE('',#14785,0.149999999999999);
#154=CYLINDRICAL_SURFACE('',#14787,0.150000000000003);
#155=CYLINDRICAL_SURFACE('',#14789,0.149999999999998);
#156=CYLINDRICAL_SURFACE('',#14791,0.149999999999968);
#157=CYLINDRICAL_SURFACE('',#14793,0.150000000000003);
#158=CYLINDRICAL_SURFACE('',#14795,0.150000000000003);
#159=CYLINDRICAL_SURFACE('',#14797,0.149999999999995);
#160=CYLINDRICAL_SURFACE('',#14799,0.149999999999994);
#161=CYLINDRICAL_SURFACE('',#14801,0.149999999999988);
#162=CYLINDRICAL_SURFACE('',#14803,0.149999999999997);
#163=CYLINDRICAL_SURFACE('',#14804,0.149999999999999);
#164=CYLINDRICAL_SURFACE('',#14806,0.150000000000003);
#165=CYLINDRICAL_SURFACE('',#14808,0.149999999999998);
#166=CYLINDRICAL_SURFACE('',#14810,0.149999999999968);
#167=CYLINDRICAL_SURFACE('',#14812,0.150000000000003);
#168=CYLINDRICAL_SURFACE('',#14814,0.150000000000003);
#169=CYLINDRICAL_SURFACE('',#14816,0.149999999999995);
#170=CYLINDRICAL_SURFACE('',#14818,0.149999999999994);
#171=CYLINDRICAL_SURFACE('',#14820,0.149999999999988);
#172=CYLINDRICAL_SURFACE('',#14822,0.149999999999997);
#173=CYLINDRICAL_SURFACE('',#14827,0.299999999999999);
#174=CYLINDRICAL_SURFACE('',#14833,0.299999999999999);
#175=CYLINDRICAL_SURFACE('',#14839,0.299999999999999);
#176=CYLINDRICAL_SURFACE('',#14845,0.299999999999999);
#177=CYLINDRICAL_SURFACE('',#14847,0.300000000000001);
#178=CYLINDRICAL_SURFACE('',#14850,0.300000000000001);
#179=CYLINDRICAL_SURFACE('',#14853,0.15);
#180=CYLINDRICAL_SURFACE('',#14856,0.599999999999999);
#181=CYLINDRICAL_SURFACE('',#14859,0.600000000000001);
#182=CYLINDRICAL_SURFACE('',#14862,0.6);
#183=CYLINDRICAL_SURFACE('',#14864,0.599999999999999);
#184=CYLINDRICAL_SURFACE('',#14867,0.150000000000001);
#185=CYLINDRICAL_SURFACE('',#14871,0.300000000000001);
#186=CYLINDRICAL_SURFACE('',#14874,0.300000000000001);
#187=CYLINDRICAL_SURFACE('',#14877,0.15);
#188=CYLINDRICAL_SURFACE('',#14880,0.599999999999999);
#189=CYLINDRICAL_SURFACE('',#14883,0.600000000000001);
#190=CYLINDRICAL_SURFACE('',#14886,0.6);
#191=CYLINDRICAL_SURFACE('',#14888,0.599999999999999);
#192=CYLINDRICAL_SURFACE('',#14891,0.150000000000001);
#193=CYLINDRICAL_SURFACE('',#14895,0.300000000000001);
#194=CYLINDRICAL_SURFACE('',#14898,0.300000000000001);
#195=CYLINDRICAL_SURFACE('',#14901,0.15);
#196=CYLINDRICAL_SURFACE('',#14904,0.599999999999999);
#197=CYLINDRICAL_SURFACE('',#14907,0.600000000000001);
#198=CYLINDRICAL_SURFACE('',#14910,0.6);
#199=CYLINDRICAL_SURFACE('',#14912,0.599999999999999);
#200=CYLINDRICAL_SURFACE('',#14915,0.150000000000001);
#201=CYLINDRICAL_SURFACE('',#14919,0.300000000000001);
#202=CYLINDRICAL_SURFACE('',#14922,0.300000000000001);
#203=CYLINDRICAL_SURFACE('',#14925,0.15);
#204=CYLINDRICAL_SURFACE('',#14928,0.599999999999999);
#205=CYLINDRICAL_SURFACE('',#14931,0.600000000000001);
#206=CYLINDRICAL_SURFACE('',#14934,0.6);
#207=CYLINDRICAL_SURFACE('',#14936,0.599999999999999);
#208=CYLINDRICAL_SURFACE('',#14939,0.150000000000001);
#209=CYLINDRICAL_SURFACE('',#14971,0.300000000000002);
#210=CYLINDRICAL_SURFACE('',#14974,0.200000000000002);
#211=CYLINDRICAL_SURFACE('',#14977,0.200000000000001);
#212=CYLINDRICAL_SURFACE('',#14979,0.3);
#213=CYLINDRICAL_SURFACE('',#14981,0.299999999999999);
#214=CYLINDRICAL_SURFACE('',#14984,0.300000000000017);
#215=CYLINDRICAL_SURFACE('',#14990,0.299999999999991);
#216=CYLINDRICAL_SURFACE('',#14995,0.149999999999991);
#217=CYLINDRICAL_SURFACE('',#15004,0.149999999999997);
#218=CYLINDRICAL_SURFACE('',#15006,0.150000000000004);
#219=CYLINDRICAL_SURFACE('',#15007,0.149999999999994);
#220=CYLINDRICAL_SURFACE('',#15048,0.8);
#221=CYLINDRICAL_SURFACE('',#15061,1.00000000000001);
#222=CYLINDRICAL_SURFACE('',#15065,0.500000000000008);
#223=CYLINDRICAL_SURFACE('',#15073,0.299999999999997);
#224=CYLINDRICAL_SURFACE('',#15074,0.299999999999998);
#225=CYLINDRICAL_SURFACE('',#15075,0.8);
#226=CYLINDRICAL_SURFACE('',#15088,1.00000000000001);
#227=CYLINDRICAL_SURFACE('',#15092,0.500000000000008);
#228=CYLINDRICAL_SURFACE('',#15100,0.299999999999997);
#229=CYLINDRICAL_SURFACE('',#15101,0.299999999999998);
#230=CYLINDRICAL_SURFACE('',#15102,0.8);
#231=CYLINDRICAL_SURFACE('',#15115,1.00000000000001);
#232=CYLINDRICAL_SURFACE('',#15119,0.500000000000008);
#233=CYLINDRICAL_SURFACE('',#15127,0.299999999999997);
#234=CYLINDRICAL_SURFACE('',#15128,0.299999999999998);
#235=CYLINDRICAL_SURFACE('',#15129,0.8);
#236=CYLINDRICAL_SURFACE('',#15142,1.00000000000001);
#237=CYLINDRICAL_SURFACE('',#15146,0.500000000000008);
#238=CYLINDRICAL_SURFACE('',#15154,0.299999999999997);
#239=CYLINDRICAL_SURFACE('',#15155,0.299999999999998);
#240=CYLINDRICAL_SURFACE('',#15164,0.400000000000014);
#241=CYLINDRICAL_SURFACE('',#15165,4.00000000000005);
#242=CYLINDRICAL_SURFACE('',#15166,0.400000000000012);
#243=CYLINDRICAL_SURFACE('',#15167,3.);
#244=CYLINDRICAL_SURFACE('',#15168,3.00000000000003);
#245=CYLINDRICAL_SURFACE('',#15169,0.400000000000014);
#246=CYLINDRICAL_SURFACE('',#15170,4.00000000000005);
#247=CYLINDRICAL_SURFACE('',#15171,0.400000000000012);
#248=CYLINDRICAL_SURFACE('',#15172,3.);
#249=CYLINDRICAL_SURFACE('',#15173,3.00000000000003);
#250=CYLINDRICAL_SURFACE('',#15174,0.400000000000014);
#251=CYLINDRICAL_SURFACE('',#15175,4.00000000000005);
#252=CYLINDRICAL_SURFACE('',#15176,0.400000000000012);
#253=CYLINDRICAL_SURFACE('',#15177,3.);
#254=CYLINDRICAL_SURFACE('',#15178,3.00000000000003);
#255=CYLINDRICAL_SURFACE('',#15179,0.400000000000014);
#256=CYLINDRICAL_SURFACE('',#15180,4.00000000000005);
#257=CYLINDRICAL_SURFACE('',#15181,0.400000000000012);
#258=CYLINDRICAL_SURFACE('',#15182,3.);
#259=CYLINDRICAL_SURFACE('',#15183,3.00000000000003);
#260=CYLINDRICAL_SURFACE('',#15190,0.45);
#261=CYLINDRICAL_SURFACE('',#15193,1.6);
#262=CYLINDRICAL_SURFACE('',#15197,0.499999999999998);
#263=CYLINDRICAL_SURFACE('',#15200,0.150000000000001);
#264=ELLIPSE('',#14318,0.233358574029058,0.149999999999997);
#265=ELLIPSE('',#14319,0.233358574029043,0.149999999999988);
#266=ELLIPSE('',#14320,0.233358574029052,0.149999999999994);
#267=ELLIPSE('',#14321,0.233358574029055,0.149999999999995);
#268=ELLIPSE('',#14322,0.233358574029066,0.150000000000003);
#269=ELLIPSE('',#14323,0.233358574029067,0.150000000000003);
#270=ELLIPSE('',#14324,0.233358574029012,0.149999999999968);
#271=ELLIPSE('',#14325,0.233358574029059,0.149999999999998);
#272=ELLIPSE('',#14326,0.233358574029066,0.150000000000003);
#273=ELLIPSE('',#14327,0.23335857402906,0.149999999999999);
#274=ELLIPSE('',#14328,0.233358574029058,0.149999999999997);
#275=ELLIPSE('',#14329,0.233358574029043,0.149999999999988);
#276=ELLIPSE('',#14330,0.233358574029052,0.149999999999994);
#277=ELLIPSE('',#14331,0.233358574029055,0.149999999999995);
#278=ELLIPSE('',#14332,0.233358574029066,0.150000000000003);
#279=ELLIPSE('',#14333,0.233358574029067,0.150000000000003);
#280=ELLIPSE('',#14334,0.233358574029012,0.149999999999968);
#281=ELLIPSE('',#14335,0.233358574029059,0.149999999999998);
#282=ELLIPSE('',#14336,0.233358574029066,0.150000000000003);
#283=ELLIPSE('',#14337,0.23335857402906,0.149999999999999);
#284=ELLIPSE('',#14338,0.233358574029058,0.149999999999997);
#285=ELLIPSE('',#14339,0.233358574029043,0.149999999999988);
#286=ELLIPSE('',#14340,0.233358574029052,0.149999999999994);
#287=ELLIPSE('',#14341,0.233358574029055,0.149999999999995);
#288=ELLIPSE('',#14342,0.233358574029066,0.150000000000003);
#289=ELLIPSE('',#14343,0.233358574029067,0.150000000000003);
#290=ELLIPSE('',#14344,0.233358574029012,0.149999999999968);
#291=ELLIPSE('',#14345,0.233358574029059,0.149999999999998);
#292=ELLIPSE('',#14346,0.233358574029066,0.150000000000003);
#293=ELLIPSE('',#14347,0.23335857402906,0.149999999999999);
#294=ELLIPSE('',#14348,0.233358574029058,0.149999999999997);
#295=ELLIPSE('',#14349,0.233358574029043,0.149999999999988);
#296=ELLIPSE('',#14350,0.233358574029052,0.149999999999994);
#297=ELLIPSE('',#14351,0.233358574029055,0.149999999999995);
#298=ELLIPSE('',#14352,0.233358574029066,0.150000000000003);
#299=ELLIPSE('',#14353,0.233358574029067,0.150000000000003);
#300=ELLIPSE('',#14354,0.233358574029012,0.149999999999968);
#301=ELLIPSE('',#14355,0.233358574029059,0.149999999999998);
#302=ELLIPSE('',#14356,0.233358574029066,0.150000000000003);
#303=ELLIPSE('',#14357,0.23335857402906,0.149999999999999);
#304=ELLIPSE('',#14987,0.233358574029052,0.149999999999994);
#305=ELLIPSE('',#14988,0.233358574029068,0.150000000000004);
#306=ELLIPSE('',#14989,0.233358574029058,0.149999999999997);
#307=ELLIPSE('',#14991,0.36334368540004,0.299999999999991);
#308=ELLIPSE('',#15069,0.431262007205037,0.400000000000014);
#309=ELLIPSE('',#15070,3.23446505403771,3.00000000000003);
#310=ELLIPSE('',#15071,3.23446505403767,3.);
#311=ELLIPSE('',#15072,0.431262007205036,0.400000000000012);
#312=ELLIPSE('',#15096,0.431262007205037,0.400000000000014);
#313=ELLIPSE('',#15097,3.23446505403771,3.00000000000003);
#314=ELLIPSE('',#15098,3.23446505403767,3.);
#315=ELLIPSE('',#15099,0.431262007205036,0.400000000000012);
#316=ELLIPSE('',#15123,0.431262007205037,0.400000000000014);
#317=ELLIPSE('',#15124,3.23446505403771,3.00000000000003);
#318=ELLIPSE('',#15125,3.23446505403767,3.);
#319=ELLIPSE('',#15126,0.431262007205036,0.400000000000012);
#320=ELLIPSE('',#15150,0.431262007205037,0.400000000000014);
#321=ELLIPSE('',#15151,3.23446505403771,3.00000000000003);
#322=ELLIPSE('',#15152,3.23446505403767,3.);
#323=ELLIPSE('',#15153,0.431262007205036,0.400000000000012);
#324=LINE('',#18206,#1396);
#325=LINE('',#18209,#1397);
#326=LINE('',#18211,#1398);
#327=LINE('',#18213,#1399);
#328=LINE('',#18215,#1400);
#329=LINE('',#18217,#1401);
#330=LINE('',#18219,#1402);
#331=LINE('',#18223,#1403);
#332=LINE('',#18227,#1404);
#333=LINE('',#18231,#1405);
#334=LINE('',#18235,#1406);
#335=LINE('',#18236,#1407);
#336=LINE('',#18239,#1408);
#337=LINE('',#18241,#1409);
#338=LINE('',#18243,#1410);
#339=LINE('',#18245,#1411);
#340=LINE('',#18246,#1412);
#341=LINE('',#18251,#1413);
#342=LINE('',#18255,#1414);
#343=LINE('',#18259,#1415);
#344=LINE('',#18261,#1416);
#345=LINE('',#18264,#1417);
#346=LINE('',#18266,#1418);
#347=LINE('',#18268,#1419);
#348=LINE('',#18270,#1420);
#349=LINE('',#18272,#1421);
#350=LINE('',#18274,#1422);
#351=LINE('',#18276,#1423);
#352=LINE('',#18280,#1424);
#353=LINE('',#18282,#1425);
#354=LINE('',#18284,#1426);
#355=LINE('',#18288,#1427);
#356=LINE('',#18293,#1428);
#357=LINE('',#18297,#1429);
#358=LINE('',#18299,#1430);
#359=LINE('',#18302,#1431);
#360=LINE('',#18306,#1432);
#361=LINE('',#18310,#1433);
#362=LINE('',#18314,#1434);
#363=LINE('',#18319,#1435);
#364=LINE('',#18323,#1436);
#365=LINE('',#18325,#1437);
#366=LINE('',#18328,#1438);
#367=LINE('',#18332,#1439);
#368=LINE('',#18334,#1440);
#369=LINE('',#18336,#1441);
#370=LINE('',#18340,#1442);
#371=LINE('',#18342,#1443);
#372=LINE('',#18345,#1444);
#373=LINE('',#18347,#1445);
#374=LINE('',#18351,#1446);
#375=LINE('',#18355,#1447);
#376=LINE('',#18359,#1448);
#377=LINE('',#18363,#1449);
#378=LINE('',#18367,#1450);
#379=LINE('',#18371,#1451);
#380=LINE('',#18375,#1452);
#381=LINE('',#18378,#1453);
#382=LINE('',#18381,#1454);
#383=LINE('',#18383,#1455);
#384=LINE('',#18384,#1456);
#385=LINE('',#18385,#1457);
#386=LINE('',#18389,#1458);
#387=LINE('',#18393,#1459);
#388=LINE('',#18397,#1460);
#389=LINE('',#18401,#1461);
#390=LINE('',#18405,#1462);
#391=LINE('',#18409,#1463);
#392=LINE('',#18413,#1464);
#393=LINE('',#18416,#1465);
#394=LINE('',#18419,#1466);
#395=LINE('',#18421,#1467);
#396=LINE('',#18425,#1468);
#397=LINE('',#18429,#1469);
#398=LINE('',#18433,#1470);
#399=LINE('',#18437,#1471);
#400=LINE('',#18441,#1472);
#401=LINE('',#18445,#1473);
#402=LINE('',#18449,#1474);
#403=LINE('',#18452,#1475);
#404=LINE('',#18455,#1476);
#405=LINE('',#18457,#1477);
#406=LINE('',#18461,#1478);
#407=LINE('',#18465,#1479);
#408=LINE('',#18469,#1480);
#409=LINE('',#18473,#1481);
#410=LINE('',#18477,#1482);
#411=LINE('',#18481,#1483);
#412=LINE('',#18485,#1484);
#413=LINE('',#18489,#1485);
#414=LINE('',#18491,#1486);
#415=LINE('',#18493,#1487);
#416=LINE('',#18495,#1488);
#417=LINE('',#18497,#1489);
#418=LINE('',#18500,#1490);
#419=LINE('',#18502,#1491);
#420=LINE('',#18503,#1492);
#421=LINE('',#18505,#1493);
#422=LINE('',#18507,#1494);
#423=LINE('',#18509,#1495);
#424=LINE('',#18511,#1496);
#425=LINE('',#18513,#1497);
#426=LINE('',#18516,#1498);
#427=LINE('',#18518,#1499);
#428=LINE('',#18519,#1500);
#429=LINE('',#18521,#1501);
#430=LINE('',#18523,#1502);
#431=LINE('',#18525,#1503);
#432=LINE('',#18527,#1504);
#433=LINE('',#18529,#1505);
#434=LINE('',#18532,#1506);
#435=LINE('',#18534,#1507);
#436=LINE('',#18535,#1508);
#437=LINE('',#18537,#1509);
#438=LINE('',#18539,#1510);
#439=LINE('',#18543,#1511);
#440=LINE('',#18545,#1512);
#441=LINE('',#18547,#1513);
#442=LINE('',#18551,#1514);
#443=LINE('',#18553,#1515);
#444=LINE('',#18555,#1516);
#445=LINE('',#18557,#1517);
#446=LINE('',#18559,#1518);
#447=LINE('',#18562,#1519);
#448=LINE('',#18564,#1520);
#449=LINE('',#18565,#1521);
#450=LINE('',#18567,#1522);
#451=LINE('',#18570,#1523);
#452=LINE('',#18572,#1524);
#453=LINE('',#18576,#1525);
#454=LINE('',#18578,#1526);
#455=LINE('',#18580,#1527);
#456=LINE('',#18582,#1528);
#457=LINE('',#18584,#1529);
#458=LINE('',#18586,#1530);
#459=LINE('',#18590,#1531);
#460=LINE('',#18591,#1532);
#461=LINE('',#18592,#1533);
#462=LINE('',#18594,#1534);
#463=LINE('',#18596,#1535);
#464=LINE('',#18598,#1536);
#465=LINE('',#18602,#1537);
#466=LINE('',#18604,#1538);
#467=LINE('',#18606,#1539);
#468=LINE('',#18608,#1540);
#469=LINE('',#18610,#1541);
#470=LINE('',#18612,#1542);
#471=LINE('',#18616,#1543);
#472=LINE('',#18618,#1544);
#473=LINE('',#18620,#1545);
#474=LINE('',#18622,#1546);
#475=LINE('',#18625,#1547);
#476=LINE('',#18629,#1548);
#477=LINE('',#18633,#1549);
#478=LINE('',#18637,#1550);
#479=LINE('',#18641,#1551);
#480=LINE('',#18645,#1552);
#481=LINE('',#18649,#1553);
#482=LINE('',#18653,#1554);
#483=LINE('',#18657,#1555);
#484=LINE('',#18661,#1556);
#485=LINE('',#18665,#1557);
#486=LINE('',#18667,#1558);
#487=LINE('',#18669,#1559);
#488=LINE('',#18671,#1560);
#489=LINE('',#18673,#1561);
#490=LINE('',#18677,#1562);
#491=LINE('',#18681,#1563);
#492=LINE('',#18685,#1564);
#493=LINE('',#18689,#1565);
#494=LINE('',#18693,#1566);
#495=LINE('',#18697,#1567);
#496=LINE('',#18701,#1568);
#497=LINE('',#18705,#1569);
#498=LINE('',#18709,#1570);
#499=LINE('',#18713,#1571);
#500=LINE('',#18715,#1572);
#501=LINE('',#18717,#1573);
#502=LINE('',#18719,#1574);
#503=LINE('',#18721,#1575);
#504=LINE('',#18725,#1576);
#505=LINE('',#18729,#1577);
#506=LINE('',#18733,#1578);
#507=LINE('',#18737,#1579);
#508=LINE('',#18741,#1580);
#509=LINE('',#18745,#1581);
#510=LINE('',#18750,#1582);
#511=LINE('',#18754,#1583);
#512=LINE('',#18758,#1584);
#513=LINE('',#18759,#1585);
#514=LINE('',#18760,#1586);
#515=LINE('',#18762,#1587);
#516=LINE('',#18764,#1588);
#517=LINE('',#18768,#1589);
#518=LINE('',#18772,#1590);
#519=LINE('',#18776,#1591);
#520=LINE('',#18780,#1592);
#521=LINE('',#18784,#1593);
#522=LINE('',#18788,#1594);
#523=LINE('',#18792,#1595);
#524=LINE('',#18796,#1596);
#525=LINE('',#18800,#1597);
#526=LINE('',#18804,#1598);
#527=LINE('',#18806,#1599);
#528=LINE('',#18808,#1600);
#529=LINE('',#18810,#1601);
#530=LINE('',#18814,#1602);
#531=LINE('',#18818,#1603);
#532=LINE('',#18822,#1604);
#533=LINE('',#18826,#1605);
#534=LINE('',#18831,#1606);
#535=LINE('',#18833,#1607);
#536=LINE('',#18837,#1608);
#537=LINE('',#18841,#1609);
#538=LINE('',#18843,#1610);
#539=LINE('',#18846,#1611);
#540=LINE('',#18850,#1612);
#541=LINE('',#18854,#1613);
#542=LINE('',#18861,#1614);
#543=LINE('',#18864,#1615);
#544=LINE('',#18868,#1616);
#545=LINE('',#18872,#1617);
#546=LINE('',#18874,#1618);
#547=LINE('',#18875,#1619);
#548=LINE('',#18877,#1620);
#549=LINE('',#18878,#1621);
#550=LINE('',#18880,#1622);
#551=LINE('',#18883,#1623);
#552=LINE('',#18887,#1624);
#553=LINE('',#18891,#1625);
#554=LINE('',#18898,#1626);
#555=LINE('',#18899,#1627);
#556=LINE('',#18903,#1628);
#557=LINE('',#18907,#1629);
#558=LINE('',#18911,#1630);
#559=LINE('',#18916,#1631);
#560=LINE('',#18918,#1632);
#561=LINE('',#18922,#1633);
#562=LINE('',#18926,#1634);
#563=LINE('',#18928,#1635);
#564=LINE('',#18929,#1636);
#565=LINE('',#18931,#1637);
#566=LINE('',#18932,#1638);
#567=LINE('',#18934,#1639);
#568=LINE('',#18937,#1640);
#569=LINE('',#18941,#1641);
#570=LINE('',#18945,#1642);
#571=LINE('',#18952,#1643);
#572=LINE('',#18953,#1644);
#573=LINE('',#18957,#1645);
#574=LINE('',#18961,#1646);
#575=LINE('',#18965,#1647);
#576=LINE('',#18970,#1648);
#577=LINE('',#18972,#1649);
#578=LINE('',#18976,#1650);
#579=LINE('',#18980,#1651);
#580=LINE('',#18982,#1652);
#581=LINE('',#18983,#1653);
#582=LINE('',#18985,#1654);
#583=LINE('',#18986,#1655);
#584=LINE('',#18988,#1656);
#585=LINE('',#18991,#1657);
#586=LINE('',#18995,#1658);
#587=LINE('',#18999,#1659);
#588=LINE('',#19003,#1660);
#589=LINE('',#19004,#1661);
#590=LINE('',#19006,#1662);
#591=LINE('',#19008,#1663);
#592=LINE('',#19011,#1664);
#593=LINE('',#19013,#1665);
#594=LINE('',#19015,#1666);
#595=LINE('',#19016,#1667);
#596=LINE('',#19019,#1668);
#597=LINE('',#19021,#1669);
#598=LINE('',#19023,#1670);
#599=LINE('',#19024,#1671);
#600=LINE('',#19027,#1672);
#601=LINE('',#19029,#1673);
#602=LINE('',#19031,#1674);
#603=LINE('',#19032,#1675);
#604=LINE('',#19035,#1676);
#605=LINE('',#19037,#1677);
#606=LINE('',#19039,#1678);
#607=LINE('',#19040,#1679);
#608=LINE('',#19043,#1680);
#609=LINE('',#19045,#1681);
#610=LINE('',#19047,#1682);
#611=LINE('',#19048,#1683);
#612=LINE('',#19051,#1684);
#613=LINE('',#19053,#1685);
#614=LINE('',#19055,#1686);
#615=LINE('',#19056,#1687);
#616=LINE('',#19058,#1688);
#617=LINE('',#19060,#1689);
#618=LINE('',#19061,#1690);
#619=LINE('',#19063,#1691);
#620=LINE('',#19065,#1692);
#621=LINE('',#19066,#1693);
#622=LINE('',#19068,#1694);
#623=LINE('',#19070,#1695);
#624=LINE('',#19073,#1696);
#625=LINE('',#19075,#1697);
#626=LINE('',#19077,#1698);
#627=LINE('',#19078,#1699);
#628=LINE('',#19081,#1700);
#629=LINE('',#19083,#1701);
#630=LINE('',#19085,#1702);
#631=LINE('',#19086,#1703);
#632=LINE('',#19089,#1704);
#633=LINE('',#19091,#1705);
#634=LINE('',#19093,#1706);
#635=LINE('',#19094,#1707);
#636=LINE('',#19097,#1708);
#637=LINE('',#19099,#1709);
#638=LINE('',#19101,#1710);
#639=LINE('',#19102,#1711);
#640=LINE('',#19105,#1712);
#641=LINE('',#19107,#1713);
#642=LINE('',#19109,#1714);
#643=LINE('',#19110,#1715);
#644=LINE('',#19113,#1716);
#645=LINE('',#19115,#1717);
#646=LINE('',#19117,#1718);
#647=LINE('',#19118,#1719);
#648=LINE('',#19120,#1720);
#649=LINE('',#19122,#1721);
#650=LINE('',#19123,#1722);
#651=LINE('',#19125,#1723);
#652=LINE('',#19127,#1724);
#653=LINE('',#19128,#1725);
#654=LINE('',#19132,#1726);
#655=LINE('',#19134,#1727);
#656=LINE('',#19136,#1728);
#657=LINE('',#19138,#1729);
#658=LINE('',#19140,#1730);
#659=LINE('',#19142,#1731);
#660=LINE('',#19146,#1732);
#661=LINE('',#19158,#1733);
#662=LINE('',#19164,#1734);
#663=LINE('',#19170,#1735);
#664=LINE('',#19176,#1736);
#665=LINE('',#19178,#1737);
#666=LINE('',#19180,#1738);
#667=LINE('',#19184,#1739);
#668=LINE('',#19188,#1740);
#669=LINE('',#19190,#1741);
#670=LINE('',#19193,#1742);
#671=LINE('',#19195,#1743);
#672=LINE('',#19197,#1744);
#673=LINE('',#19198,#1745);
#674=LINE('',#19200,#1746);
#675=LINE('',#19204,#1747);
#676=LINE('',#19208,#1748);
#677=LINE('',#19210,#1749);
#678=LINE('',#19212,#1750);
#679=LINE('',#19214,#1751);
#680=LINE('',#19216,#1752);
#681=LINE('',#19218,#1753);
#682=LINE('',#19219,#1754);
#683=LINE('',#19223,#1755);
#684=LINE('',#19227,#1756);
#685=LINE('',#19229,#1757);
#686=LINE('',#19232,#1758);
#687=LINE('',#19234,#1759);
#688=LINE('',#19236,#1760);
#689=LINE('',#19237,#1761);
#690=LINE('',#19239,#1762);
#691=LINE('',#19243,#1763);
#692=LINE('',#19250,#1764);
#693=LINE('',#19254,#1765);
#694=LINE('',#19260,#1766);
#695=LINE('',#19262,#1767);
#696=LINE('',#19265,#1768);
#697=LINE('',#19267,#1769);
#698=LINE('',#19269,#1770);
#699=LINE('',#19270,#1771);
#700=LINE('',#19272,#1772);
#701=LINE('',#19274,#1773);
#702=LINE('',#19280,#1774);
#703=LINE('',#19286,#1775);
#704=LINE('',#19288,#1776);
#705=LINE('',#19290,#1777);
#706=LINE('',#19292,#1778);
#707=LINE('',#19298,#1779);
#708=LINE('',#19304,#1780);
#709=LINE('',#19306,#1781);
#710=LINE('',#19309,#1782);
#711=LINE('',#19311,#1783);
#712=LINE('',#19313,#1784);
#713=LINE('',#19314,#1785);
#714=LINE('',#19316,#1786);
#715=LINE('',#19318,#1787);
#716=LINE('',#19324,#1788);
#717=LINE('',#19327,#1789);
#718=LINE('',#19329,#1790);
#719=LINE('',#19334,#1791);
#720=LINE('',#19336,#1792);
#721=LINE('',#19346,#1793);
#722=LINE('',#19348,#1794);
#723=LINE('',#19350,#1795);
#724=LINE('',#19352,#1796);
#725=LINE('',#19354,#1797);
#726=LINE('',#19360,#1798);
#727=LINE('',#19364,#1799);
#728=LINE('',#19370,#1800);
#729=LINE('',#19372,#1801);
#730=LINE('',#19375,#1802);
#731=LINE('',#19377,#1803);
#732=LINE('',#19379,#1804);
#733=LINE('',#19380,#1805);
#734=LINE('',#19382,#1806);
#735=LINE('',#19384,#1807);
#736=LINE('',#19390,#1808);
#737=LINE('',#19396,#1809);
#738=LINE('',#19398,#1810);
#739=LINE('',#19400,#1811);
#740=LINE('',#19402,#1812);
#741=LINE('',#19408,#1813);
#742=LINE('',#19414,#1814);
#743=LINE('',#19416,#1815);
#744=LINE('',#19419,#1816);
#745=LINE('',#19421,#1817);
#746=LINE('',#19423,#1818);
#747=LINE('',#19424,#1819);
#748=LINE('',#19426,#1820);
#749=LINE('',#19428,#1821);
#750=LINE('',#19434,#1822);
#751=LINE('',#19437,#1823);
#752=LINE('',#19439,#1824);
#753=LINE('',#19444,#1825);
#754=LINE('',#19446,#1826);
#755=LINE('',#19456,#1827);
#756=LINE('',#19458,#1828);
#757=LINE('',#19460,#1829);
#758=LINE('',#19462,#1830);
#759=LINE('',#19464,#1831);
#760=LINE('',#19470,#1832);
#761=LINE('',#19474,#1833);
#762=LINE('',#19480,#1834);
#763=LINE('',#19482,#1835);
#764=LINE('',#19485,#1836);
#765=LINE('',#19487,#1837);
#766=LINE('',#19489,#1838);
#767=LINE('',#19490,#1839);
#768=LINE('',#19492,#1840);
#769=LINE('',#19494,#1841);
#770=LINE('',#19500,#1842);
#771=LINE('',#19506,#1843);
#772=LINE('',#19508,#1844);
#773=LINE('',#19510,#1845);
#774=LINE('',#19512,#1846);
#775=LINE('',#19518,#1847);
#776=LINE('',#19524,#1848);
#777=LINE('',#19526,#1849);
#778=LINE('',#19529,#1850);
#779=LINE('',#19531,#1851);
#780=LINE('',#19533,#1852);
#781=LINE('',#19534,#1853);
#782=LINE('',#19536,#1854);
#783=LINE('',#19538,#1855);
#784=LINE('',#19544,#1856);
#785=LINE('',#19547,#1857);
#786=LINE('',#19549,#1858);
#787=LINE('',#19554,#1859);
#788=LINE('',#19556,#1860);
#789=LINE('',#19566,#1861);
#790=LINE('',#19568,#1862);
#791=LINE('',#19570,#1863);
#792=LINE('',#19572,#1864);
#793=LINE('',#19574,#1865);
#794=LINE('',#19581,#1866);
#795=LINE('',#19585,#1867);
#796=LINE('',#19587,#1868);
#797=LINE('',#19589,#1869);
#798=LINE('',#19593,#1870);
#799=LINE('',#19597,#1871);
#800=LINE('',#19599,#1872);
#801=LINE('',#19601,#1873);
#802=LINE('',#19609,#1874);
#803=LINE('',#19615,#1875);
#804=LINE('',#19621,#1876);
#805=LINE('',#19629,#1877);
#806=LINE('',#19633,#1878);
#807=LINE('',#19635,#1879);
#808=LINE('',#19637,#1880);
#809=LINE('',#19641,#1881);
#810=LINE('',#19645,#1882);
#811=LINE('',#19647,#1883);
#812=LINE('',#19649,#1884);
#813=LINE('',#19650,#1885);
#814=LINE('',#19652,#1886);
#815=LINE('',#19654,#1887);
#816=LINE('',#19655,#1888);
#817=LINE('',#19656,#1889);
#818=LINE('',#19660,#1890);
#819=LINE('',#19664,#1891);
#820=LINE('',#19666,#1892);
#821=LINE('',#19668,#1893);
#822=LINE('',#19672,#1894);
#823=LINE('',#19679,#1895);
#824=LINE('',#19683,#1896);
#825=LINE('',#19685,#1897);
#826=LINE('',#19687,#1898);
#827=LINE('',#19689,#1899);
#828=LINE('',#19695,#1900);
#829=LINE('',#19698,#1901);
#830=LINE('',#19700,#1902);
#831=LINE('',#19709,#1903);
#832=LINE('',#19715,#1904);
#833=LINE('',#19721,#1905);
#834=LINE('',#19731,#1906);
#835=LINE('',#19737,#1907);
#836=LINE('',#19743,#1908);
#837=LINE('',#19749,#1909);
#838=LINE('',#19751,#1910);
#839=LINE('',#19753,#1911);
#840=LINE('',#19755,#1912);
#841=LINE('',#19757,#1913);
#842=LINE('',#19759,#1914);
#843=LINE('',#19761,#1915);
#844=LINE('',#19763,#1916);
#845=LINE('',#19765,#1917);
#846=LINE('',#19767,#1918);
#847=LINE('',#19773,#1919);
#848=LINE('',#19777,#1920);
#849=LINE('',#19779,#1921);
#850=LINE('',#19781,#1922);
#851=LINE('',#19783,#1923);
#852=LINE('',#19789,#1924);
#853=LINE('',#19792,#1925);
#854=LINE('',#19794,#1926);
#855=LINE('',#19803,#1927);
#856=LINE('',#19809,#1928);
#857=LINE('',#19815,#1929);
#858=LINE('',#19825,#1930);
#859=LINE('',#19831,#1931);
#860=LINE('',#19837,#1932);
#861=LINE('',#19843,#1933);
#862=LINE('',#19845,#1934);
#863=LINE('',#19847,#1935);
#864=LINE('',#19849,#1936);
#865=LINE('',#19851,#1937);
#866=LINE('',#19853,#1938);
#867=LINE('',#19855,#1939);
#868=LINE('',#19857,#1940);
#869=LINE('',#19859,#1941);
#870=LINE('',#19861,#1942);
#871=LINE('',#19867,#1943);
#872=LINE('',#19871,#1944);
#873=LINE('',#19873,#1945);
#874=LINE('',#19875,#1946);
#875=LINE('',#19877,#1947);
#876=LINE('',#19883,#1948);
#877=LINE('',#19886,#1949);
#878=LINE('',#19888,#1950);
#879=LINE('',#19897,#1951);
#880=LINE('',#19903,#1952);
#881=LINE('',#19909,#1953);
#882=LINE('',#19919,#1954);
#883=LINE('',#19925,#1955);
#884=LINE('',#19931,#1956);
#885=LINE('',#19937,#1957);
#886=LINE('',#19939,#1958);
#887=LINE('',#19941,#1959);
#888=LINE('',#19943,#1960);
#889=LINE('',#19945,#1961);
#890=LINE('',#19947,#1962);
#891=LINE('',#19949,#1963);
#892=LINE('',#19951,#1964);
#893=LINE('',#19953,#1965);
#894=LINE('',#19955,#1966);
#895=LINE('',#19958,#1967);
#896=LINE('',#19960,#1968);
#897=LINE('',#19962,#1969);
#898=LINE('',#19964,#1970);
#899=LINE('',#19966,#1971);
#900=LINE('',#19968,#1972);
#901=LINE('',#19970,#1973);
#902=LINE('',#19972,#1974);
#903=LINE('',#19973,#1975);
#904=LINE('',#19975,#1976);
#905=LINE('',#19977,#1977);
#906=LINE('',#19979,#1978);
#907=LINE('',#19981,#1979);
#908=LINE('',#19983,#1980);
#909=LINE('',#19986,#1981);
#910=LINE('',#19990,#1982);
#911=LINE('',#19992,#1983);
#912=LINE('',#19994,#1984);
#913=LINE('',#19996,#1985);
#914=LINE('',#20000,#1986);
#915=LINE('',#20002,#1987);
#916=LINE('',#20004,#1988);
#917=LINE('',#20009,#1989);
#918=LINE('',#20011,#1990);
#919=LINE('',#20013,#1991);
#920=LINE('',#20015,#1992);
#921=LINE('',#20017,#1993);
#922=LINE('',#20019,#1994);
#923=LINE('',#20020,#1995);
#924=LINE('',#20022,#1996);
#925=LINE('',#20024,#1997);
#926=LINE('',#20026,#1998);
#927=LINE('',#20028,#1999);
#928=LINE('',#20030,#2000);
#929=LINE('',#20032,#2001);
#930=LINE('',#20034,#2002);
#931=LINE('',#20036,#2003);
#932=LINE('',#20038,#2004);
#933=LINE('',#20039,#2005);
#934=LINE('',#20041,#2006);
#935=LINE('',#20043,#2007);
#936=LINE('',#20045,#2008);
#937=LINE('',#20047,#2009);
#938=LINE('',#20049,#2010);
#939=LINE('',#20052,#2011);
#940=LINE('',#20054,#2012);
#941=LINE('',#20056,#2013);
#942=LINE('',#20058,#2014);
#943=LINE('',#20060,#2015);
#944=LINE('',#20062,#2016);
#945=LINE('',#20063,#2017);
#946=LINE('',#20065,#2018);
#947=LINE('',#20067,#2019);
#948=LINE('',#20069,#2020);
#949=LINE('',#20071,#2021);
#950=LINE('',#20073,#2022);
#951=LINE('',#20075,#2023);
#952=LINE('',#20077,#2024);
#953=LINE('',#20079,#2025);
#954=LINE('',#20081,#2026);
#955=LINE('',#20082,#2027);
#956=LINE('',#20084,#2028);
#957=LINE('',#20086,#2029);
#958=LINE('',#20088,#2030);
#959=LINE('',#20090,#2031);
#960=LINE('',#20092,#2032);
#961=LINE('',#20095,#2033);
#962=LINE('',#20097,#2034);
#963=LINE('',#20099,#2035);
#964=LINE('',#20101,#2036);
#965=LINE('',#20103,#2037);
#966=LINE('',#20105,#2038);
#967=LINE('',#20106,#2039);
#968=LINE('',#20108,#2040);
#969=LINE('',#20110,#2041);
#970=LINE('',#20112,#2042);
#971=LINE('',#20114,#2043);
#972=LINE('',#20116,#2044);
#973=LINE('',#20118,#2045);
#974=LINE('',#20120,#2046);
#975=LINE('',#20122,#2047);
#976=LINE('',#20124,#2048);
#977=LINE('',#20125,#2049);
#978=LINE('',#20127,#2050);
#979=LINE('',#20129,#2051);
#980=LINE('',#20131,#2052);
#981=LINE('',#20133,#2053);
#982=LINE('',#20135,#2054);
#983=LINE('',#20138,#2055);
#984=LINE('',#20141,#2056);
#985=LINE('',#20143,#2057);
#986=LINE('',#20145,#2058);
#987=LINE('',#20146,#2059);
#988=LINE('',#20148,#2060);
#989=LINE('',#20152,#2061);
#990=LINE('',#20154,#2062);
#991=LINE('',#20156,#2063);
#992=LINE('',#20158,#2064);
#993=LINE('',#20160,#2065);
#994=LINE('',#20162,#2066);
#995=LINE('',#20164,#2067);
#996=LINE('',#20167,#2068);
#997=LINE('',#20169,#2069);
#998=LINE('',#20171,#2070);
#999=LINE('',#20172,#2071);
#1000=LINE('',#20176,#2072);
#1001=LINE('',#20178,#2073);
#1002=LINE('',#20180,#2074);
#1003=LINE('',#20182,#2075);
#1004=LINE('',#20184,#2076);
#1005=LINE('',#20187,#2077);
#1006=LINE('',#20190,#2078);
#1007=LINE('',#20192,#2079);
#1008=LINE('',#20194,#2080);
#1009=LINE('',#20195,#2081);
#1010=LINE('',#20199,#2082);
#1011=LINE('',#20201,#2083);
#1012=LINE('',#20203,#2084);
#1013=LINE('',#20205,#2085);
#1014=LINE('',#20207,#2086);
#1015=LINE('',#20210,#2087);
#1016=LINE('',#20213,#2088);
#1017=LINE('',#20215,#2089);
#1018=LINE('',#20217,#2090);
#1019=LINE('',#20218,#2091);
#1020=LINE('',#20222,#2092);
#1021=LINE('',#20224,#2093);
#1022=LINE('',#20226,#2094);
#1023=LINE('',#20228,#2095);
#1024=LINE('',#20230,#2096);
#1025=LINE('',#20233,#2097);
#1026=LINE('',#20237,#2098);
#1027=LINE('',#20239,#2099);
#1028=LINE('',#20241,#2100);
#1029=LINE('',#20243,#2101);
#1030=LINE('',#20247,#2102);
#1031=LINE('',#20249,#2103);
#1032=LINE('',#20251,#2104);
#1033=LINE('',#20255,#2105);
#1034=LINE('',#20257,#2106);
#1035=LINE('',#20259,#2107);
#1036=LINE('',#20263,#2108);
#1037=LINE('',#20265,#2109);
#1038=LINE('',#20267,#2110);
#1039=LINE('',#20271,#2111);
#1040=LINE('',#20273,#2112);
#1041=LINE('',#20277,#2113);
#1042=LINE('',#20281,#2114);
#1043=LINE('',#20283,#2115);
#1044=LINE('',#20285,#2116);
#1045=LINE('',#20289,#2117);
#1046=LINE('',#20291,#2118);
#1047=LINE('',#20293,#2119);
#1048=LINE('',#20295,#2120);
#1049=LINE('',#20297,#2121);
#1050=LINE('',#20301,#2122);
#1051=LINE('',#20303,#2123);
#1052=LINE('',#20305,#2124);
#1053=LINE('',#20307,#2125);
#1054=LINE('',#20311,#2126);
#1055=LINE('',#20313,#2127);
#1056=LINE('',#20315,#2128);
#1057=LINE('',#20319,#2129);
#1058=LINE('',#20321,#2130);
#1059=LINE('',#20323,#2131);
#1060=LINE('',#20327,#2132);
#1061=LINE('',#20329,#2133);
#1062=LINE('',#20331,#2134);
#1063=LINE('',#20335,#2135);
#1064=LINE('',#20337,#2136);
#1065=LINE('',#20341,#2137);
#1066=LINE('',#20345,#2138);
#1067=LINE('',#20347,#2139);
#1068=LINE('',#20349,#2140);
#1069=LINE('',#20353,#2141);
#1070=LINE('',#20355,#2142);
#1071=LINE('',#20357,#2143);
#1072=LINE('',#20359,#2144);
#1073=LINE('',#20361,#2145);
#1074=LINE('',#20365,#2146);
#1075=LINE('',#20367,#2147);
#1076=LINE('',#20369,#2148);
#1077=LINE('',#20371,#2149);
#1078=LINE('',#20375,#2150);
#1079=LINE('',#20377,#2151);
#1080=LINE('',#20379,#2152);
#1081=LINE('',#20383,#2153);
#1082=LINE('',#20385,#2154);
#1083=LINE('',#20387,#2155);
#1084=LINE('',#20391,#2156);
#1085=LINE('',#20393,#2157);
#1086=LINE('',#20395,#2158);
#1087=LINE('',#20399,#2159);
#1088=LINE('',#20401,#2160);
#1089=LINE('',#20405,#2161);
#1090=LINE('',#20409,#2162);
#1091=LINE('',#20411,#2163);
#1092=LINE('',#20413,#2164);
#1093=LINE('',#20417,#2165);
#1094=LINE('',#20419,#2166);
#1095=LINE('',#20421,#2167);
#1096=LINE('',#20423,#2168);
#1097=LINE('',#20425,#2169);
#1098=LINE('',#20429,#2170);
#1099=LINE('',#20431,#2171);
#1100=LINE('',#20433,#2172);
#1101=LINE('',#20435,#2173);
#1102=LINE('',#20439,#2174);
#1103=LINE('',#20441,#2175);
#1104=LINE('',#20443,#2176);
#1105=LINE('',#20447,#2177);
#1106=LINE('',#20449,#2178);
#1107=LINE('',#20451,#2179);
#1108=LINE('',#20455,#2180);
#1109=LINE('',#20457,#2181);
#1110=LINE('',#20459,#2182);
#1111=LINE('',#20463,#2183);
#1112=LINE('',#20465,#2184);
#1113=LINE('',#20469,#2185);
#1114=LINE('',#20473,#2186);
#1115=LINE('',#20475,#2187);
#1116=LINE('',#20477,#2188);
#1117=LINE('',#20481,#2189);
#1118=LINE('',#20483,#2190);
#1119=LINE('',#20485,#2191);
#1120=LINE('',#20487,#2192);
#1121=LINE('',#20489,#2193);
#1122=LINE('',#20491,#2194);
#1123=LINE('',#20493,#2195);
#1124=LINE('',#20495,#2196);
#1125=LINE('',#20497,#2197);
#1126=LINE('',#20499,#2198);
#1127=LINE('',#20501,#2199);
#1128=LINE('',#20503,#2200);
#1129=LINE('',#20505,#2201);
#1130=LINE('',#20507,#2202);
#1131=LINE('',#20509,#2203);
#1132=LINE('',#20511,#2204);
#1133=LINE('',#20514,#2205);
#1134=LINE('',#20516,#2206);
#1135=LINE('',#20518,#2207);
#1136=LINE('',#20520,#2208);
#1137=LINE('',#20522,#2209);
#1138=LINE('',#20524,#2210);
#1139=LINE('',#20527,#2211);
#1140=LINE('',#20529,#2212);
#1141=LINE('',#20531,#2213);
#1142=LINE('',#20533,#2214);
#1143=LINE('',#20535,#2215);
#1144=LINE('',#20537,#2216);
#1145=LINE('',#20540,#2217);
#1146=LINE('',#20542,#2218);
#1147=LINE('',#20546,#2219);
#1148=LINE('',#20553,#2220);
#1149=LINE('',#20556,#2221);
#1150=LINE('',#20558,#2222);
#1151=LINE('',#20560,#2223);
#1152=LINE('',#20562,#2224);
#1153=LINE('',#20564,#2225);
#1154=LINE('',#20565,#2226);
#1155=LINE('',#20570,#2227);
#1156=LINE('',#20572,#2228);
#1157=LINE('',#20574,#2229);
#1158=LINE('',#20578,#2230);
#1159=LINE('',#20580,#2231);
#1160=LINE('',#20582,#2232);
#1161=LINE('',#20590,#2233);
#1162=LINE('',#20592,#2234);
#1163=LINE('',#20594,#2235);
#1164=LINE('',#20595,#2236);
#1165=LINE('',#20599,#2237);
#1166=LINE('',#20601,#2238);
#1167=LINE('',#20603,#2239);
#1168=LINE('',#20605,#2240);
#1169=LINE('',#20607,#2241);
#1170=LINE('',#20612,#2242);
#1171=LINE('',#20628,#2243);
#1172=LINE('',#20630,#2244);
#1173=LINE('',#20633,#2245);
#1174=LINE('',#20637,#2246);
#1175=LINE('',#20643,#2247);
#1176=LINE('',#20645,#2248);
#1177=LINE('',#20647,#2249);
#1178=LINE('',#20649,#2250);
#1179=LINE('',#20652,#2251);
#1180=LINE('',#20654,#2252);
#1181=LINE('',#20656,#2253);
#1182=LINE('',#20658,#2254);
#1183=LINE('',#20660,#2255);
#1184=LINE('',#20662,#2256);
#1185=LINE('',#20664,#2257);
#1186=LINE('',#20665,#2258);
#1187=LINE('',#20669,#2259);
#1188=LINE('',#20671,#2260);
#1189=LINE('',#20673,#2261);
#1190=LINE('',#20675,#2262);
#1191=LINE('',#20677,#2263);
#1192=LINE('',#20679,#2264);
#1193=LINE('',#20681,#2265);
#1194=LINE('',#20682,#2266);
#1195=LINE('',#20686,#2267);
#1196=LINE('',#20688,#2268);
#1197=LINE('',#20690,#2269);
#1198=LINE('',#20692,#2270);
#1199=LINE('',#20694,#2271);
#1200=LINE('',#20696,#2272);
#1201=LINE('',#20698,#2273);
#1202=LINE('',#20699,#2274);
#1203=LINE('',#20703,#2275);
#1204=LINE('',#20705,#2276);
#1205=LINE('',#20707,#2277);
#1206=LINE('',#20709,#2278);
#1207=LINE('',#20711,#2279);
#1208=LINE('',#20713,#2280);
#1209=LINE('',#20715,#2281);
#1210=LINE('',#20716,#2282);
#1211=LINE('',#20720,#2283);
#1212=LINE('',#20722,#2284);
#1213=LINE('',#20724,#2285);
#1214=LINE('',#20726,#2286);
#1215=LINE('',#20728,#2287);
#1216=LINE('',#20730,#2288);
#1217=LINE('',#20732,#2289);
#1218=LINE('',#20733,#2290);
#1219=LINE('',#20737,#2291);
#1220=LINE('',#20739,#2292);
#1221=LINE('',#20741,#2293);
#1222=LINE('',#20743,#2294);
#1223=LINE('',#20745,#2295);
#1224=LINE('',#20747,#2296);
#1225=LINE('',#20749,#2297);
#1226=LINE('',#20750,#2298);
#1227=LINE('',#20754,#2299);
#1228=LINE('',#20756,#2300);
#1229=LINE('',#20758,#2301);
#1230=LINE('',#20760,#2302);
#1231=LINE('',#20762,#2303);
#1232=LINE('',#20764,#2304);
#1233=LINE('',#20766,#2305);
#1234=LINE('',#20767,#2306);
#1235=LINE('',#20771,#2307);
#1236=LINE('',#20773,#2308);
#1237=LINE('',#20775,#2309);
#1238=LINE('',#20777,#2310);
#1239=LINE('',#20779,#2311);
#1240=LINE('',#20781,#2312);
#1241=LINE('',#20783,#2313);
#1242=LINE('',#20784,#2314);
#1243=LINE('',#20792,#2315);
#1244=LINE('',#20794,#2316);
#1245=LINE('',#20796,#2317);
#1246=LINE('',#20798,#2318);
#1247=LINE('',#20800,#2319);
#1248=LINE('',#20802,#2320);
#1249=LINE('',#20804,#2321);
#1250=LINE('',#20808,#2322);
#1251=LINE('',#20810,#2323);
#1252=LINE('',#20813,#2324);
#1253=LINE('',#20814,#2325);
#1254=LINE('',#20818,#2326);
#1255=LINE('',#20820,#2327);
#1256=LINE('',#20827,#2328);
#1257=LINE('',#20833,#2329);
#1258=LINE('',#20835,#2330);
#1259=LINE('',#20836,#2331);
#1260=LINE('',#20837,#2332);
#1261=LINE('',#20839,#2333);
#1262=LINE('',#20842,#2334);
#1263=LINE('',#20844,#2335);
#1264=LINE('',#20846,#2336);
#1265=LINE('',#20848,#2337);
#1266=LINE('',#20852,#2338);
#1267=LINE('',#20861,#2339);
#1268=LINE('',#20862,#2340);
#1269=LINE('',#20868,#2341);
#1270=LINE('',#20914,#2342);
#1271=LINE('',#20916,#2343);
#1272=LINE('',#20918,#2344);
#1273=LINE('',#20920,#2345);
#1274=LINE('',#20922,#2346);
#1275=LINE('',#20924,#2347);
#1276=LINE('',#20926,#2348);
#1277=LINE('',#20930,#2349);
#1278=LINE('',#20932,#2350);
#1279=LINE('',#20935,#2351);
#1280=LINE('',#20936,#2352);
#1281=LINE('',#20940,#2353);
#1282=LINE('',#20942,#2354);
#1283=LINE('',#20949,#2355);
#1284=LINE('',#20955,#2356);
#1285=LINE('',#20957,#2357);
#1286=LINE('',#20958,#2358);
#1287=LINE('',#20959,#2359);
#1288=LINE('',#20961,#2360);
#1289=LINE('',#20964,#2361);
#1290=LINE('',#20966,#2362);
#1291=LINE('',#20968,#2363);
#1292=LINE('',#20970,#2364);
#1293=LINE('',#20974,#2365);
#1294=LINE('',#20983,#2366);
#1295=LINE('',#20984,#2367);
#1296=LINE('',#20990,#2368);
#1297=LINE('',#21036,#2369);
#1298=LINE('',#21038,#2370);
#1299=LINE('',#21040,#2371);
#1300=LINE('',#21042,#2372);
#1301=LINE('',#21044,#2373);
#1302=LINE('',#21046,#2374);
#1303=LINE('',#21048,#2375);
#1304=LINE('',#21052,#2376);
#1305=LINE('',#21054,#2377);
#1306=LINE('',#21057,#2378);
#1307=LINE('',#21058,#2379);
#1308=LINE('',#21062,#2380);
#1309=LINE('',#21064,#2381);
#1310=LINE('',#21071,#2382);
#1311=LINE('',#21077,#2383);
#1312=LINE('',#21079,#2384);
#1313=LINE('',#21080,#2385);
#1314=LINE('',#21081,#2386);
#1315=LINE('',#21083,#2387);
#1316=LINE('',#21086,#2388);
#1317=LINE('',#21088,#2389);
#1318=LINE('',#21090,#2390);
#1319=LINE('',#21092,#2391);
#1320=LINE('',#21096,#2392);
#1321=LINE('',#21105,#2393);
#1322=LINE('',#21106,#2394);
#1323=LINE('',#21112,#2395);
#1324=LINE('',#21158,#2396);
#1325=LINE('',#21160,#2397);
#1326=LINE('',#21162,#2398);
#1327=LINE('',#21164,#2399);
#1328=LINE('',#21166,#2400);
#1329=LINE('',#21168,#2401);
#1330=LINE('',#21170,#2402);
#1331=LINE('',#21174,#2403);
#1332=LINE('',#21176,#2404);
#1333=LINE('',#21179,#2405);
#1334=LINE('',#21180,#2406);
#1335=LINE('',#21184,#2407);
#1336=LINE('',#21186,#2408);
#1337=LINE('',#21193,#2409);
#1338=LINE('',#21199,#2410);
#1339=LINE('',#21201,#2411);
#1340=LINE('',#21202,#2412);
#1341=LINE('',#21203,#2413);
#1342=LINE('',#21205,#2414);
#1343=LINE('',#21208,#2415);
#1344=LINE('',#21210,#2416);
#1345=LINE('',#21212,#2417);
#1346=LINE('',#21214,#2418);
#1347=LINE('',#21218,#2419);
#1348=LINE('',#21227,#2420);
#1349=LINE('',#21228,#2421);
#1350=LINE('',#21234,#2422);
#1351=LINE('',#21276,#2423);
#1352=LINE('',#21278,#2424);
#1353=LINE('',#21280,#2425);
#1354=LINE('',#21282,#2426);
#1355=LINE('',#21284,#2427);
#1356=LINE('',#21286,#2428);
#1357=LINE('',#21288,#2429);
#1358=LINE('',#21290,#2430);
#1359=LINE('',#21292,#2431);
#1360=LINE('',#21293,#2432);
#1361=LINE('',#21295,#2433);
#1362=LINE('',#21297,#2434);
#1363=LINE('',#21301,#2435);
#1364=LINE('',#21302,#2436);
#1365=LINE('',#21304,#2437);
#1366=LINE('',#21306,#2438);
#1367=LINE('',#21310,#2439);
#1368=LINE('',#21311,#2440);
#1369=LINE('',#21313,#2441);
#1370=LINE('',#21315,#2442);
#1371=LINE('',#21319,#2443);
#1372=LINE('',#21320,#2444);
#1373=LINE('',#21322,#2445);
#1374=LINE('',#21324,#2446);
#1375=LINE('',#21328,#2447);
#1376=LINE('',#21330,#2448);
#1377=LINE('',#21332,#2449);
#1378=LINE('',#21334,#2450);
#1379=LINE('',#21336,#2451);
#1380=LINE('',#21338,#2452);
#1381=LINE('',#21340,#2453);
#1382=LINE('',#21342,#2454);
#1383=LINE('',#21344,#2455);
#1384=LINE('',#21346,#2456);
#1385=LINE('',#21353,#2457);
#1386=LINE('',#21357,#2458);
#1387=LINE('',#21359,#2459);
#1388=LINE('',#21361,#2460);
#1389=LINE('',#21363,#2461);
#1390=LINE('',#21365,#2462);
#1391=LINE('',#21367,#2463);
#1392=LINE('',#21371,#2464);
#1393=LINE('',#21373,#2465);
#1394=LINE('',#21375,#2466);
#1395=LINE('',#21379,#2467);
#1396=VECTOR('',#15210,1000.);
#1397=VECTOR('',#15211,1000.);
#1398=VECTOR('',#15212,1000.);
#1399=VECTOR('',#15213,1000.);
#1400=VECTOR('',#15214,1000.);
#1401=VECTOR('',#15215,1000.);
#1402=VECTOR('',#15216,1000.);
#1403=VECTOR('',#15219,1000.);
#1404=VECTOR('',#15222,1000.);
#1405=VECTOR('',#15225,1000.);
#1406=VECTOR('',#15228,1000.);
#1407=VECTOR('',#15229,1000.);
#1408=VECTOR('',#15230,1000.);
#1409=VECTOR('',#15231,1000.);
#1410=VECTOR('',#15232,1000.);
#1411=VECTOR('',#15233,1000.);
#1412=VECTOR('',#15234,1000.);
#1413=VECTOR('',#15237,1000.);
#1414=VECTOR('',#15240,1000.);
#1415=VECTOR('',#15243,1000.);
#1416=VECTOR('',#15246,1000.);
#1417=VECTOR('',#15247,1000.);
#1418=VECTOR('',#15248,1000.);
#1419=VECTOR('',#15249,1000.);
#1420=VECTOR('',#15250,1000.);
#1421=VECTOR('',#15251,1000.);
#1422=VECTOR('',#15252,1000.);
#1423=VECTOR('',#15255,1000.);
#1424=VECTOR('',#15258,1000.);
#1425=VECTOR('',#15259,1000.);
#1426=VECTOR('',#15260,1000.);
#1427=VECTOR('',#15263,1000.);
#1428=VECTOR('',#15268,1000.);
#1429=VECTOR('',#15271,1000.);
#1430=VECTOR('',#15274,1000.);
#1431=VECTOR('',#15275,1000.);
#1432=VECTOR('',#15278,1000.);
#1433=VECTOR('',#15281,1000.);
#1434=VECTOR('',#15284,1000.);
#1435=VECTOR('',#15289,1000.);
#1436=VECTOR('',#15292,1000.);
#1437=VECTOR('',#15295,1000.);
#1438=VECTOR('',#15296,1000.);
#1439=VECTOR('',#15299,1000.);
#1440=VECTOR('',#15300,1000.);
#1441=VECTOR('',#15301,1000.);
#1442=VECTOR('',#15304,1000.);
#1443=VECTOR('',#15307,1000.);
#1444=VECTOR('',#15308,1000.);
#1445=VECTOR('',#15309,1000.);
#1446=VECTOR('',#15312,1000.);
#1447=VECTOR('',#15315,1000.);
#1448=VECTOR('',#15318,1000.);
#1449=VECTOR('',#15321,1000.);
#1450=VECTOR('',#15324,1000.);
#1451=VECTOR('',#15327,1000.);
#1452=VECTOR('',#15330,1000.);
#1453=VECTOR('',#15333,1000.);
#1454=VECTOR('',#15334,1000.);
#1455=VECTOR('',#15335,1000.);
#1456=VECTOR('',#15336,1000.);
#1457=VECTOR('',#15337,1000.);
#1458=VECTOR('',#15340,1000.);
#1459=VECTOR('',#15343,1000.);
#1460=VECTOR('',#15346,1000.);
#1461=VECTOR('',#15349,1000.);
#1462=VECTOR('',#15352,1000.);
#1463=VECTOR('',#15355,1000.);
#1464=VECTOR('',#15358,1000.);
#1465=VECTOR('',#15361,1000.);
#1466=VECTOR('',#15362,1000.);
#1467=VECTOR('',#15363,1000.);
#1468=VECTOR('',#15366,1000.);
#1469=VECTOR('',#15369,1000.);
#1470=VECTOR('',#15372,1000.);
#1471=VECTOR('',#15375,1000.);
#1472=VECTOR('',#15378,1000.);
#1473=VECTOR('',#15381,1000.);
#1474=VECTOR('',#15384,1000.);
#1475=VECTOR('',#15387,1000.);
#1476=VECTOR('',#15388,1000.);
#1477=VECTOR('',#15389,1000.);
#1478=VECTOR('',#15392,1000.);
#1479=VECTOR('',#15395,1000.);
#1480=VECTOR('',#15398,1000.);
#1481=VECTOR('',#15401,1000.);
#1482=VECTOR('',#15404,1000.);
#1483=VECTOR('',#15407,1000.);
#1484=VECTOR('',#15410,1000.);
#1485=VECTOR('',#15415,1000.);
#1486=VECTOR('',#15416,1000.);
#1487=VECTOR('',#15417,1000.);
#1488=VECTOR('',#15418,1000.);
#1489=VECTOR('',#15421,1000.);
#1490=VECTOR('',#15422,1000.);
#1491=VECTOR('',#15423,1000.);
#1492=VECTOR('',#15424,1000.);
#1493=VECTOR('',#15427,1000.);
#1494=VECTOR('',#15428,1000.);
#1495=VECTOR('',#15429,1000.);
#1496=VECTOR('',#15430,1000.);
#1497=VECTOR('',#15433,1000.);
#1498=VECTOR('',#15434,1000.);
#1499=VECTOR('',#15435,1000.);
#1500=VECTOR('',#15436,1000.);
#1501=VECTOR('',#15439,1000.);
#1502=VECTOR('',#15440,1000.);
#1503=VECTOR('',#15441,1000.);
#1504=VECTOR('',#15442,1000.);
#1505=VECTOR('',#15445,1000.);
#1506=VECTOR('',#15446,1000.);
#1507=VECTOR('',#15447,1000.);
#1508=VECTOR('',#15448,1000.);
#1509=VECTOR('',#15451,1000.);
#1510=VECTOR('',#15452,1000.);
#1511=VECTOR('',#15455,1000.);
#1512=VECTOR('',#15456,1000.);
#1513=VECTOR('',#15457,1000.);
#1514=VECTOR('',#15462,1000.);
#1515=VECTOR('',#15463,1000.);
#1516=VECTOR('',#15464,1000.);
#1517=VECTOR('',#15465,1000.);
#1518=VECTOR('',#15468,1000.);
#1519=VECTOR('',#15469,1000.);
#1520=VECTOR('',#15470,1000.);
#1521=VECTOR('',#15471,1000.);
#1522=VECTOR('',#15474,1000.);
#1523=VECTOR('',#15475,1000.);
#1524=VECTOR('',#15476,1000.);
#1525=VECTOR('',#15479,1000.);
#1526=VECTOR('',#15480,1000.);
#1527=VECTOR('',#15481,1000.);
#1528=VECTOR('',#15482,1000.);
#1529=VECTOR('',#15483,1000.);
#1530=VECTOR('',#15484,1000.);
#1531=VECTOR('',#15487,1000.);
#1532=VECTOR('',#15488,1000.);
#1533=VECTOR('',#15489,1000.);
#1534=VECTOR('',#15490,1000.);
#1535=VECTOR('',#15491,1000.);
#1536=VECTOR('',#15492,1000.);
#1537=VECTOR('',#15495,1000.);
#1538=VECTOR('',#15496,1000.);
#1539=VECTOR('',#15497,1000.);
#1540=VECTOR('',#15498,1000.);
#1541=VECTOR('',#15499,1000.);
#1542=VECTOR('',#15500,1000.);
#1543=VECTOR('',#15503,1000.);
#1544=VECTOR('',#15504,1000.);
#1545=VECTOR('',#15505,1000.);
#1546=VECTOR('',#15508,1000.);
#1547=VECTOR('',#15509,1000.);
#1548=VECTOR('',#15512,1000.);
#1549=VECTOR('',#15515,1000.);
#1550=VECTOR('',#15518,1000.);
#1551=VECTOR('',#15521,1000.);
#1552=VECTOR('',#15524,1000.);
#1553=VECTOR('',#15527,1000.);
#1554=VECTOR('',#15530,1000.);
#1555=VECTOR('',#15533,1000.);
#1556=VECTOR('',#15536,1000.);
#1557=VECTOR('',#15539,1000.);
#1558=VECTOR('',#15540,1000.);
#1559=VECTOR('',#15541,1000.);
#1560=VECTOR('',#15542,1000.);
#1561=VECTOR('',#15543,1000.);
#1562=VECTOR('',#15546,1000.);
#1563=VECTOR('',#15549,1000.);
#1564=VECTOR('',#15552,1000.);
#1565=VECTOR('',#15555,1000.);
#1566=VECTOR('',#15558,1000.);
#1567=VECTOR('',#15561,1000.);
#1568=VECTOR('',#15564,1000.);
#1569=VECTOR('',#15567,1000.);
#1570=VECTOR('',#15570,1000.);
#1571=VECTOR('',#15573,1000.);
#1572=VECTOR('',#15574,1000.);
#1573=VECTOR('',#15575,1000.);
#1574=VECTOR('',#15576,1000.);
#1575=VECTOR('',#15577,1000.);
#1576=VECTOR('',#15580,1000.);
#1577=VECTOR('',#15583,1000.);
#1578=VECTOR('',#15586,1000.);
#1579=VECTOR('',#15589,1000.);
#1580=VECTOR('',#15592,1000.);
#1581=VECTOR('',#15595,1000.);
#1582=VECTOR('',#15600,1000.);
#1583=VECTOR('',#15603,1000.);
#1584=VECTOR('',#15606,1000.);
#1585=VECTOR('',#15607,1000.);
#1586=VECTOR('',#15608,1000.);
#1587=VECTOR('',#15609,1000.);
#1588=VECTOR('',#15610,1000.);
#1589=VECTOR('',#15613,1000.);
#1590=VECTOR('',#15616,1000.);
#1591=VECTOR('',#15619,1000.);
#1592=VECTOR('',#15622,1000.);
#1593=VECTOR('',#15625,1000.);
#1594=VECTOR('',#15628,1000.);
#1595=VECTOR('',#15631,1000.);
#1596=VECTOR('',#15634,1000.);
#1597=VECTOR('',#15637,1000.);
#1598=VECTOR('',#15640,1000.);
#1599=VECTOR('',#15641,1000.);
#1600=VECTOR('',#15642,1000.);
#1601=VECTOR('',#15645,1000.);
#1602=VECTOR('',#15648,1000.);
#1603=VECTOR('',#15651,1000.);
#1604=VECTOR('',#15654,1000.);
#1605=VECTOR('',#15657,1000.);
#1606=VECTOR('',#15662,1000.);
#1607=VECTOR('',#15663,1000.);
#1608=VECTOR('',#15666,1000.);
#1609=VECTOR('',#15669,1000.);
#1610=VECTOR('',#15672,1000.);
#1611=VECTOR('',#15673,1000.);
#1612=VECTOR('',#15676,1000.);
#1613=VECTOR('',#15679,1000.);
#1614=VECTOR('',#15686,1000.);
#1615=VECTOR('',#15689,1000.);
#1616=VECTOR('',#15692,1000.);
#1617=VECTOR('',#15695,1000.);
#1618=VECTOR('',#15698,1000.);
#1619=VECTOR('',#15699,1000.);
#1620=VECTOR('',#15702,1000.);
#1621=VECTOR('',#15703,1000.);
#1622=VECTOR('',#15706,1000.);
#1623=VECTOR('',#15707,1000.);
#1624=VECTOR('',#15710,1000.);
#1625=VECTOR('',#15713,1000.);
#1626=VECTOR('',#15720,1000.);
#1627=VECTOR('',#15721,1000.);
#1628=VECTOR('',#15724,1000.);
#1629=VECTOR('',#15727,1000.);
#1630=VECTOR('',#15730,1000.);
#1631=VECTOR('',#15735,1000.);
#1632=VECTOR('',#15736,1000.);
#1633=VECTOR('',#15739,1000.);
#1634=VECTOR('',#15742,1000.);
#1635=VECTOR('',#15745,1000.);
#1636=VECTOR('',#15746,1000.);
#1637=VECTOR('',#15749,1000.);
#1638=VECTOR('',#15750,1000.);
#1639=VECTOR('',#15753,1000.);
#1640=VECTOR('',#15754,1000.);
#1641=VECTOR('',#15757,1000.);
#1642=VECTOR('',#15760,1000.);
#1643=VECTOR('',#15767,1000.);
#1644=VECTOR('',#15768,1000.);
#1645=VECTOR('',#15771,1000.);
#1646=VECTOR('',#15774,1000.);
#1647=VECTOR('',#15777,1000.);
#1648=VECTOR('',#15782,1000.);
#1649=VECTOR('',#15783,1000.);
#1650=VECTOR('',#15786,1000.);
#1651=VECTOR('',#15789,1000.);
#1652=VECTOR('',#15792,1000.);
#1653=VECTOR('',#15793,1000.);
#1654=VECTOR('',#15796,1000.);
#1655=VECTOR('',#15797,1000.);
#1656=VECTOR('',#15800,1000.);
#1657=VECTOR('',#15801,1000.);
#1658=VECTOR('',#15804,1000.);
#1659=VECTOR('',#15807,1000.);
#1660=VECTOR('',#15812,1000.);
#1661=VECTOR('',#15813,1000.);
#1662=VECTOR('',#15816,1000.);
#1663=VECTOR('',#15819,1000.);
#1664=VECTOR('',#15820,1000.);
#1665=VECTOR('',#15821,1000.);
#1666=VECTOR('',#15822,1000.);
#1667=VECTOR('',#15823,1000.);
#1668=VECTOR('',#15824,1000.);
#1669=VECTOR('',#15825,1000.);
#1670=VECTOR('',#15826,1000.);
#1671=VECTOR('',#15827,1000.);
#1672=VECTOR('',#15828,1000.);
#1673=VECTOR('',#15829,1000.);
#1674=VECTOR('',#15830,1000.);
#1675=VECTOR('',#15831,1000.);
#1676=VECTOR('',#15832,1000.);
#1677=VECTOR('',#15833,1000.);
#1678=VECTOR('',#15834,1000.);
#1679=VECTOR('',#15835,1000.);
#1680=VECTOR('',#15836,1000.);
#1681=VECTOR('',#15837,1000.);
#1682=VECTOR('',#15838,1000.);
#1683=VECTOR('',#15839,1000.);
#1684=VECTOR('',#15840,1000.);
#1685=VECTOR('',#15841,1000.);
#1686=VECTOR('',#15842,1000.);
#1687=VECTOR('',#15843,1000.);
#1688=VECTOR('',#15844,1000.);
#1689=VECTOR('',#15845,1000.);
#1690=VECTOR('',#15846,1000.);
#1691=VECTOR('',#15847,1000.);
#1692=VECTOR('',#15848,1000.);
#1693=VECTOR('',#15849,1000.);
#1694=VECTOR('',#15852,1000.);
#1695=VECTOR('',#15855,1000.);
#1696=VECTOR('',#15856,1000.);
#1697=VECTOR('',#15857,1000.);
#1698=VECTOR('',#15858,1000.);
#1699=VECTOR('',#15859,1000.);
#1700=VECTOR('',#15860,1000.);
#1701=VECTOR('',#15861,1000.);
#1702=VECTOR('',#15862,1000.);
#1703=VECTOR('',#15863,1000.);
#1704=VECTOR('',#15864,1000.);
#1705=VECTOR('',#15865,1000.);
#1706=VECTOR('',#15866,1000.);
#1707=VECTOR('',#15867,1000.);
#1708=VECTOR('',#15868,1000.);
#1709=VECTOR('',#15869,1000.);
#1710=VECTOR('',#15870,1000.);
#1711=VECTOR('',#15871,1000.);
#1712=VECTOR('',#15872,1000.);
#1713=VECTOR('',#15873,1000.);
#1714=VECTOR('',#15874,1000.);
#1715=VECTOR('',#15875,1000.);
#1716=VECTOR('',#15876,1000.);
#1717=VECTOR('',#15877,1000.);
#1718=VECTOR('',#15878,1000.);
#1719=VECTOR('',#15879,1000.);
#1720=VECTOR('',#15880,1000.);
#1721=VECTOR('',#15881,1000.);
#1722=VECTOR('',#15882,1000.);
#1723=VECTOR('',#15883,1000.);
#1724=VECTOR('',#15884,1000.);
#1725=VECTOR('',#15885,1000.);
#1726=VECTOR('',#15892,1000.);
#1727=VECTOR('',#15893,1000.);
#1728=VECTOR('',#15894,1000.);
#1729=VECTOR('',#15897,1000.);
#1730=VECTOR('',#15898,1000.);
#1731=VECTOR('',#15899,1000.);
#1732=VECTOR('',#15904,1000.);
#1733=VECTOR('',#15921,1000.);
#1734=VECTOR('',#15926,1000.);
#1735=VECTOR('',#15931,1000.);
#1736=VECTOR('',#15936,1000.);
#1737=VECTOR('',#15939,1000.);
#1738=VECTOR('',#15940,1000.);
#1739=VECTOR('',#15945,1000.);
#1740=VECTOR('',#15950,1000.);
#1741=VECTOR('',#15953,1000.);
#1742=VECTOR('',#15954,1000.);
#1743=VECTOR('',#15955,1000.);
#1744=VECTOR('',#15956,1000.);
#1745=VECTOR('',#15957,1000.);
#1746=VECTOR('',#15958,1000.);
#1747=VECTOR('',#15963,1000.);
#1748=VECTOR('',#15968,1000.);
#1749=VECTOR('',#15971,1000.);
#1750=VECTOR('',#15972,1000.);
#1751=VECTOR('',#15973,1000.);
#1752=VECTOR('',#15974,1000.);
#1753=VECTOR('',#15975,1000.);
#1754=VECTOR('',#15976,1000.);
#1755=VECTOR('',#15981,1000.);
#1756=VECTOR('',#15986,1000.);
#1757=VECTOR('',#15989,1000.);
#1758=VECTOR('',#15990,1000.);
#1759=VECTOR('',#15991,1000.);
#1760=VECTOR('',#15992,1000.);
#1761=VECTOR('',#15993,1000.);
#1762=VECTOR('',#15994,1000.);
#1763=VECTOR('',#15999,1000.);
#1764=VECTOR('',#16008,1000.);
#1765=VECTOR('',#16011,1000.);
#1766=VECTOR('',#16018,1000.);
#1767=VECTOR('',#16021,1000.);
#1768=VECTOR('',#16022,1000.);
#1769=VECTOR('',#16023,1000.);
#1770=VECTOR('',#16024,1000.);
#1771=VECTOR('',#16025,1000.);
#1772=VECTOR('',#16026,1000.);
#1773=VECTOR('',#16027,1000.);
#1774=VECTOR('',#16034,1000.);
#1775=VECTOR('',#16041,1000.);
#1776=VECTOR('',#16044,1000.);
#1777=VECTOR('',#16045,1000.);
#1778=VECTOR('',#16046,1000.);
#1779=VECTOR('',#16053,1000.);
#1780=VECTOR('',#16060,1000.);
#1781=VECTOR('',#16063,1000.);
#1782=VECTOR('',#16064,1000.);
#1783=VECTOR('',#16065,1000.);
#1784=VECTOR('',#16066,1000.);
#1785=VECTOR('',#16067,1000.);
#1786=VECTOR('',#16068,1000.);
#1787=VECTOR('',#16069,1000.);
#1788=VECTOR('',#16076,1000.);
#1789=VECTOR('',#16081,1000.);
#1790=VECTOR('',#16084,1000.);
#1791=VECTOR('',#16093,1000.);
#1792=VECTOR('',#16094,1000.);
#1793=VECTOR('',#16105,1000.);
#1794=VECTOR('',#16106,1000.);
#1795=VECTOR('',#16109,1000.);
#1796=VECTOR('',#16112,1000.);
#1797=VECTOR('',#16115,1000.);
#1798=VECTOR('',#16122,1000.);
#1799=VECTOR('',#16125,1000.);
#1800=VECTOR('',#16132,1000.);
#1801=VECTOR('',#16135,1000.);
#1802=VECTOR('',#16136,1000.);
#1803=VECTOR('',#16137,1000.);
#1804=VECTOR('',#16138,1000.);
#1805=VECTOR('',#16139,1000.);
#1806=VECTOR('',#16140,1000.);
#1807=VECTOR('',#16141,1000.);
#1808=VECTOR('',#16148,1000.);
#1809=VECTOR('',#16155,1000.);
#1810=VECTOR('',#16158,1000.);
#1811=VECTOR('',#16159,1000.);
#1812=VECTOR('',#16160,1000.);
#1813=VECTOR('',#16167,1000.);
#1814=VECTOR('',#16174,1000.);
#1815=VECTOR('',#16177,1000.);
#1816=VECTOR('',#16178,1000.);
#1817=VECTOR('',#16179,1000.);
#1818=VECTOR('',#16180,1000.);
#1819=VECTOR('',#16181,1000.);
#1820=VECTOR('',#16182,1000.);
#1821=VECTOR('',#16183,1000.);
#1822=VECTOR('',#16190,1000.);
#1823=VECTOR('',#16195,1000.);
#1824=VECTOR('',#16198,1000.);
#1825=VECTOR('',#16207,1000.);
#1826=VECTOR('',#16208,1000.);
#1827=VECTOR('',#16219,1000.);
#1828=VECTOR('',#16220,1000.);
#1829=VECTOR('',#16223,1000.);
#1830=VECTOR('',#16226,1000.);
#1831=VECTOR('',#16229,1000.);
#1832=VECTOR('',#16236,1000.);
#1833=VECTOR('',#16239,1000.);
#1834=VECTOR('',#16246,1000.);
#1835=VECTOR('',#16249,1000.);
#1836=VECTOR('',#16250,1000.);
#1837=VECTOR('',#16251,1000.);
#1838=VECTOR('',#16252,1000.);
#1839=VECTOR('',#16253,1000.);
#1840=VECTOR('',#16254,1000.);
#1841=VECTOR('',#16255,1000.);
#1842=VECTOR('',#16262,1000.);
#1843=VECTOR('',#16269,1000.);
#1844=VECTOR('',#16272,1000.);
#1845=VECTOR('',#16273,1000.);
#1846=VECTOR('',#16274,1000.);
#1847=VECTOR('',#16281,1000.);
#1848=VECTOR('',#16288,1000.);
#1849=VECTOR('',#16291,1000.);
#1850=VECTOR('',#16292,1000.);
#1851=VECTOR('',#16293,1000.);
#1852=VECTOR('',#16294,1000.);
#1853=VECTOR('',#16295,1000.);
#1854=VECTOR('',#16296,1000.);
#1855=VECTOR('',#16297,1000.);
#1856=VECTOR('',#16304,1000.);
#1857=VECTOR('',#16309,1000.);
#1858=VECTOR('',#16312,1000.);
#1859=VECTOR('',#16321,1000.);
#1860=VECTOR('',#16322,1000.);
#1861=VECTOR('',#16333,1000.);
#1862=VECTOR('',#16334,1000.);
#1863=VECTOR('',#16337,1000.);
#1864=VECTOR('',#16340,1000.);
#1865=VECTOR('',#16343,1000.);
#1866=VECTOR('',#16352,1000.);
#1867=VECTOR('',#16355,1000.);
#1868=VECTOR('',#16358,1000.);
#1869=VECTOR('',#16359,1000.);
#1870=VECTOR('',#16364,1000.);
#1871=VECTOR('',#16369,1000.);
#1872=VECTOR('',#16372,1000.);
#1873=VECTOR('',#16373,1000.);
#1874=VECTOR('',#16384,1000.);
#1875=VECTOR('',#16389,1000.);
#1876=VECTOR('',#16394,1000.);
#1877=VECTOR('',#16403,1000.);
#1878=VECTOR('',#16408,1000.);
#1879=VECTOR('',#16411,1000.);
#1880=VECTOR('',#16412,1000.);
#1881=VECTOR('',#16417,1000.);
#1882=VECTOR('',#16422,1000.);
#1883=VECTOR('',#16425,1000.);
#1884=VECTOR('',#16426,1000.);
#1885=VECTOR('',#16427,1000.);
#1886=VECTOR('',#16428,1000.);
#1887=VECTOR('',#16429,1000.);
#1888=VECTOR('',#16430,1000.);
#1889=VECTOR('',#16431,1000.);
#1890=VECTOR('',#16436,1000.);
#1891=VECTOR('',#16441,1000.);
#1892=VECTOR('',#16444,1000.);
#1893=VECTOR('',#16445,1000.);
#1894=VECTOR('',#16450,1000.);
#1895=VECTOR('',#16459,1000.);
#1896=VECTOR('',#16462,1000.);
#1897=VECTOR('',#16465,1000.);
#1898=VECTOR('',#16466,1000.);
#1899=VECTOR('',#16467,1000.);
#1900=VECTOR('',#16474,1000.);
#1901=VECTOR('',#16479,1000.);
#1902=VECTOR('',#16482,1000.);
#1903=VECTOR('',#16495,1000.);
#1904=VECTOR('',#16500,1000.);
#1905=VECTOR('',#16505,1000.);
#1906=VECTOR('',#16516,1000.);
#1907=VECTOR('',#16521,1000.);
#1908=VECTOR('',#16526,1000.);
#1909=VECTOR('',#16533,1000.);
#1910=VECTOR('',#16536,1000.);
#1911=VECTOR('',#16539,1000.);
#1912=VECTOR('',#16542,1000.);
#1913=VECTOR('',#16545,1000.);
#1914=VECTOR('',#16548,1000.);
#1915=VECTOR('',#16551,1000.);
#1916=VECTOR('',#16554,1000.);
#1917=VECTOR('',#16557,1000.);
#1918=VECTOR('',#16560,1000.);
#1919=VECTOR('',#16567,1000.);
#1920=VECTOR('',#16570,1000.);
#1921=VECTOR('',#16573,1000.);
#1922=VECTOR('',#16574,1000.);
#1923=VECTOR('',#16575,1000.);
#1924=VECTOR('',#16582,1000.);
#1925=VECTOR('',#16587,1000.);
#1926=VECTOR('',#16590,1000.);
#1927=VECTOR('',#16603,1000.);
#1928=VECTOR('',#16608,1000.);
#1929=VECTOR('',#16613,1000.);
#1930=VECTOR('',#16624,1000.);
#1931=VECTOR('',#16629,1000.);
#1932=VECTOR('',#16634,1000.);
#1933=VECTOR('',#16641,1000.);
#1934=VECTOR('',#16644,1000.);
#1935=VECTOR('',#16647,1000.);
#1936=VECTOR('',#16650,1000.);
#1937=VECTOR('',#16653,1000.);
#1938=VECTOR('',#16656,1000.);
#1939=VECTOR('',#16659,1000.);
#1940=VECTOR('',#16662,1000.);
#1941=VECTOR('',#16665,1000.);
#1942=VECTOR('',#16668,1000.);
#1943=VECTOR('',#16675,1000.);
#1944=VECTOR('',#16678,1000.);
#1945=VECTOR('',#16681,1000.);
#1946=VECTOR('',#16682,1000.);
#1947=VECTOR('',#16683,1000.);
#1948=VECTOR('',#16690,1000.);
#1949=VECTOR('',#16695,1000.);
#1950=VECTOR('',#16698,1000.);
#1951=VECTOR('',#16711,1000.);
#1952=VECTOR('',#16716,1000.);
#1953=VECTOR('',#16721,1000.);
#1954=VECTOR('',#16732,1000.);
#1955=VECTOR('',#16737,1000.);
#1956=VECTOR('',#16742,1000.);
#1957=VECTOR('',#16749,1000.);
#1958=VECTOR('',#16752,1000.);
#1959=VECTOR('',#16755,1000.);
#1960=VECTOR('',#16758,1000.);
#1961=VECTOR('',#16761,1000.);
#1962=VECTOR('',#16764,1000.);
#1963=VECTOR('',#16767,1000.);
#1964=VECTOR('',#16770,1000.);
#1965=VECTOR('',#16773,1000.);
#1966=VECTOR('',#16776,1000.);
#1967=VECTOR('',#16781,1000.);
#1968=VECTOR('',#16784,1000.);
#1969=VECTOR('',#16787,1000.);
#1970=VECTOR('',#16790,1000.);
#1971=VECTOR('',#16793,1000.);
#1972=VECTOR('',#16796,1000.);
#1973=VECTOR('',#16799,1000.);
#1974=VECTOR('',#16800,1000.);
#1975=VECTOR('',#16801,1000.);
#1976=VECTOR('',#16804,1000.);
#1977=VECTOR('',#16807,1000.);
#1978=VECTOR('',#16810,1000.);
#1979=VECTOR('',#16813,1000.);
#1980=VECTOR('',#16816,1000.);
#1981=VECTOR('',#16821,1000.);
#1982=VECTOR('',#16824,1000.);
#1983=VECTOR('',#16827,1000.);
#1984=VECTOR('',#16828,1000.);
#1985=VECTOR('',#16831,1000.);
#1986=VECTOR('',#16836,1000.);
#1987=VECTOR('',#16837,1000.);
#1988=VECTOR('',#16840,1000.);
#1989=VECTOR('',#16849,1000.);
#1990=VECTOR('',#16852,1000.);
#1991=VECTOR('',#16855,1000.);
#1992=VECTOR('',#16858,1000.);
#1993=VECTOR('',#16861,1000.);
#1994=VECTOR('',#16864,1000.);
#1995=VECTOR('',#16865,1000.);
#1996=VECTOR('',#16866,1000.);
#1997=VECTOR('',#16869,1000.);
#1998=VECTOR('',#16872,1000.);
#1999=VECTOR('',#16875,1000.);
#2000=VECTOR('',#16878,1000.);
#2001=VECTOR('',#16881,1000.);
#2002=VECTOR('',#16884,1000.);
#2003=VECTOR('',#16887,1000.);
#2004=VECTOR('',#16890,1000.);
#2005=VECTOR('',#16891,1000.);
#2006=VECTOR('',#16892,1000.);
#2007=VECTOR('',#16895,1000.);
#2008=VECTOR('',#16898,1000.);
#2009=VECTOR('',#16901,1000.);
#2010=VECTOR('',#16904,1000.);
#2011=VECTOR('',#16909,1000.);
#2012=VECTOR('',#16912,1000.);
#2013=VECTOR('',#16915,1000.);
#2014=VECTOR('',#16918,1000.);
#2015=VECTOR('',#16921,1000.);
#2016=VECTOR('',#16924,1000.);
#2017=VECTOR('',#16925,1000.);
#2018=VECTOR('',#16926,1000.);
#2019=VECTOR('',#16929,1000.);
#2020=VECTOR('',#16932,1000.);
#2021=VECTOR('',#16935,1000.);
#2022=VECTOR('',#16938,1000.);
#2023=VECTOR('',#16941,1000.);
#2024=VECTOR('',#16944,1000.);
#2025=VECTOR('',#16947,1000.);
#2026=VECTOR('',#16950,1000.);
#2027=VECTOR('',#16951,1000.);
#2028=VECTOR('',#16952,1000.);
#2029=VECTOR('',#16955,1000.);
#2030=VECTOR('',#16958,1000.);
#2031=VECTOR('',#16961,1000.);
#2032=VECTOR('',#16964,1000.);
#2033=VECTOR('',#16969,1000.);
#2034=VECTOR('',#16972,1000.);
#2035=VECTOR('',#16975,1000.);
#2036=VECTOR('',#16978,1000.);
#2037=VECTOR('',#16981,1000.);
#2038=VECTOR('',#16984,1000.);
#2039=VECTOR('',#16985,1000.);
#2040=VECTOR('',#16986,1000.);
#2041=VECTOR('',#16989,1000.);
#2042=VECTOR('',#16992,1000.);
#2043=VECTOR('',#16995,1000.);
#2044=VECTOR('',#16998,1000.);
#2045=VECTOR('',#17001,1000.);
#2046=VECTOR('',#17004,1000.);
#2047=VECTOR('',#17007,1000.);
#2048=VECTOR('',#17010,1000.);
#2049=VECTOR('',#17011,1000.);
#2050=VECTOR('',#17012,1000.);
#2051=VECTOR('',#17015,1000.);
#2052=VECTOR('',#17018,1000.);
#2053=VECTOR('',#17021,1000.);
#2054=VECTOR('',#17024,1000.);
#2055=VECTOR('',#17029,1000.);
#2056=VECTOR('',#17030,1000.);
#2057=VECTOR('',#17031,1000.);
#2058=VECTOR('',#17032,1000.);
#2059=VECTOR('',#17033,1000.);
#2060=VECTOR('',#17034,1000.);
#2061=VECTOR('',#17037,1000.);
#2062=VECTOR('',#17038,1000.);
#2063=VECTOR('',#17041,1000.);
#2064=VECTOR('',#17044,1000.);
#2065=VECTOR('',#17047,1000.);
#2066=VECTOR('',#17050,1000.);
#2067=VECTOR('',#17053,1000.);
#2068=VECTOR('',#17054,1000.);
#2069=VECTOR('',#17055,1000.);
#2070=VECTOR('',#17056,1000.);
#2071=VECTOR('',#17057,1000.);
#2072=VECTOR('',#17060,1000.);
#2073=VECTOR('',#17061,1000.);
#2074=VECTOR('',#17064,1000.);
#2075=VECTOR('',#17067,1000.);
#2076=VECTOR('',#17070,1000.);
#2077=VECTOR('',#17075,1000.);
#2078=VECTOR('',#17076,1000.);
#2079=VECTOR('',#17077,1000.);
#2080=VECTOR('',#17078,1000.);
#2081=VECTOR('',#17079,1000.);
#2082=VECTOR('',#17082,1000.);
#2083=VECTOR('',#17083,1000.);
#2084=VECTOR('',#17086,1000.);
#2085=VECTOR('',#17089,1000.);
#2086=VECTOR('',#17092,1000.);
#2087=VECTOR('',#17097,1000.);
#2088=VECTOR('',#17098,1000.);
#2089=VECTOR('',#17099,1000.);
#2090=VECTOR('',#17100,1000.);
#2091=VECTOR('',#17101,1000.);
#2092=VECTOR('',#17104,1000.);
#2093=VECTOR('',#17105,1000.);
#2094=VECTOR('',#17108,1000.);
#2095=VECTOR('',#17111,1000.);
#2096=VECTOR('',#17114,1000.);
#2097=VECTOR('',#17119,1000.);
#2098=VECTOR('',#17122,1000.);
#2099=VECTOR('',#17125,1000.);
#2100=VECTOR('',#17126,1000.);
#2101=VECTOR('',#17129,1000.);
#2102=VECTOR('',#17134,1000.);
#2103=VECTOR('',#17135,1000.);
#2104=VECTOR('',#17138,1000.);
#2105=VECTOR('',#17143,1000.);
#2106=VECTOR('',#17144,1000.);
#2107=VECTOR('',#17147,1000.);
#2108=VECTOR('',#17152,1000.);
#2109=VECTOR('',#17153,1000.);
#2110=VECTOR('',#17156,1000.);
#2111=VECTOR('',#17161,1000.);
#2112=VECTOR('',#17162,1000.);
#2113=VECTOR('',#17169,1000.);
#2114=VECTOR('',#17174,1000.);
#2115=VECTOR('',#17175,1000.);
#2116=VECTOR('',#17178,1000.);
#2117=VECTOR('',#17183,1000.);
#2118=VECTOR('',#17186,1000.);
#2119=VECTOR('',#17187,1000.);
#2120=VECTOR('',#17188,1000.);
#2121=VECTOR('',#17191,1000.);
#2122=VECTOR('',#17194,1000.);
#2123=VECTOR('',#17197,1000.);
#2124=VECTOR('',#17198,1000.);
#2125=VECTOR('',#17201,1000.);
#2126=VECTOR('',#17206,1000.);
#2127=VECTOR('',#17207,1000.);
#2128=VECTOR('',#17210,1000.);
#2129=VECTOR('',#17215,1000.);
#2130=VECTOR('',#17216,1000.);
#2131=VECTOR('',#17219,1000.);
#2132=VECTOR('',#17224,1000.);
#2133=VECTOR('',#17225,1000.);
#2134=VECTOR('',#17228,1000.);
#2135=VECTOR('',#17233,1000.);
#2136=VECTOR('',#17234,1000.);
#2137=VECTOR('',#17241,1000.);
#2138=VECTOR('',#17246,1000.);
#2139=VECTOR('',#17247,1000.);
#2140=VECTOR('',#17250,1000.);
#2141=VECTOR('',#17255,1000.);
#2142=VECTOR('',#17258,1000.);
#2143=VECTOR('',#17259,1000.);
#2144=VECTOR('',#17260,1000.);
#2145=VECTOR('',#17263,1000.);
#2146=VECTOR('',#17266,1000.);
#2147=VECTOR('',#17269,1000.);
#2148=VECTOR('',#17270,1000.);
#2149=VECTOR('',#17273,1000.);
#2150=VECTOR('',#17278,1000.);
#2151=VECTOR('',#17279,1000.);
#2152=VECTOR('',#17282,1000.);
#2153=VECTOR('',#17287,1000.);
#2154=VECTOR('',#17288,1000.);
#2155=VECTOR('',#17291,1000.);
#2156=VECTOR('',#17296,1000.);
#2157=VECTOR('',#17297,1000.);
#2158=VECTOR('',#17300,1000.);
#2159=VECTOR('',#17305,1000.);
#2160=VECTOR('',#17306,1000.);
#2161=VECTOR('',#17313,1000.);
#2162=VECTOR('',#17318,1000.);
#2163=VECTOR('',#17319,1000.);
#2164=VECTOR('',#17322,1000.);
#2165=VECTOR('',#17327,1000.);
#2166=VECTOR('',#17330,1000.);
#2167=VECTOR('',#17331,1000.);
#2168=VECTOR('',#17332,1000.);
#2169=VECTOR('',#17335,1000.);
#2170=VECTOR('',#17338,1000.);
#2171=VECTOR('',#17341,1000.);
#2172=VECTOR('',#17342,1000.);
#2173=VECTOR('',#17345,1000.);
#2174=VECTOR('',#17350,1000.);
#2175=VECTOR('',#17351,1000.);
#2176=VECTOR('',#17354,1000.);
#2177=VECTOR('',#17359,1000.);
#2178=VECTOR('',#17360,1000.);
#2179=VECTOR('',#17363,1000.);
#2180=VECTOR('',#17368,1000.);
#2181=VECTOR('',#17369,1000.);
#2182=VECTOR('',#17372,1000.);
#2183=VECTOR('',#17377,1000.);
#2184=VECTOR('',#17378,1000.);
#2185=VECTOR('',#17385,1000.);
#2186=VECTOR('',#17390,1000.);
#2187=VECTOR('',#17391,1000.);
#2188=VECTOR('',#17394,1000.);
#2189=VECTOR('',#17399,1000.);
#2190=VECTOR('',#17402,1000.);
#2191=VECTOR('',#17403,1000.);
#2192=VECTOR('',#17404,1000.);
#2193=VECTOR('',#17407,1000.);
#2194=VECTOR('',#17408,1000.);
#2195=VECTOR('',#17411,1000.);
#2196=VECTOR('',#17412,1000.);
#2197=VECTOR('',#17415,1000.);
#2198=VECTOR('',#17418,1000.);
#2199=VECTOR('',#17421,1000.);
#2200=VECTOR('',#17422,1000.);
#2201=VECTOR('',#17425,1000.);
#2202=VECTOR('',#17426,1000.);
#2203=VECTOR('',#17429,1000.);
#2204=VECTOR('',#17432,1000.);
#2205=VECTOR('',#17437,1000.);
#2206=VECTOR('',#17438,1000.);
#2207=VECTOR('',#17441,1000.);
#2208=VECTOR('',#17442,1000.);
#2209=VECTOR('',#17445,1000.);
#2210=VECTOR('',#17448,1000.);
#2211=VECTOR('',#17453,1000.);
#2212=VECTOR('',#17454,1000.);
#2213=VECTOR('',#17457,1000.);
#2214=VECTOR('',#17458,1000.);
#2215=VECTOR('',#17461,1000.);
#2216=VECTOR('',#17464,1000.);
#2217=VECTOR('',#17469,1000.);
#2218=VECTOR('',#17472,1000.);
#2219=VECTOR('',#17475,1000.);
#2220=VECTOR('',#17486,1000.);
#2221=VECTOR('',#17487,1000.);
#2222=VECTOR('',#17488,1000.);
#2223=VECTOR('',#17489,1000.);
#2224=VECTOR('',#17490,1000.);
#2225=VECTOR('',#17491,1000.);
#2226=VECTOR('',#17492,1000.);
#2227=VECTOR('',#17499,1000.);
#2228=VECTOR('',#17502,1000.);
#2229=VECTOR('',#17503,1000.);
#2230=VECTOR('',#17508,1000.);
#2231=VECTOR('',#17511,1000.);
#2232=VECTOR('',#17512,1000.);
#2233=VECTOR('',#17525,1000.);
#2234=VECTOR('',#17528,1000.);
#2235=VECTOR('',#17529,1000.);
#2236=VECTOR('',#17530,1000.);
#2237=VECTOR('',#17535,1000.);
#2238=VECTOR('',#17538,1000.);
#2239=VECTOR('',#17539,1000.);
#2240=VECTOR('',#17540,1000.);
#2241=VECTOR('',#17541,1000.);
#2242=VECTOR('',#17546,1000.);
#2243=VECTOR('',#17563,1000.);
#2244=VECTOR('',#17566,1000.);
#2245=VECTOR('',#17571,1000.);
#2246=VECTOR('',#17574,1000.);
#2247=VECTOR('',#17581,1000.);
#2248=VECTOR('',#17584,1000.);
#2249=VECTOR('',#17587,1000.);
#2250=VECTOR('',#17590,1000.);
#2251=VECTOR('',#17595,1000.);
#2252=VECTOR('',#17596,1000.);
#2253=VECTOR('',#17597,1000.);
#2254=VECTOR('',#17600,1000.);
#2255=VECTOR('',#17601,1000.);
#2256=VECTOR('',#17602,1000.);
#2257=VECTOR('',#17605,1000.);
#2258=VECTOR('',#17606,1000.);
#2259=VECTOR('',#17613,1000.);
#2260=VECTOR('',#17614,1000.);
#2261=VECTOR('',#17615,1000.);
#2262=VECTOR('',#17618,1000.);
#2263=VECTOR('',#17619,1000.);
#2264=VECTOR('',#17620,1000.);
#2265=VECTOR('',#17623,1000.);
#2266=VECTOR('',#17624,1000.);
#2267=VECTOR('',#17631,1000.);
#2268=VECTOR('',#17632,1000.);
#2269=VECTOR('',#17633,1000.);
#2270=VECTOR('',#17636,1000.);
#2271=VECTOR('',#17637,1000.);
#2272=VECTOR('',#17638,1000.);
#2273=VECTOR('',#17641,1000.);
#2274=VECTOR('',#17642,1000.);
#2275=VECTOR('',#17649,1000.);
#2276=VECTOR('',#17650,1000.);
#2277=VECTOR('',#17651,1000.);
#2278=VECTOR('',#17654,1000.);
#2279=VECTOR('',#17655,1000.);
#2280=VECTOR('',#17656,1000.);
#2281=VECTOR('',#17659,1000.);
#2282=VECTOR('',#17660,1000.);
#2283=VECTOR('',#17667,1000.);
#2284=VECTOR('',#17668,1000.);
#2285=VECTOR('',#17669,1000.);
#2286=VECTOR('',#17672,1000.);
#2287=VECTOR('',#17673,1000.);
#2288=VECTOR('',#17674,1000.);
#2289=VECTOR('',#17677,1000.);
#2290=VECTOR('',#17678,1000.);
#2291=VECTOR('',#17685,1000.);
#2292=VECTOR('',#17686,1000.);
#2293=VECTOR('',#17687,1000.);
#2294=VECTOR('',#17690,1000.);
#2295=VECTOR('',#17691,1000.);
#2296=VECTOR('',#17692,1000.);
#2297=VECTOR('',#17695,1000.);
#2298=VECTOR('',#17696,1000.);
#2299=VECTOR('',#17703,1000.);
#2300=VECTOR('',#17704,1000.);
#2301=VECTOR('',#17705,1000.);
#2302=VECTOR('',#17708,1000.);
#2303=VECTOR('',#17709,1000.);
#2304=VECTOR('',#17710,1000.);
#2305=VECTOR('',#17713,1000.);
#2306=VECTOR('',#17714,1000.);
#2307=VECTOR('',#17721,1000.);
#2308=VECTOR('',#17722,1000.);
#2309=VECTOR('',#17723,1000.);
#2310=VECTOR('',#17726,1000.);
#2311=VECTOR('',#17727,1000.);
#2312=VECTOR('',#17728,1000.);
#2313=VECTOR('',#17731,1000.);
#2314=VECTOR('',#17732,1000.);
#2315=VECTOR('',#17743,1000.);
#2316=VECTOR('',#17746,1000.);
#2317=VECTOR('',#17747,1000.);
#2318=VECTOR('',#17748,1000.);
#2319=VECTOR('',#17751,1000.);
#2320=VECTOR('',#17752,1000.);
#2321=VECTOR('',#17753,1000.);
#2322=VECTOR('',#17756,1000.);
#2323=VECTOR('',#17759,1000.);
#2324=VECTOR('',#17760,1000.);
#2325=VECTOR('',#17761,1000.);
#2326=VECTOR('',#17764,1000.);
#2327=VECTOR('',#17767,1000.);
#2328=VECTOR('',#17772,1000.);
#2329=VECTOR('',#17777,1000.);
#2330=VECTOR('',#17778,1000.);
#2331=VECTOR('',#17779,1000.);
#2332=VECTOR('',#17780,1000.);
#2333=VECTOR('',#17783,1000.);
#2334=VECTOR('',#17788,1000.);
#2335=VECTOR('',#17791,1000.);
#2336=VECTOR('',#17792,1000.);
#2337=VECTOR('',#17793,1000.);
#2338=VECTOR('',#17798,1000.);
#2339=VECTOR('',#17807,1000.);
#2340=VECTOR('',#17808,1000.);
#2341=VECTOR('',#17813,1000.);
#2342=VECTOR('',#17824,1000.);
#2343=VECTOR('',#17827,1000.);
#2344=VECTOR('',#17828,1000.);
#2345=VECTOR('',#17829,1000.);
#2346=VECTOR('',#17832,1000.);
#2347=VECTOR('',#17833,1000.);
#2348=VECTOR('',#17834,1000.);
#2349=VECTOR('',#17837,1000.);
#2350=VECTOR('',#17840,1000.);
#2351=VECTOR('',#17841,1000.);
#2352=VECTOR('',#17842,1000.);
#2353=VECTOR('',#17845,1000.);
#2354=VECTOR('',#17848,1000.);
#2355=VECTOR('',#17853,1000.);
#2356=VECTOR('',#17858,1000.);
#2357=VECTOR('',#17859,1000.);
#2358=VECTOR('',#17860,1000.);
#2359=VECTOR('',#17861,1000.);
#2360=VECTOR('',#17864,1000.);
#2361=VECTOR('',#17869,1000.);
#2362=VECTOR('',#17872,1000.);
#2363=VECTOR('',#17873,1000.);
#2364=VECTOR('',#17874,1000.);
#2365=VECTOR('',#17879,1000.);
#2366=VECTOR('',#17888,1000.);
#2367=VECTOR('',#17889,1000.);
#2368=VECTOR('',#17894,1000.);
#2369=VECTOR('',#17905,1000.);
#2370=VECTOR('',#17908,1000.);
#2371=VECTOR('',#17909,1000.);
#2372=VECTOR('',#17910,1000.);
#2373=VECTOR('',#17913,1000.);
#2374=VECTOR('',#17914,1000.);
#2375=VECTOR('',#17915,1000.);
#2376=VECTOR('',#17918,1000.);
#2377=VECTOR('',#17921,1000.);
#2378=VECTOR('',#17922,1000.);
#2379=VECTOR('',#17923,1000.);
#2380=VECTOR('',#17926,1000.);
#2381=VECTOR('',#17929,1000.);
#2382=VECTOR('',#17934,1000.);
#2383=VECTOR('',#17939,1000.);
#2384=VECTOR('',#17940,1000.);
#2385=VECTOR('',#17941,1000.);
#2386=VECTOR('',#17942,1000.);
#2387=VECTOR('',#17945,1000.);
#2388=VECTOR('',#17950,1000.);
#2389=VECTOR('',#17953,1000.);
#2390=VECTOR('',#17954,1000.);
#2391=VECTOR('',#17955,1000.);
#2392=VECTOR('',#17960,1000.);
#2393=VECTOR('',#17969,1000.);
#2394=VECTOR('',#17970,1000.);
#2395=VECTOR('',#17975,1000.);
#2396=VECTOR('',#17986,1000.);
#2397=VECTOR('',#17989,1000.);
#2398=VECTOR('',#17990,1000.);
#2399=VECTOR('',#17991,1000.);
#2400=VECTOR('',#17994,1000.);
#2401=VECTOR('',#17995,1000.);
#2402=VECTOR('',#17996,1000.);
#2403=VECTOR('',#17999,1000.);
#2404=VECTOR('',#18002,1000.);
#2405=VECTOR('',#18003,1000.);
#2406=VECTOR('',#18004,1000.);
#2407=VECTOR('',#18007,1000.);
#2408=VECTOR('',#18010,1000.);
#2409=VECTOR('',#18015,1000.);
#2410=VECTOR('',#18020,1000.);
#2411=VECTOR('',#18021,1000.);
#2412=VECTOR('',#18022,1000.);
#2413=VECTOR('',#18023,1000.);
#2414=VECTOR('',#18026,1000.);
#2415=VECTOR('',#18031,1000.);
#2416=VECTOR('',#18034,1000.);
#2417=VECTOR('',#18035,1000.);
#2418=VECTOR('',#18036,1000.);
#2419=VECTOR('',#18041,1000.);
#2420=VECTOR('',#18050,1000.);
#2421=VECTOR('',#18051,1000.);
#2422=VECTOR('',#18056,1000.);
#2423=VECTOR('',#18063,1000.);
#2424=VECTOR('',#18066,1000.);
#2425=VECTOR('',#18069,1000.);
#2426=VECTOR('',#18072,1000.);
#2427=VECTOR('',#18075,1000.);
#2428=VECTOR('',#18078,1000.);
#2429=VECTOR('',#18081,1000.);
#2430=VECTOR('',#18084,1000.);
#2431=VECTOR('',#18087,1000.);
#2432=VECTOR('',#18088,1000.);
#2433=VECTOR('',#18091,1000.);
#2434=VECTOR('',#18094,1000.);
#2435=VECTOR('',#18101,1000.);
#2436=VECTOR('',#18102,1000.);
#2437=VECTOR('',#18105,1000.);
#2438=VECTOR('',#18108,1000.);
#2439=VECTOR('',#18115,1000.);
#2440=VECTOR('',#18116,1000.);
#2441=VECTOR('',#18119,1000.);
#2442=VECTOR('',#18122,1000.);
#2443=VECTOR('',#18129,1000.);
#2444=VECTOR('',#18130,1000.);
#2445=VECTOR('',#18133,1000.);
#2446=VECTOR('',#18136,1000.);
#2447=VECTOR('',#18143,1000.);
#2448=VECTOR('',#18144,1000.);
#2449=VECTOR('',#18145,1000.);
#2450=VECTOR('',#18148,1000.);
#2451=VECTOR('',#18149,1000.);
#2452=VECTOR('',#18152,1000.);
#2453=VECTOR('',#18153,1000.);
#2454=VECTOR('',#18156,1000.);
#2455=VECTOR('',#18157,1000.);
#2456=VECTOR('',#18160,1000.);
#2457=VECTOR('',#18171,1000.);
#2458=VECTOR('',#18174,1000.);
#2459=VECTOR('',#18177,1000.);
#2460=VECTOR('',#18178,1000.);
#2461=VECTOR('',#18181,1000.);
#2462=VECTOR('',#18182,1000.);
#2463=VECTOR('',#18185,1000.);
#2464=VECTOR('',#18190,1000.);
#2465=VECTOR('',#18191,1000.);
#2466=VECTOR('',#18194,1000.);
#2467=VECTOR('',#18199,1000.);
#2468=ORIENTED_EDGE('',*,*,#5514,.F.);
#2469=ORIENTED_EDGE('',*,*,#5515,.F.);
#2470=ORIENTED_EDGE('',*,*,#5516,.T.);
#2471=ORIENTED_EDGE('',*,*,#5517,.T.);
#2472=ORIENTED_EDGE('',*,*,#5518,.T.);
#2473=ORIENTED_EDGE('',*,*,#5519,.F.);
#2474=ORIENTED_EDGE('',*,*,#5520,.T.);
#2475=ORIENTED_EDGE('',*,*,#5521,.T.);
#2476=ORIENTED_EDGE('',*,*,#5522,.T.);
#2477=ORIENTED_EDGE('',*,*,#5523,.T.);
#2478=ORIENTED_EDGE('',*,*,#5524,.T.);
#2479=ORIENTED_EDGE('',*,*,#5525,.T.);
#2480=ORIENTED_EDGE('',*,*,#5526,.T.);
#2481=ORIENTED_EDGE('',*,*,#5527,.T.);
#2482=ORIENTED_EDGE('',*,*,#5528,.T.);
#2483=ORIENTED_EDGE('',*,*,#5529,.T.);
#2484=ORIENTED_EDGE('',*,*,#5530,.F.);
#2485=ORIENTED_EDGE('',*,*,#5531,.F.);
#2486=ORIENTED_EDGE('',*,*,#5532,.F.);
#2487=ORIENTED_EDGE('',*,*,#5533,.F.);
#2488=ORIENTED_EDGE('',*,*,#5534,.F.);
#2489=ORIENTED_EDGE('',*,*,#5535,.F.);
#2490=ORIENTED_EDGE('',*,*,#5536,.F.);
#2491=ORIENTED_EDGE('',*,*,#5537,.F.);
#2492=ORIENTED_EDGE('',*,*,#5538,.F.);
#2493=ORIENTED_EDGE('',*,*,#5539,.F.);
#2494=ORIENTED_EDGE('',*,*,#5540,.F.);
#2495=ORIENTED_EDGE('',*,*,#5541,.F.);
#2496=ORIENTED_EDGE('',*,*,#5542,.T.);
#2497=ORIENTED_EDGE('',*,*,#5543,.T.);
#2498=ORIENTED_EDGE('',*,*,#5544,.F.);
#2499=ORIENTED_EDGE('',*,*,#5545,.T.);
#2500=ORIENTED_EDGE('',*,*,#5546,.T.);
#2501=ORIENTED_EDGE('',*,*,#5547,.F.);
#2502=ORIENTED_EDGE('',*,*,#5548,.F.);
#2503=ORIENTED_EDGE('',*,*,#5549,.F.);
#2504=ORIENTED_EDGE('',*,*,#5547,.T.);
#2505=ORIENTED_EDGE('',*,*,#5550,.T.);
#2506=ORIENTED_EDGE('',*,*,#5551,.T.);
#2507=ORIENTED_EDGE('',*,*,#5552,.T.);
#2508=ORIENTED_EDGE('',*,*,#5553,.F.);
#2509=ORIENTED_EDGE('',*,*,#5554,.F.);
#2510=ORIENTED_EDGE('',*,*,#5555,.F.);
#2511=ORIENTED_EDGE('',*,*,#5556,.F.);
#2512=ORIENTED_EDGE('',*,*,#5557,.T.);
#2513=ORIENTED_EDGE('',*,*,#5558,.F.);
#2514=ORIENTED_EDGE('',*,*,#5559,.F.);
#2515=ORIENTED_EDGE('',*,*,#5560,.T.);
#2516=ORIENTED_EDGE('',*,*,#5561,.T.);
#2517=ORIENTED_EDGE('',*,*,#5562,.T.);
#2518=ORIENTED_EDGE('',*,*,#5563,.T.);
#2519=ORIENTED_EDGE('',*,*,#5564,.F.);
#2520=ORIENTED_EDGE('',*,*,#5565,.F.);
#2521=ORIENTED_EDGE('',*,*,#5566,.F.);
#2522=ORIENTED_EDGE('',*,*,#5567,.F.);
#2523=ORIENTED_EDGE('',*,*,#5568,.F.);
#2524=ORIENTED_EDGE('',*,*,#5569,.T.);
#2525=ORIENTED_EDGE('',*,*,#5570,.F.);
#2526=ORIENTED_EDGE('',*,*,#5571,.F.);
#2527=ORIENTED_EDGE('',*,*,#5572,.T.);
#2528=ORIENTED_EDGE('',*,*,#5573,.T.);
#2529=ORIENTED_EDGE('',*,*,#5574,.T.);
#2530=ORIENTED_EDGE('',*,*,#5575,.T.);
#2531=ORIENTED_EDGE('',*,*,#5576,.T.);
#2532=ORIENTED_EDGE('',*,*,#5577,.F.);
#2533=ORIENTED_EDGE('',*,*,#5578,.F.);
#2534=ORIENTED_EDGE('',*,*,#5579,.F.);
#2535=ORIENTED_EDGE('',*,*,#5580,.T.);
#2536=ORIENTED_EDGE('',*,*,#5581,.F.);
#2537=ORIENTED_EDGE('',*,*,#5582,.F.);
#2538=ORIENTED_EDGE('',*,*,#5583,.F.);
#2539=ORIENTED_EDGE('',*,*,#5584,.F.);
#2540=ORIENTED_EDGE('',*,*,#5585,.F.);
#2541=ORIENTED_EDGE('',*,*,#5586,.F.);
#2542=ORIENTED_EDGE('',*,*,#5587,.F.);
#2543=ORIENTED_EDGE('',*,*,#5588,.F.);
#2544=ORIENTED_EDGE('',*,*,#5589,.T.);
#2545=ORIENTED_EDGE('',*,*,#5590,.F.);
#2546=ORIENTED_EDGE('',*,*,#5591,.F.);
#2547=ORIENTED_EDGE('',*,*,#5592,.F.);
#2548=ORIENTED_EDGE('',*,*,#5593,.F.);
#2549=ORIENTED_EDGE('',*,*,#5594,.F.);
#2550=ORIENTED_EDGE('',*,*,#5595,.T.);
#2551=ORIENTED_EDGE('',*,*,#5596,.F.);
#2552=ORIENTED_EDGE('',*,*,#5597,.F.);
#2553=ORIENTED_EDGE('',*,*,#5598,.T.);
#2554=ORIENTED_EDGE('',*,*,#5599,.T.);
#2555=ORIENTED_EDGE('',*,*,#5600,.F.);
#2556=ORIENTED_EDGE('',*,*,#5527,.F.);
#2557=ORIENTED_EDGE('',*,*,#5601,.T.);
#2558=ORIENTED_EDGE('',*,*,#5577,.T.);
#2559=ORIENTED_EDGE('',*,*,#5602,.F.);
#2560=ORIENTED_EDGE('',*,*,#5603,.F.);
#2561=ORIENTED_EDGE('',*,*,#5604,.F.);
#2562=ORIENTED_EDGE('',*,*,#5605,.F.);
#2563=ORIENTED_EDGE('',*,*,#5606,.F.);
#2564=ORIENTED_EDGE('',*,*,#5607,.F.);
#2565=ORIENTED_EDGE('',*,*,#5608,.F.);
#2566=ORIENTED_EDGE('',*,*,#5609,.T.);
#2567=ORIENTED_EDGE('',*,*,#5610,.F.);
#2568=ORIENTED_EDGE('',*,*,#5611,.F.);
#2569=ORIENTED_EDGE('',*,*,#5612,.F.);
#2570=ORIENTED_EDGE('',*,*,#5613,.F.);
#2571=ORIENTED_EDGE('',*,*,#5614,.F.);
#2572=ORIENTED_EDGE('',*,*,#5615,.T.);
#2573=ORIENTED_EDGE('',*,*,#5616,.F.);
#2574=ORIENTED_EDGE('',*,*,#5617,.F.);
#2575=ORIENTED_EDGE('',*,*,#5618,.T.);
#2576=ORIENTED_EDGE('',*,*,#5619,.F.);
#2577=ORIENTED_EDGE('',*,*,#5620,.F.);
#2578=ORIENTED_EDGE('',*,*,#5621,.F.);
#2579=ORIENTED_EDGE('',*,*,#5622,.F.);
#2580=ORIENTED_EDGE('',*,*,#5623,.F.);
#2581=ORIENTED_EDGE('',*,*,#5624,.F.);
#2582=ORIENTED_EDGE('',*,*,#5625,.F.);
#2583=ORIENTED_EDGE('',*,*,#5626,.F.);
#2584=ORIENTED_EDGE('',*,*,#5627,.T.);
#2585=ORIENTED_EDGE('',*,*,#5628,.F.);
#2586=ORIENTED_EDGE('',*,*,#5629,.F.);
#2587=ORIENTED_EDGE('',*,*,#5630,.F.);
#2588=ORIENTED_EDGE('',*,*,#5631,.F.);
#2589=ORIENTED_EDGE('',*,*,#5632,.F.);
#2590=ORIENTED_EDGE('',*,*,#5633,.T.);
#2591=ORIENTED_EDGE('',*,*,#5634,.F.);
#2592=ORIENTED_EDGE('',*,*,#5635,.F.);
#2593=ORIENTED_EDGE('',*,*,#5636,.T.);
#2594=ORIENTED_EDGE('',*,*,#5637,.F.);
#2595=ORIENTED_EDGE('',*,*,#5638,.F.);
#2596=ORIENTED_EDGE('',*,*,#5639,.F.);
#2597=ORIENTED_EDGE('',*,*,#5640,.F.);
#2598=ORIENTED_EDGE('',*,*,#5641,.F.);
#2599=ORIENTED_EDGE('',*,*,#5642,.F.);
#2600=ORIENTED_EDGE('',*,*,#5643,.F.);
#2601=ORIENTED_EDGE('',*,*,#5644,.F.);
#2602=ORIENTED_EDGE('',*,*,#5645,.T.);
#2603=ORIENTED_EDGE('',*,*,#5646,.F.);
#2604=ORIENTED_EDGE('',*,*,#5647,.F.);
#2605=ORIENTED_EDGE('',*,*,#5648,.F.);
#2606=ORIENTED_EDGE('',*,*,#5649,.F.);
#2607=ORIENTED_EDGE('',*,*,#5650,.F.);
#2608=ORIENTED_EDGE('',*,*,#5651,.T.);
#2609=ORIENTED_EDGE('',*,*,#5652,.F.);
#2610=ORIENTED_EDGE('',*,*,#5653,.F.);
#2611=ORIENTED_EDGE('',*,*,#5654,.F.);
#2612=ORIENTED_EDGE('',*,*,#5655,.F.);
#2613=ORIENTED_EDGE('',*,*,#5656,.F.);
#2614=ORIENTED_EDGE('',*,*,#5657,.F.);
#2615=ORIENTED_EDGE('',*,*,#5658,.F.);
#2616=ORIENTED_EDGE('',*,*,#5659,.F.);
#2617=ORIENTED_EDGE('',*,*,#5660,.T.);
#2618=ORIENTED_EDGE('',*,*,#5661,.F.);
#2619=ORIENTED_EDGE('',*,*,#5662,.F.);
#2620=ORIENTED_EDGE('',*,*,#5663,.F.);
#2621=ORIENTED_EDGE('',*,*,#5664,.F.);
#2622=ORIENTED_EDGE('',*,*,#5665,.F.);
#2623=ORIENTED_EDGE('',*,*,#5666,.F.);
#2624=ORIENTED_EDGE('',*,*,#5667,.F.);
#2625=ORIENTED_EDGE('',*,*,#5668,.T.);
#2626=ORIENTED_EDGE('',*,*,#5669,.F.);
#2627=ORIENTED_EDGE('',*,*,#5670,.F.);
#2628=ORIENTED_EDGE('',*,*,#5671,.F.);
#2629=ORIENTED_EDGE('',*,*,#5672,.F.);
#2630=ORIENTED_EDGE('',*,*,#5673,.F.);
#2631=ORIENTED_EDGE('',*,*,#5674,.F.);
#2632=ORIENTED_EDGE('',*,*,#5675,.F.);
#2633=ORIENTED_EDGE('',*,*,#5676,.T.);
#2634=ORIENTED_EDGE('',*,*,#5677,.F.);
#2635=ORIENTED_EDGE('',*,*,#5678,.T.);
#2636=ORIENTED_EDGE('',*,*,#5679,.T.);
#2637=ORIENTED_EDGE('',*,*,#5680,.T.);
#2638=ORIENTED_EDGE('',*,*,#5681,.T.);
#2639=ORIENTED_EDGE('',*,*,#5682,.T.);
#2640=ORIENTED_EDGE('',*,*,#5683,.F.);
#2641=ORIENTED_EDGE('',*,*,#5684,.F.);
#2642=ORIENTED_EDGE('',*,*,#5599,.F.);
#2643=ORIENTED_EDGE('',*,*,#5685,.F.);
#2644=ORIENTED_EDGE('',*,*,#5686,.F.);
#2645=ORIENTED_EDGE('',*,*,#5687,.F.);
#2646=ORIENTED_EDGE('',*,*,#5688,.F.);
#2647=ORIENTED_EDGE('',*,*,#5689,.F.);
#2648=ORIENTED_EDGE('',*,*,#5690,.F.);
#2649=ORIENTED_EDGE('',*,*,#5691,.T.);
#2650=ORIENTED_EDGE('',*,*,#5692,.F.);
#2651=ORIENTED_EDGE('',*,*,#5693,.T.);
#2652=ORIENTED_EDGE('',*,*,#5694,.T.);
#2653=ORIENTED_EDGE('',*,*,#5695,.T.);
#2654=ORIENTED_EDGE('',*,*,#5696,.T.);
#2655=ORIENTED_EDGE('',*,*,#5697,.T.);
#2656=ORIENTED_EDGE('',*,*,#5698,.T.);
#2657=ORIENTED_EDGE('',*,*,#5699,.F.);
#2658=ORIENTED_EDGE('',*,*,#5700,.T.);
#2659=ORIENTED_EDGE('',*,*,#5701,.T.);
#2660=ORIENTED_EDGE('',*,*,#5702,.T.);
#2661=ORIENTED_EDGE('',*,*,#5703,.T.);
#2662=ORIENTED_EDGE('',*,*,#5704,.T.);
#2663=ORIENTED_EDGE('',*,*,#5555,.T.);
#2664=ORIENTED_EDGE('',*,*,#5705,.F.);
#2665=ORIENTED_EDGE('',*,*,#5521,.F.);
#2666=ORIENTED_EDGE('',*,*,#5706,.F.);
#2667=ORIENTED_EDGE('',*,*,#5707,.T.);
#2668=ORIENTED_EDGE('',*,*,#5708,.T.);
#2669=ORIENTED_EDGE('',*,*,#5709,.T.);
#2670=ORIENTED_EDGE('',*,*,#5710,.T.);
#2671=ORIENTED_EDGE('',*,*,#5711,.T.);
#2672=ORIENTED_EDGE('',*,*,#5712,.T.);
#2673=ORIENTED_EDGE('',*,*,#5713,.F.);
#2674=ORIENTED_EDGE('',*,*,#5714,.T.);
#2675=ORIENTED_EDGE('',*,*,#5715,.T.);
#2676=ORIENTED_EDGE('',*,*,#5716,.T.);
#2677=ORIENTED_EDGE('',*,*,#5717,.T.);
#2678=ORIENTED_EDGE('',*,*,#5718,.T.);
#2679=ORIENTED_EDGE('',*,*,#5719,.T.);
#2680=ORIENTED_EDGE('',*,*,#5720,.F.);
#2681=ORIENTED_EDGE('',*,*,#5721,.F.);
#2682=ORIENTED_EDGE('',*,*,#5722,.T.);
#2683=ORIENTED_EDGE('',*,*,#5723,.T.);
#2684=ORIENTED_EDGE('',*,*,#5724,.T.);
#2685=ORIENTED_EDGE('',*,*,#5725,.T.);
#2686=ORIENTED_EDGE('',*,*,#5726,.T.);
#2687=ORIENTED_EDGE('',*,*,#5727,.F.);
#2688=ORIENTED_EDGE('',*,*,#5728,.T.);
#2689=ORIENTED_EDGE('',*,*,#5729,.F.);
#2690=ORIENTED_EDGE('',*,*,#5730,.T.);
#2691=ORIENTED_EDGE('',*,*,#5731,.F.);
#2692=ORIENTED_EDGE('',*,*,#5732,.T.);
#2693=ORIENTED_EDGE('',*,*,#5733,.F.);
#2694=ORIENTED_EDGE('',*,*,#5734,.T.);
#2695=ORIENTED_EDGE('',*,*,#5735,.F.);
#2696=ORIENTED_EDGE('',*,*,#5736,.T.);
#2697=ORIENTED_EDGE('',*,*,#5737,.F.);
#2698=ORIENTED_EDGE('',*,*,#5738,.T.);
#2699=ORIENTED_EDGE('',*,*,#5739,.T.);
#2700=ORIENTED_EDGE('',*,*,#5740,.T.);
#2701=ORIENTED_EDGE('',*,*,#5741,.T.);
#2702=ORIENTED_EDGE('',*,*,#5742,.T.);
#2703=ORIENTED_EDGE('',*,*,#5743,.F.);
#2704=ORIENTED_EDGE('',*,*,#5744,.T.);
#2705=ORIENTED_EDGE('',*,*,#5745,.F.);
#2706=ORIENTED_EDGE('',*,*,#5746,.T.);
#2707=ORIENTED_EDGE('',*,*,#5747,.T.);
#2708=ORIENTED_EDGE('',*,*,#5748,.T.);
#2709=ORIENTED_EDGE('',*,*,#5749,.T.);
#2710=ORIENTED_EDGE('',*,*,#5750,.T.);
#2711=ORIENTED_EDGE('',*,*,#5751,.F.);
#2712=ORIENTED_EDGE('',*,*,#5752,.T.);
#2713=ORIENTED_EDGE('',*,*,#5753,.F.);
#2714=ORIENTED_EDGE('',*,*,#5754,.T.);
#2715=ORIENTED_EDGE('',*,*,#5755,.F.);
#2716=ORIENTED_EDGE('',*,*,#5756,.T.);
#2717=ORIENTED_EDGE('',*,*,#5757,.F.);
#2718=ORIENTED_EDGE('',*,*,#5758,.T.);
#2719=ORIENTED_EDGE('',*,*,#5759,.F.);
#2720=ORIENTED_EDGE('',*,*,#5760,.T.);
#2721=ORIENTED_EDGE('',*,*,#5761,.F.);
#2722=ORIENTED_EDGE('',*,*,#5762,.T.);
#2723=ORIENTED_EDGE('',*,*,#5763,.T.);
#2724=ORIENTED_EDGE('',*,*,#5764,.T.);
#2725=ORIENTED_EDGE('',*,*,#5765,.T.);
#2726=ORIENTED_EDGE('',*,*,#5766,.T.);
#2727=ORIENTED_EDGE('',*,*,#5767,.F.);
#2728=ORIENTED_EDGE('',*,*,#5768,.T.);
#2729=ORIENTED_EDGE('',*,*,#5769,.F.);
#2730=ORIENTED_EDGE('',*,*,#5770,.T.);
#2731=ORIENTED_EDGE('',*,*,#5771,.T.);
#2732=ORIENTED_EDGE('',*,*,#5772,.T.);
#2733=ORIENTED_EDGE('',*,*,#5773,.T.);
#2734=ORIENTED_EDGE('',*,*,#5774,.T.);
#2735=ORIENTED_EDGE('',*,*,#5775,.F.);
#2736=ORIENTED_EDGE('',*,*,#5776,.T.);
#2737=ORIENTED_EDGE('',*,*,#5777,.F.);
#2738=ORIENTED_EDGE('',*,*,#5778,.T.);
#2739=ORIENTED_EDGE('',*,*,#5779,.F.);
#2740=ORIENTED_EDGE('',*,*,#5780,.T.);
#2741=ORIENTED_EDGE('',*,*,#5781,.F.);
#2742=ORIENTED_EDGE('',*,*,#5782,.T.);
#2743=ORIENTED_EDGE('',*,*,#5783,.F.);
#2744=ORIENTED_EDGE('',*,*,#5518,.F.);
#2745=ORIENTED_EDGE('',*,*,#5784,.F.);
#2746=ORIENTED_EDGE('',*,*,#5785,.T.);
#2747=ORIENTED_EDGE('',*,*,#5786,.T.);
#2748=ORIENTED_EDGE('',*,*,#5787,.T.);
#2749=ORIENTED_EDGE('',*,*,#5788,.T.);
#2750=ORIENTED_EDGE('',*,*,#5789,.T.);
#2751=ORIENTED_EDGE('',*,*,#5529,.F.);
#2752=ORIENTED_EDGE('',*,*,#5790,.T.);
#2753=ORIENTED_EDGE('',*,*,#5683,.T.);
#2754=ORIENTED_EDGE('',*,*,#5791,.T.);
#2755=ORIENTED_EDGE('',*,*,#5792,.F.);
#2756=ORIENTED_EDGE('',*,*,#5793,.T.);
#2757=ORIENTED_EDGE('',*,*,#5794,.T.);
#2758=ORIENTED_EDGE('',*,*,#5795,.T.);
#2759=ORIENTED_EDGE('',*,*,#5796,.T.);
#2760=ORIENTED_EDGE('',*,*,#5797,.T.);
#2761=ORIENTED_EDGE('',*,*,#5798,.F.);
#2762=ORIENTED_EDGE('',*,*,#5799,.T.);
#2763=ORIENTED_EDGE('',*,*,#5800,.F.);
#2764=ORIENTED_EDGE('',*,*,#5801,.T.);
#2765=ORIENTED_EDGE('',*,*,#5802,.F.);
#2766=ORIENTED_EDGE('',*,*,#5803,.T.);
#2767=ORIENTED_EDGE('',*,*,#5804,.F.);
#2768=ORIENTED_EDGE('',*,*,#5805,.T.);
#2769=ORIENTED_EDGE('',*,*,#5806,.F.);
#2770=ORIENTED_EDGE('',*,*,#5807,.T.);
#2771=ORIENTED_EDGE('',*,*,#5808,.F.);
#2772=ORIENTED_EDGE('',*,*,#5809,.T.);
#2773=ORIENTED_EDGE('',*,*,#5810,.T.);
#2774=ORIENTED_EDGE('',*,*,#5811,.T.);
#2775=ORIENTED_EDGE('',*,*,#5812,.T.);
#2776=ORIENTED_EDGE('',*,*,#5813,.T.);
#2777=ORIENTED_EDGE('',*,*,#5814,.F.);
#2778=ORIENTED_EDGE('',*,*,#5815,.T.);
#2779=ORIENTED_EDGE('',*,*,#5699,.T.);
#2780=ORIENTED_EDGE('',*,*,#5816,.T.);
#2781=ORIENTED_EDGE('',*,*,#5817,.F.);
#2782=ORIENTED_EDGE('',*,*,#5818,.T.);
#2783=ORIENTED_EDGE('',*,*,#5819,.F.);
#2784=ORIENTED_EDGE('',*,*,#5820,.T.);
#2785=ORIENTED_EDGE('',*,*,#5821,.F.);
#2786=ORIENTED_EDGE('',*,*,#5822,.T.);
#2787=ORIENTED_EDGE('',*,*,#5823,.F.);
#2788=ORIENTED_EDGE('',*,*,#5824,.T.);
#2789=ORIENTED_EDGE('',*,*,#5825,.F.);
#2790=ORIENTED_EDGE('',*,*,#5826,.T.);
#2791=ORIENTED_EDGE('',*,*,#5827,.T.);
#2792=ORIENTED_EDGE('',*,*,#5828,.T.);
#2793=ORIENTED_EDGE('',*,*,#5829,.T.);
#2794=ORIENTED_EDGE('',*,*,#5830,.T.);
#2795=ORIENTED_EDGE('',*,*,#5831,.T.);
#2796=ORIENTED_EDGE('',*,*,#5832,.T.);
#2797=ORIENTED_EDGE('',*,*,#5833,.T.);
#2798=ORIENTED_EDGE('',*,*,#5834,.F.);
#2799=ORIENTED_EDGE('',*,*,#5835,.T.);
#2800=ORIENTED_EDGE('',*,*,#5836,.T.);
#2801=ORIENTED_EDGE('',*,*,#5837,.T.);
#2802=ORIENTED_EDGE('',*,*,#5838,.T.);
#2803=ORIENTED_EDGE('',*,*,#5839,.F.);
#2804=ORIENTED_EDGE('',*,*,#5840,.T.);
#2805=ORIENTED_EDGE('',*,*,#5706,.T.);
#2806=ORIENTED_EDGE('',*,*,#5520,.F.);
#2807=ORIENTED_EDGE('',*,*,#5841,.F.);
#2808=ORIENTED_EDGE('',*,*,#5842,.T.);
#2809=ORIENTED_EDGE('',*,*,#5843,.F.);
#2810=ORIENTED_EDGE('',*,*,#5844,.T.);
#2811=ORIENTED_EDGE('',*,*,#5845,.F.);
#2812=ORIENTED_EDGE('',*,*,#5846,.T.);
#2813=ORIENTED_EDGE('',*,*,#5847,.F.);
#2814=ORIENTED_EDGE('',*,*,#5832,.F.);
#2815=ORIENTED_EDGE('',*,*,#5848,.T.);
#2816=ORIENTED_EDGE('',*,*,#5770,.F.);
#2817=ORIENTED_EDGE('',*,*,#5849,.F.);
#2818=ORIENTED_EDGE('',*,*,#5813,.F.);
#2819=ORIENTED_EDGE('',*,*,#5850,.F.);
#2820=ORIENTED_EDGE('',*,*,#5827,.F.);
#2821=ORIENTED_EDGE('',*,*,#5851,.T.);
#2822=ORIENTED_EDGE('',*,*,#5852,.T.);
#2823=ORIENTED_EDGE('',*,*,#5853,.F.);
#2824=ORIENTED_EDGE('',*,*,#5854,.T.);
#2825=ORIENTED_EDGE('',*,*,#5855,.T.);
#2826=ORIENTED_EDGE('',*,*,#5856,.T.);
#2827=ORIENTED_EDGE('',*,*,#5857,.T.);
#2828=ORIENTED_EDGE('',*,*,#5858,.F.);
#2829=ORIENTED_EDGE('',*,*,#5859,.T.);
#2830=ORIENTED_EDGE('',*,*,#5720,.T.);
#2831=ORIENTED_EDGE('',*,*,#5860,.T.);
#2832=ORIENTED_EDGE('',*,*,#5861,.F.);
#2833=ORIENTED_EDGE('',*,*,#5862,.T.);
#2834=ORIENTED_EDGE('',*,*,#5863,.F.);
#2835=ORIENTED_EDGE('',*,*,#5864,.T.);
#2836=ORIENTED_EDGE('',*,*,#5865,.F.);
#2837=ORIENTED_EDGE('',*,*,#5866,.T.);
#2838=ORIENTED_EDGE('',*,*,#5867,.F.);
#2839=ORIENTED_EDGE('',*,*,#5868,.T.);
#2840=ORIENTED_EDGE('',*,*,#5869,.T.);
#2841=ORIENTED_EDGE('',*,*,#5870,.T.);
#2842=ORIENTED_EDGE('',*,*,#5871,.T.);
#2843=ORIENTED_EDGE('',*,*,#5872,.T.);
#2844=ORIENTED_EDGE('',*,*,#5873,.T.);
#2845=ORIENTED_EDGE('',*,*,#5874,.F.);
#2846=ORIENTED_EDGE('',*,*,#5742,.F.);
#2847=ORIENTED_EDGE('',*,*,#5875,.F.);
#2848=ORIENTED_EDGE('',*,*,#5869,.F.);
#2849=ORIENTED_EDGE('',*,*,#5876,.F.);
#2850=ORIENTED_EDGE('',*,*,#5851,.F.);
#2851=ORIENTED_EDGE('',*,*,#5877,.T.);
#2852=ORIENTED_EDGE('',*,*,#5722,.F.);
#2853=ORIENTED_EDGE('',*,*,#5878,.T.);
#2854=ORIENTED_EDGE('',*,*,#5879,.T.);
#2855=ORIENTED_EDGE('',*,*,#5880,.F.);
#2856=ORIENTED_EDGE('',*,*,#5881,.T.);
#2857=ORIENTED_EDGE('',*,*,#5882,.T.);
#2858=ORIENTED_EDGE('',*,*,#5883,.T.);
#2859=ORIENTED_EDGE('',*,*,#5884,.T.);
#2860=ORIENTED_EDGE('',*,*,#5885,.F.);
#2861=ORIENTED_EDGE('',*,*,#5886,.T.);
#2862=ORIENTED_EDGE('',*,*,#5713,.T.);
#2863=ORIENTED_EDGE('',*,*,#5887,.T.);
#2864=ORIENTED_EDGE('',*,*,#5888,.F.);
#2865=ORIENTED_EDGE('',*,*,#5889,.T.);
#2866=ORIENTED_EDGE('',*,*,#5890,.F.);
#2867=ORIENTED_EDGE('',*,*,#5891,.T.);
#2868=ORIENTED_EDGE('',*,*,#5892,.F.);
#2869=ORIENTED_EDGE('',*,*,#5893,.T.);
#2870=ORIENTED_EDGE('',*,*,#5894,.F.);
#2871=ORIENTED_EDGE('',*,*,#5895,.T.);
#2872=ORIENTED_EDGE('',*,*,#5896,.T.);
#2873=ORIENTED_EDGE('',*,*,#5897,.T.);
#2874=ORIENTED_EDGE('',*,*,#5898,.T.);
#2875=ORIENTED_EDGE('',*,*,#5899,.T.);
#2876=ORIENTED_EDGE('',*,*,#5900,.T.);
#2877=ORIENTED_EDGE('',*,*,#5901,.F.);
#2878=ORIENTED_EDGE('',*,*,#5766,.F.);
#2879=ORIENTED_EDGE('',*,*,#5902,.F.);
#2880=ORIENTED_EDGE('',*,*,#5896,.F.);
#2881=ORIENTED_EDGE('',*,*,#5903,.F.);
#2882=ORIENTED_EDGE('',*,*,#5878,.F.);
#2883=ORIENTED_EDGE('',*,*,#5904,.T.);
#2884=ORIENTED_EDGE('',*,*,#5746,.F.);
#2885=ORIENTED_EDGE('',*,*,#5905,.T.);
#2886=ORIENTED_EDGE('',*,*,#5906,.T.);
#2887=ORIENTED_EDGE('',*,*,#5907,.F.);
#2888=ORIENTED_EDGE('',*,*,#5908,.T.);
#2889=ORIENTED_EDGE('',*,*,#5909,.T.);
#2890=ORIENTED_EDGE('',*,*,#5910,.T.);
#2891=ORIENTED_EDGE('',*,*,#5911,.T.);
#2892=ORIENTED_EDGE('',*,*,#5912,.F.);
#2893=ORIENTED_EDGE('',*,*,#5905,.F.);
#2894=ORIENTED_EDGE('',*,*,#5913,.T.);
#2895=ORIENTED_EDGE('',*,*,#5793,.F.);
#2896=ORIENTED_EDGE('',*,*,#5554,.T.);
#2897=ORIENTED_EDGE('',*,*,#5914,.F.);
#2898=ORIENTED_EDGE('',*,*,#5522,.F.);
#2899=ORIENTED_EDGE('',*,*,#5705,.T.);
#2900=ORIENTED_EDGE('',*,*,#5915,.F.);
#2901=ORIENTED_EDGE('',*,*,#5916,.T.);
#2902=ORIENTED_EDGE('',*,*,#5917,.T.);
#2903=ORIENTED_EDGE('',*,*,#5918,.F.);
#2904=ORIENTED_EDGE('',*,*,#5919,.F.);
#2905=ORIENTED_EDGE('',*,*,#5920,.T.);
#2906=ORIENTED_EDGE('',*,*,#5921,.T.);
#2907=ORIENTED_EDGE('',*,*,#5922,.F.);
#2908=ORIENTED_EDGE('',*,*,#5923,.F.);
#2909=ORIENTED_EDGE('',*,*,#5924,.T.);
#2910=ORIENTED_EDGE('',*,*,#5925,.T.);
#2911=ORIENTED_EDGE('',*,*,#5926,.F.);
#2912=ORIENTED_EDGE('',*,*,#5927,.F.);
#2913=ORIENTED_EDGE('',*,*,#5928,.T.);
#2914=ORIENTED_EDGE('',*,*,#5929,.T.);
#2915=ORIENTED_EDGE('',*,*,#5930,.F.);
#2916=ORIENTED_EDGE('',*,*,#5931,.F.);
#2917=ORIENTED_EDGE('',*,*,#5932,.T.);
#2918=ORIENTED_EDGE('',*,*,#5933,.T.);
#2919=ORIENTED_EDGE('',*,*,#5934,.F.);
#2920=ORIENTED_EDGE('',*,*,#5935,.F.);
#2921=ORIENTED_EDGE('',*,*,#5936,.T.);
#2922=ORIENTED_EDGE('',*,*,#5937,.T.);
#2923=ORIENTED_EDGE('',*,*,#5938,.F.);
#2924=ORIENTED_EDGE('',*,*,#5914,.T.);
#2925=ORIENTED_EDGE('',*,*,#5553,.T.);
#2926=ORIENTED_EDGE('',*,*,#5939,.F.);
#2927=ORIENTED_EDGE('',*,*,#5940,.T.);
#2928=ORIENTED_EDGE('',*,*,#5941,.T.);
#2929=ORIENTED_EDGE('',*,*,#5559,.T.);
#2930=ORIENTED_EDGE('',*,*,#5942,.F.);
#2931=ORIENTED_EDGE('',*,*,#5943,.T.);
#2932=ORIENTED_EDGE('',*,*,#5944,.T.);
#2933=ORIENTED_EDGE('',*,*,#5567,.T.);
#2934=ORIENTED_EDGE('',*,*,#5945,.F.);
#2935=ORIENTED_EDGE('',*,*,#5523,.F.);
#2936=ORIENTED_EDGE('',*,*,#5566,.T.);
#2937=ORIENTED_EDGE('',*,*,#5946,.F.);
#2938=ORIENTED_EDGE('',*,*,#5524,.F.);
#2939=ORIENTED_EDGE('',*,*,#5945,.T.);
#2940=ORIENTED_EDGE('',*,*,#5947,.F.);
#2941=ORIENTED_EDGE('',*,*,#5948,.T.);
#2942=ORIENTED_EDGE('',*,*,#5949,.T.);
#2943=ORIENTED_EDGE('',*,*,#5950,.F.);
#2944=ORIENTED_EDGE('',*,*,#5951,.F.);
#2945=ORIENTED_EDGE('',*,*,#5952,.T.);
#2946=ORIENTED_EDGE('',*,*,#5953,.T.);
#2947=ORIENTED_EDGE('',*,*,#5954,.F.);
#2948=ORIENTED_EDGE('',*,*,#5955,.F.);
#2949=ORIENTED_EDGE('',*,*,#5956,.T.);
#2950=ORIENTED_EDGE('',*,*,#5957,.T.);
#2951=ORIENTED_EDGE('',*,*,#5958,.F.);
#2952=ORIENTED_EDGE('',*,*,#5959,.F.);
#2953=ORIENTED_EDGE('',*,*,#5960,.T.);
#2954=ORIENTED_EDGE('',*,*,#5961,.T.);
#2955=ORIENTED_EDGE('',*,*,#5962,.F.);
#2956=ORIENTED_EDGE('',*,*,#5963,.F.);
#2957=ORIENTED_EDGE('',*,*,#5964,.T.);
#2958=ORIENTED_EDGE('',*,*,#5965,.T.);
#2959=ORIENTED_EDGE('',*,*,#5966,.F.);
#2960=ORIENTED_EDGE('',*,*,#5967,.F.);
#2961=ORIENTED_EDGE('',*,*,#5968,.T.);
#2962=ORIENTED_EDGE('',*,*,#5969,.T.);
#2963=ORIENTED_EDGE('',*,*,#5970,.F.);
#2964=ORIENTED_EDGE('',*,*,#5946,.T.);
#2965=ORIENTED_EDGE('',*,*,#5565,.T.);
#2966=ORIENTED_EDGE('',*,*,#5971,.F.);
#2967=ORIENTED_EDGE('',*,*,#5972,.T.);
#2968=ORIENTED_EDGE('',*,*,#5973,.T.);
#2969=ORIENTED_EDGE('',*,*,#5571,.T.);
#2970=ORIENTED_EDGE('',*,*,#5974,.F.);
#2971=ORIENTED_EDGE('',*,*,#5975,.T.);
#2972=ORIENTED_EDGE('',*,*,#5976,.T.);
#2973=ORIENTED_EDGE('',*,*,#5579,.T.);
#2974=ORIENTED_EDGE('',*,*,#5977,.F.);
#2975=ORIENTED_EDGE('',*,*,#5525,.F.);
#2976=ORIENTED_EDGE('',*,*,#5578,.T.);
#2977=ORIENTED_EDGE('',*,*,#5601,.F.);
#2978=ORIENTED_EDGE('',*,*,#5526,.F.);
#2979=ORIENTED_EDGE('',*,*,#5977,.T.);
#2980=ORIENTED_EDGE('',*,*,#5684,.T.);
#2981=ORIENTED_EDGE('',*,*,#5790,.F.);
#2982=ORIENTED_EDGE('',*,*,#5528,.F.);
#2983=ORIENTED_EDGE('',*,*,#5600,.T.);
#2984=ORIENTED_EDGE('',*,*,#5978,.F.);
#2985=ORIENTED_EDGE('',*,*,#5979,.F.);
#2986=ORIENTED_EDGE('',*,*,#5980,.T.);
#2987=ORIENTED_EDGE('',*,*,#5939,.T.);
#2988=ORIENTED_EDGE('',*,*,#5552,.F.);
#2989=ORIENTED_EDGE('',*,*,#5981,.F.);
#2990=ORIENTED_EDGE('',*,*,#5982,.F.);
#2991=ORIENTED_EDGE('',*,*,#5983,.T.);
#2992=ORIENTED_EDGE('',*,*,#5979,.T.);
#2993=ORIENTED_EDGE('',*,*,#5984,.F.);
#2994=ORIENTED_EDGE('',*,*,#5985,.F.);
#2995=ORIENTED_EDGE('',*,*,#5986,.T.);
#2996=ORIENTED_EDGE('',*,*,#5982,.T.);
#2997=ORIENTED_EDGE('',*,*,#5987,.T.);
#2998=ORIENTED_EDGE('',*,*,#5556,.T.);
#2999=ORIENTED_EDGE('',*,*,#5941,.F.);
#3000=ORIENTED_EDGE('',*,*,#5988,.F.);
#3001=ORIENTED_EDGE('',*,*,#5985,.T.);
#3002=ORIENTED_EDGE('',*,*,#5980,.F.);
#3003=ORIENTED_EDGE('',*,*,#5983,.F.);
#3004=ORIENTED_EDGE('',*,*,#5986,.F.);
#3005=ORIENTED_EDGE('',*,*,#5988,.T.);
#3006=ORIENTED_EDGE('',*,*,#5940,.F.);
#3007=ORIENTED_EDGE('',*,*,#5989,.T.);
#3008=ORIENTED_EDGE('',*,*,#5990,.F.);
#3009=ORIENTED_EDGE('',*,*,#5991,.F.);
#3010=ORIENTED_EDGE('',*,*,#5992,.F.);
#3011=ORIENTED_EDGE('',*,*,#5993,.T.);
#3012=ORIENTED_EDGE('',*,*,#5994,.F.);
#3013=ORIENTED_EDGE('',*,*,#5995,.T.);
#3014=ORIENTED_EDGE('',*,*,#5996,.F.);
#3015=ORIENTED_EDGE('',*,*,#5997,.F.);
#3016=ORIENTED_EDGE('',*,*,#5998,.T.);
#3017=ORIENTED_EDGE('',*,*,#5999,.F.);
#3018=ORIENTED_EDGE('',*,*,#6000,.F.);
#3019=ORIENTED_EDGE('',*,*,#5943,.F.);
#3020=ORIENTED_EDGE('',*,*,#5560,.F.);
#3021=ORIENTED_EDGE('',*,*,#5944,.F.);
#3022=ORIENTED_EDGE('',*,*,#6000,.T.);
#3023=ORIENTED_EDGE('',*,*,#6001,.T.);
#3024=ORIENTED_EDGE('',*,*,#6002,.F.);
#3025=ORIENTED_EDGE('',*,*,#6003,.F.);
#3026=ORIENTED_EDGE('',*,*,#6001,.F.);
#3027=ORIENTED_EDGE('',*,*,#5999,.T.);
#3028=ORIENTED_EDGE('',*,*,#6004,.T.);
#3029=ORIENTED_EDGE('',*,*,#6005,.T.);
#3030=ORIENTED_EDGE('',*,*,#6004,.F.);
#3031=ORIENTED_EDGE('',*,*,#5998,.F.);
#3032=ORIENTED_EDGE('',*,*,#6006,.T.);
#3033=ORIENTED_EDGE('',*,*,#6007,.F.);
#3034=ORIENTED_EDGE('',*,*,#6008,.T.);
#3035=ORIENTED_EDGE('',*,*,#6009,.T.);
#3036=ORIENTED_EDGE('',*,*,#6010,.F.);
#3037=ORIENTED_EDGE('',*,*,#6011,.F.);
#3038=ORIENTED_EDGE('',*,*,#6006,.F.);
#3039=ORIENTED_EDGE('',*,*,#5997,.T.);
#3040=ORIENTED_EDGE('',*,*,#6012,.T.);
#3041=ORIENTED_EDGE('',*,*,#6013,.F.);
#3042=ORIENTED_EDGE('',*,*,#6012,.F.);
#3043=ORIENTED_EDGE('',*,*,#5996,.T.);
#3044=ORIENTED_EDGE('',*,*,#6014,.T.);
#3045=ORIENTED_EDGE('',*,*,#6015,.T.);
#3046=ORIENTED_EDGE('',*,*,#6014,.F.);
#3047=ORIENTED_EDGE('',*,*,#5995,.F.);
#3048=ORIENTED_EDGE('',*,*,#6016,.T.);
#3049=ORIENTED_EDGE('',*,*,#6017,.T.);
#3050=ORIENTED_EDGE('',*,*,#6018,.F.);
#3051=ORIENTED_EDGE('',*,*,#6019,.F.);
#3052=ORIENTED_EDGE('',*,*,#6020,.T.);
#3053=ORIENTED_EDGE('',*,*,#6021,.T.);
#3054=ORIENTED_EDGE('',*,*,#5561,.F.);
#3055=ORIENTED_EDGE('',*,*,#6022,.F.);
#3056=ORIENTED_EDGE('',*,*,#6016,.F.);
#3057=ORIENTED_EDGE('',*,*,#5994,.T.);
#3058=ORIENTED_EDGE('',*,*,#6023,.T.);
#3059=ORIENTED_EDGE('',*,*,#6017,.F.);
#3060=ORIENTED_EDGE('',*,*,#5993,.F.);
#3061=ORIENTED_EDGE('',*,*,#6024,.T.);
#3062=ORIENTED_EDGE('',*,*,#6025,.F.);
#3063=ORIENTED_EDGE('',*,*,#6024,.F.);
#3064=ORIENTED_EDGE('',*,*,#5992,.T.);
#3065=ORIENTED_EDGE('',*,*,#6026,.T.);
#3066=ORIENTED_EDGE('',*,*,#6027,.F.);
#3067=ORIENTED_EDGE('',*,*,#6028,.T.);
#3068=ORIENTED_EDGE('',*,*,#6029,.T.);
#3069=ORIENTED_EDGE('',*,*,#6030,.F.);
#3070=ORIENTED_EDGE('',*,*,#6031,.F.);
#3071=ORIENTED_EDGE('',*,*,#6026,.F.);
#3072=ORIENTED_EDGE('',*,*,#5991,.T.);
#3073=ORIENTED_EDGE('',*,*,#6032,.T.);
#3074=ORIENTED_EDGE('',*,*,#6033,.F.);
#3075=ORIENTED_EDGE('',*,*,#6032,.F.);
#3076=ORIENTED_EDGE('',*,*,#5990,.T.);
#3077=ORIENTED_EDGE('',*,*,#6034,.T.);
#3078=ORIENTED_EDGE('',*,*,#5558,.T.);
#3079=ORIENTED_EDGE('',*,*,#6035,.T.);
#3080=ORIENTED_EDGE('',*,*,#6034,.F.);
#3081=ORIENTED_EDGE('',*,*,#5989,.F.);
#3082=ORIENTED_EDGE('',*,*,#5942,.T.);
#3083=ORIENTED_EDGE('',*,*,#6036,.F.);
#3084=ORIENTED_EDGE('',*,*,#6037,.F.);
#3085=ORIENTED_EDGE('',*,*,#6038,.T.);
#3086=ORIENTED_EDGE('',*,*,#6039,.T.);
#3087=ORIENTED_EDGE('',*,*,#6040,.T.);
#3088=ORIENTED_EDGE('',*,*,#6039,.F.);
#3089=ORIENTED_EDGE('',*,*,#6041,.F.);
#3090=ORIENTED_EDGE('',*,*,#6042,.T.);
#3091=ORIENTED_EDGE('',*,*,#6043,.F.);
#3092=ORIENTED_EDGE('',*,*,#6044,.T.);
#3093=ORIENTED_EDGE('',*,*,#6045,.T.);
#3094=ORIENTED_EDGE('',*,*,#6046,.F.);
#3095=ORIENTED_EDGE('',*,*,#6047,.F.);
#3096=ORIENTED_EDGE('',*,*,#6042,.F.);
#3097=ORIENTED_EDGE('',*,*,#6048,.T.);
#3098=ORIENTED_EDGE('',*,*,#6049,.T.);
#3099=ORIENTED_EDGE('',*,*,#6050,.F.);
#3100=ORIENTED_EDGE('',*,*,#6049,.F.);
#3101=ORIENTED_EDGE('',*,*,#6051,.T.);
#3102=ORIENTED_EDGE('',*,*,#6052,.T.);
#3103=ORIENTED_EDGE('',*,*,#6053,.T.);
#3104=ORIENTED_EDGE('',*,*,#6052,.F.);
#3105=ORIENTED_EDGE('',*,*,#6054,.F.);
#3106=ORIENTED_EDGE('',*,*,#6055,.T.);
#3107=ORIENTED_EDGE('',*,*,#6056,.F.);
#3108=ORIENTED_EDGE('',*,*,#6055,.F.);
#3109=ORIENTED_EDGE('',*,*,#6057,.T.);
#3110=ORIENTED_EDGE('',*,*,#6058,.T.);
#3111=ORIENTED_EDGE('',*,*,#6059,.T.);
#3112=ORIENTED_EDGE('',*,*,#6058,.F.);
#3113=ORIENTED_EDGE('',*,*,#6060,.F.);
#3114=ORIENTED_EDGE('',*,*,#6061,.T.);
#3115=ORIENTED_EDGE('',*,*,#6062,.F.);
#3116=ORIENTED_EDGE('',*,*,#6061,.F.);
#3117=ORIENTED_EDGE('',*,*,#6063,.T.);
#3118=ORIENTED_EDGE('',*,*,#6064,.T.);
#3119=ORIENTED_EDGE('',*,*,#6065,.F.);
#3120=ORIENTED_EDGE('',*,*,#6066,.T.);
#3121=ORIENTED_EDGE('',*,*,#6067,.T.);
#3122=ORIENTED_EDGE('',*,*,#6068,.F.);
#3123=ORIENTED_EDGE('',*,*,#6069,.F.);
#3124=ORIENTED_EDGE('',*,*,#6064,.F.);
#3125=ORIENTED_EDGE('',*,*,#6070,.T.);
#3126=ORIENTED_EDGE('',*,*,#6071,.T.);
#3127=ORIENTED_EDGE('',*,*,#6072,.F.);
#3128=ORIENTED_EDGE('',*,*,#6071,.F.);
#3129=ORIENTED_EDGE('',*,*,#6073,.T.);
#3130=ORIENTED_EDGE('',*,*,#6074,.T.);
#3131=ORIENTED_EDGE('',*,*,#6075,.T.);
#3132=ORIENTED_EDGE('',*,*,#6073,.F.);
#3133=ORIENTED_EDGE('',*,*,#6070,.F.);
#3134=ORIENTED_EDGE('',*,*,#6063,.F.);
#3135=ORIENTED_EDGE('',*,*,#6060,.T.);
#3136=ORIENTED_EDGE('',*,*,#6057,.F.);
#3137=ORIENTED_EDGE('',*,*,#6054,.T.);
#3138=ORIENTED_EDGE('',*,*,#6051,.F.);
#3139=ORIENTED_EDGE('',*,*,#6048,.F.);
#3140=ORIENTED_EDGE('',*,*,#6041,.T.);
#3141=ORIENTED_EDGE('',*,*,#6038,.F.);
#3142=ORIENTED_EDGE('',*,*,#6076,.F.);
#3143=ORIENTED_EDGE('',*,*,#5936,.F.);
#3144=ORIENTED_EDGE('',*,*,#5938,.T.);
#3145=ORIENTED_EDGE('',*,*,#6077,.T.);
#3146=ORIENTED_EDGE('',*,*,#6036,.T.);
#3147=ORIENTED_EDGE('',*,*,#6040,.F.);
#3148=ORIENTED_EDGE('',*,*,#6047,.T.);
#3149=ORIENTED_EDGE('',*,*,#6050,.T.);
#3150=ORIENTED_EDGE('',*,*,#6053,.F.);
#3151=ORIENTED_EDGE('',*,*,#6056,.T.);
#3152=ORIENTED_EDGE('',*,*,#6059,.F.);
#3153=ORIENTED_EDGE('',*,*,#6062,.T.);
#3154=ORIENTED_EDGE('',*,*,#6069,.T.);
#3155=ORIENTED_EDGE('',*,*,#6072,.T.);
#3156=ORIENTED_EDGE('',*,*,#6078,.F.);
#3157=ORIENTED_EDGE('',*,*,#6078,.T.);
#3158=ORIENTED_EDGE('',*,*,#6074,.F.);
#3159=ORIENTED_EDGE('',*,*,#6075,.F.);
#3160=ORIENTED_EDGE('',*,*,#5935,.T.);
#3161=ORIENTED_EDGE('',*,*,#6077,.F.);
#3162=ORIENTED_EDGE('',*,*,#5937,.F.);
#3163=ORIENTED_EDGE('',*,*,#6076,.T.);
#3164=ORIENTED_EDGE('',*,*,#6037,.T.);
#3165=ORIENTED_EDGE('',*,*,#6079,.F.);
#3166=ORIENTED_EDGE('',*,*,#6080,.F.);
#3167=ORIENTED_EDGE('',*,*,#6081,.F.);
#3168=ORIENTED_EDGE('',*,*,#6082,.T.);
#3169=ORIENTED_EDGE('',*,*,#5932,.F.);
#3170=ORIENTED_EDGE('',*,*,#5934,.T.);
#3171=ORIENTED_EDGE('',*,*,#6083,.F.);
#3172=ORIENTED_EDGE('',*,*,#6084,.T.);
#3173=ORIENTED_EDGE('',*,*,#6085,.T.);
#3174=ORIENTED_EDGE('',*,*,#6086,.T.);
#3175=ORIENTED_EDGE('',*,*,#6083,.T.);
#3176=ORIENTED_EDGE('',*,*,#5933,.F.);
#3177=ORIENTED_EDGE('',*,*,#6082,.F.);
#3178=ORIENTED_EDGE('',*,*,#6087,.T.);
#3179=ORIENTED_EDGE('',*,*,#6084,.F.);
#3180=ORIENTED_EDGE('',*,*,#6087,.F.);
#3181=ORIENTED_EDGE('',*,*,#6081,.T.);
#3182=ORIENTED_EDGE('',*,*,#6088,.T.);
#3183=ORIENTED_EDGE('',*,*,#6085,.F.);
#3184=ORIENTED_EDGE('',*,*,#6088,.F.);
#3185=ORIENTED_EDGE('',*,*,#6080,.T.);
#3186=ORIENTED_EDGE('',*,*,#6089,.T.);
#3187=ORIENTED_EDGE('',*,*,#6086,.F.);
#3188=ORIENTED_EDGE('',*,*,#6089,.F.);
#3189=ORIENTED_EDGE('',*,*,#6079,.T.);
#3190=ORIENTED_EDGE('',*,*,#5931,.T.);
#3191=ORIENTED_EDGE('',*,*,#6090,.F.);
#3192=ORIENTED_EDGE('',*,*,#6091,.F.);
#3193=ORIENTED_EDGE('',*,*,#6092,.T.);
#3194=ORIENTED_EDGE('',*,*,#6093,.T.);
#3195=ORIENTED_EDGE('',*,*,#6094,.T.);
#3196=ORIENTED_EDGE('',*,*,#6093,.F.);
#3197=ORIENTED_EDGE('',*,*,#6095,.F.);
#3198=ORIENTED_EDGE('',*,*,#6096,.T.);
#3199=ORIENTED_EDGE('',*,*,#6097,.F.);
#3200=ORIENTED_EDGE('',*,*,#6098,.T.);
#3201=ORIENTED_EDGE('',*,*,#6099,.T.);
#3202=ORIENTED_EDGE('',*,*,#6100,.F.);
#3203=ORIENTED_EDGE('',*,*,#6101,.F.);
#3204=ORIENTED_EDGE('',*,*,#6096,.F.);
#3205=ORIENTED_EDGE('',*,*,#6102,.T.);
#3206=ORIENTED_EDGE('',*,*,#6103,.T.);
#3207=ORIENTED_EDGE('',*,*,#6104,.F.);
#3208=ORIENTED_EDGE('',*,*,#6103,.F.);
#3209=ORIENTED_EDGE('',*,*,#6105,.T.);
#3210=ORIENTED_EDGE('',*,*,#6106,.T.);
#3211=ORIENTED_EDGE('',*,*,#6107,.T.);
#3212=ORIENTED_EDGE('',*,*,#6106,.F.);
#3213=ORIENTED_EDGE('',*,*,#6108,.F.);
#3214=ORIENTED_EDGE('',*,*,#6109,.T.);
#3215=ORIENTED_EDGE('',*,*,#6110,.F.);
#3216=ORIENTED_EDGE('',*,*,#6109,.F.);
#3217=ORIENTED_EDGE('',*,*,#6111,.T.);
#3218=ORIENTED_EDGE('',*,*,#6112,.T.);
#3219=ORIENTED_EDGE('',*,*,#6113,.T.);
#3220=ORIENTED_EDGE('',*,*,#6112,.F.);
#3221=ORIENTED_EDGE('',*,*,#6114,.F.);
#3222=ORIENTED_EDGE('',*,*,#6115,.T.);
#3223=ORIENTED_EDGE('',*,*,#6116,.F.);
#3224=ORIENTED_EDGE('',*,*,#6115,.F.);
#3225=ORIENTED_EDGE('',*,*,#6117,.T.);
#3226=ORIENTED_EDGE('',*,*,#6118,.T.);
#3227=ORIENTED_EDGE('',*,*,#6119,.F.);
#3228=ORIENTED_EDGE('',*,*,#6120,.T.);
#3229=ORIENTED_EDGE('',*,*,#6121,.T.);
#3230=ORIENTED_EDGE('',*,*,#6122,.F.);
#3231=ORIENTED_EDGE('',*,*,#6123,.F.);
#3232=ORIENTED_EDGE('',*,*,#6118,.F.);
#3233=ORIENTED_EDGE('',*,*,#6124,.T.);
#3234=ORIENTED_EDGE('',*,*,#6125,.T.);
#3235=ORIENTED_EDGE('',*,*,#6126,.F.);
#3236=ORIENTED_EDGE('',*,*,#6125,.F.);
#3237=ORIENTED_EDGE('',*,*,#6127,.T.);
#3238=ORIENTED_EDGE('',*,*,#6128,.T.);
#3239=ORIENTED_EDGE('',*,*,#6129,.T.);
#3240=ORIENTED_EDGE('',*,*,#6127,.F.);
#3241=ORIENTED_EDGE('',*,*,#6124,.F.);
#3242=ORIENTED_EDGE('',*,*,#6117,.F.);
#3243=ORIENTED_EDGE('',*,*,#6114,.T.);
#3244=ORIENTED_EDGE('',*,*,#6111,.F.);
#3245=ORIENTED_EDGE('',*,*,#6108,.T.);
#3246=ORIENTED_EDGE('',*,*,#6105,.F.);
#3247=ORIENTED_EDGE('',*,*,#6102,.F.);
#3248=ORIENTED_EDGE('',*,*,#6095,.T.);
#3249=ORIENTED_EDGE('',*,*,#6092,.F.);
#3250=ORIENTED_EDGE('',*,*,#6130,.F.);
#3251=ORIENTED_EDGE('',*,*,#5928,.F.);
#3252=ORIENTED_EDGE('',*,*,#5930,.T.);
#3253=ORIENTED_EDGE('',*,*,#6131,.T.);
#3254=ORIENTED_EDGE('',*,*,#6090,.T.);
#3255=ORIENTED_EDGE('',*,*,#6094,.F.);
#3256=ORIENTED_EDGE('',*,*,#6101,.T.);
#3257=ORIENTED_EDGE('',*,*,#6104,.T.);
#3258=ORIENTED_EDGE('',*,*,#6107,.F.);
#3259=ORIENTED_EDGE('',*,*,#6110,.T.);
#3260=ORIENTED_EDGE('',*,*,#6113,.F.);
#3261=ORIENTED_EDGE('',*,*,#6116,.T.);
#3262=ORIENTED_EDGE('',*,*,#6123,.T.);
#3263=ORIENTED_EDGE('',*,*,#6126,.T.);
#3264=ORIENTED_EDGE('',*,*,#6132,.F.);
#3265=ORIENTED_EDGE('',*,*,#6132,.T.);
#3266=ORIENTED_EDGE('',*,*,#6128,.F.);
#3267=ORIENTED_EDGE('',*,*,#6129,.F.);
#3268=ORIENTED_EDGE('',*,*,#5927,.T.);
#3269=ORIENTED_EDGE('',*,*,#6131,.F.);
#3270=ORIENTED_EDGE('',*,*,#5929,.F.);
#3271=ORIENTED_EDGE('',*,*,#6130,.T.);
#3272=ORIENTED_EDGE('',*,*,#6091,.T.);
#3273=ORIENTED_EDGE('',*,*,#6133,.F.);
#3274=ORIENTED_EDGE('',*,*,#6134,.F.);
#3275=ORIENTED_EDGE('',*,*,#6135,.F.);
#3276=ORIENTED_EDGE('',*,*,#6136,.T.);
#3277=ORIENTED_EDGE('',*,*,#5924,.F.);
#3278=ORIENTED_EDGE('',*,*,#5926,.T.);
#3279=ORIENTED_EDGE('',*,*,#6137,.F.);
#3280=ORIENTED_EDGE('',*,*,#6138,.T.);
#3281=ORIENTED_EDGE('',*,*,#6139,.T.);
#3282=ORIENTED_EDGE('',*,*,#6140,.T.);
#3283=ORIENTED_EDGE('',*,*,#6137,.T.);
#3284=ORIENTED_EDGE('',*,*,#5925,.F.);
#3285=ORIENTED_EDGE('',*,*,#6136,.F.);
#3286=ORIENTED_EDGE('',*,*,#6141,.T.);
#3287=ORIENTED_EDGE('',*,*,#6138,.F.);
#3288=ORIENTED_EDGE('',*,*,#6141,.F.);
#3289=ORIENTED_EDGE('',*,*,#6135,.T.);
#3290=ORIENTED_EDGE('',*,*,#6142,.T.);
#3291=ORIENTED_EDGE('',*,*,#6139,.F.);
#3292=ORIENTED_EDGE('',*,*,#6142,.F.);
#3293=ORIENTED_EDGE('',*,*,#6134,.T.);
#3294=ORIENTED_EDGE('',*,*,#6143,.T.);
#3295=ORIENTED_EDGE('',*,*,#6140,.F.);
#3296=ORIENTED_EDGE('',*,*,#6143,.F.);
#3297=ORIENTED_EDGE('',*,*,#6133,.T.);
#3298=ORIENTED_EDGE('',*,*,#5923,.T.);
#3299=ORIENTED_EDGE('',*,*,#6144,.F.);
#3300=ORIENTED_EDGE('',*,*,#6145,.F.);
#3301=ORIENTED_EDGE('',*,*,#6146,.T.);
#3302=ORIENTED_EDGE('',*,*,#6147,.T.);
#3303=ORIENTED_EDGE('',*,*,#6148,.T.);
#3304=ORIENTED_EDGE('',*,*,#6147,.F.);
#3305=ORIENTED_EDGE('',*,*,#6149,.F.);
#3306=ORIENTED_EDGE('',*,*,#6150,.T.);
#3307=ORIENTED_EDGE('',*,*,#6151,.F.);
#3308=ORIENTED_EDGE('',*,*,#6152,.T.);
#3309=ORIENTED_EDGE('',*,*,#6153,.T.);
#3310=ORIENTED_EDGE('',*,*,#6154,.F.);
#3311=ORIENTED_EDGE('',*,*,#6155,.F.);
#3312=ORIENTED_EDGE('',*,*,#6150,.F.);
#3313=ORIENTED_EDGE('',*,*,#6156,.T.);
#3314=ORIENTED_EDGE('',*,*,#6157,.T.);
#3315=ORIENTED_EDGE('',*,*,#6158,.F.);
#3316=ORIENTED_EDGE('',*,*,#6157,.F.);
#3317=ORIENTED_EDGE('',*,*,#6159,.T.);
#3318=ORIENTED_EDGE('',*,*,#6160,.T.);
#3319=ORIENTED_EDGE('',*,*,#6161,.T.);
#3320=ORIENTED_EDGE('',*,*,#6160,.F.);
#3321=ORIENTED_EDGE('',*,*,#6162,.F.);
#3322=ORIENTED_EDGE('',*,*,#6163,.T.);
#3323=ORIENTED_EDGE('',*,*,#6164,.F.);
#3324=ORIENTED_EDGE('',*,*,#6163,.F.);
#3325=ORIENTED_EDGE('',*,*,#6165,.T.);
#3326=ORIENTED_EDGE('',*,*,#6166,.T.);
#3327=ORIENTED_EDGE('',*,*,#6167,.T.);
#3328=ORIENTED_EDGE('',*,*,#6166,.F.);
#3329=ORIENTED_EDGE('',*,*,#6168,.F.);
#3330=ORIENTED_EDGE('',*,*,#6169,.T.);
#3331=ORIENTED_EDGE('',*,*,#6170,.F.);
#3332=ORIENTED_EDGE('',*,*,#6169,.F.);
#3333=ORIENTED_EDGE('',*,*,#6171,.T.);
#3334=ORIENTED_EDGE('',*,*,#6172,.T.);
#3335=ORIENTED_EDGE('',*,*,#6173,.F.);
#3336=ORIENTED_EDGE('',*,*,#6174,.T.);
#3337=ORIENTED_EDGE('',*,*,#6175,.T.);
#3338=ORIENTED_EDGE('',*,*,#6176,.F.);
#3339=ORIENTED_EDGE('',*,*,#6177,.F.);
#3340=ORIENTED_EDGE('',*,*,#6172,.F.);
#3341=ORIENTED_EDGE('',*,*,#6178,.T.);
#3342=ORIENTED_EDGE('',*,*,#6179,.T.);
#3343=ORIENTED_EDGE('',*,*,#6180,.F.);
#3344=ORIENTED_EDGE('',*,*,#6179,.F.);
#3345=ORIENTED_EDGE('',*,*,#6181,.T.);
#3346=ORIENTED_EDGE('',*,*,#6182,.T.);
#3347=ORIENTED_EDGE('',*,*,#6183,.T.);
#3348=ORIENTED_EDGE('',*,*,#6181,.F.);
#3349=ORIENTED_EDGE('',*,*,#6178,.F.);
#3350=ORIENTED_EDGE('',*,*,#6171,.F.);
#3351=ORIENTED_EDGE('',*,*,#6168,.T.);
#3352=ORIENTED_EDGE('',*,*,#6165,.F.);
#3353=ORIENTED_EDGE('',*,*,#6162,.T.);
#3354=ORIENTED_EDGE('',*,*,#6159,.F.);
#3355=ORIENTED_EDGE('',*,*,#6156,.F.);
#3356=ORIENTED_EDGE('',*,*,#6149,.T.);
#3357=ORIENTED_EDGE('',*,*,#6146,.F.);
#3358=ORIENTED_EDGE('',*,*,#6184,.F.);
#3359=ORIENTED_EDGE('',*,*,#5920,.F.);
#3360=ORIENTED_EDGE('',*,*,#5922,.T.);
#3361=ORIENTED_EDGE('',*,*,#6185,.T.);
#3362=ORIENTED_EDGE('',*,*,#6144,.T.);
#3363=ORIENTED_EDGE('',*,*,#6148,.F.);
#3364=ORIENTED_EDGE('',*,*,#6155,.T.);
#3365=ORIENTED_EDGE('',*,*,#6158,.T.);
#3366=ORIENTED_EDGE('',*,*,#6161,.F.);
#3367=ORIENTED_EDGE('',*,*,#6164,.T.);
#3368=ORIENTED_EDGE('',*,*,#6167,.F.);
#3369=ORIENTED_EDGE('',*,*,#6170,.T.);
#3370=ORIENTED_EDGE('',*,*,#6177,.T.);
#3371=ORIENTED_EDGE('',*,*,#6180,.T.);
#3372=ORIENTED_EDGE('',*,*,#6186,.F.);
#3373=ORIENTED_EDGE('',*,*,#6186,.T.);
#3374=ORIENTED_EDGE('',*,*,#6182,.F.);
#3375=ORIENTED_EDGE('',*,*,#6183,.F.);
#3376=ORIENTED_EDGE('',*,*,#5919,.T.);
#3377=ORIENTED_EDGE('',*,*,#6185,.F.);
#3378=ORIENTED_EDGE('',*,*,#5921,.F.);
#3379=ORIENTED_EDGE('',*,*,#6184,.T.);
#3380=ORIENTED_EDGE('',*,*,#6145,.T.);
#3381=ORIENTED_EDGE('',*,*,#6187,.F.);
#3382=ORIENTED_EDGE('',*,*,#6188,.F.);
#3383=ORIENTED_EDGE('',*,*,#6189,.F.);
#3384=ORIENTED_EDGE('',*,*,#6190,.T.);
#3385=ORIENTED_EDGE('',*,*,#5916,.F.);
#3386=ORIENTED_EDGE('',*,*,#5918,.T.);
#3387=ORIENTED_EDGE('',*,*,#6191,.F.);
#3388=ORIENTED_EDGE('',*,*,#6192,.T.);
#3389=ORIENTED_EDGE('',*,*,#6193,.T.);
#3390=ORIENTED_EDGE('',*,*,#6194,.T.);
#3391=ORIENTED_EDGE('',*,*,#6191,.T.);
#3392=ORIENTED_EDGE('',*,*,#5917,.F.);
#3393=ORIENTED_EDGE('',*,*,#6190,.F.);
#3394=ORIENTED_EDGE('',*,*,#6195,.T.);
#3395=ORIENTED_EDGE('',*,*,#6192,.F.);
#3396=ORIENTED_EDGE('',*,*,#6195,.F.);
#3397=ORIENTED_EDGE('',*,*,#6189,.T.);
#3398=ORIENTED_EDGE('',*,*,#6196,.T.);
#3399=ORIENTED_EDGE('',*,*,#6193,.F.);
#3400=ORIENTED_EDGE('',*,*,#6196,.F.);
#3401=ORIENTED_EDGE('',*,*,#6188,.T.);
#3402=ORIENTED_EDGE('',*,*,#6197,.T.);
#3403=ORIENTED_EDGE('',*,*,#6194,.F.);
#3404=ORIENTED_EDGE('',*,*,#6197,.F.);
#3405=ORIENTED_EDGE('',*,*,#6187,.T.);
#3406=ORIENTED_EDGE('',*,*,#5915,.T.);
#3407=ORIENTED_EDGE('',*,*,#6198,.T.);
#3408=ORIENTED_EDGE('',*,*,#6199,.F.);
#3409=ORIENTED_EDGE('',*,*,#6200,.F.);
#3410=ORIENTED_EDGE('',*,*,#6201,.F.);
#3411=ORIENTED_EDGE('',*,*,#6202,.F.);
#3412=ORIENTED_EDGE('',*,*,#5975,.F.);
#3413=ORIENTED_EDGE('',*,*,#5572,.F.);
#3414=ORIENTED_EDGE('',*,*,#5976,.F.);
#3415=ORIENTED_EDGE('',*,*,#6202,.T.);
#3416=ORIENTED_EDGE('',*,*,#6203,.T.);
#3417=ORIENTED_EDGE('',*,*,#6204,.F.);
#3418=ORIENTED_EDGE('',*,*,#5570,.T.);
#3419=ORIENTED_EDGE('',*,*,#6205,.T.);
#3420=ORIENTED_EDGE('',*,*,#6206,.F.);
#3421=ORIENTED_EDGE('',*,*,#6198,.F.);
#3422=ORIENTED_EDGE('',*,*,#5974,.T.);
#3423=ORIENTED_EDGE('',*,*,#6207,.F.);
#3424=ORIENTED_EDGE('',*,*,#6208,.F.);
#3425=ORIENTED_EDGE('',*,*,#6199,.T.);
#3426=ORIENTED_EDGE('',*,*,#6206,.T.);
#3427=ORIENTED_EDGE('',*,*,#6209,.F.);
#3428=ORIENTED_EDGE('',*,*,#6210,.F.);
#3429=ORIENTED_EDGE('',*,*,#6200,.T.);
#3430=ORIENTED_EDGE('',*,*,#6208,.T.);
#3431=ORIENTED_EDGE('',*,*,#6211,.F.);
#3432=ORIENTED_EDGE('',*,*,#6203,.F.);
#3433=ORIENTED_EDGE('',*,*,#6201,.T.);
#3434=ORIENTED_EDGE('',*,*,#6210,.T.);
#3435=ORIENTED_EDGE('',*,*,#6212,.T.);
#3436=ORIENTED_EDGE('',*,*,#6213,.F.);
#3437=ORIENTED_EDGE('',*,*,#6214,.F.);
#3438=ORIENTED_EDGE('',*,*,#6215,.F.);
#3439=ORIENTED_EDGE('',*,*,#6216,.T.);
#3440=ORIENTED_EDGE('',*,*,#6217,.F.);
#3441=ORIENTED_EDGE('',*,*,#6218,.T.);
#3442=ORIENTED_EDGE('',*,*,#6219,.F.);
#3443=ORIENTED_EDGE('',*,*,#6220,.F.);
#3444=ORIENTED_EDGE('',*,*,#6221,.F.);
#3445=ORIENTED_EDGE('',*,*,#6222,.T.);
#3446=ORIENTED_EDGE('',*,*,#5972,.F.);
#3447=ORIENTED_EDGE('',*,*,#6223,.T.);
#3448=ORIENTED_EDGE('',*,*,#5568,.T.);
#3449=ORIENTED_EDGE('',*,*,#5973,.F.);
#3450=ORIENTED_EDGE('',*,*,#6222,.F.);
#3451=ORIENTED_EDGE('',*,*,#6224,.T.);
#3452=ORIENTED_EDGE('',*,*,#6225,.F.);
#3453=ORIENTED_EDGE('',*,*,#6224,.F.);
#3454=ORIENTED_EDGE('',*,*,#6221,.T.);
#3455=ORIENTED_EDGE('',*,*,#6226,.T.);
#3456=ORIENTED_EDGE('',*,*,#6227,.F.);
#3457=ORIENTED_EDGE('',*,*,#6226,.F.);
#3458=ORIENTED_EDGE('',*,*,#6220,.T.);
#3459=ORIENTED_EDGE('',*,*,#6228,.T.);
#3460=ORIENTED_EDGE('',*,*,#6229,.F.);
#3461=ORIENTED_EDGE('',*,*,#6228,.F.);
#3462=ORIENTED_EDGE('',*,*,#6219,.T.);
#3463=ORIENTED_EDGE('',*,*,#6230,.T.);
#3464=ORIENTED_EDGE('',*,*,#6231,.T.);
#3465=ORIENTED_EDGE('',*,*,#6230,.F.);
#3466=ORIENTED_EDGE('',*,*,#6218,.F.);
#3467=ORIENTED_EDGE('',*,*,#6232,.T.);
#3468=ORIENTED_EDGE('',*,*,#6233,.T.);
#3469=ORIENTED_EDGE('',*,*,#6234,.F.);
#3470=ORIENTED_EDGE('',*,*,#5563,.F.);
#3471=ORIENTED_EDGE('',*,*,#6235,.F.);
#3472=ORIENTED_EDGE('',*,*,#6236,.T.);
#3473=ORIENTED_EDGE('',*,*,#6237,.T.);
#3474=ORIENTED_EDGE('',*,*,#5573,.F.);
#3475=ORIENTED_EDGE('',*,*,#6238,.F.);
#3476=ORIENTED_EDGE('',*,*,#5569,.F.);
#3477=ORIENTED_EDGE('',*,*,#6239,.F.);
#3478=ORIENTED_EDGE('',*,*,#6232,.F.);
#3479=ORIENTED_EDGE('',*,*,#6217,.T.);
#3480=ORIENTED_EDGE('',*,*,#6240,.T.);
#3481=ORIENTED_EDGE('',*,*,#6233,.F.);
#3482=ORIENTED_EDGE('',*,*,#6216,.F.);
#3483=ORIENTED_EDGE('',*,*,#6241,.T.);
#3484=ORIENTED_EDGE('',*,*,#6242,.F.);
#3485=ORIENTED_EDGE('',*,*,#6241,.F.);
#3486=ORIENTED_EDGE('',*,*,#6215,.T.);
#3487=ORIENTED_EDGE('',*,*,#6243,.T.);
#3488=ORIENTED_EDGE('',*,*,#6244,.F.);
#3489=ORIENTED_EDGE('',*,*,#6243,.F.);
#3490=ORIENTED_EDGE('',*,*,#6214,.T.);
#3491=ORIENTED_EDGE('',*,*,#6245,.T.);
#3492=ORIENTED_EDGE('',*,*,#6246,.F.);
#3493=ORIENTED_EDGE('',*,*,#6245,.F.);
#3494=ORIENTED_EDGE('',*,*,#6213,.T.);
#3495=ORIENTED_EDGE('',*,*,#6247,.T.);
#3496=ORIENTED_EDGE('',*,*,#5564,.T.);
#3497=ORIENTED_EDGE('',*,*,#6248,.T.);
#3498=ORIENTED_EDGE('',*,*,#6247,.F.);
#3499=ORIENTED_EDGE('',*,*,#6212,.F.);
#3500=ORIENTED_EDGE('',*,*,#5971,.T.);
#3501=ORIENTED_EDGE('',*,*,#6249,.F.);
#3502=ORIENTED_EDGE('',*,*,#6250,.F.);
#3503=ORIENTED_EDGE('',*,*,#6251,.T.);
#3504=ORIENTED_EDGE('',*,*,#6252,.T.);
#3505=ORIENTED_EDGE('',*,*,#6253,.F.);
#3506=ORIENTED_EDGE('',*,*,#6252,.F.);
#3507=ORIENTED_EDGE('',*,*,#6254,.T.);
#3508=ORIENTED_EDGE('',*,*,#6255,.T.);
#3509=ORIENTED_EDGE('',*,*,#6256,.F.);
#3510=ORIENTED_EDGE('',*,*,#6255,.F.);
#3511=ORIENTED_EDGE('',*,*,#6257,.T.);
#3512=ORIENTED_EDGE('',*,*,#6258,.T.);
#3513=ORIENTED_EDGE('',*,*,#6259,.T.);
#3514=ORIENTED_EDGE('',*,*,#6257,.F.);
#3515=ORIENTED_EDGE('',*,*,#6254,.F.);
#3516=ORIENTED_EDGE('',*,*,#6251,.F.);
#3517=ORIENTED_EDGE('',*,*,#6260,.F.);
#3518=ORIENTED_EDGE('',*,*,#5968,.F.);
#3519=ORIENTED_EDGE('',*,*,#5970,.T.);
#3520=ORIENTED_EDGE('',*,*,#6261,.T.);
#3521=ORIENTED_EDGE('',*,*,#6249,.T.);
#3522=ORIENTED_EDGE('',*,*,#6253,.T.);
#3523=ORIENTED_EDGE('',*,*,#6256,.T.);
#3524=ORIENTED_EDGE('',*,*,#6262,.F.);
#3525=ORIENTED_EDGE('',*,*,#6261,.F.);
#3526=ORIENTED_EDGE('',*,*,#5969,.F.);
#3527=ORIENTED_EDGE('',*,*,#6260,.T.);
#3528=ORIENTED_EDGE('',*,*,#6250,.T.);
#3529=ORIENTED_EDGE('',*,*,#6262,.T.);
#3530=ORIENTED_EDGE('',*,*,#6258,.F.);
#3531=ORIENTED_EDGE('',*,*,#6259,.F.);
#3532=ORIENTED_EDGE('',*,*,#5967,.T.);
#3533=ORIENTED_EDGE('',*,*,#6263,.T.);
#3534=ORIENTED_EDGE('',*,*,#6264,.F.);
#3535=ORIENTED_EDGE('',*,*,#6265,.F.);
#3536=ORIENTED_EDGE('',*,*,#6266,.F.);
#3537=ORIENTED_EDGE('',*,*,#6267,.T.);
#3538=ORIENTED_EDGE('',*,*,#6268,.F.);
#3539=ORIENTED_EDGE('',*,*,#6269,.T.);
#3540=ORIENTED_EDGE('',*,*,#6270,.F.);
#3541=ORIENTED_EDGE('',*,*,#6271,.F.);
#3542=ORIENTED_EDGE('',*,*,#6272,.F.);
#3543=ORIENTED_EDGE('',*,*,#6273,.T.);
#3544=ORIENTED_EDGE('',*,*,#5964,.F.);
#3545=ORIENTED_EDGE('',*,*,#5966,.T.);
#3546=ORIENTED_EDGE('',*,*,#6274,.F.);
#3547=ORIENTED_EDGE('',*,*,#6275,.T.);
#3548=ORIENTED_EDGE('',*,*,#6276,.T.);
#3549=ORIENTED_EDGE('',*,*,#6277,.T.);
#3550=ORIENTED_EDGE('',*,*,#6278,.F.);
#3551=ORIENTED_EDGE('',*,*,#6279,.T.);
#3552=ORIENTED_EDGE('',*,*,#6280,.F.);
#3553=ORIENTED_EDGE('',*,*,#6281,.T.);
#3554=ORIENTED_EDGE('',*,*,#6282,.T.);
#3555=ORIENTED_EDGE('',*,*,#6283,.T.);
#3556=ORIENTED_EDGE('',*,*,#6284,.F.);
#3557=ORIENTED_EDGE('',*,*,#6274,.T.);
#3558=ORIENTED_EDGE('',*,*,#5965,.F.);
#3559=ORIENTED_EDGE('',*,*,#6273,.F.);
#3560=ORIENTED_EDGE('',*,*,#6285,.T.);
#3561=ORIENTED_EDGE('',*,*,#6275,.F.);
#3562=ORIENTED_EDGE('',*,*,#6285,.F.);
#3563=ORIENTED_EDGE('',*,*,#6272,.T.);
#3564=ORIENTED_EDGE('',*,*,#6286,.T.);
#3565=ORIENTED_EDGE('',*,*,#6276,.F.);
#3566=ORIENTED_EDGE('',*,*,#6286,.F.);
#3567=ORIENTED_EDGE('',*,*,#6271,.T.);
#3568=ORIENTED_EDGE('',*,*,#6287,.T.);
#3569=ORIENTED_EDGE('',*,*,#6277,.F.);
#3570=ORIENTED_EDGE('',*,*,#6287,.F.);
#3571=ORIENTED_EDGE('',*,*,#6270,.T.);
#3572=ORIENTED_EDGE('',*,*,#6288,.T.);
#3573=ORIENTED_EDGE('',*,*,#6278,.T.);
#3574=ORIENTED_EDGE('',*,*,#6288,.F.);
#3575=ORIENTED_EDGE('',*,*,#6269,.F.);
#3576=ORIENTED_EDGE('',*,*,#6289,.T.);
#3577=ORIENTED_EDGE('',*,*,#6279,.F.);
#3578=ORIENTED_EDGE('',*,*,#6289,.F.);
#3579=ORIENTED_EDGE('',*,*,#6268,.T.);
#3580=ORIENTED_EDGE('',*,*,#6290,.T.);
#3581=ORIENTED_EDGE('',*,*,#6280,.T.);
#3582=ORIENTED_EDGE('',*,*,#6290,.F.);
#3583=ORIENTED_EDGE('',*,*,#6267,.F.);
#3584=ORIENTED_EDGE('',*,*,#6291,.T.);
#3585=ORIENTED_EDGE('',*,*,#6281,.F.);
#3586=ORIENTED_EDGE('',*,*,#6291,.F.);
#3587=ORIENTED_EDGE('',*,*,#6266,.T.);
#3588=ORIENTED_EDGE('',*,*,#6292,.T.);
#3589=ORIENTED_EDGE('',*,*,#6282,.F.);
#3590=ORIENTED_EDGE('',*,*,#6292,.F.);
#3591=ORIENTED_EDGE('',*,*,#6265,.T.);
#3592=ORIENTED_EDGE('',*,*,#6293,.T.);
#3593=ORIENTED_EDGE('',*,*,#6283,.F.);
#3594=ORIENTED_EDGE('',*,*,#6293,.F.);
#3595=ORIENTED_EDGE('',*,*,#6264,.T.);
#3596=ORIENTED_EDGE('',*,*,#6294,.T.);
#3597=ORIENTED_EDGE('',*,*,#6284,.T.);
#3598=ORIENTED_EDGE('',*,*,#6294,.F.);
#3599=ORIENTED_EDGE('',*,*,#6263,.F.);
#3600=ORIENTED_EDGE('',*,*,#5963,.T.);
#3601=ORIENTED_EDGE('',*,*,#6295,.F.);
#3602=ORIENTED_EDGE('',*,*,#6296,.F.);
#3603=ORIENTED_EDGE('',*,*,#6297,.T.);
#3604=ORIENTED_EDGE('',*,*,#6298,.T.);
#3605=ORIENTED_EDGE('',*,*,#6299,.F.);
#3606=ORIENTED_EDGE('',*,*,#6298,.F.);
#3607=ORIENTED_EDGE('',*,*,#6300,.T.);
#3608=ORIENTED_EDGE('',*,*,#6301,.T.);
#3609=ORIENTED_EDGE('',*,*,#6302,.F.);
#3610=ORIENTED_EDGE('',*,*,#6301,.F.);
#3611=ORIENTED_EDGE('',*,*,#6303,.T.);
#3612=ORIENTED_EDGE('',*,*,#6304,.T.);
#3613=ORIENTED_EDGE('',*,*,#6305,.T.);
#3614=ORIENTED_EDGE('',*,*,#6303,.F.);
#3615=ORIENTED_EDGE('',*,*,#6300,.F.);
#3616=ORIENTED_EDGE('',*,*,#6297,.F.);
#3617=ORIENTED_EDGE('',*,*,#6306,.F.);
#3618=ORIENTED_EDGE('',*,*,#5960,.F.);
#3619=ORIENTED_EDGE('',*,*,#5962,.T.);
#3620=ORIENTED_EDGE('',*,*,#6307,.T.);
#3621=ORIENTED_EDGE('',*,*,#6295,.T.);
#3622=ORIENTED_EDGE('',*,*,#6299,.T.);
#3623=ORIENTED_EDGE('',*,*,#6302,.T.);
#3624=ORIENTED_EDGE('',*,*,#6308,.F.);
#3625=ORIENTED_EDGE('',*,*,#6307,.F.);
#3626=ORIENTED_EDGE('',*,*,#5961,.F.);
#3627=ORIENTED_EDGE('',*,*,#6306,.T.);
#3628=ORIENTED_EDGE('',*,*,#6296,.T.);
#3629=ORIENTED_EDGE('',*,*,#6308,.T.);
#3630=ORIENTED_EDGE('',*,*,#6304,.F.);
#3631=ORIENTED_EDGE('',*,*,#6305,.F.);
#3632=ORIENTED_EDGE('',*,*,#5959,.T.);
#3633=ORIENTED_EDGE('',*,*,#6309,.T.);
#3634=ORIENTED_EDGE('',*,*,#6310,.F.);
#3635=ORIENTED_EDGE('',*,*,#6311,.F.);
#3636=ORIENTED_EDGE('',*,*,#6312,.F.);
#3637=ORIENTED_EDGE('',*,*,#6313,.T.);
#3638=ORIENTED_EDGE('',*,*,#6314,.F.);
#3639=ORIENTED_EDGE('',*,*,#6315,.T.);
#3640=ORIENTED_EDGE('',*,*,#6316,.F.);
#3641=ORIENTED_EDGE('',*,*,#6317,.F.);
#3642=ORIENTED_EDGE('',*,*,#6318,.F.);
#3643=ORIENTED_EDGE('',*,*,#6319,.T.);
#3644=ORIENTED_EDGE('',*,*,#5956,.F.);
#3645=ORIENTED_EDGE('',*,*,#5958,.T.);
#3646=ORIENTED_EDGE('',*,*,#6320,.F.);
#3647=ORIENTED_EDGE('',*,*,#6321,.T.);
#3648=ORIENTED_EDGE('',*,*,#6322,.T.);
#3649=ORIENTED_EDGE('',*,*,#6323,.T.);
#3650=ORIENTED_EDGE('',*,*,#6324,.F.);
#3651=ORIENTED_EDGE('',*,*,#6325,.T.);
#3652=ORIENTED_EDGE('',*,*,#6326,.F.);
#3653=ORIENTED_EDGE('',*,*,#6327,.T.);
#3654=ORIENTED_EDGE('',*,*,#6328,.T.);
#3655=ORIENTED_EDGE('',*,*,#6329,.T.);
#3656=ORIENTED_EDGE('',*,*,#6330,.F.);
#3657=ORIENTED_EDGE('',*,*,#6320,.T.);
#3658=ORIENTED_EDGE('',*,*,#5957,.F.);
#3659=ORIENTED_EDGE('',*,*,#6319,.F.);
#3660=ORIENTED_EDGE('',*,*,#6331,.T.);
#3661=ORIENTED_EDGE('',*,*,#6321,.F.);
#3662=ORIENTED_EDGE('',*,*,#6331,.F.);
#3663=ORIENTED_EDGE('',*,*,#6318,.T.);
#3664=ORIENTED_EDGE('',*,*,#6332,.T.);
#3665=ORIENTED_EDGE('',*,*,#6322,.F.);
#3666=ORIENTED_EDGE('',*,*,#6332,.F.);
#3667=ORIENTED_EDGE('',*,*,#6317,.T.);
#3668=ORIENTED_EDGE('',*,*,#6333,.T.);
#3669=ORIENTED_EDGE('',*,*,#6323,.F.);
#3670=ORIENTED_EDGE('',*,*,#6333,.F.);
#3671=ORIENTED_EDGE('',*,*,#6316,.T.);
#3672=ORIENTED_EDGE('',*,*,#6334,.T.);
#3673=ORIENTED_EDGE('',*,*,#6324,.T.);
#3674=ORIENTED_EDGE('',*,*,#6334,.F.);
#3675=ORIENTED_EDGE('',*,*,#6315,.F.);
#3676=ORIENTED_EDGE('',*,*,#6335,.T.);
#3677=ORIENTED_EDGE('',*,*,#6325,.F.);
#3678=ORIENTED_EDGE('',*,*,#6335,.F.);
#3679=ORIENTED_EDGE('',*,*,#6314,.T.);
#3680=ORIENTED_EDGE('',*,*,#6336,.T.);
#3681=ORIENTED_EDGE('',*,*,#6326,.T.);
#3682=ORIENTED_EDGE('',*,*,#6336,.F.);
#3683=ORIENTED_EDGE('',*,*,#6313,.F.);
#3684=ORIENTED_EDGE('',*,*,#6337,.T.);
#3685=ORIENTED_EDGE('',*,*,#6327,.F.);
#3686=ORIENTED_EDGE('',*,*,#6337,.F.);
#3687=ORIENTED_EDGE('',*,*,#6312,.T.);
#3688=ORIENTED_EDGE('',*,*,#6338,.T.);
#3689=ORIENTED_EDGE('',*,*,#6328,.F.);
#3690=ORIENTED_EDGE('',*,*,#6338,.F.);
#3691=ORIENTED_EDGE('',*,*,#6311,.T.);
#3692=ORIENTED_EDGE('',*,*,#6339,.T.);
#3693=ORIENTED_EDGE('',*,*,#6329,.F.);
#3694=ORIENTED_EDGE('',*,*,#6339,.F.);
#3695=ORIENTED_EDGE('',*,*,#6310,.T.);
#3696=ORIENTED_EDGE('',*,*,#6340,.T.);
#3697=ORIENTED_EDGE('',*,*,#6330,.T.);
#3698=ORIENTED_EDGE('',*,*,#6340,.F.);
#3699=ORIENTED_EDGE('',*,*,#6309,.F.);
#3700=ORIENTED_EDGE('',*,*,#5955,.T.);
#3701=ORIENTED_EDGE('',*,*,#6341,.F.);
#3702=ORIENTED_EDGE('',*,*,#6342,.F.);
#3703=ORIENTED_EDGE('',*,*,#6343,.T.);
#3704=ORIENTED_EDGE('',*,*,#6344,.T.);
#3705=ORIENTED_EDGE('',*,*,#6345,.F.);
#3706=ORIENTED_EDGE('',*,*,#6344,.F.);
#3707=ORIENTED_EDGE('',*,*,#6346,.T.);
#3708=ORIENTED_EDGE('',*,*,#6347,.T.);
#3709=ORIENTED_EDGE('',*,*,#6348,.F.);
#3710=ORIENTED_EDGE('',*,*,#6347,.F.);
#3711=ORIENTED_EDGE('',*,*,#6349,.T.);
#3712=ORIENTED_EDGE('',*,*,#6350,.T.);
#3713=ORIENTED_EDGE('',*,*,#6351,.T.);
#3714=ORIENTED_EDGE('',*,*,#6349,.F.);
#3715=ORIENTED_EDGE('',*,*,#6346,.F.);
#3716=ORIENTED_EDGE('',*,*,#6343,.F.);
#3717=ORIENTED_EDGE('',*,*,#6352,.F.);
#3718=ORIENTED_EDGE('',*,*,#5952,.F.);
#3719=ORIENTED_EDGE('',*,*,#5954,.T.);
#3720=ORIENTED_EDGE('',*,*,#6353,.T.);
#3721=ORIENTED_EDGE('',*,*,#6341,.T.);
#3722=ORIENTED_EDGE('',*,*,#6345,.T.);
#3723=ORIENTED_EDGE('',*,*,#6348,.T.);
#3724=ORIENTED_EDGE('',*,*,#6354,.F.);
#3725=ORIENTED_EDGE('',*,*,#6353,.F.);
#3726=ORIENTED_EDGE('',*,*,#5953,.F.);
#3727=ORIENTED_EDGE('',*,*,#6352,.T.);
#3728=ORIENTED_EDGE('',*,*,#6342,.T.);
#3729=ORIENTED_EDGE('',*,*,#6354,.T.);
#3730=ORIENTED_EDGE('',*,*,#6350,.F.);
#3731=ORIENTED_EDGE('',*,*,#6351,.F.);
#3732=ORIENTED_EDGE('',*,*,#5951,.T.);
#3733=ORIENTED_EDGE('',*,*,#6355,.T.);
#3734=ORIENTED_EDGE('',*,*,#6356,.F.);
#3735=ORIENTED_EDGE('',*,*,#6357,.F.);
#3736=ORIENTED_EDGE('',*,*,#6358,.F.);
#3737=ORIENTED_EDGE('',*,*,#6359,.T.);
#3738=ORIENTED_EDGE('',*,*,#6360,.F.);
#3739=ORIENTED_EDGE('',*,*,#6361,.T.);
#3740=ORIENTED_EDGE('',*,*,#6362,.F.);
#3741=ORIENTED_EDGE('',*,*,#6363,.F.);
#3742=ORIENTED_EDGE('',*,*,#6364,.F.);
#3743=ORIENTED_EDGE('',*,*,#6365,.T.);
#3744=ORIENTED_EDGE('',*,*,#5948,.F.);
#3745=ORIENTED_EDGE('',*,*,#5950,.T.);
#3746=ORIENTED_EDGE('',*,*,#6366,.F.);
#3747=ORIENTED_EDGE('',*,*,#6367,.T.);
#3748=ORIENTED_EDGE('',*,*,#6368,.T.);
#3749=ORIENTED_EDGE('',*,*,#6369,.T.);
#3750=ORIENTED_EDGE('',*,*,#6370,.F.);
#3751=ORIENTED_EDGE('',*,*,#6371,.T.);
#3752=ORIENTED_EDGE('',*,*,#6372,.F.);
#3753=ORIENTED_EDGE('',*,*,#6373,.T.);
#3754=ORIENTED_EDGE('',*,*,#6374,.T.);
#3755=ORIENTED_EDGE('',*,*,#6375,.T.);
#3756=ORIENTED_EDGE('',*,*,#6376,.F.);
#3757=ORIENTED_EDGE('',*,*,#6366,.T.);
#3758=ORIENTED_EDGE('',*,*,#5949,.F.);
#3759=ORIENTED_EDGE('',*,*,#6365,.F.);
#3760=ORIENTED_EDGE('',*,*,#6377,.T.);
#3761=ORIENTED_EDGE('',*,*,#6367,.F.);
#3762=ORIENTED_EDGE('',*,*,#6377,.F.);
#3763=ORIENTED_EDGE('',*,*,#6364,.T.);
#3764=ORIENTED_EDGE('',*,*,#6378,.T.);
#3765=ORIENTED_EDGE('',*,*,#6368,.F.);
#3766=ORIENTED_EDGE('',*,*,#6378,.F.);
#3767=ORIENTED_EDGE('',*,*,#6363,.T.);
#3768=ORIENTED_EDGE('',*,*,#6379,.T.);
#3769=ORIENTED_EDGE('',*,*,#6369,.F.);
#3770=ORIENTED_EDGE('',*,*,#6379,.F.);
#3771=ORIENTED_EDGE('',*,*,#6362,.T.);
#3772=ORIENTED_EDGE('',*,*,#6380,.T.);
#3773=ORIENTED_EDGE('',*,*,#6370,.T.);
#3774=ORIENTED_EDGE('',*,*,#6380,.F.);
#3775=ORIENTED_EDGE('',*,*,#6361,.F.);
#3776=ORIENTED_EDGE('',*,*,#6381,.T.);
#3777=ORIENTED_EDGE('',*,*,#6371,.F.);
#3778=ORIENTED_EDGE('',*,*,#6381,.F.);
#3779=ORIENTED_EDGE('',*,*,#6360,.T.);
#3780=ORIENTED_EDGE('',*,*,#6382,.T.);
#3781=ORIENTED_EDGE('',*,*,#6372,.T.);
#3782=ORIENTED_EDGE('',*,*,#6382,.F.);
#3783=ORIENTED_EDGE('',*,*,#6359,.F.);
#3784=ORIENTED_EDGE('',*,*,#6383,.T.);
#3785=ORIENTED_EDGE('',*,*,#6373,.F.);
#3786=ORIENTED_EDGE('',*,*,#6383,.F.);
#3787=ORIENTED_EDGE('',*,*,#6358,.T.);
#3788=ORIENTED_EDGE('',*,*,#6384,.T.);
#3789=ORIENTED_EDGE('',*,*,#6374,.F.);
#3790=ORIENTED_EDGE('',*,*,#6384,.F.);
#3791=ORIENTED_EDGE('',*,*,#6357,.T.);
#3792=ORIENTED_EDGE('',*,*,#6385,.T.);
#3793=ORIENTED_EDGE('',*,*,#6375,.F.);
#3794=ORIENTED_EDGE('',*,*,#6385,.F.);
#3795=ORIENTED_EDGE('',*,*,#6356,.T.);
#3796=ORIENTED_EDGE('',*,*,#6386,.T.);
#3797=ORIENTED_EDGE('',*,*,#6376,.T.);
#3798=ORIENTED_EDGE('',*,*,#6386,.F.);
#3799=ORIENTED_EDGE('',*,*,#6355,.F.);
#3800=ORIENTED_EDGE('',*,*,#5947,.T.);
#3801=ORIENTED_EDGE('',*,*,#5783,.T.);
#3802=ORIENTED_EDGE('',*,*,#6387,.F.);
#3803=ORIENTED_EDGE('',*,*,#5841,.T.);
#3804=ORIENTED_EDGE('',*,*,#5519,.T.);
#3805=ORIENTED_EDGE('',*,*,#5848,.F.);
#3806=ORIENTED_EDGE('',*,*,#5838,.F.);
#3807=ORIENTED_EDGE('',*,*,#6388,.T.);
#3808=ORIENTED_EDGE('',*,*,#5771,.F.);
#3809=ORIENTED_EDGE('',*,*,#6388,.F.);
#3810=ORIENTED_EDGE('',*,*,#5837,.F.);
#3811=ORIENTED_EDGE('',*,*,#6389,.T.);
#3812=ORIENTED_EDGE('',*,*,#5772,.F.);
#3813=ORIENTED_EDGE('',*,*,#6389,.F.);
#3814=ORIENTED_EDGE('',*,*,#5836,.F.);
#3815=ORIENTED_EDGE('',*,*,#6390,.T.);
#3816=ORIENTED_EDGE('',*,*,#5773,.F.);
#3817=ORIENTED_EDGE('',*,*,#6390,.F.);
#3818=ORIENTED_EDGE('',*,*,#5835,.F.);
#3819=ORIENTED_EDGE('',*,*,#6391,.T.);
#3820=ORIENTED_EDGE('',*,*,#5774,.F.);
#3821=ORIENTED_EDGE('',*,*,#5775,.T.);
#3822=ORIENTED_EDGE('',*,*,#6391,.F.);
#3823=ORIENTED_EDGE('',*,*,#5834,.T.);
#3824=ORIENTED_EDGE('',*,*,#6392,.T.);
#3825=ORIENTED_EDGE('',*,*,#6392,.F.);
#3826=ORIENTED_EDGE('',*,*,#5833,.F.);
#3827=ORIENTED_EDGE('',*,*,#5847,.T.);
#3828=ORIENTED_EDGE('',*,*,#5769,.T.);
#3829=ORIENTED_EDGE('',*,*,#6393,.T.);
#3830=ORIENTED_EDGE('',*,*,#6394,.T.);
#3831=ORIENTED_EDGE('',*,*,#5707,.F.);
#3832=ORIENTED_EDGE('',*,*,#5840,.F.);
#3833=ORIENTED_EDGE('',*,*,#6395,.T.);
#3834=ORIENTED_EDGE('',*,*,#5776,.F.);
#3835=ORIENTED_EDGE('',*,*,#5777,.T.);
#3836=ORIENTED_EDGE('',*,*,#6395,.F.);
#3837=ORIENTED_EDGE('',*,*,#5839,.T.);
#3838=ORIENTED_EDGE('',*,*,#6396,.T.);
#3839=ORIENTED_EDGE('',*,*,#6396,.F.);
#3840=ORIENTED_EDGE('',*,*,#5846,.F.);
#3841=ORIENTED_EDGE('',*,*,#6397,.T.);
#3842=ORIENTED_EDGE('',*,*,#5778,.F.);
#3843=ORIENTED_EDGE('',*,*,#5779,.T.);
#3844=ORIENTED_EDGE('',*,*,#6397,.F.);
#3845=ORIENTED_EDGE('',*,*,#5845,.T.);
#3846=ORIENTED_EDGE('',*,*,#6398,.T.);
#3847=ORIENTED_EDGE('',*,*,#6398,.F.);
#3848=ORIENTED_EDGE('',*,*,#5844,.F.);
#3849=ORIENTED_EDGE('',*,*,#6399,.T.);
#3850=ORIENTED_EDGE('',*,*,#5780,.F.);
#3851=ORIENTED_EDGE('',*,*,#5781,.T.);
#3852=ORIENTED_EDGE('',*,*,#6399,.F.);
#3853=ORIENTED_EDGE('',*,*,#5843,.T.);
#3854=ORIENTED_EDGE('',*,*,#6400,.T.);
#3855=ORIENTED_EDGE('',*,*,#6400,.F.);
#3856=ORIENTED_EDGE('',*,*,#5842,.F.);
#3857=ORIENTED_EDGE('',*,*,#6387,.T.);
#3858=ORIENTED_EDGE('',*,*,#5782,.F.);
#3859=ORIENTED_EDGE('',*,*,#6401,.F.);
#3860=ORIENTED_EDGE('',*,*,#6402,.F.);
#3861=ORIENTED_EDGE('',*,*,#6403,.T.);
#3862=ORIENTED_EDGE('',*,*,#5788,.F.);
#3863=ORIENTED_EDGE('',*,*,#6404,.F.);
#3864=ORIENTED_EDGE('',*,*,#6405,.F.);
#3865=ORIENTED_EDGE('',*,*,#6401,.T.);
#3866=ORIENTED_EDGE('',*,*,#5787,.F.);
#3867=ORIENTED_EDGE('',*,*,#6406,.F.);
#3868=ORIENTED_EDGE('',*,*,#6407,.F.);
#3869=ORIENTED_EDGE('',*,*,#6404,.T.);
#3870=ORIENTED_EDGE('',*,*,#5786,.F.);
#3871=ORIENTED_EDGE('',*,*,#6408,.F.);
#3872=ORIENTED_EDGE('',*,*,#6409,.F.);
#3873=ORIENTED_EDGE('',*,*,#6406,.T.);
#3874=ORIENTED_EDGE('',*,*,#5785,.F.);
#3875=ORIENTED_EDGE('',*,*,#6403,.F.);
#3876=ORIENTED_EDGE('',*,*,#6410,.F.);
#3877=ORIENTED_EDGE('',*,*,#5515,.T.);
#3878=ORIENTED_EDGE('',*,*,#5789,.F.);
#3879=ORIENTED_EDGE('',*,*,#5784,.T.);
#3880=ORIENTED_EDGE('',*,*,#5517,.F.);
#3881=ORIENTED_EDGE('',*,*,#6411,.T.);
#3882=ORIENTED_EDGE('',*,*,#6408,.T.);
#3883=ORIENTED_EDGE('',*,*,#6410,.T.);
#3884=ORIENTED_EDGE('',*,*,#6402,.T.);
#3885=ORIENTED_EDGE('',*,*,#6405,.T.);
#3886=ORIENTED_EDGE('',*,*,#6407,.T.);
#3887=ORIENTED_EDGE('',*,*,#6409,.T.);
#3888=ORIENTED_EDGE('',*,*,#6411,.F.);
#3889=ORIENTED_EDGE('',*,*,#5516,.F.);
#3890=ORIENTED_EDGE('',*,*,#6412,.F.);
#3891=ORIENTED_EDGE('',*,*,#5828,.F.);
#3892=ORIENTED_EDGE('',*,*,#5850,.T.);
#3893=ORIENTED_EDGE('',*,*,#5812,.F.);
#3894=ORIENTED_EDGE('',*,*,#6413,.F.);
#3895=ORIENTED_EDGE('',*,*,#5829,.F.);
#3896=ORIENTED_EDGE('',*,*,#6412,.T.);
#3897=ORIENTED_EDGE('',*,*,#5811,.F.);
#3898=ORIENTED_EDGE('',*,*,#6414,.F.);
#3899=ORIENTED_EDGE('',*,*,#5830,.F.);
#3900=ORIENTED_EDGE('',*,*,#6413,.T.);
#3901=ORIENTED_EDGE('',*,*,#5810,.F.);
#3902=ORIENTED_EDGE('',*,*,#6415,.F.);
#3903=ORIENTED_EDGE('',*,*,#5831,.F.);
#3904=ORIENTED_EDGE('',*,*,#6414,.T.);
#3905=ORIENTED_EDGE('',*,*,#5809,.F.);
#3906=ORIENTED_EDGE('',*,*,#5808,.T.);
#3907=ORIENTED_EDGE('',*,*,#6416,.F.);
#3908=ORIENTED_EDGE('',*,*,#5825,.T.);
#3909=ORIENTED_EDGE('',*,*,#6415,.T.);
#3910=ORIENTED_EDGE('',*,*,#6417,.F.);
#3911=ORIENTED_EDGE('',*,*,#5816,.F.);
#3912=ORIENTED_EDGE('',*,*,#5698,.F.);
#3913=ORIENTED_EDGE('',*,*,#6418,.F.);
#3914=ORIENTED_EDGE('',*,*,#6419,.T.);
#3915=ORIENTED_EDGE('',*,*,#5814,.T.);
#3916=ORIENTED_EDGE('',*,*,#5849,.T.);
#3917=ORIENTED_EDGE('',*,*,#5826,.F.);
#3918=ORIENTED_EDGE('',*,*,#6416,.T.);
#3919=ORIENTED_EDGE('',*,*,#5807,.F.);
#3920=ORIENTED_EDGE('',*,*,#5806,.T.);
#3921=ORIENTED_EDGE('',*,*,#6420,.F.);
#3922=ORIENTED_EDGE('',*,*,#5817,.T.);
#3923=ORIENTED_EDGE('',*,*,#6417,.T.);
#3924=ORIENTED_EDGE('',*,*,#6421,.F.);
#3925=ORIENTED_EDGE('',*,*,#5818,.F.);
#3926=ORIENTED_EDGE('',*,*,#6420,.T.);
#3927=ORIENTED_EDGE('',*,*,#5805,.F.);
#3928=ORIENTED_EDGE('',*,*,#5804,.T.);
#3929=ORIENTED_EDGE('',*,*,#6422,.F.);
#3930=ORIENTED_EDGE('',*,*,#5819,.T.);
#3931=ORIENTED_EDGE('',*,*,#6421,.T.);
#3932=ORIENTED_EDGE('',*,*,#6423,.F.);
#3933=ORIENTED_EDGE('',*,*,#5820,.F.);
#3934=ORIENTED_EDGE('',*,*,#6422,.T.);
#3935=ORIENTED_EDGE('',*,*,#5803,.F.);
#3936=ORIENTED_EDGE('',*,*,#5802,.T.);
#3937=ORIENTED_EDGE('',*,*,#6424,.F.);
#3938=ORIENTED_EDGE('',*,*,#5821,.T.);
#3939=ORIENTED_EDGE('',*,*,#6423,.T.);
#3940=ORIENTED_EDGE('',*,*,#6425,.F.);
#3941=ORIENTED_EDGE('',*,*,#5822,.F.);
#3942=ORIENTED_EDGE('',*,*,#6424,.T.);
#3943=ORIENTED_EDGE('',*,*,#5801,.F.);
#3944=ORIENTED_EDGE('',*,*,#5800,.T.);
#3945=ORIENTED_EDGE('',*,*,#6426,.F.);
#3946=ORIENTED_EDGE('',*,*,#5823,.T.);
#3947=ORIENTED_EDGE('',*,*,#6425,.T.);
#3948=ORIENTED_EDGE('',*,*,#6427,.F.);
#3949=ORIENTED_EDGE('',*,*,#5906,.F.);
#3950=ORIENTED_EDGE('',*,*,#5912,.T.);
#3951=ORIENTED_EDGE('',*,*,#5792,.T.);
#3952=ORIENTED_EDGE('',*,*,#6428,.T.);
#3953=ORIENTED_EDGE('',*,*,#6429,.T.);
#3954=ORIENTED_EDGE('',*,*,#5700,.F.);
#3955=ORIENTED_EDGE('',*,*,#5824,.F.);
#3956=ORIENTED_EDGE('',*,*,#6426,.T.);
#3957=ORIENTED_EDGE('',*,*,#5799,.F.);
#3958=ORIENTED_EDGE('',*,*,#5798,.T.);
#3959=ORIENTED_EDGE('',*,*,#6430,.F.);
#3960=ORIENTED_EDGE('',*,*,#5907,.T.);
#3961=ORIENTED_EDGE('',*,*,#6427,.T.);
#3962=ORIENTED_EDGE('',*,*,#6431,.F.);
#3963=ORIENTED_EDGE('',*,*,#5908,.F.);
#3964=ORIENTED_EDGE('',*,*,#6430,.T.);
#3965=ORIENTED_EDGE('',*,*,#5797,.F.);
#3966=ORIENTED_EDGE('',*,*,#6432,.F.);
#3967=ORIENTED_EDGE('',*,*,#5909,.F.);
#3968=ORIENTED_EDGE('',*,*,#6431,.T.);
#3969=ORIENTED_EDGE('',*,*,#5796,.F.);
#3970=ORIENTED_EDGE('',*,*,#6433,.F.);
#3971=ORIENTED_EDGE('',*,*,#5910,.F.);
#3972=ORIENTED_EDGE('',*,*,#6432,.T.);
#3973=ORIENTED_EDGE('',*,*,#5795,.F.);
#3974=ORIENTED_EDGE('',*,*,#5913,.F.);
#3975=ORIENTED_EDGE('',*,*,#5911,.F.);
#3976=ORIENTED_EDGE('',*,*,#6433,.T.);
#3977=ORIENTED_EDGE('',*,*,#5794,.F.);
#3978=ORIENTED_EDGE('',*,*,#6434,.F.);
#3979=ORIENTED_EDGE('',*,*,#5870,.F.);
#3980=ORIENTED_EDGE('',*,*,#5875,.T.);
#3981=ORIENTED_EDGE('',*,*,#5741,.F.);
#3982=ORIENTED_EDGE('',*,*,#6435,.F.);
#3983=ORIENTED_EDGE('',*,*,#5871,.F.);
#3984=ORIENTED_EDGE('',*,*,#6434,.T.);
#3985=ORIENTED_EDGE('',*,*,#5740,.F.);
#3986=ORIENTED_EDGE('',*,*,#6436,.F.);
#3987=ORIENTED_EDGE('',*,*,#5872,.F.);
#3988=ORIENTED_EDGE('',*,*,#6435,.T.);
#3989=ORIENTED_EDGE('',*,*,#5739,.F.);
#3990=ORIENTED_EDGE('',*,*,#6437,.F.);
#3991=ORIENTED_EDGE('',*,*,#5873,.F.);
#3992=ORIENTED_EDGE('',*,*,#6436,.T.);
#3993=ORIENTED_EDGE('',*,*,#5738,.F.);
#3994=ORIENTED_EDGE('',*,*,#5737,.T.);
#3995=ORIENTED_EDGE('',*,*,#6438,.F.);
#3996=ORIENTED_EDGE('',*,*,#5867,.T.);
#3997=ORIENTED_EDGE('',*,*,#6437,.T.);
#3998=ORIENTED_EDGE('',*,*,#6439,.F.);
#3999=ORIENTED_EDGE('',*,*,#5860,.F.);
#4000=ORIENTED_EDGE('',*,*,#5719,.F.);
#4001=ORIENTED_EDGE('',*,*,#6440,.F.);
#4002=ORIENTED_EDGE('',*,*,#6441,.T.);
#4003=ORIENTED_EDGE('',*,*,#5743,.T.);
#4004=ORIENTED_EDGE('',*,*,#5874,.T.);
#4005=ORIENTED_EDGE('',*,*,#5868,.F.);
#4006=ORIENTED_EDGE('',*,*,#6438,.T.);
#4007=ORIENTED_EDGE('',*,*,#5736,.F.);
#4008=ORIENTED_EDGE('',*,*,#5735,.T.);
#4009=ORIENTED_EDGE('',*,*,#6442,.F.);
#4010=ORIENTED_EDGE('',*,*,#5861,.T.);
#4011=ORIENTED_EDGE('',*,*,#6439,.T.);
#4012=ORIENTED_EDGE('',*,*,#6443,.F.);
#4013=ORIENTED_EDGE('',*,*,#5862,.F.);
#4014=ORIENTED_EDGE('',*,*,#6442,.T.);
#4015=ORIENTED_EDGE('',*,*,#5734,.F.);
#4016=ORIENTED_EDGE('',*,*,#5733,.T.);
#4017=ORIENTED_EDGE('',*,*,#6444,.F.);
#4018=ORIENTED_EDGE('',*,*,#5863,.T.);
#4019=ORIENTED_EDGE('',*,*,#6443,.T.);
#4020=ORIENTED_EDGE('',*,*,#6445,.F.);
#4021=ORIENTED_EDGE('',*,*,#5864,.F.);
#4022=ORIENTED_EDGE('',*,*,#6444,.T.);
#4023=ORIENTED_EDGE('',*,*,#5732,.F.);
#4024=ORIENTED_EDGE('',*,*,#5731,.T.);
#4025=ORIENTED_EDGE('',*,*,#6446,.F.);
#4026=ORIENTED_EDGE('',*,*,#5865,.T.);
#4027=ORIENTED_EDGE('',*,*,#6445,.T.);
#4028=ORIENTED_EDGE('',*,*,#6447,.F.);
#4029=ORIENTED_EDGE('',*,*,#5866,.F.);
#4030=ORIENTED_EDGE('',*,*,#6446,.T.);
#4031=ORIENTED_EDGE('',*,*,#5730,.F.);
#4032=ORIENTED_EDGE('',*,*,#5729,.T.);
#4033=ORIENTED_EDGE('',*,*,#6448,.F.);
#4034=ORIENTED_EDGE('',*,*,#5858,.T.);
#4035=ORIENTED_EDGE('',*,*,#6447,.T.);
#4036=ORIENTED_EDGE('',*,*,#6449,.F.);
#4037=ORIENTED_EDGE('',*,*,#5852,.F.);
#4038=ORIENTED_EDGE('',*,*,#5876,.T.);
#4039=ORIENTED_EDGE('',*,*,#5721,.T.);
#4040=ORIENTED_EDGE('',*,*,#6450,.T.);
#4041=ORIENTED_EDGE('',*,*,#6451,.T.);
#4042=ORIENTED_EDGE('',*,*,#5693,.F.);
#4043=ORIENTED_EDGE('',*,*,#5859,.F.);
#4044=ORIENTED_EDGE('',*,*,#6448,.T.);
#4045=ORIENTED_EDGE('',*,*,#5728,.F.);
#4046=ORIENTED_EDGE('',*,*,#5727,.T.);
#4047=ORIENTED_EDGE('',*,*,#6452,.F.);
#4048=ORIENTED_EDGE('',*,*,#5853,.T.);
#4049=ORIENTED_EDGE('',*,*,#6449,.T.);
#4050=ORIENTED_EDGE('',*,*,#6453,.F.);
#4051=ORIENTED_EDGE('',*,*,#5854,.F.);
#4052=ORIENTED_EDGE('',*,*,#6452,.T.);
#4053=ORIENTED_EDGE('',*,*,#5726,.F.);
#4054=ORIENTED_EDGE('',*,*,#6454,.F.);
#4055=ORIENTED_EDGE('',*,*,#5855,.F.);
#4056=ORIENTED_EDGE('',*,*,#6453,.T.);
#4057=ORIENTED_EDGE('',*,*,#5725,.F.);
#4058=ORIENTED_EDGE('',*,*,#6455,.F.);
#4059=ORIENTED_EDGE('',*,*,#5856,.F.);
#4060=ORIENTED_EDGE('',*,*,#6454,.T.);
#4061=ORIENTED_EDGE('',*,*,#5724,.F.);
#4062=ORIENTED_EDGE('',*,*,#5877,.F.);
#4063=ORIENTED_EDGE('',*,*,#5857,.F.);
#4064=ORIENTED_EDGE('',*,*,#6455,.T.);
#4065=ORIENTED_EDGE('',*,*,#5723,.F.);
#4066=ORIENTED_EDGE('',*,*,#6456,.F.);
#4067=ORIENTED_EDGE('',*,*,#5897,.F.);
#4068=ORIENTED_EDGE('',*,*,#5902,.T.);
#4069=ORIENTED_EDGE('',*,*,#5765,.F.);
#4070=ORIENTED_EDGE('',*,*,#6457,.F.);
#4071=ORIENTED_EDGE('',*,*,#5898,.F.);
#4072=ORIENTED_EDGE('',*,*,#6456,.T.);
#4073=ORIENTED_EDGE('',*,*,#5764,.F.);
#4074=ORIENTED_EDGE('',*,*,#6458,.F.);
#4075=ORIENTED_EDGE('',*,*,#5899,.F.);
#4076=ORIENTED_EDGE('',*,*,#6457,.T.);
#4077=ORIENTED_EDGE('',*,*,#5763,.F.);
#4078=ORIENTED_EDGE('',*,*,#6459,.F.);
#4079=ORIENTED_EDGE('',*,*,#5900,.F.);
#4080=ORIENTED_EDGE('',*,*,#6458,.T.);
#4081=ORIENTED_EDGE('',*,*,#5762,.F.);
#4082=ORIENTED_EDGE('',*,*,#5761,.T.);
#4083=ORIENTED_EDGE('',*,*,#6460,.F.);
#4084=ORIENTED_EDGE('',*,*,#5894,.T.);
#4085=ORIENTED_EDGE('',*,*,#6459,.T.);
#4086=ORIENTED_EDGE('',*,*,#6461,.F.);
#4087=ORIENTED_EDGE('',*,*,#5887,.F.);
#4088=ORIENTED_EDGE('',*,*,#5712,.F.);
#4089=ORIENTED_EDGE('',*,*,#6462,.F.);
#4090=ORIENTED_EDGE('',*,*,#6463,.T.);
#4091=ORIENTED_EDGE('',*,*,#5767,.T.);
#4092=ORIENTED_EDGE('',*,*,#5901,.T.);
#4093=ORIENTED_EDGE('',*,*,#5895,.F.);
#4094=ORIENTED_EDGE('',*,*,#6460,.T.);
#4095=ORIENTED_EDGE('',*,*,#5760,.F.);
#4096=ORIENTED_EDGE('',*,*,#5759,.T.);
#4097=ORIENTED_EDGE('',*,*,#6464,.F.);
#4098=ORIENTED_EDGE('',*,*,#5888,.T.);
#4099=ORIENTED_EDGE('',*,*,#6461,.T.);
#4100=ORIENTED_EDGE('',*,*,#6465,.F.);
#4101=ORIENTED_EDGE('',*,*,#5889,.F.);
#4102=ORIENTED_EDGE('',*,*,#6464,.T.);
#4103=ORIENTED_EDGE('',*,*,#5758,.F.);
#4104=ORIENTED_EDGE('',*,*,#5757,.T.);
#4105=ORIENTED_EDGE('',*,*,#6466,.F.);
#4106=ORIENTED_EDGE('',*,*,#5890,.T.);
#4107=ORIENTED_EDGE('',*,*,#6465,.T.);
#4108=ORIENTED_EDGE('',*,*,#6467,.F.);
#4109=ORIENTED_EDGE('',*,*,#5891,.F.);
#4110=ORIENTED_EDGE('',*,*,#6466,.T.);
#4111=ORIENTED_EDGE('',*,*,#5756,.F.);
#4112=ORIENTED_EDGE('',*,*,#5755,.T.);
#4113=ORIENTED_EDGE('',*,*,#6468,.F.);
#4114=ORIENTED_EDGE('',*,*,#5892,.T.);
#4115=ORIENTED_EDGE('',*,*,#6467,.T.);
#4116=ORIENTED_EDGE('',*,*,#6469,.F.);
#4117=ORIENTED_EDGE('',*,*,#5893,.F.);
#4118=ORIENTED_EDGE('',*,*,#6468,.T.);
#4119=ORIENTED_EDGE('',*,*,#5754,.F.);
#4120=ORIENTED_EDGE('',*,*,#5753,.T.);
#4121=ORIENTED_EDGE('',*,*,#6470,.F.);
#4122=ORIENTED_EDGE('',*,*,#5885,.T.);
#4123=ORIENTED_EDGE('',*,*,#6469,.T.);
#4124=ORIENTED_EDGE('',*,*,#6471,.F.);
#4125=ORIENTED_EDGE('',*,*,#5879,.F.);
#4126=ORIENTED_EDGE('',*,*,#5903,.T.);
#4127=ORIENTED_EDGE('',*,*,#5745,.T.);
#4128=ORIENTED_EDGE('',*,*,#6472,.T.);
#4129=ORIENTED_EDGE('',*,*,#6473,.T.);
#4130=ORIENTED_EDGE('',*,*,#5714,.F.);
#4131=ORIENTED_EDGE('',*,*,#5886,.F.);
#4132=ORIENTED_EDGE('',*,*,#6470,.T.);
#4133=ORIENTED_EDGE('',*,*,#5752,.F.);
#4134=ORIENTED_EDGE('',*,*,#5751,.T.);
#4135=ORIENTED_EDGE('',*,*,#6474,.F.);
#4136=ORIENTED_EDGE('',*,*,#5880,.T.);
#4137=ORIENTED_EDGE('',*,*,#6471,.T.);
#4138=ORIENTED_EDGE('',*,*,#6475,.F.);
#4139=ORIENTED_EDGE('',*,*,#5881,.F.);
#4140=ORIENTED_EDGE('',*,*,#6474,.T.);
#4141=ORIENTED_EDGE('',*,*,#5750,.F.);
#4142=ORIENTED_EDGE('',*,*,#6476,.F.);
#4143=ORIENTED_EDGE('',*,*,#5882,.F.);
#4144=ORIENTED_EDGE('',*,*,#6475,.T.);
#4145=ORIENTED_EDGE('',*,*,#5749,.F.);
#4146=ORIENTED_EDGE('',*,*,#6477,.F.);
#4147=ORIENTED_EDGE('',*,*,#5883,.F.);
#4148=ORIENTED_EDGE('',*,*,#6476,.T.);
#4149=ORIENTED_EDGE('',*,*,#5748,.F.);
#4150=ORIENTED_EDGE('',*,*,#5904,.F.);
#4151=ORIENTED_EDGE('',*,*,#5884,.F.);
#4152=ORIENTED_EDGE('',*,*,#6477,.T.);
#4153=ORIENTED_EDGE('',*,*,#5747,.F.);
#4154=ORIENTED_EDGE('',*,*,#6478,.F.);
#4155=ORIENTED_EDGE('',*,*,#6479,.T.);
#4156=ORIENTED_EDGE('',*,*,#6480,.F.);
#4157=ORIENTED_EDGE('',*,*,#6481,.F.);
#4158=ORIENTED_EDGE('',*,*,#6482,.F.);
#4159=ORIENTED_EDGE('',*,*,#6483,.F.);
#4160=ORIENTED_EDGE('',*,*,#6484,.F.);
#4161=ORIENTED_EDGE('',*,*,#6485,.F.);
#4162=ORIENTED_EDGE('',*,*,#6486,.F.);
#4163=ORIENTED_EDGE('',*,*,#6428,.F.);
#4164=ORIENTED_EDGE('',*,*,#5791,.F.);
#4165=ORIENTED_EDGE('',*,*,#5682,.F.);
#4166=ORIENTED_EDGE('',*,*,#5701,.F.);
#4167=ORIENTED_EDGE('',*,*,#6429,.F.);
#4168=ORIENTED_EDGE('',*,*,#6486,.T.);
#4169=ORIENTED_EDGE('',*,*,#6487,.T.);
#4170=ORIENTED_EDGE('',*,*,#5702,.F.);
#4171=ORIENTED_EDGE('',*,*,#6487,.F.);
#4172=ORIENTED_EDGE('',*,*,#6485,.T.);
#4173=ORIENTED_EDGE('',*,*,#6488,.T.);
#4174=ORIENTED_EDGE('',*,*,#5703,.F.);
#4175=ORIENTED_EDGE('',*,*,#6488,.F.);
#4176=ORIENTED_EDGE('',*,*,#6484,.T.);
#4177=ORIENTED_EDGE('',*,*,#6489,.T.);
#4178=ORIENTED_EDGE('',*,*,#5704,.F.);
#4179=ORIENTED_EDGE('',*,*,#6489,.F.);
#4180=ORIENTED_EDGE('',*,*,#6483,.T.);
#4181=ORIENTED_EDGE('',*,*,#6490,.T.);
#4182=ORIENTED_EDGE('',*,*,#5549,.T.);
#4183=ORIENTED_EDGE('',*,*,#6491,.F.);
#4184=ORIENTED_EDGE('',*,*,#6492,.T.);
#4185=ORIENTED_EDGE('',*,*,#6493,.F.);
#4186=ORIENTED_EDGE('',*,*,#6494,.F.);
#4187=ORIENTED_EDGE('',*,*,#6441,.F.);
#4188=ORIENTED_EDGE('',*,*,#6495,.F.);
#4189=ORIENTED_EDGE('',*,*,#6496,.F.);
#4190=ORIENTED_EDGE('',*,*,#6497,.F.);
#4191=ORIENTED_EDGE('',*,*,#6498,.F.);
#4192=ORIENTED_EDGE('',*,*,#6472,.F.);
#4193=ORIENTED_EDGE('',*,*,#5744,.F.);
#4194=ORIENTED_EDGE('',*,*,#5715,.F.);
#4195=ORIENTED_EDGE('',*,*,#6473,.F.);
#4196=ORIENTED_EDGE('',*,*,#6498,.T.);
#4197=ORIENTED_EDGE('',*,*,#6499,.T.);
#4198=ORIENTED_EDGE('',*,*,#5716,.F.);
#4199=ORIENTED_EDGE('',*,*,#6499,.F.);
#4200=ORIENTED_EDGE('',*,*,#6497,.T.);
#4201=ORIENTED_EDGE('',*,*,#6500,.T.);
#4202=ORIENTED_EDGE('',*,*,#5717,.F.);
#4203=ORIENTED_EDGE('',*,*,#6500,.F.);
#4204=ORIENTED_EDGE('',*,*,#6496,.T.);
#4205=ORIENTED_EDGE('',*,*,#6501,.T.);
#4206=ORIENTED_EDGE('',*,*,#5718,.F.);
#4207=ORIENTED_EDGE('',*,*,#6501,.F.);
#4208=ORIENTED_EDGE('',*,*,#6495,.T.);
#4209=ORIENTED_EDGE('',*,*,#6440,.T.);
#4210=ORIENTED_EDGE('',*,*,#6502,.F.);
#4211=ORIENTED_EDGE('',*,*,#6503,.T.);
#4212=ORIENTED_EDGE('',*,*,#6504,.F.);
#4213=ORIENTED_EDGE('',*,*,#6505,.F.);
#4214=ORIENTED_EDGE('',*,*,#6463,.F.);
#4215=ORIENTED_EDGE('',*,*,#6506,.F.);
#4216=ORIENTED_EDGE('',*,*,#6507,.F.);
#4217=ORIENTED_EDGE('',*,*,#6508,.F.);
#4218=ORIENTED_EDGE('',*,*,#6509,.F.);
#4219=ORIENTED_EDGE('',*,*,#6393,.F.);
#4220=ORIENTED_EDGE('',*,*,#5768,.F.);
#4221=ORIENTED_EDGE('',*,*,#5708,.F.);
#4222=ORIENTED_EDGE('',*,*,#6394,.F.);
#4223=ORIENTED_EDGE('',*,*,#6509,.T.);
#4224=ORIENTED_EDGE('',*,*,#6510,.T.);
#4225=ORIENTED_EDGE('',*,*,#5709,.F.);
#4226=ORIENTED_EDGE('',*,*,#6510,.F.);
#4227=ORIENTED_EDGE('',*,*,#6508,.T.);
#4228=ORIENTED_EDGE('',*,*,#6511,.T.);
#4229=ORIENTED_EDGE('',*,*,#5710,.F.);
#4230=ORIENTED_EDGE('',*,*,#6511,.F.);
#4231=ORIENTED_EDGE('',*,*,#6507,.T.);
#4232=ORIENTED_EDGE('',*,*,#6512,.T.);
#4233=ORIENTED_EDGE('',*,*,#5711,.F.);
#4234=ORIENTED_EDGE('',*,*,#6512,.F.);
#4235=ORIENTED_EDGE('',*,*,#6506,.T.);
#4236=ORIENTED_EDGE('',*,*,#6462,.T.);
#4237=ORIENTED_EDGE('',*,*,#6513,.F.);
#4238=ORIENTED_EDGE('',*,*,#6514,.T.);
#4239=ORIENTED_EDGE('',*,*,#6515,.F.);
#4240=ORIENTED_EDGE('',*,*,#6516,.F.);
#4241=ORIENTED_EDGE('',*,*,#6419,.F.);
#4242=ORIENTED_EDGE('',*,*,#6517,.F.);
#4243=ORIENTED_EDGE('',*,*,#6518,.F.);
#4244=ORIENTED_EDGE('',*,*,#6519,.F.);
#4245=ORIENTED_EDGE('',*,*,#6520,.F.);
#4246=ORIENTED_EDGE('',*,*,#6450,.F.);
#4247=ORIENTED_EDGE('',*,*,#5815,.F.);
#4248=ORIENTED_EDGE('',*,*,#5694,.F.);
#4249=ORIENTED_EDGE('',*,*,#6451,.F.);
#4250=ORIENTED_EDGE('',*,*,#6520,.T.);
#4251=ORIENTED_EDGE('',*,*,#6521,.T.);
#4252=ORIENTED_EDGE('',*,*,#5695,.F.);
#4253=ORIENTED_EDGE('',*,*,#6521,.F.);
#4254=ORIENTED_EDGE('',*,*,#6519,.T.);
#4255=ORIENTED_EDGE('',*,*,#6522,.T.);
#4256=ORIENTED_EDGE('',*,*,#5696,.F.);
#4257=ORIENTED_EDGE('',*,*,#6522,.F.);
#4258=ORIENTED_EDGE('',*,*,#6518,.T.);
#4259=ORIENTED_EDGE('',*,*,#6523,.T.);
#4260=ORIENTED_EDGE('',*,*,#5697,.F.);
#4261=ORIENTED_EDGE('',*,*,#6523,.F.);
#4262=ORIENTED_EDGE('',*,*,#6517,.T.);
#4263=ORIENTED_EDGE('',*,*,#6418,.T.);
#4264=ORIENTED_EDGE('',*,*,#5613,.T.);
#4265=ORIENTED_EDGE('',*,*,#6524,.F.);
#4266=ORIENTED_EDGE('',*,*,#6525,.F.);
#4267=ORIENTED_EDGE('',*,*,#6526,.T.);
#4268=ORIENTED_EDGE('',*,*,#5612,.T.);
#4269=ORIENTED_EDGE('',*,*,#6527,.F.);
#4270=ORIENTED_EDGE('',*,*,#6528,.F.);
#4271=ORIENTED_EDGE('',*,*,#6524,.T.);
#4272=ORIENTED_EDGE('',*,*,#5611,.T.);
#4273=ORIENTED_EDGE('',*,*,#6529,.F.);
#4274=ORIENTED_EDGE('',*,*,#6530,.F.);
#4275=ORIENTED_EDGE('',*,*,#6527,.T.);
#4276=ORIENTED_EDGE('',*,*,#5610,.T.);
#4277=ORIENTED_EDGE('',*,*,#6531,.F.);
#4278=ORIENTED_EDGE('',*,*,#6532,.F.);
#4279=ORIENTED_EDGE('',*,*,#6529,.T.);
#4280=ORIENTED_EDGE('',*,*,#5609,.F.);
#4281=ORIENTED_EDGE('',*,*,#6533,.F.);
#4282=ORIENTED_EDGE('',*,*,#6534,.T.);
#4283=ORIENTED_EDGE('',*,*,#6531,.T.);
#4284=ORIENTED_EDGE('',*,*,#5608,.T.);
#4285=ORIENTED_EDGE('',*,*,#6535,.F.);
#4286=ORIENTED_EDGE('',*,*,#6536,.F.);
#4287=ORIENTED_EDGE('',*,*,#6533,.T.);
#4288=ORIENTED_EDGE('',*,*,#5607,.T.);
#4289=ORIENTED_EDGE('',*,*,#6537,.F.);
#4290=ORIENTED_EDGE('',*,*,#6538,.F.);
#4291=ORIENTED_EDGE('',*,*,#6535,.T.);
#4292=ORIENTED_EDGE('',*,*,#5606,.T.);
#4293=ORIENTED_EDGE('',*,*,#6539,.F.);
#4294=ORIENTED_EDGE('',*,*,#6540,.F.);
#4295=ORIENTED_EDGE('',*,*,#6537,.T.);
#4296=ORIENTED_EDGE('',*,*,#5605,.T.);
#4297=ORIENTED_EDGE('',*,*,#6541,.F.);
#4298=ORIENTED_EDGE('',*,*,#6542,.F.);
#4299=ORIENTED_EDGE('',*,*,#6539,.T.);
#4300=ORIENTED_EDGE('',*,*,#5604,.T.);
#4301=ORIENTED_EDGE('',*,*,#6543,.F.);
#4302=ORIENTED_EDGE('',*,*,#6544,.F.);
#4303=ORIENTED_EDGE('',*,*,#6541,.T.);
#4304=ORIENTED_EDGE('',*,*,#5603,.T.);
#4305=ORIENTED_EDGE('',*,*,#5691,.F.);
#4306=ORIENTED_EDGE('',*,*,#6545,.F.);
#4307=ORIENTED_EDGE('',*,*,#6543,.T.);
#4308=ORIENTED_EDGE('',*,*,#5617,.T.);
#4309=ORIENTED_EDGE('',*,*,#6546,.F.);
#4310=ORIENTED_EDGE('',*,*,#6547,.F.);
#4311=ORIENTED_EDGE('',*,*,#5686,.T.);
#4312=ORIENTED_EDGE('',*,*,#5616,.T.);
#4313=ORIENTED_EDGE('',*,*,#6548,.F.);
#4314=ORIENTED_EDGE('',*,*,#6549,.F.);
#4315=ORIENTED_EDGE('',*,*,#6546,.T.);
#4316=ORIENTED_EDGE('',*,*,#5615,.F.);
#4317=ORIENTED_EDGE('',*,*,#6550,.F.);
#4318=ORIENTED_EDGE('',*,*,#6551,.T.);
#4319=ORIENTED_EDGE('',*,*,#6548,.T.);
#4320=ORIENTED_EDGE('',*,*,#5614,.T.);
#4321=ORIENTED_EDGE('',*,*,#6526,.F.);
#4322=ORIENTED_EDGE('',*,*,#6552,.F.);
#4323=ORIENTED_EDGE('',*,*,#6550,.T.);
#4324=ORIENTED_EDGE('',*,*,#5690,.T.);
#4325=ORIENTED_EDGE('',*,*,#6553,.T.);
#4326=ORIENTED_EDGE('',*,*,#6554,.F.);
#4327=ORIENTED_EDGE('',*,*,#6555,.F.);
#4328=ORIENTED_EDGE('',*,*,#5687,.T.);
#4329=ORIENTED_EDGE('',*,*,#6547,.T.);
#4330=ORIENTED_EDGE('',*,*,#6549,.T.);
#4331=ORIENTED_EDGE('',*,*,#6551,.F.);
#4332=ORIENTED_EDGE('',*,*,#6552,.T.);
#4333=ORIENTED_EDGE('',*,*,#6525,.T.);
#4334=ORIENTED_EDGE('',*,*,#6528,.T.);
#4335=ORIENTED_EDGE('',*,*,#6530,.T.);
#4336=ORIENTED_EDGE('',*,*,#6532,.T.);
#4337=ORIENTED_EDGE('',*,*,#6534,.F.);
#4338=ORIENTED_EDGE('',*,*,#6536,.T.);
#4339=ORIENTED_EDGE('',*,*,#6538,.T.);
#4340=ORIENTED_EDGE('',*,*,#6540,.T.);
#4341=ORIENTED_EDGE('',*,*,#6542,.T.);
#4342=ORIENTED_EDGE('',*,*,#6544,.T.);
#4343=ORIENTED_EDGE('',*,*,#6545,.T.);
#4344=ORIENTED_EDGE('',*,*,#5631,.T.);
#4345=ORIENTED_EDGE('',*,*,#6556,.F.);
#4346=ORIENTED_EDGE('',*,*,#6557,.F.);
#4347=ORIENTED_EDGE('',*,*,#6558,.T.);
#4348=ORIENTED_EDGE('',*,*,#5630,.T.);
#4349=ORIENTED_EDGE('',*,*,#6559,.F.);
#4350=ORIENTED_EDGE('',*,*,#6560,.F.);
#4351=ORIENTED_EDGE('',*,*,#6556,.T.);
#4352=ORIENTED_EDGE('',*,*,#5629,.T.);
#4353=ORIENTED_EDGE('',*,*,#6561,.F.);
#4354=ORIENTED_EDGE('',*,*,#6562,.F.);
#4355=ORIENTED_EDGE('',*,*,#6559,.T.);
#4356=ORIENTED_EDGE('',*,*,#5628,.T.);
#4357=ORIENTED_EDGE('',*,*,#6563,.F.);
#4358=ORIENTED_EDGE('',*,*,#6564,.F.);
#4359=ORIENTED_EDGE('',*,*,#6561,.T.);
#4360=ORIENTED_EDGE('',*,*,#5627,.F.);
#4361=ORIENTED_EDGE('',*,*,#6565,.F.);
#4362=ORIENTED_EDGE('',*,*,#6566,.T.);
#4363=ORIENTED_EDGE('',*,*,#6563,.T.);
#4364=ORIENTED_EDGE('',*,*,#5626,.T.);
#4365=ORIENTED_EDGE('',*,*,#6567,.F.);
#4366=ORIENTED_EDGE('',*,*,#6568,.F.);
#4367=ORIENTED_EDGE('',*,*,#6565,.T.);
#4368=ORIENTED_EDGE('',*,*,#5625,.T.);
#4369=ORIENTED_EDGE('',*,*,#6569,.F.);
#4370=ORIENTED_EDGE('',*,*,#6570,.F.);
#4371=ORIENTED_EDGE('',*,*,#6567,.T.);
#4372=ORIENTED_EDGE('',*,*,#5624,.T.);
#4373=ORIENTED_EDGE('',*,*,#6571,.F.);
#4374=ORIENTED_EDGE('',*,*,#6572,.F.);
#4375=ORIENTED_EDGE('',*,*,#6569,.T.);
#4376=ORIENTED_EDGE('',*,*,#5623,.T.);
#4377=ORIENTED_EDGE('',*,*,#6573,.F.);
#4378=ORIENTED_EDGE('',*,*,#6574,.F.);
#4379=ORIENTED_EDGE('',*,*,#6571,.T.);
#4380=ORIENTED_EDGE('',*,*,#5622,.T.);
#4381=ORIENTED_EDGE('',*,*,#6575,.F.);
#4382=ORIENTED_EDGE('',*,*,#6576,.F.);
#4383=ORIENTED_EDGE('',*,*,#6573,.T.);
#4384=ORIENTED_EDGE('',*,*,#5621,.T.);
#4385=ORIENTED_EDGE('',*,*,#5660,.F.);
#4386=ORIENTED_EDGE('',*,*,#6577,.F.);
#4387=ORIENTED_EDGE('',*,*,#6575,.T.);
#4388=ORIENTED_EDGE('',*,*,#5635,.T.);
#4389=ORIENTED_EDGE('',*,*,#6578,.F.);
#4390=ORIENTED_EDGE('',*,*,#6579,.F.);
#4391=ORIENTED_EDGE('',*,*,#5655,.T.);
#4392=ORIENTED_EDGE('',*,*,#5634,.T.);
#4393=ORIENTED_EDGE('',*,*,#6580,.F.);
#4394=ORIENTED_EDGE('',*,*,#6581,.F.);
#4395=ORIENTED_EDGE('',*,*,#6578,.T.);
#4396=ORIENTED_EDGE('',*,*,#5633,.F.);
#4397=ORIENTED_EDGE('',*,*,#6582,.F.);
#4398=ORIENTED_EDGE('',*,*,#6583,.T.);
#4399=ORIENTED_EDGE('',*,*,#6580,.T.);
#4400=ORIENTED_EDGE('',*,*,#5632,.T.);
#4401=ORIENTED_EDGE('',*,*,#6558,.F.);
#4402=ORIENTED_EDGE('',*,*,#6584,.F.);
#4403=ORIENTED_EDGE('',*,*,#6582,.T.);
#4404=ORIENTED_EDGE('',*,*,#5659,.T.);
#4405=ORIENTED_EDGE('',*,*,#6585,.T.);
#4406=ORIENTED_EDGE('',*,*,#6586,.F.);
#4407=ORIENTED_EDGE('',*,*,#6587,.F.);
#4408=ORIENTED_EDGE('',*,*,#5656,.T.);
#4409=ORIENTED_EDGE('',*,*,#6579,.T.);
#4410=ORIENTED_EDGE('',*,*,#6581,.T.);
#4411=ORIENTED_EDGE('',*,*,#6583,.F.);
#4412=ORIENTED_EDGE('',*,*,#6584,.T.);
#4413=ORIENTED_EDGE('',*,*,#6557,.T.);
#4414=ORIENTED_EDGE('',*,*,#6560,.T.);
#4415=ORIENTED_EDGE('',*,*,#6562,.T.);
#4416=ORIENTED_EDGE('',*,*,#6564,.T.);
#4417=ORIENTED_EDGE('',*,*,#6566,.F.);
#4418=ORIENTED_EDGE('',*,*,#6568,.T.);
#4419=ORIENTED_EDGE('',*,*,#6570,.T.);
#4420=ORIENTED_EDGE('',*,*,#6572,.T.);
#4421=ORIENTED_EDGE('',*,*,#6574,.T.);
#4422=ORIENTED_EDGE('',*,*,#6576,.T.);
#4423=ORIENTED_EDGE('',*,*,#6577,.T.);
#4424=ORIENTED_EDGE('',*,*,#5593,.T.);
#4425=ORIENTED_EDGE('',*,*,#6588,.F.);
#4426=ORIENTED_EDGE('',*,*,#6589,.F.);
#4427=ORIENTED_EDGE('',*,*,#6590,.T.);
#4428=ORIENTED_EDGE('',*,*,#5592,.T.);
#4429=ORIENTED_EDGE('',*,*,#6591,.F.);
#4430=ORIENTED_EDGE('',*,*,#6592,.F.);
#4431=ORIENTED_EDGE('',*,*,#6588,.T.);
#4432=ORIENTED_EDGE('',*,*,#5591,.T.);
#4433=ORIENTED_EDGE('',*,*,#6593,.F.);
#4434=ORIENTED_EDGE('',*,*,#6594,.F.);
#4435=ORIENTED_EDGE('',*,*,#6591,.T.);
#4436=ORIENTED_EDGE('',*,*,#5590,.T.);
#4437=ORIENTED_EDGE('',*,*,#6595,.F.);
#4438=ORIENTED_EDGE('',*,*,#6596,.F.);
#4439=ORIENTED_EDGE('',*,*,#6593,.T.);
#4440=ORIENTED_EDGE('',*,*,#5589,.F.);
#4441=ORIENTED_EDGE('',*,*,#6597,.F.);
#4442=ORIENTED_EDGE('',*,*,#6598,.T.);
#4443=ORIENTED_EDGE('',*,*,#6595,.T.);
#4444=ORIENTED_EDGE('',*,*,#5588,.T.);
#4445=ORIENTED_EDGE('',*,*,#6599,.F.);
#4446=ORIENTED_EDGE('',*,*,#6600,.F.);
#4447=ORIENTED_EDGE('',*,*,#6597,.T.);
#4448=ORIENTED_EDGE('',*,*,#5587,.T.);
#4449=ORIENTED_EDGE('',*,*,#6601,.F.);
#4450=ORIENTED_EDGE('',*,*,#6602,.F.);
#4451=ORIENTED_EDGE('',*,*,#6599,.T.);
#4452=ORIENTED_EDGE('',*,*,#5586,.T.);
#4453=ORIENTED_EDGE('',*,*,#6603,.F.);
#4454=ORIENTED_EDGE('',*,*,#6604,.F.);
#4455=ORIENTED_EDGE('',*,*,#6601,.T.);
#4456=ORIENTED_EDGE('',*,*,#5585,.T.);
#4457=ORIENTED_EDGE('',*,*,#6605,.F.);
#4458=ORIENTED_EDGE('',*,*,#6606,.F.);
#4459=ORIENTED_EDGE('',*,*,#6603,.T.);
#4460=ORIENTED_EDGE('',*,*,#5584,.T.);
#4461=ORIENTED_EDGE('',*,*,#6607,.F.);
#4462=ORIENTED_EDGE('',*,*,#6608,.F.);
#4463=ORIENTED_EDGE('',*,*,#6605,.T.);
#4464=ORIENTED_EDGE('',*,*,#5583,.T.);
#4465=ORIENTED_EDGE('',*,*,#5668,.F.);
#4466=ORIENTED_EDGE('',*,*,#6609,.F.);
#4467=ORIENTED_EDGE('',*,*,#6607,.T.);
#4468=ORIENTED_EDGE('',*,*,#5597,.T.);
#4469=ORIENTED_EDGE('',*,*,#6610,.F.);
#4470=ORIENTED_EDGE('',*,*,#6611,.F.);
#4471=ORIENTED_EDGE('',*,*,#5663,.T.);
#4472=ORIENTED_EDGE('',*,*,#5596,.T.);
#4473=ORIENTED_EDGE('',*,*,#6612,.F.);
#4474=ORIENTED_EDGE('',*,*,#6613,.F.);
#4475=ORIENTED_EDGE('',*,*,#6610,.T.);
#4476=ORIENTED_EDGE('',*,*,#5595,.F.);
#4477=ORIENTED_EDGE('',*,*,#6614,.F.);
#4478=ORIENTED_EDGE('',*,*,#6615,.T.);
#4479=ORIENTED_EDGE('',*,*,#6612,.T.);
#4480=ORIENTED_EDGE('',*,*,#5594,.T.);
#4481=ORIENTED_EDGE('',*,*,#6590,.F.);
#4482=ORIENTED_EDGE('',*,*,#6616,.F.);
#4483=ORIENTED_EDGE('',*,*,#6614,.T.);
#4484=ORIENTED_EDGE('',*,*,#5667,.T.);
#4485=ORIENTED_EDGE('',*,*,#6617,.T.);
#4486=ORIENTED_EDGE('',*,*,#6618,.F.);
#4487=ORIENTED_EDGE('',*,*,#6619,.F.);
#4488=ORIENTED_EDGE('',*,*,#5664,.T.);
#4489=ORIENTED_EDGE('',*,*,#6611,.T.);
#4490=ORIENTED_EDGE('',*,*,#6613,.T.);
#4491=ORIENTED_EDGE('',*,*,#6615,.F.);
#4492=ORIENTED_EDGE('',*,*,#6616,.T.);
#4493=ORIENTED_EDGE('',*,*,#6589,.T.);
#4494=ORIENTED_EDGE('',*,*,#6592,.T.);
#4495=ORIENTED_EDGE('',*,*,#6594,.T.);
#4496=ORIENTED_EDGE('',*,*,#6596,.T.);
#4497=ORIENTED_EDGE('',*,*,#6598,.F.);
#4498=ORIENTED_EDGE('',*,*,#6600,.T.);
#4499=ORIENTED_EDGE('',*,*,#6602,.T.);
#4500=ORIENTED_EDGE('',*,*,#6604,.T.);
#4501=ORIENTED_EDGE('',*,*,#6606,.T.);
#4502=ORIENTED_EDGE('',*,*,#6608,.T.);
#4503=ORIENTED_EDGE('',*,*,#6609,.T.);
#4504=ORIENTED_EDGE('',*,*,#5649,.T.);
#4505=ORIENTED_EDGE('',*,*,#6620,.F.);
#4506=ORIENTED_EDGE('',*,*,#6621,.F.);
#4507=ORIENTED_EDGE('',*,*,#6622,.T.);
#4508=ORIENTED_EDGE('',*,*,#5648,.T.);
#4509=ORIENTED_EDGE('',*,*,#6623,.F.);
#4510=ORIENTED_EDGE('',*,*,#6624,.F.);
#4511=ORIENTED_EDGE('',*,*,#6620,.T.);
#4512=ORIENTED_EDGE('',*,*,#5647,.T.);
#4513=ORIENTED_EDGE('',*,*,#6625,.F.);
#4514=ORIENTED_EDGE('',*,*,#6626,.F.);
#4515=ORIENTED_EDGE('',*,*,#6623,.T.);
#4516=ORIENTED_EDGE('',*,*,#5646,.T.);
#4517=ORIENTED_EDGE('',*,*,#6627,.F.);
#4518=ORIENTED_EDGE('',*,*,#6628,.F.);
#4519=ORIENTED_EDGE('',*,*,#6625,.T.);
#4520=ORIENTED_EDGE('',*,*,#5645,.F.);
#4521=ORIENTED_EDGE('',*,*,#6629,.F.);
#4522=ORIENTED_EDGE('',*,*,#6630,.T.);
#4523=ORIENTED_EDGE('',*,*,#6627,.T.);
#4524=ORIENTED_EDGE('',*,*,#5644,.T.);
#4525=ORIENTED_EDGE('',*,*,#6631,.F.);
#4526=ORIENTED_EDGE('',*,*,#6632,.F.);
#4527=ORIENTED_EDGE('',*,*,#6629,.T.);
#4528=ORIENTED_EDGE('',*,*,#5643,.T.);
#4529=ORIENTED_EDGE('',*,*,#6633,.F.);
#4530=ORIENTED_EDGE('',*,*,#6634,.F.);
#4531=ORIENTED_EDGE('',*,*,#6631,.T.);
#4532=ORIENTED_EDGE('',*,*,#5642,.T.);
#4533=ORIENTED_EDGE('',*,*,#6635,.F.);
#4534=ORIENTED_EDGE('',*,*,#6636,.F.);
#4535=ORIENTED_EDGE('',*,*,#6633,.T.);
#4536=ORIENTED_EDGE('',*,*,#5641,.T.);
#4537=ORIENTED_EDGE('',*,*,#6637,.F.);
#4538=ORIENTED_EDGE('',*,*,#6638,.F.);
#4539=ORIENTED_EDGE('',*,*,#6635,.T.);
#4540=ORIENTED_EDGE('',*,*,#5640,.T.);
#4541=ORIENTED_EDGE('',*,*,#6639,.F.);
#4542=ORIENTED_EDGE('',*,*,#6640,.F.);
#4543=ORIENTED_EDGE('',*,*,#6637,.T.);
#4544=ORIENTED_EDGE('',*,*,#5639,.T.);
#4545=ORIENTED_EDGE('',*,*,#5676,.F.);
#4546=ORIENTED_EDGE('',*,*,#6641,.F.);
#4547=ORIENTED_EDGE('',*,*,#6639,.T.);
#4548=ORIENTED_EDGE('',*,*,#5653,.T.);
#4549=ORIENTED_EDGE('',*,*,#6642,.F.);
#4550=ORIENTED_EDGE('',*,*,#6643,.F.);
#4551=ORIENTED_EDGE('',*,*,#5671,.T.);
#4552=ORIENTED_EDGE('',*,*,#5652,.T.);
#4553=ORIENTED_EDGE('',*,*,#6644,.F.);
#4554=ORIENTED_EDGE('',*,*,#6645,.F.);
#4555=ORIENTED_EDGE('',*,*,#6642,.T.);
#4556=ORIENTED_EDGE('',*,*,#5651,.F.);
#4557=ORIENTED_EDGE('',*,*,#6646,.F.);
#4558=ORIENTED_EDGE('',*,*,#6647,.T.);
#4559=ORIENTED_EDGE('',*,*,#6644,.T.);
#4560=ORIENTED_EDGE('',*,*,#5650,.T.);
#4561=ORIENTED_EDGE('',*,*,#6622,.F.);
#4562=ORIENTED_EDGE('',*,*,#6648,.F.);
#4563=ORIENTED_EDGE('',*,*,#6646,.T.);
#4564=ORIENTED_EDGE('',*,*,#5675,.T.);
#4565=ORIENTED_EDGE('',*,*,#6649,.T.);
#4566=ORIENTED_EDGE('',*,*,#6650,.F.);
#4567=ORIENTED_EDGE('',*,*,#6651,.F.);
#4568=ORIENTED_EDGE('',*,*,#5672,.T.);
#4569=ORIENTED_EDGE('',*,*,#6643,.T.);
#4570=ORIENTED_EDGE('',*,*,#6645,.T.);
#4571=ORIENTED_EDGE('',*,*,#6647,.F.);
#4572=ORIENTED_EDGE('',*,*,#6648,.T.);
#4573=ORIENTED_EDGE('',*,*,#6621,.T.);
#4574=ORIENTED_EDGE('',*,*,#6624,.T.);
#4575=ORIENTED_EDGE('',*,*,#6626,.T.);
#4576=ORIENTED_EDGE('',*,*,#6628,.T.);
#4577=ORIENTED_EDGE('',*,*,#6630,.F.);
#4578=ORIENTED_EDGE('',*,*,#6632,.T.);
#4579=ORIENTED_EDGE('',*,*,#6634,.T.);
#4580=ORIENTED_EDGE('',*,*,#6636,.T.);
#4581=ORIENTED_EDGE('',*,*,#6638,.T.);
#4582=ORIENTED_EDGE('',*,*,#6640,.T.);
#4583=ORIENTED_EDGE('',*,*,#6641,.T.);
#4584=ORIENTED_EDGE('',*,*,#5692,.T.);
#4585=ORIENTED_EDGE('',*,*,#5602,.T.);
#4586=ORIENTED_EDGE('',*,*,#5576,.F.);
#4587=ORIENTED_EDGE('',*,*,#6652,.F.);
#4588=ORIENTED_EDGE('',*,*,#6653,.F.);
#4589=ORIENTED_EDGE('',*,*,#5685,.T.);
#4590=ORIENTED_EDGE('',*,*,#6654,.T.);
#4591=ORIENTED_EDGE('',*,*,#6655,.F.);
#4592=ORIENTED_EDGE('',*,*,#5678,.F.);
#4593=ORIENTED_EDGE('',*,*,#5598,.F.);
#4594=ORIENTED_EDGE('',*,*,#5688,.T.);
#4595=ORIENTED_EDGE('',*,*,#6555,.T.);
#4596=ORIENTED_EDGE('',*,*,#6656,.F.);
#4597=ORIENTED_EDGE('',*,*,#6654,.F.);
#4598=ORIENTED_EDGE('',*,*,#5689,.T.);
#4599=ORIENTED_EDGE('',*,*,#6653,.T.);
#4600=ORIENTED_EDGE('',*,*,#6657,.F.);
#4601=ORIENTED_EDGE('',*,*,#6553,.F.);
#4602=ORIENTED_EDGE('',*,*,#5677,.T.);
#4603=ORIENTED_EDGE('',*,*,#5638,.T.);
#4604=ORIENTED_EDGE('',*,*,#6658,.F.);
#4605=ORIENTED_EDGE('',*,*,#6659,.F.);
#4606=ORIENTED_EDGE('',*,*,#5670,.T.);
#4607=ORIENTED_EDGE('',*,*,#6660,.T.);
#4608=ORIENTED_EDGE('',*,*,#6661,.F.);
#4609=ORIENTED_EDGE('',*,*,#5636,.F.);
#4610=ORIENTED_EDGE('',*,*,#5673,.T.);
#4611=ORIENTED_EDGE('',*,*,#6651,.T.);
#4612=ORIENTED_EDGE('',*,*,#6662,.F.);
#4613=ORIENTED_EDGE('',*,*,#6660,.F.);
#4614=ORIENTED_EDGE('',*,*,#5674,.T.);
#4615=ORIENTED_EDGE('',*,*,#6659,.T.);
#4616=ORIENTED_EDGE('',*,*,#6663,.F.);
#4617=ORIENTED_EDGE('',*,*,#6649,.F.);
#4618=ORIENTED_EDGE('',*,*,#5637,.T.);
#4619=ORIENTED_EDGE('',*,*,#6661,.T.);
#4620=ORIENTED_EDGE('',*,*,#6662,.T.);
#4621=ORIENTED_EDGE('',*,*,#6650,.T.);
#4622=ORIENTED_EDGE('',*,*,#6663,.T.);
#4623=ORIENTED_EDGE('',*,*,#6658,.T.);
#4624=ORIENTED_EDGE('',*,*,#5669,.T.);
#4625=ORIENTED_EDGE('',*,*,#5582,.T.);
#4626=ORIENTED_EDGE('',*,*,#6664,.F.);
#4627=ORIENTED_EDGE('',*,*,#6665,.F.);
#4628=ORIENTED_EDGE('',*,*,#5662,.T.);
#4629=ORIENTED_EDGE('',*,*,#6666,.T.);
#4630=ORIENTED_EDGE('',*,*,#6667,.F.);
#4631=ORIENTED_EDGE('',*,*,#5580,.F.);
#4632=ORIENTED_EDGE('',*,*,#5665,.T.);
#4633=ORIENTED_EDGE('',*,*,#6619,.T.);
#4634=ORIENTED_EDGE('',*,*,#6668,.F.);
#4635=ORIENTED_EDGE('',*,*,#6666,.F.);
#4636=ORIENTED_EDGE('',*,*,#5666,.T.);
#4637=ORIENTED_EDGE('',*,*,#6665,.T.);
#4638=ORIENTED_EDGE('',*,*,#6669,.F.);
#4639=ORIENTED_EDGE('',*,*,#6617,.F.);
#4640=ORIENTED_EDGE('',*,*,#5581,.T.);
#4641=ORIENTED_EDGE('',*,*,#6667,.T.);
#4642=ORIENTED_EDGE('',*,*,#6668,.T.);
#4643=ORIENTED_EDGE('',*,*,#6618,.T.);
#4644=ORIENTED_EDGE('',*,*,#6669,.T.);
#4645=ORIENTED_EDGE('',*,*,#6664,.T.);
#4646=ORIENTED_EDGE('',*,*,#5661,.T.);
#4647=ORIENTED_EDGE('',*,*,#5620,.T.);
#4648=ORIENTED_EDGE('',*,*,#6670,.F.);
#4649=ORIENTED_EDGE('',*,*,#6671,.F.);
#4650=ORIENTED_EDGE('',*,*,#5654,.T.);
#4651=ORIENTED_EDGE('',*,*,#6672,.T.);
#4652=ORIENTED_EDGE('',*,*,#6673,.F.);
#4653=ORIENTED_EDGE('',*,*,#5618,.F.);
#4654=ORIENTED_EDGE('',*,*,#5657,.T.);
#4655=ORIENTED_EDGE('',*,*,#6587,.T.);
#4656=ORIENTED_EDGE('',*,*,#6674,.F.);
#4657=ORIENTED_EDGE('',*,*,#6672,.F.);
#4658=ORIENTED_EDGE('',*,*,#5658,.T.);
#4659=ORIENTED_EDGE('',*,*,#6671,.T.);
#4660=ORIENTED_EDGE('',*,*,#6675,.F.);
#4661=ORIENTED_EDGE('',*,*,#6585,.F.);
#4662=ORIENTED_EDGE('',*,*,#5619,.T.);
#4663=ORIENTED_EDGE('',*,*,#6673,.T.);
#4664=ORIENTED_EDGE('',*,*,#6674,.T.);
#4665=ORIENTED_EDGE('',*,*,#6586,.T.);
#4666=ORIENTED_EDGE('',*,*,#6675,.T.);
#4667=ORIENTED_EDGE('',*,*,#6670,.T.);
#4668=ORIENTED_EDGE('',*,*,#5981,.T.);
#4669=ORIENTED_EDGE('',*,*,#5978,.T.);
#4670=ORIENTED_EDGE('',*,*,#6676,.T.);
#4671=ORIENTED_EDGE('',*,*,#5987,.F.);
#4672=ORIENTED_EDGE('',*,*,#5984,.T.);
#4673=ORIENTED_EDGE('',*,*,#6023,.F.);
#4674=ORIENTED_EDGE('',*,*,#6025,.T.);
#4675=ORIENTED_EDGE('',*,*,#6031,.T.);
#4676=ORIENTED_EDGE('',*,*,#6033,.T.);
#4677=ORIENTED_EDGE('',*,*,#6035,.F.);
#4678=ORIENTED_EDGE('',*,*,#6677,.T.);
#4679=ORIENTED_EDGE('',*,*,#6678,.F.);
#4680=ORIENTED_EDGE('',*,*,#6679,.T.);
#4681=ORIENTED_EDGE('',*,*,#6680,.F.);
#4682=ORIENTED_EDGE('',*,*,#6018,.T.);
#4683=ORIENTED_EDGE('',*,*,#6022,.T.);
#4684=ORIENTED_EDGE('',*,*,#6002,.T.);
#4685=ORIENTED_EDGE('',*,*,#6003,.T.);
#4686=ORIENTED_EDGE('',*,*,#6005,.F.);
#4687=ORIENTED_EDGE('',*,*,#6011,.T.);
#4688=ORIENTED_EDGE('',*,*,#6013,.T.);
#4689=ORIENTED_EDGE('',*,*,#6015,.F.);
#4690=ORIENTED_EDGE('',*,*,#6223,.F.);
#4691=ORIENTED_EDGE('',*,*,#6225,.T.);
#4692=ORIENTED_EDGE('',*,*,#6227,.T.);
#4693=ORIENTED_EDGE('',*,*,#6229,.T.);
#4694=ORIENTED_EDGE('',*,*,#6231,.F.);
#4695=ORIENTED_EDGE('',*,*,#6239,.T.);
#4696=ORIENTED_EDGE('',*,*,#6240,.F.);
#4697=ORIENTED_EDGE('',*,*,#6242,.T.);
#4698=ORIENTED_EDGE('',*,*,#6244,.T.);
#4699=ORIENTED_EDGE('',*,*,#6246,.T.);
#4700=ORIENTED_EDGE('',*,*,#6248,.F.);
#4701=ORIENTED_EDGE('',*,*,#6234,.T.);
#4702=ORIENTED_EDGE('',*,*,#6681,.F.);
#4703=ORIENTED_EDGE('',*,*,#6682,.T.);
#4704=ORIENTED_EDGE('',*,*,#6683,.T.);
#4705=ORIENTED_EDGE('',*,*,#6684,.T.);
#4706=ORIENTED_EDGE('',*,*,#6685,.F.);
#4707=ORIENTED_EDGE('',*,*,#6686,.T.);
#4708=ORIENTED_EDGE('',*,*,#5548,.T.);
#4709=ORIENTED_EDGE('',*,*,#6490,.F.);
#4710=ORIENTED_EDGE('',*,*,#6482,.T.);
#4711=ORIENTED_EDGE('',*,*,#6687,.T.);
#4712=ORIENTED_EDGE('',*,*,#6238,.T.);
#4713=ORIENTED_EDGE('',*,*,#6204,.T.);
#4714=ORIENTED_EDGE('',*,*,#6211,.T.);
#4715=ORIENTED_EDGE('',*,*,#6209,.T.);
#4716=ORIENTED_EDGE('',*,*,#6207,.T.);
#4717=ORIENTED_EDGE('',*,*,#6205,.F.);
#4718=ORIENTED_EDGE('',*,*,#5550,.F.);
#4719=ORIENTED_EDGE('',*,*,#5546,.F.);
#4720=ORIENTED_EDGE('',*,*,#6688,.T.);
#4721=ORIENTED_EDGE('',*,*,#6689,.T.);
#4722=ORIENTED_EDGE('',*,*,#5551,.F.);
#4723=ORIENTED_EDGE('',*,*,#6689,.F.);
#4724=ORIENTED_EDGE('',*,*,#6690,.T.);
#4725=ORIENTED_EDGE('',*,*,#6691,.T.);
#4726=ORIENTED_EDGE('',*,*,#6677,.F.);
#4727=ORIENTED_EDGE('',*,*,#5557,.F.);
#4728=ORIENTED_EDGE('',*,*,#6676,.F.);
#4729=ORIENTED_EDGE('',*,*,#6678,.T.);
#4730=ORIENTED_EDGE('',*,*,#6691,.F.);
#4731=ORIENTED_EDGE('',*,*,#6692,.F.);
#4732=ORIENTED_EDGE('',*,*,#6693,.T.);
#4733=ORIENTED_EDGE('',*,*,#6679,.F.);
#4734=ORIENTED_EDGE('',*,*,#6693,.F.);
#4735=ORIENTED_EDGE('',*,*,#6694,.T.);
#4736=ORIENTED_EDGE('',*,*,#6695,.T.);
#4737=ORIENTED_EDGE('',*,*,#6680,.T.);
#4738=ORIENTED_EDGE('',*,*,#6695,.F.);
#4739=ORIENTED_EDGE('',*,*,#6696,.F.);
#4740=ORIENTED_EDGE('',*,*,#6019,.T.);
#4741=ORIENTED_EDGE('',*,*,#5562,.F.);
#4742=ORIENTED_EDGE('',*,*,#6021,.F.);
#4743=ORIENTED_EDGE('',*,*,#6697,.T.);
#4744=ORIENTED_EDGE('',*,*,#6235,.T.);
#4745=ORIENTED_EDGE('',*,*,#5574,.F.);
#4746=ORIENTED_EDGE('',*,*,#6237,.F.);
#4747=ORIENTED_EDGE('',*,*,#6698,.T.);
#4748=ORIENTED_EDGE('',*,*,#6699,.T.);
#4749=ORIENTED_EDGE('',*,*,#5575,.F.);
#4750=ORIENTED_EDGE('',*,*,#6699,.F.);
#4751=ORIENTED_EDGE('',*,*,#6700,.T.);
#4752=ORIENTED_EDGE('',*,*,#6701,.T.);
#4753=ORIENTED_EDGE('',*,*,#5679,.F.);
#4754=ORIENTED_EDGE('',*,*,#6702,.F.);
#4755=ORIENTED_EDGE('',*,*,#5680,.F.);
#4756=ORIENTED_EDGE('',*,*,#6701,.F.);
#4757=ORIENTED_EDGE('',*,*,#6703,.T.);
#4758=ORIENTED_EDGE('',*,*,#6704,.T.);
#4759=ORIENTED_EDGE('',*,*,#6705,.F.);
#4760=ORIENTED_EDGE('',*,*,#6687,.F.);
#4761=ORIENTED_EDGE('',*,*,#5681,.F.);
#4762=ORIENTED_EDGE('',*,*,#6704,.F.);
#4763=ORIENTED_EDGE('',*,*,#6706,.T.);
#4764=ORIENTED_EDGE('',*,*,#6707,.T.);
#4765=ORIENTED_EDGE('',*,*,#6708,.F.);
#4766=ORIENTED_EDGE('',*,*,#6684,.F.);
#4767=ORIENTED_EDGE('',*,*,#6709,.T.);
#4768=ORIENTED_EDGE('',*,*,#6710,.F.);
#4769=ORIENTED_EDGE('',*,*,#6711,.F.);
#4770=ORIENTED_EDGE('',*,*,#6712,.F.);
#4771=ORIENTED_EDGE('',*,*,#6713,.F.);
#4772=ORIENTED_EDGE('',*,*,#6707,.F.);
#4773=ORIENTED_EDGE('',*,*,#6714,.T.);
#4774=ORIENTED_EDGE('',*,*,#5544,.T.);
#4775=ORIENTED_EDGE('',*,*,#6715,.T.);
#4776=ORIENTED_EDGE('',*,*,#5545,.F.);
#4777=ORIENTED_EDGE('',*,*,#6714,.F.);
#4778=ORIENTED_EDGE('',*,*,#6706,.F.);
#4779=ORIENTED_EDGE('',*,*,#6703,.F.);
#4780=ORIENTED_EDGE('',*,*,#6700,.F.);
#4781=ORIENTED_EDGE('',*,*,#6698,.F.);
#4782=ORIENTED_EDGE('',*,*,#6236,.F.);
#4783=ORIENTED_EDGE('',*,*,#6697,.F.);
#4784=ORIENTED_EDGE('',*,*,#6020,.F.);
#4785=ORIENTED_EDGE('',*,*,#6696,.T.);
#4786=ORIENTED_EDGE('',*,*,#6694,.F.);
#4787=ORIENTED_EDGE('',*,*,#6692,.T.);
#4788=ORIENTED_EDGE('',*,*,#6690,.F.);
#4789=ORIENTED_EDGE('',*,*,#6688,.F.);
#4790=ORIENTED_EDGE('',*,*,#6702,.T.);
#4791=ORIENTED_EDGE('',*,*,#6655,.T.);
#4792=ORIENTED_EDGE('',*,*,#6656,.T.);
#4793=ORIENTED_EDGE('',*,*,#6554,.T.);
#4794=ORIENTED_EDGE('',*,*,#6657,.T.);
#4795=ORIENTED_EDGE('',*,*,#6652,.T.);
#4796=ORIENTED_EDGE('',*,*,#5543,.F.);
#4797=ORIENTED_EDGE('',*,*,#6716,.T.);
#4798=ORIENTED_EDGE('',*,*,#6717,.T.);
#4799=ORIENTED_EDGE('',*,*,#6715,.F.);
#4800=ORIENTED_EDGE('',*,*,#6708,.T.);
#4801=ORIENTED_EDGE('',*,*,#6713,.T.);
#4802=ORIENTED_EDGE('',*,*,#6717,.F.);
#4803=ORIENTED_EDGE('',*,*,#6718,.F.);
#4804=ORIENTED_EDGE('',*,*,#6685,.T.);
#4805=ORIENTED_EDGE('',*,*,#6718,.T.);
#4806=ORIENTED_EDGE('',*,*,#6716,.F.);
#4807=ORIENTED_EDGE('',*,*,#5542,.F.);
#4808=ORIENTED_EDGE('',*,*,#6686,.F.);
#4809=ORIENTED_EDGE('',*,*,#6719,.T.);
#4810=ORIENTED_EDGE('',*,*,#6720,.T.);
#4811=ORIENTED_EDGE('',*,*,#6721,.T.);
#4812=ORIENTED_EDGE('',*,*,#6722,.T.);
#4813=ORIENTED_EDGE('',*,*,#6723,.F.);
#4814=ORIENTED_EDGE('',*,*,#6682,.F.);
#4815=ORIENTED_EDGE('',*,*,#6681,.T.);
#4816=ORIENTED_EDGE('',*,*,#6705,.T.);
#4817=ORIENTED_EDGE('',*,*,#6724,.F.);
#4818=ORIENTED_EDGE('',*,*,#6719,.F.);
#4819=ORIENTED_EDGE('',*,*,#6712,.T.);
#4820=ORIENTED_EDGE('',*,*,#6725,.F.);
#4821=ORIENTED_EDGE('',*,*,#6720,.F.);
#4822=ORIENTED_EDGE('',*,*,#6724,.T.);
#4823=ORIENTED_EDGE('',*,*,#6711,.T.);
#4824=ORIENTED_EDGE('',*,*,#6726,.F.);
#4825=ORIENTED_EDGE('',*,*,#6721,.F.);
#4826=ORIENTED_EDGE('',*,*,#6725,.T.);
#4827=ORIENTED_EDGE('',*,*,#6710,.T.);
#4828=ORIENTED_EDGE('',*,*,#6727,.F.);
#4829=ORIENTED_EDGE('',*,*,#6722,.F.);
#4830=ORIENTED_EDGE('',*,*,#6726,.T.);
#4831=ORIENTED_EDGE('',*,*,#6683,.F.);
#4832=ORIENTED_EDGE('',*,*,#6723,.T.);
#4833=ORIENTED_EDGE('',*,*,#6727,.T.);
#4834=ORIENTED_EDGE('',*,*,#6709,.F.);
#4835=ORIENTED_EDGE('',*,*,#6728,.T.);
#4836=ORIENTED_EDGE('',*,*,#6729,.F.);
#4837=ORIENTED_EDGE('',*,*,#6730,.F.);
#4838=ORIENTED_EDGE('',*,*,#6046,.T.);
#4839=ORIENTED_EDGE('',*,*,#6731,.T.);
#4840=ORIENTED_EDGE('',*,*,#6732,.F.);
#4841=ORIENTED_EDGE('',*,*,#6733,.F.);
#4842=ORIENTED_EDGE('',*,*,#6729,.T.);
#4843=ORIENTED_EDGE('',*,*,#6734,.T.);
#4844=ORIENTED_EDGE('',*,*,#6044,.F.);
#4845=ORIENTED_EDGE('',*,*,#6735,.F.);
#4846=ORIENTED_EDGE('',*,*,#6732,.T.);
#4847=ORIENTED_EDGE('',*,*,#6730,.T.);
#4848=ORIENTED_EDGE('',*,*,#6733,.T.);
#4849=ORIENTED_EDGE('',*,*,#6735,.T.);
#4850=ORIENTED_EDGE('',*,*,#6043,.T.);
#4851=ORIENTED_EDGE('',*,*,#6728,.F.);
#4852=ORIENTED_EDGE('',*,*,#6045,.F.);
#4853=ORIENTED_EDGE('',*,*,#6734,.F.);
#4854=ORIENTED_EDGE('',*,*,#6731,.F.);
#4855=ORIENTED_EDGE('',*,*,#6736,.T.);
#4856=ORIENTED_EDGE('',*,*,#6737,.F.);
#4857=ORIENTED_EDGE('',*,*,#6738,.F.);
#4858=ORIENTED_EDGE('',*,*,#6154,.T.);
#4859=ORIENTED_EDGE('',*,*,#6739,.T.);
#4860=ORIENTED_EDGE('',*,*,#6740,.F.);
#4861=ORIENTED_EDGE('',*,*,#6741,.F.);
#4862=ORIENTED_EDGE('',*,*,#6737,.T.);
#4863=ORIENTED_EDGE('',*,*,#6742,.T.);
#4864=ORIENTED_EDGE('',*,*,#6152,.F.);
#4865=ORIENTED_EDGE('',*,*,#6743,.F.);
#4866=ORIENTED_EDGE('',*,*,#6740,.T.);
#4867=ORIENTED_EDGE('',*,*,#6738,.T.);
#4868=ORIENTED_EDGE('',*,*,#6741,.T.);
#4869=ORIENTED_EDGE('',*,*,#6743,.T.);
#4870=ORIENTED_EDGE('',*,*,#6151,.T.);
#4871=ORIENTED_EDGE('',*,*,#6736,.F.);
#4872=ORIENTED_EDGE('',*,*,#6153,.F.);
#4873=ORIENTED_EDGE('',*,*,#6742,.F.);
#4874=ORIENTED_EDGE('',*,*,#6739,.F.);
#4875=ORIENTED_EDGE('',*,*,#6744,.T.);
#4876=ORIENTED_EDGE('',*,*,#6745,.F.);
#4877=ORIENTED_EDGE('',*,*,#6746,.F.);
#4878=ORIENTED_EDGE('',*,*,#6100,.T.);
#4879=ORIENTED_EDGE('',*,*,#6747,.T.);
#4880=ORIENTED_EDGE('',*,*,#6748,.F.);
#4881=ORIENTED_EDGE('',*,*,#6749,.F.);
#4882=ORIENTED_EDGE('',*,*,#6745,.T.);
#4883=ORIENTED_EDGE('',*,*,#6750,.T.);
#4884=ORIENTED_EDGE('',*,*,#6098,.F.);
#4885=ORIENTED_EDGE('',*,*,#6751,.F.);
#4886=ORIENTED_EDGE('',*,*,#6748,.T.);
#4887=ORIENTED_EDGE('',*,*,#6746,.T.);
#4888=ORIENTED_EDGE('',*,*,#6749,.T.);
#4889=ORIENTED_EDGE('',*,*,#6751,.T.);
#4890=ORIENTED_EDGE('',*,*,#6097,.T.);
#4891=ORIENTED_EDGE('',*,*,#6744,.F.);
#4892=ORIENTED_EDGE('',*,*,#6099,.F.);
#4893=ORIENTED_EDGE('',*,*,#6750,.F.);
#4894=ORIENTED_EDGE('',*,*,#6747,.F.);
#4895=ORIENTED_EDGE('',*,*,#6752,.T.);
#4896=ORIENTED_EDGE('',*,*,#6753,.F.);
#4897=ORIENTED_EDGE('',*,*,#6754,.F.);
#4898=ORIENTED_EDGE('',*,*,#6010,.T.);
#4899=ORIENTED_EDGE('',*,*,#6755,.T.);
#4900=ORIENTED_EDGE('',*,*,#6756,.F.);
#4901=ORIENTED_EDGE('',*,*,#6757,.F.);
#4902=ORIENTED_EDGE('',*,*,#6753,.T.);
#4903=ORIENTED_EDGE('',*,*,#6758,.T.);
#4904=ORIENTED_EDGE('',*,*,#6008,.F.);
#4905=ORIENTED_EDGE('',*,*,#6759,.F.);
#4906=ORIENTED_EDGE('',*,*,#6756,.T.);
#4907=ORIENTED_EDGE('',*,*,#6754,.T.);
#4908=ORIENTED_EDGE('',*,*,#6757,.T.);
#4909=ORIENTED_EDGE('',*,*,#6759,.T.);
#4910=ORIENTED_EDGE('',*,*,#6007,.T.);
#4911=ORIENTED_EDGE('',*,*,#6752,.F.);
#4912=ORIENTED_EDGE('',*,*,#6009,.F.);
#4913=ORIENTED_EDGE('',*,*,#6758,.F.);
#4914=ORIENTED_EDGE('',*,*,#6755,.F.);
#4915=ORIENTED_EDGE('',*,*,#6760,.T.);
#4916=ORIENTED_EDGE('',*,*,#6761,.F.);
#4917=ORIENTED_EDGE('',*,*,#6762,.F.);
#4918=ORIENTED_EDGE('',*,*,#6068,.T.);
#4919=ORIENTED_EDGE('',*,*,#6763,.T.);
#4920=ORIENTED_EDGE('',*,*,#6764,.F.);
#4921=ORIENTED_EDGE('',*,*,#6765,.F.);
#4922=ORIENTED_EDGE('',*,*,#6761,.T.);
#4923=ORIENTED_EDGE('',*,*,#6766,.T.);
#4924=ORIENTED_EDGE('',*,*,#6066,.F.);
#4925=ORIENTED_EDGE('',*,*,#6767,.F.);
#4926=ORIENTED_EDGE('',*,*,#6764,.T.);
#4927=ORIENTED_EDGE('',*,*,#6762,.T.);
#4928=ORIENTED_EDGE('',*,*,#6765,.T.);
#4929=ORIENTED_EDGE('',*,*,#6767,.T.);
#4930=ORIENTED_EDGE('',*,*,#6065,.T.);
#4931=ORIENTED_EDGE('',*,*,#6760,.F.);
#4932=ORIENTED_EDGE('',*,*,#6067,.F.);
#4933=ORIENTED_EDGE('',*,*,#6766,.F.);
#4934=ORIENTED_EDGE('',*,*,#6763,.F.);
#4935=ORIENTED_EDGE('',*,*,#6768,.T.);
#4936=ORIENTED_EDGE('',*,*,#6769,.F.);
#4937=ORIENTED_EDGE('',*,*,#6770,.F.);
#4938=ORIENTED_EDGE('',*,*,#6176,.T.);
#4939=ORIENTED_EDGE('',*,*,#6771,.T.);
#4940=ORIENTED_EDGE('',*,*,#6772,.F.);
#4941=ORIENTED_EDGE('',*,*,#6773,.F.);
#4942=ORIENTED_EDGE('',*,*,#6769,.T.);
#4943=ORIENTED_EDGE('',*,*,#6774,.T.);
#4944=ORIENTED_EDGE('',*,*,#6174,.F.);
#4945=ORIENTED_EDGE('',*,*,#6775,.F.);
#4946=ORIENTED_EDGE('',*,*,#6772,.T.);
#4947=ORIENTED_EDGE('',*,*,#6770,.T.);
#4948=ORIENTED_EDGE('',*,*,#6773,.T.);
#4949=ORIENTED_EDGE('',*,*,#6775,.T.);
#4950=ORIENTED_EDGE('',*,*,#6173,.T.);
#4951=ORIENTED_EDGE('',*,*,#6768,.F.);
#4952=ORIENTED_EDGE('',*,*,#6175,.F.);
#4953=ORIENTED_EDGE('',*,*,#6774,.F.);
#4954=ORIENTED_EDGE('',*,*,#6771,.F.);
#4955=ORIENTED_EDGE('',*,*,#6776,.T.);
#4956=ORIENTED_EDGE('',*,*,#6777,.F.);
#4957=ORIENTED_EDGE('',*,*,#6778,.F.);
#4958=ORIENTED_EDGE('',*,*,#6122,.T.);
#4959=ORIENTED_EDGE('',*,*,#6779,.T.);
#4960=ORIENTED_EDGE('',*,*,#6780,.F.);
#4961=ORIENTED_EDGE('',*,*,#6781,.F.);
#4962=ORIENTED_EDGE('',*,*,#6777,.T.);
#4963=ORIENTED_EDGE('',*,*,#6782,.T.);
#4964=ORIENTED_EDGE('',*,*,#6120,.F.);
#4965=ORIENTED_EDGE('',*,*,#6783,.F.);
#4966=ORIENTED_EDGE('',*,*,#6780,.T.);
#4967=ORIENTED_EDGE('',*,*,#6778,.T.);
#4968=ORIENTED_EDGE('',*,*,#6781,.T.);
#4969=ORIENTED_EDGE('',*,*,#6783,.T.);
#4970=ORIENTED_EDGE('',*,*,#6119,.T.);
#4971=ORIENTED_EDGE('',*,*,#6776,.F.);
#4972=ORIENTED_EDGE('',*,*,#6121,.F.);
#4973=ORIENTED_EDGE('',*,*,#6782,.F.);
#4974=ORIENTED_EDGE('',*,*,#6779,.F.);
#4975=ORIENTED_EDGE('',*,*,#6784,.T.);
#4976=ORIENTED_EDGE('',*,*,#6785,.F.);
#4977=ORIENTED_EDGE('',*,*,#6786,.F.);
#4978=ORIENTED_EDGE('',*,*,#6030,.T.);
#4979=ORIENTED_EDGE('',*,*,#6787,.T.);
#4980=ORIENTED_EDGE('',*,*,#6788,.F.);
#4981=ORIENTED_EDGE('',*,*,#6789,.F.);
#4982=ORIENTED_EDGE('',*,*,#6785,.T.);
#4983=ORIENTED_EDGE('',*,*,#6790,.T.);
#4984=ORIENTED_EDGE('',*,*,#6028,.F.);
#4985=ORIENTED_EDGE('',*,*,#6791,.F.);
#4986=ORIENTED_EDGE('',*,*,#6788,.T.);
#4987=ORIENTED_EDGE('',*,*,#6786,.T.);
#4988=ORIENTED_EDGE('',*,*,#6789,.T.);
#4989=ORIENTED_EDGE('',*,*,#6791,.T.);
#4990=ORIENTED_EDGE('',*,*,#6027,.T.);
#4991=ORIENTED_EDGE('',*,*,#6784,.F.);
#4992=ORIENTED_EDGE('',*,*,#6029,.F.);
#4993=ORIENTED_EDGE('',*,*,#6790,.F.);
#4994=ORIENTED_EDGE('',*,*,#6787,.F.);
#4995=ORIENTED_EDGE('',*,*,#6792,.T.);
#4996=ORIENTED_EDGE('',*,*,#6480,.T.);
#4997=ORIENTED_EDGE('',*,*,#6793,.F.);
#4998=ORIENTED_EDGE('',*,*,#6794,.T.);
#4999=ORIENTED_EDGE('',*,*,#6795,.F.);
#5000=ORIENTED_EDGE('',*,*,#6478,.T.);
#5001=ORIENTED_EDGE('',*,*,#6796,.T.);
#5002=ORIENTED_EDGE('',*,*,#6797,.F.);
#5003=ORIENTED_EDGE('',*,*,#6798,.T.);
#5004=ORIENTED_EDGE('',*,*,#6799,.T.);
#5005=ORIENTED_EDGE('',*,*,#6800,.T.);
#5006=ORIENTED_EDGE('',*,*,#6801,.T.);
#5007=ORIENTED_EDGE('',*,*,#6802,.T.);
#5008=ORIENTED_EDGE('',*,*,#6793,.T.);
#5009=ORIENTED_EDGE('',*,*,#6479,.F.);
#5010=ORIENTED_EDGE('',*,*,#6795,.T.);
#5011=ORIENTED_EDGE('',*,*,#6803,.F.);
#5012=ORIENTED_EDGE('',*,*,#6804,.F.);
#5013=ORIENTED_EDGE('',*,*,#6796,.F.);
#5014=ORIENTED_EDGE('',*,*,#6481,.T.);
#5015=ORIENTED_EDGE('',*,*,#6792,.F.);
#5016=ORIENTED_EDGE('',*,*,#6805,.F.);
#5017=ORIENTED_EDGE('',*,*,#6806,.F.);
#5018=ORIENTED_EDGE('',*,*,#6807,.F.);
#5019=ORIENTED_EDGE('',*,*,#6808,.F.);
#5020=ORIENTED_EDGE('',*,*,#6809,.F.);
#5021=ORIENTED_EDGE('',*,*,#6810,.F.);
#5022=ORIENTED_EDGE('',*,*,#6811,.T.);
#5023=ORIENTED_EDGE('',*,*,#6812,.F.);
#5024=ORIENTED_EDGE('',*,*,#6813,.F.);
#5025=ORIENTED_EDGE('',*,*,#6814,.T.);
#5026=ORIENTED_EDGE('',*,*,#6815,.F.);
#5027=ORIENTED_EDGE('',*,*,#6807,.T.);
#5028=ORIENTED_EDGE('',*,*,#6816,.F.);
#5029=ORIENTED_EDGE('',*,*,#6800,.F.);
#5030=ORIENTED_EDGE('',*,*,#6817,.F.);
#5031=ORIENTED_EDGE('',*,*,#6806,.T.);
#5032=ORIENTED_EDGE('',*,*,#6818,.F.);
#5033=ORIENTED_EDGE('',*,*,#6801,.F.);
#5034=ORIENTED_EDGE('',*,*,#6816,.T.);
#5035=ORIENTED_EDGE('',*,*,#6805,.T.);
#5036=ORIENTED_EDGE('',*,*,#6794,.F.);
#5037=ORIENTED_EDGE('',*,*,#6802,.F.);
#5038=ORIENTED_EDGE('',*,*,#6818,.T.);
#5039=ORIENTED_EDGE('',*,*,#6804,.T.);
#5040=ORIENTED_EDGE('',*,*,#6819,.F.);
#5041=ORIENTED_EDGE('',*,*,#6798,.F.);
#5042=ORIENTED_EDGE('',*,*,#6797,.T.);
#5043=ORIENTED_EDGE('',*,*,#6819,.T.);
#5044=ORIENTED_EDGE('',*,*,#6803,.T.);
#5045=ORIENTED_EDGE('',*,*,#6815,.T.);
#5046=ORIENTED_EDGE('',*,*,#6820,.T.);
#5047=ORIENTED_EDGE('',*,*,#6821,.F.);
#5048=ORIENTED_EDGE('',*,*,#6822,.F.);
#5049=ORIENTED_EDGE('',*,*,#6817,.T.);
#5050=ORIENTED_EDGE('',*,*,#6799,.F.);
#5051=ORIENTED_EDGE('',*,*,#6821,.T.);
#5052=ORIENTED_EDGE('',*,*,#6823,.T.);
#5053=ORIENTED_EDGE('',*,*,#6824,.F.);
#5054=ORIENTED_EDGE('',*,*,#6825,.F.);
#5055=ORIENTED_EDGE('',*,*,#6826,.T.);
#5056=ORIENTED_EDGE('',*,*,#6827,.T.);
#5057=ORIENTED_EDGE('',*,*,#6828,.F.);
#5058=ORIENTED_EDGE('',*,*,#6824,.T.);
#5059=ORIENTED_EDGE('',*,*,#6829,.T.);
#5060=ORIENTED_EDGE('',*,*,#6830,.T.);
#5061=ORIENTED_EDGE('',*,*,#6831,.T.);
#5062=ORIENTED_EDGE('',*,*,#6832,.F.);
#5063=ORIENTED_EDGE('',*,*,#6833,.T.);
#5064=ORIENTED_EDGE('',*,*,#6834,.T.);
#5065=ORIENTED_EDGE('',*,*,#6832,.T.);
#5066=ORIENTED_EDGE('',*,*,#6835,.T.);
#5067=ORIENTED_EDGE('',*,*,#6836,.T.);
#5068=ORIENTED_EDGE('',*,*,#6811,.F.);
#5069=ORIENTED_EDGE('',*,*,#6837,.T.);
#5070=ORIENTED_EDGE('',*,*,#6838,.T.);
#5071=ORIENTED_EDGE('',*,*,#6839,.T.);
#5072=ORIENTED_EDGE('',*,*,#6840,.T.);
#5073=ORIENTED_EDGE('',*,*,#6841,.T.);
#5074=ORIENTED_EDGE('',*,*,#6515,.T.);
#5075=ORIENTED_EDGE('',*,*,#6842,.F.);
#5076=ORIENTED_EDGE('',*,*,#6843,.T.);
#5077=ORIENTED_EDGE('',*,*,#6844,.F.);
#5078=ORIENTED_EDGE('',*,*,#6513,.T.);
#5079=ORIENTED_EDGE('',*,*,#6845,.T.);
#5080=ORIENTED_EDGE('',*,*,#6846,.F.);
#5081=ORIENTED_EDGE('',*,*,#6847,.T.);
#5082=ORIENTED_EDGE('',*,*,#6848,.T.);
#5083=ORIENTED_EDGE('',*,*,#6849,.T.);
#5084=ORIENTED_EDGE('',*,*,#6850,.T.);
#5085=ORIENTED_EDGE('',*,*,#6851,.T.);
#5086=ORIENTED_EDGE('',*,*,#6842,.T.);
#5087=ORIENTED_EDGE('',*,*,#6514,.F.);
#5088=ORIENTED_EDGE('',*,*,#6844,.T.);
#5089=ORIENTED_EDGE('',*,*,#6852,.F.);
#5090=ORIENTED_EDGE('',*,*,#6853,.F.);
#5091=ORIENTED_EDGE('',*,*,#6845,.F.);
#5092=ORIENTED_EDGE('',*,*,#6516,.T.);
#5093=ORIENTED_EDGE('',*,*,#6841,.F.);
#5094=ORIENTED_EDGE('',*,*,#6854,.F.);
#5095=ORIENTED_EDGE('',*,*,#6855,.F.);
#5096=ORIENTED_EDGE('',*,*,#6856,.F.);
#5097=ORIENTED_EDGE('',*,*,#6857,.F.);
#5098=ORIENTED_EDGE('',*,*,#6858,.F.);
#5099=ORIENTED_EDGE('',*,*,#6859,.F.);
#5100=ORIENTED_EDGE('',*,*,#6860,.T.);
#5101=ORIENTED_EDGE('',*,*,#6861,.F.);
#5102=ORIENTED_EDGE('',*,*,#6862,.F.);
#5103=ORIENTED_EDGE('',*,*,#6863,.T.);
#5104=ORIENTED_EDGE('',*,*,#6864,.F.);
#5105=ORIENTED_EDGE('',*,*,#6856,.T.);
#5106=ORIENTED_EDGE('',*,*,#6865,.F.);
#5107=ORIENTED_EDGE('',*,*,#6849,.F.);
#5108=ORIENTED_EDGE('',*,*,#6866,.F.);
#5109=ORIENTED_EDGE('',*,*,#6855,.T.);
#5110=ORIENTED_EDGE('',*,*,#6867,.F.);
#5111=ORIENTED_EDGE('',*,*,#6850,.F.);
#5112=ORIENTED_EDGE('',*,*,#6865,.T.);
#5113=ORIENTED_EDGE('',*,*,#6854,.T.);
#5114=ORIENTED_EDGE('',*,*,#6843,.F.);
#5115=ORIENTED_EDGE('',*,*,#6851,.F.);
#5116=ORIENTED_EDGE('',*,*,#6867,.T.);
#5117=ORIENTED_EDGE('',*,*,#6853,.T.);
#5118=ORIENTED_EDGE('',*,*,#6868,.F.);
#5119=ORIENTED_EDGE('',*,*,#6847,.F.);
#5120=ORIENTED_EDGE('',*,*,#6846,.T.);
#5121=ORIENTED_EDGE('',*,*,#6868,.T.);
#5122=ORIENTED_EDGE('',*,*,#6852,.T.);
#5123=ORIENTED_EDGE('',*,*,#6864,.T.);
#5124=ORIENTED_EDGE('',*,*,#6869,.T.);
#5125=ORIENTED_EDGE('',*,*,#6870,.F.);
#5126=ORIENTED_EDGE('',*,*,#6871,.F.);
#5127=ORIENTED_EDGE('',*,*,#6866,.T.);
#5128=ORIENTED_EDGE('',*,*,#6848,.F.);
#5129=ORIENTED_EDGE('',*,*,#6870,.T.);
#5130=ORIENTED_EDGE('',*,*,#6872,.T.);
#5131=ORIENTED_EDGE('',*,*,#6873,.F.);
#5132=ORIENTED_EDGE('',*,*,#6874,.F.);
#5133=ORIENTED_EDGE('',*,*,#6875,.T.);
#5134=ORIENTED_EDGE('',*,*,#6876,.T.);
#5135=ORIENTED_EDGE('',*,*,#6877,.F.);
#5136=ORIENTED_EDGE('',*,*,#6873,.T.);
#5137=ORIENTED_EDGE('',*,*,#6878,.T.);
#5138=ORIENTED_EDGE('',*,*,#6879,.T.);
#5139=ORIENTED_EDGE('',*,*,#6880,.T.);
#5140=ORIENTED_EDGE('',*,*,#6881,.F.);
#5141=ORIENTED_EDGE('',*,*,#6882,.T.);
#5142=ORIENTED_EDGE('',*,*,#6883,.T.);
#5143=ORIENTED_EDGE('',*,*,#6881,.T.);
#5144=ORIENTED_EDGE('',*,*,#6884,.T.);
#5145=ORIENTED_EDGE('',*,*,#6885,.T.);
#5146=ORIENTED_EDGE('',*,*,#6860,.F.);
#5147=ORIENTED_EDGE('',*,*,#6886,.T.);
#5148=ORIENTED_EDGE('',*,*,#6887,.T.);
#5149=ORIENTED_EDGE('',*,*,#6888,.T.);
#5150=ORIENTED_EDGE('',*,*,#6889,.T.);
#5151=ORIENTED_EDGE('',*,*,#6890,.T.);
#5152=ORIENTED_EDGE('',*,*,#6504,.T.);
#5153=ORIENTED_EDGE('',*,*,#6891,.F.);
#5154=ORIENTED_EDGE('',*,*,#6892,.T.);
#5155=ORIENTED_EDGE('',*,*,#6893,.F.);
#5156=ORIENTED_EDGE('',*,*,#6502,.T.);
#5157=ORIENTED_EDGE('',*,*,#6894,.T.);
#5158=ORIENTED_EDGE('',*,*,#6895,.F.);
#5159=ORIENTED_EDGE('',*,*,#6896,.T.);
#5160=ORIENTED_EDGE('',*,*,#6897,.T.);
#5161=ORIENTED_EDGE('',*,*,#6898,.T.);
#5162=ORIENTED_EDGE('',*,*,#6899,.T.);
#5163=ORIENTED_EDGE('',*,*,#6900,.T.);
#5164=ORIENTED_EDGE('',*,*,#6891,.T.);
#5165=ORIENTED_EDGE('',*,*,#6503,.F.);
#5166=ORIENTED_EDGE('',*,*,#6893,.T.);
#5167=ORIENTED_EDGE('',*,*,#6901,.F.);
#5168=ORIENTED_EDGE('',*,*,#6902,.F.);
#5169=ORIENTED_EDGE('',*,*,#6894,.F.);
#5170=ORIENTED_EDGE('',*,*,#6505,.T.);
#5171=ORIENTED_EDGE('',*,*,#6890,.F.);
#5172=ORIENTED_EDGE('',*,*,#6903,.F.);
#5173=ORIENTED_EDGE('',*,*,#6904,.F.);
#5174=ORIENTED_EDGE('',*,*,#6905,.F.);
#5175=ORIENTED_EDGE('',*,*,#6906,.F.);
#5176=ORIENTED_EDGE('',*,*,#6907,.F.);
#5177=ORIENTED_EDGE('',*,*,#6908,.F.);
#5178=ORIENTED_EDGE('',*,*,#6909,.T.);
#5179=ORIENTED_EDGE('',*,*,#6910,.F.);
#5180=ORIENTED_EDGE('',*,*,#6911,.F.);
#5181=ORIENTED_EDGE('',*,*,#6912,.T.);
#5182=ORIENTED_EDGE('',*,*,#6913,.F.);
#5183=ORIENTED_EDGE('',*,*,#6905,.T.);
#5184=ORIENTED_EDGE('',*,*,#6914,.F.);
#5185=ORIENTED_EDGE('',*,*,#6898,.F.);
#5186=ORIENTED_EDGE('',*,*,#6915,.F.);
#5187=ORIENTED_EDGE('',*,*,#6904,.T.);
#5188=ORIENTED_EDGE('',*,*,#6916,.F.);
#5189=ORIENTED_EDGE('',*,*,#6899,.F.);
#5190=ORIENTED_EDGE('',*,*,#6914,.T.);
#5191=ORIENTED_EDGE('',*,*,#6903,.T.);
#5192=ORIENTED_EDGE('',*,*,#6892,.F.);
#5193=ORIENTED_EDGE('',*,*,#6900,.F.);
#5194=ORIENTED_EDGE('',*,*,#6916,.T.);
#5195=ORIENTED_EDGE('',*,*,#6902,.T.);
#5196=ORIENTED_EDGE('',*,*,#6917,.F.);
#5197=ORIENTED_EDGE('',*,*,#6896,.F.);
#5198=ORIENTED_EDGE('',*,*,#6895,.T.);
#5199=ORIENTED_EDGE('',*,*,#6917,.T.);
#5200=ORIENTED_EDGE('',*,*,#6901,.T.);
#5201=ORIENTED_EDGE('',*,*,#6913,.T.);
#5202=ORIENTED_EDGE('',*,*,#6918,.T.);
#5203=ORIENTED_EDGE('',*,*,#6919,.F.);
#5204=ORIENTED_EDGE('',*,*,#6920,.F.);
#5205=ORIENTED_EDGE('',*,*,#6915,.T.);
#5206=ORIENTED_EDGE('',*,*,#6897,.F.);
#5207=ORIENTED_EDGE('',*,*,#6919,.T.);
#5208=ORIENTED_EDGE('',*,*,#6921,.T.);
#5209=ORIENTED_EDGE('',*,*,#6922,.F.);
#5210=ORIENTED_EDGE('',*,*,#6923,.F.);
#5211=ORIENTED_EDGE('',*,*,#6924,.T.);
#5212=ORIENTED_EDGE('',*,*,#6925,.T.);
#5213=ORIENTED_EDGE('',*,*,#6926,.F.);
#5214=ORIENTED_EDGE('',*,*,#6922,.T.);
#5215=ORIENTED_EDGE('',*,*,#6927,.T.);
#5216=ORIENTED_EDGE('',*,*,#6928,.T.);
#5217=ORIENTED_EDGE('',*,*,#6929,.T.);
#5218=ORIENTED_EDGE('',*,*,#6930,.F.);
#5219=ORIENTED_EDGE('',*,*,#6931,.T.);
#5220=ORIENTED_EDGE('',*,*,#6932,.T.);
#5221=ORIENTED_EDGE('',*,*,#6930,.T.);
#5222=ORIENTED_EDGE('',*,*,#6933,.T.);
#5223=ORIENTED_EDGE('',*,*,#6934,.T.);
#5224=ORIENTED_EDGE('',*,*,#6909,.F.);
#5225=ORIENTED_EDGE('',*,*,#6935,.T.);
#5226=ORIENTED_EDGE('',*,*,#6936,.T.);
#5227=ORIENTED_EDGE('',*,*,#6937,.T.);
#5228=ORIENTED_EDGE('',*,*,#6938,.T.);
#5229=ORIENTED_EDGE('',*,*,#6939,.T.);
#5230=ORIENTED_EDGE('',*,*,#6493,.T.);
#5231=ORIENTED_EDGE('',*,*,#6940,.F.);
#5232=ORIENTED_EDGE('',*,*,#6941,.T.);
#5233=ORIENTED_EDGE('',*,*,#6942,.F.);
#5234=ORIENTED_EDGE('',*,*,#6491,.T.);
#5235=ORIENTED_EDGE('',*,*,#6943,.T.);
#5236=ORIENTED_EDGE('',*,*,#6944,.F.);
#5237=ORIENTED_EDGE('',*,*,#6945,.T.);
#5238=ORIENTED_EDGE('',*,*,#6946,.T.);
#5239=ORIENTED_EDGE('',*,*,#6947,.T.);
#5240=ORIENTED_EDGE('',*,*,#6948,.T.);
#5241=ORIENTED_EDGE('',*,*,#6949,.T.);
#5242=ORIENTED_EDGE('',*,*,#6940,.T.);
#5243=ORIENTED_EDGE('',*,*,#6492,.F.);
#5244=ORIENTED_EDGE('',*,*,#6942,.T.);
#5245=ORIENTED_EDGE('',*,*,#6950,.F.);
#5246=ORIENTED_EDGE('',*,*,#6951,.F.);
#5247=ORIENTED_EDGE('',*,*,#6943,.F.);
#5248=ORIENTED_EDGE('',*,*,#6494,.T.);
#5249=ORIENTED_EDGE('',*,*,#6939,.F.);
#5250=ORIENTED_EDGE('',*,*,#6952,.F.);
#5251=ORIENTED_EDGE('',*,*,#6953,.F.);
#5252=ORIENTED_EDGE('',*,*,#6954,.F.);
#5253=ORIENTED_EDGE('',*,*,#6955,.F.);
#5254=ORIENTED_EDGE('',*,*,#6956,.F.);
#5255=ORIENTED_EDGE('',*,*,#6957,.F.);
#5256=ORIENTED_EDGE('',*,*,#6958,.T.);
#5257=ORIENTED_EDGE('',*,*,#6959,.F.);
#5258=ORIENTED_EDGE('',*,*,#6960,.F.);
#5259=ORIENTED_EDGE('',*,*,#6961,.T.);
#5260=ORIENTED_EDGE('',*,*,#6962,.F.);
#5261=ORIENTED_EDGE('',*,*,#6954,.T.);
#5262=ORIENTED_EDGE('',*,*,#6963,.F.);
#5263=ORIENTED_EDGE('',*,*,#6947,.F.);
#5264=ORIENTED_EDGE('',*,*,#6964,.F.);
#5265=ORIENTED_EDGE('',*,*,#6953,.T.);
#5266=ORIENTED_EDGE('',*,*,#6965,.F.);
#5267=ORIENTED_EDGE('',*,*,#6948,.F.);
#5268=ORIENTED_EDGE('',*,*,#6963,.T.);
#5269=ORIENTED_EDGE('',*,*,#6952,.T.);
#5270=ORIENTED_EDGE('',*,*,#6941,.F.);
#5271=ORIENTED_EDGE('',*,*,#6949,.F.);
#5272=ORIENTED_EDGE('',*,*,#6965,.T.);
#5273=ORIENTED_EDGE('',*,*,#6951,.T.);
#5274=ORIENTED_EDGE('',*,*,#6966,.F.);
#5275=ORIENTED_EDGE('',*,*,#6945,.F.);
#5276=ORIENTED_EDGE('',*,*,#6944,.T.);
#5277=ORIENTED_EDGE('',*,*,#6966,.T.);
#5278=ORIENTED_EDGE('',*,*,#6950,.T.);
#5279=ORIENTED_EDGE('',*,*,#6962,.T.);
#5280=ORIENTED_EDGE('',*,*,#6967,.T.);
#5281=ORIENTED_EDGE('',*,*,#6968,.F.);
#5282=ORIENTED_EDGE('',*,*,#6969,.F.);
#5283=ORIENTED_EDGE('',*,*,#6964,.T.);
#5284=ORIENTED_EDGE('',*,*,#6946,.F.);
#5285=ORIENTED_EDGE('',*,*,#6968,.T.);
#5286=ORIENTED_EDGE('',*,*,#6970,.T.);
#5287=ORIENTED_EDGE('',*,*,#6971,.F.);
#5288=ORIENTED_EDGE('',*,*,#6972,.F.);
#5289=ORIENTED_EDGE('',*,*,#6973,.T.);
#5290=ORIENTED_EDGE('',*,*,#6974,.T.);
#5291=ORIENTED_EDGE('',*,*,#6975,.F.);
#5292=ORIENTED_EDGE('',*,*,#6971,.T.);
#5293=ORIENTED_EDGE('',*,*,#6976,.T.);
#5294=ORIENTED_EDGE('',*,*,#6977,.T.);
#5295=ORIENTED_EDGE('',*,*,#6978,.T.);
#5296=ORIENTED_EDGE('',*,*,#6979,.F.);
#5297=ORIENTED_EDGE('',*,*,#6980,.T.);
#5298=ORIENTED_EDGE('',*,*,#6981,.T.);
#5299=ORIENTED_EDGE('',*,*,#6979,.T.);
#5300=ORIENTED_EDGE('',*,*,#6982,.T.);
#5301=ORIENTED_EDGE('',*,*,#6983,.T.);
#5302=ORIENTED_EDGE('',*,*,#6958,.F.);
#5303=ORIENTED_EDGE('',*,*,#6984,.T.);
#5304=ORIENTED_EDGE('',*,*,#6985,.T.);
#5305=ORIENTED_EDGE('',*,*,#6986,.T.);
#5306=ORIENTED_EDGE('',*,*,#6987,.T.);
#5307=ORIENTED_EDGE('',*,*,#6814,.F.);
#5308=ORIENTED_EDGE('',*,*,#6988,.T.);
#5309=ORIENTED_EDGE('',*,*,#6829,.F.);
#5310=ORIENTED_EDGE('',*,*,#6823,.F.);
#5311=ORIENTED_EDGE('',*,*,#6820,.F.);
#5312=ORIENTED_EDGE('',*,*,#6808,.T.);
#5313=ORIENTED_EDGE('',*,*,#6822,.T.);
#5314=ORIENTED_EDGE('',*,*,#6825,.T.);
#5315=ORIENTED_EDGE('',*,*,#6828,.T.);
#5316=ORIENTED_EDGE('',*,*,#6989,.F.);
#5317=ORIENTED_EDGE('',*,*,#6961,.F.);
#5318=ORIENTED_EDGE('',*,*,#6990,.T.);
#5319=ORIENTED_EDGE('',*,*,#6976,.F.);
#5320=ORIENTED_EDGE('',*,*,#6970,.F.);
#5321=ORIENTED_EDGE('',*,*,#6967,.F.);
#5322=ORIENTED_EDGE('',*,*,#6955,.T.);
#5323=ORIENTED_EDGE('',*,*,#6969,.T.);
#5324=ORIENTED_EDGE('',*,*,#6972,.T.);
#5325=ORIENTED_EDGE('',*,*,#6975,.T.);
#5326=ORIENTED_EDGE('',*,*,#6991,.F.);
#5327=ORIENTED_EDGE('',*,*,#6912,.F.);
#5328=ORIENTED_EDGE('',*,*,#6992,.T.);
#5329=ORIENTED_EDGE('',*,*,#6927,.F.);
#5330=ORIENTED_EDGE('',*,*,#6921,.F.);
#5331=ORIENTED_EDGE('',*,*,#6918,.F.);
#5332=ORIENTED_EDGE('',*,*,#6906,.T.);
#5333=ORIENTED_EDGE('',*,*,#6920,.T.);
#5334=ORIENTED_EDGE('',*,*,#6923,.T.);
#5335=ORIENTED_EDGE('',*,*,#6926,.T.);
#5336=ORIENTED_EDGE('',*,*,#6993,.F.);
#5337=ORIENTED_EDGE('',*,*,#6863,.F.);
#5338=ORIENTED_EDGE('',*,*,#6994,.T.);
#5339=ORIENTED_EDGE('',*,*,#6878,.F.);
#5340=ORIENTED_EDGE('',*,*,#6872,.F.);
#5341=ORIENTED_EDGE('',*,*,#6869,.F.);
#5342=ORIENTED_EDGE('',*,*,#6857,.T.);
#5343=ORIENTED_EDGE('',*,*,#6871,.T.);
#5344=ORIENTED_EDGE('',*,*,#6874,.T.);
#5345=ORIENTED_EDGE('',*,*,#6877,.T.);
#5346=ORIENTED_EDGE('',*,*,#6995,.F.);
#5347=ORIENTED_EDGE('',*,*,#6834,.F.);
#5348=ORIENTED_EDGE('',*,*,#6996,.T.);
#5349=ORIENTED_EDGE('',*,*,#6837,.F.);
#5350=ORIENTED_EDGE('',*,*,#6810,.T.);
#5351=ORIENTED_EDGE('',*,*,#6997,.F.);
#5352=ORIENTED_EDGE('',*,*,#6826,.F.);
#5353=ORIENTED_EDGE('',*,*,#6998,.T.);
#5354=ORIENTED_EDGE('',*,*,#6839,.F.);
#5355=ORIENTED_EDGE('',*,*,#6838,.F.);
#5356=ORIENTED_EDGE('',*,*,#6996,.F.);
#5357=ORIENTED_EDGE('',*,*,#6833,.F.);
#5358=ORIENTED_EDGE('',*,*,#6836,.F.);
#5359=ORIENTED_EDGE('',*,*,#6999,.T.);
#5360=ORIENTED_EDGE('',*,*,#6812,.T.);
#5361=ORIENTED_EDGE('',*,*,#6840,.F.);
#5362=ORIENTED_EDGE('',*,*,#6998,.F.);
#5363=ORIENTED_EDGE('',*,*,#6835,.F.);
#5364=ORIENTED_EDGE('',*,*,#6831,.F.);
#5365=ORIENTED_EDGE('',*,*,#6988,.F.);
#5366=ORIENTED_EDGE('',*,*,#6813,.T.);
#5367=ORIENTED_EDGE('',*,*,#6999,.F.);
#5368=ORIENTED_EDGE('',*,*,#6830,.F.);
#5369=ORIENTED_EDGE('',*,*,#6997,.T.);
#5370=ORIENTED_EDGE('',*,*,#6809,.T.);
#5371=ORIENTED_EDGE('',*,*,#6989,.T.);
#5372=ORIENTED_EDGE('',*,*,#6827,.F.);
#5373=ORIENTED_EDGE('',*,*,#6883,.F.);
#5374=ORIENTED_EDGE('',*,*,#7000,.T.);
#5375=ORIENTED_EDGE('',*,*,#6886,.F.);
#5376=ORIENTED_EDGE('',*,*,#6859,.T.);
#5377=ORIENTED_EDGE('',*,*,#7001,.F.);
#5378=ORIENTED_EDGE('',*,*,#6875,.F.);
#5379=ORIENTED_EDGE('',*,*,#7002,.T.);
#5380=ORIENTED_EDGE('',*,*,#6888,.F.);
#5381=ORIENTED_EDGE('',*,*,#6887,.F.);
#5382=ORIENTED_EDGE('',*,*,#7000,.F.);
#5383=ORIENTED_EDGE('',*,*,#6882,.F.);
#5384=ORIENTED_EDGE('',*,*,#6885,.F.);
#5385=ORIENTED_EDGE('',*,*,#7003,.T.);
#5386=ORIENTED_EDGE('',*,*,#6861,.T.);
#5387=ORIENTED_EDGE('',*,*,#6889,.F.);
#5388=ORIENTED_EDGE('',*,*,#7002,.F.);
#5389=ORIENTED_EDGE('',*,*,#6884,.F.);
#5390=ORIENTED_EDGE('',*,*,#6880,.F.);
#5391=ORIENTED_EDGE('',*,*,#6994,.F.);
#5392=ORIENTED_EDGE('',*,*,#6862,.T.);
#5393=ORIENTED_EDGE('',*,*,#7003,.F.);
#5394=ORIENTED_EDGE('',*,*,#6879,.F.);
#5395=ORIENTED_EDGE('',*,*,#7001,.T.);
#5396=ORIENTED_EDGE('',*,*,#6858,.T.);
#5397=ORIENTED_EDGE('',*,*,#6995,.T.);
#5398=ORIENTED_EDGE('',*,*,#6876,.F.);
#5399=ORIENTED_EDGE('',*,*,#6932,.F.);
#5400=ORIENTED_EDGE('',*,*,#7004,.T.);
#5401=ORIENTED_EDGE('',*,*,#6935,.F.);
#5402=ORIENTED_EDGE('',*,*,#6908,.T.);
#5403=ORIENTED_EDGE('',*,*,#7005,.F.);
#5404=ORIENTED_EDGE('',*,*,#6924,.F.);
#5405=ORIENTED_EDGE('',*,*,#7006,.T.);
#5406=ORIENTED_EDGE('',*,*,#6937,.F.);
#5407=ORIENTED_EDGE('',*,*,#6936,.F.);
#5408=ORIENTED_EDGE('',*,*,#7004,.F.);
#5409=ORIENTED_EDGE('',*,*,#6931,.F.);
#5410=ORIENTED_EDGE('',*,*,#6934,.F.);
#5411=ORIENTED_EDGE('',*,*,#7007,.T.);
#5412=ORIENTED_EDGE('',*,*,#6910,.T.);
#5413=ORIENTED_EDGE('',*,*,#6938,.F.);
#5414=ORIENTED_EDGE('',*,*,#7006,.F.);
#5415=ORIENTED_EDGE('',*,*,#6933,.F.);
#5416=ORIENTED_EDGE('',*,*,#6929,.F.);
#5417=ORIENTED_EDGE('',*,*,#6992,.F.);
#5418=ORIENTED_EDGE('',*,*,#6911,.T.);
#5419=ORIENTED_EDGE('',*,*,#7007,.F.);
#5420=ORIENTED_EDGE('',*,*,#6928,.F.);
#5421=ORIENTED_EDGE('',*,*,#7005,.T.);
#5422=ORIENTED_EDGE('',*,*,#6907,.T.);
#5423=ORIENTED_EDGE('',*,*,#6993,.T.);
#5424=ORIENTED_EDGE('',*,*,#6925,.F.);
#5425=ORIENTED_EDGE('',*,*,#6981,.F.);
#5426=ORIENTED_EDGE('',*,*,#7008,.T.);
#5427=ORIENTED_EDGE('',*,*,#6984,.F.);
#5428=ORIENTED_EDGE('',*,*,#6957,.T.);
#5429=ORIENTED_EDGE('',*,*,#7009,.F.);
#5430=ORIENTED_EDGE('',*,*,#6973,.F.);
#5431=ORIENTED_EDGE('',*,*,#7010,.T.);
#5432=ORIENTED_EDGE('',*,*,#6986,.F.);
#5433=ORIENTED_EDGE('',*,*,#6985,.F.);
#5434=ORIENTED_EDGE('',*,*,#7008,.F.);
#5435=ORIENTED_EDGE('',*,*,#6980,.F.);
#5436=ORIENTED_EDGE('',*,*,#6983,.F.);
#5437=ORIENTED_EDGE('',*,*,#7011,.T.);
#5438=ORIENTED_EDGE('',*,*,#6959,.T.);
#5439=ORIENTED_EDGE('',*,*,#6987,.F.);
#5440=ORIENTED_EDGE('',*,*,#7010,.F.);
#5441=ORIENTED_EDGE('',*,*,#6982,.F.);
#5442=ORIENTED_EDGE('',*,*,#6978,.F.);
#5443=ORIENTED_EDGE('',*,*,#6990,.F.);
#5444=ORIENTED_EDGE('',*,*,#6960,.T.);
#5445=ORIENTED_EDGE('',*,*,#7011,.F.);
#5446=ORIENTED_EDGE('',*,*,#6977,.F.);
#5447=ORIENTED_EDGE('',*,*,#7009,.T.);
#5448=ORIENTED_EDGE('',*,*,#6956,.T.);
#5449=ORIENTED_EDGE('',*,*,#6991,.T.);
#5450=ORIENTED_EDGE('',*,*,#6974,.F.);
#5451=ORIENTED_EDGE('',*,*,#5531,.T.);
#5452=ORIENTED_EDGE('',*,*,#7012,.F.);
#5453=ORIENTED_EDGE('',*,*,#7013,.F.);
#5454=ORIENTED_EDGE('',*,*,#7014,.T.);
#5455=ORIENTED_EDGE('',*,*,#5530,.T.);
#5456=ORIENTED_EDGE('',*,*,#7015,.F.);
#5457=ORIENTED_EDGE('',*,*,#7016,.F.);
#5458=ORIENTED_EDGE('',*,*,#7012,.T.);
#5459=ORIENTED_EDGE('',*,*,#5534,.T.);
#5460=ORIENTED_EDGE('',*,*,#7017,.F.);
#5461=ORIENTED_EDGE('',*,*,#7018,.F.);
#5462=ORIENTED_EDGE('',*,*,#7015,.T.);
#5463=ORIENTED_EDGE('',*,*,#5533,.T.);
#5464=ORIENTED_EDGE('',*,*,#7019,.F.);
#5465=ORIENTED_EDGE('',*,*,#7020,.F.);
#5466=ORIENTED_EDGE('',*,*,#7017,.T.);
#5467=ORIENTED_EDGE('',*,*,#5532,.T.);
#5468=ORIENTED_EDGE('',*,*,#7014,.F.);
#5469=ORIENTED_EDGE('',*,*,#7021,.F.);
#5470=ORIENTED_EDGE('',*,*,#7019,.T.);
#5471=ORIENTED_EDGE('',*,*,#7013,.T.);
#5472=ORIENTED_EDGE('',*,*,#7016,.T.);
#5473=ORIENTED_EDGE('',*,*,#7018,.T.);
#5474=ORIENTED_EDGE('',*,*,#7020,.T.);
#5475=ORIENTED_EDGE('',*,*,#7021,.T.);
#5476=ORIENTED_EDGE('',*,*,#7022,.F.);
#5477=ORIENTED_EDGE('',*,*,#5514,.T.);
#5478=ORIENTED_EDGE('',*,*,#7022,.T.);
#5479=ORIENTED_EDGE('',*,*,#5536,.T.);
#5480=ORIENTED_EDGE('',*,*,#7023,.F.);
#5481=ORIENTED_EDGE('',*,*,#7024,.F.);
#5482=ORIENTED_EDGE('',*,*,#7025,.T.);
#5483=ORIENTED_EDGE('',*,*,#5535,.T.);
#5484=ORIENTED_EDGE('',*,*,#7026,.F.);
#5485=ORIENTED_EDGE('',*,*,#7027,.F.);
#5486=ORIENTED_EDGE('',*,*,#7023,.T.);
#5487=ORIENTED_EDGE('',*,*,#5541,.T.);
#5488=ORIENTED_EDGE('',*,*,#7028,.F.);
#5489=ORIENTED_EDGE('',*,*,#7029,.F.);
#5490=ORIENTED_EDGE('',*,*,#7026,.T.);
#5491=ORIENTED_EDGE('',*,*,#5540,.T.);
#5492=ORIENTED_EDGE('',*,*,#7030,.F.);
#5493=ORIENTED_EDGE('',*,*,#7031,.F.);
#5494=ORIENTED_EDGE('',*,*,#7028,.T.);
#5495=ORIENTED_EDGE('',*,*,#5539,.T.);
#5496=ORIENTED_EDGE('',*,*,#7032,.F.);
#5497=ORIENTED_EDGE('',*,*,#7033,.F.);
#5498=ORIENTED_EDGE('',*,*,#7030,.T.);
#5499=ORIENTED_EDGE('',*,*,#5538,.T.);
#5500=ORIENTED_EDGE('',*,*,#7034,.F.);
#5501=ORIENTED_EDGE('',*,*,#7035,.F.);
#5502=ORIENTED_EDGE('',*,*,#7032,.T.);
#5503=ORIENTED_EDGE('',*,*,#5537,.T.);
#5504=ORIENTED_EDGE('',*,*,#7025,.F.);
#5505=ORIENTED_EDGE('',*,*,#7036,.F.);
#5506=ORIENTED_EDGE('',*,*,#7034,.T.);
#5507=ORIENTED_EDGE('',*,*,#7024,.T.);
#5508=ORIENTED_EDGE('',*,*,#7027,.T.);
#5509=ORIENTED_EDGE('',*,*,#7029,.T.);
#5510=ORIENTED_EDGE('',*,*,#7031,.T.);
#5511=ORIENTED_EDGE('',*,*,#7033,.T.);
#5512=ORIENTED_EDGE('',*,*,#7035,.T.);
#5513=ORIENTED_EDGE('',*,*,#7036,.T.);
#5514=EDGE_CURVE('',#7037,#7037,#8049,.T.);
#5515=EDGE_CURVE('',#7038,#7039,#324,.T.);
#5516=EDGE_CURVE('',#7038,#7040,#325,.T.);
#5517=EDGE_CURVE('',#7040,#7041,#326,.T.);
#5518=EDGE_CURVE('',#7041,#7042,#327,.T.);
#5519=EDGE_CURVE('',#7043,#7042,#328,.T.);
#5520=EDGE_CURVE('',#7043,#7044,#329,.T.);
#5521=EDGE_CURVE('',#7044,#7045,#330,.T.);
#5522=EDGE_CURVE('',#7045,#7046,#8050,.T.);
#5523=EDGE_CURVE('',#7046,#7047,#331,.T.);
#5524=EDGE_CURVE('',#7047,#7048,#8051,.T.);
#5525=EDGE_CURVE('',#7048,#7049,#332,.T.);
#5526=EDGE_CURVE('',#7049,#7050,#8052,.T.);
#5527=EDGE_CURVE('',#7050,#7051,#333,.T.);
#5528=EDGE_CURVE('',#7051,#7052,#8053,.T.);
#5529=EDGE_CURVE('',#7052,#7039,#334,.T.);
#5530=EDGE_CURVE('',#7053,#7054,#335,.T.);
#5531=EDGE_CURVE('',#7055,#7053,#336,.T.);
#5532=EDGE_CURVE('',#7056,#7055,#337,.T.);
#5533=EDGE_CURVE('',#7057,#7056,#338,.T.);
#5534=EDGE_CURVE('',#7054,#7057,#339,.T.);
#5535=EDGE_CURVE('',#7058,#7059,#340,.T.);
#5536=EDGE_CURVE('',#7060,#7058,#8054,.T.);
#5537=EDGE_CURVE('',#7061,#7060,#341,.T.);
#5538=EDGE_CURVE('',#7062,#7061,#8055,.T.);
#5539=EDGE_CURVE('',#7063,#7062,#342,.T.);
#5540=EDGE_CURVE('',#7064,#7063,#8056,.T.);
#5541=EDGE_CURVE('',#7059,#7064,#343,.T.);
#5542=EDGE_CURVE('',#7065,#7066,#344,.T.);
#5543=EDGE_CURVE('',#7066,#7067,#345,.T.);
#5544=EDGE_CURVE('',#7068,#7067,#346,.T.);
#5545=EDGE_CURVE('',#7068,#7069,#347,.T.);
#5546=EDGE_CURVE('',#7069,#7070,#348,.T.);
#5547=EDGE_CURVE('',#7071,#7070,#349,.T.);
#5548=EDGE_CURVE('',#7065,#7071,#350,.T.);
#5549=EDGE_CURVE('',#7071,#7072,#351,.T.);
#5550=EDGE_CURVE('',#7070,#7073,#8057,.T.);
#5551=EDGE_CURVE('',#7073,#7074,#352,.T.);
#5552=EDGE_CURVE('',#7074,#7075,#353,.T.);
#5553=EDGE_CURVE('',#7076,#7075,#354,.T.);
#5554=EDGE_CURVE('',#7077,#7076,#8058,.T.);
#5555=EDGE_CURVE('',#7072,#7077,#355,.T.);
#5556=EDGE_CURVE('',#7078,#7079,#8059,.T.);
#5557=EDGE_CURVE('',#7078,#7080,#356,.T.);
#5558=EDGE_CURVE('',#7081,#7080,#8060,.T.);
#5559=EDGE_CURVE('',#7079,#7081,#357,.T.);
#5560=EDGE_CURVE('',#7082,#7083,#358,.T.);
#5561=EDGE_CURVE('',#7083,#7084,#359,.T.);
#5562=EDGE_CURVE('',#7084,#7085,#8061,.T.);
#5563=EDGE_CURVE('',#7085,#7086,#360,.T.);
#5564=EDGE_CURVE('',#7087,#7086,#8062,.T.);
#5565=EDGE_CURVE('',#7088,#7087,#361,.T.);
#5566=EDGE_CURVE('',#7089,#7088,#8063,.T.);
#5567=EDGE_CURVE('',#7082,#7089,#362,.T.);
#5568=EDGE_CURVE('',#7090,#7091,#8064,.T.);
#5569=EDGE_CURVE('',#7090,#7092,#363,.T.);
#5570=EDGE_CURVE('',#7093,#7092,#8065,.T.);
#5571=EDGE_CURVE('',#7091,#7093,#364,.T.);
#5572=EDGE_CURVE('',#7094,#7095,#365,.T.);
#5573=EDGE_CURVE('',#7095,#7096,#366,.T.);
#5574=EDGE_CURVE('',#7096,#7097,#8066,.T.);
#5575=EDGE_CURVE('',#7097,#7098,#367,.T.);
#5576=EDGE_CURVE('',#7098,#7099,#368,.T.);
#5577=EDGE_CURVE('',#7100,#7099,#369,.T.);
#5578=EDGE_CURVE('',#7101,#7100,#8067,.T.);
#5579=EDGE_CURVE('',#7094,#7101,#370,.T.);
#5580=EDGE_CURVE('',#7102,#7103,#371,.T.);
#5581=EDGE_CURVE('',#7104,#7103,#372,.T.);
#5582=EDGE_CURVE('',#7105,#7104,#373,.T.);
#5583=EDGE_CURVE('',#7106,#7105,#8068,.T.);
#5584=EDGE_CURVE('',#7107,#7106,#374,.T.);
#5585=EDGE_CURVE('',#7108,#7107,#8069,.T.);
#5586=EDGE_CURVE('',#7109,#7108,#375,.T.);
#5587=EDGE_CURVE('',#7110,#7109,#8070,.T.);
#5588=EDGE_CURVE('',#7111,#7110,#376,.T.);
#5589=EDGE_CURVE('',#7111,#7112,#8071,.T.);
#5590=EDGE_CURVE('',#7113,#7112,#377,.T.);
#5591=EDGE_CURVE('',#7114,#7113,#8072,.T.);
#5592=EDGE_CURVE('',#7115,#7114,#378,.T.);
#5593=EDGE_CURVE('',#7116,#7115,#8073,.T.);
#5594=EDGE_CURVE('',#7117,#7116,#379,.T.);
#5595=EDGE_CURVE('',#7117,#7118,#8074,.T.);
#5596=EDGE_CURVE('',#7119,#7118,#380,.T.);
#5597=EDGE_CURVE('',#7102,#7119,#8075,.T.);
#5598=EDGE_CURVE('',#7120,#7121,#381,.T.);
#5599=EDGE_CURVE('',#7121,#7122,#382,.T.);
#5600=EDGE_CURVE('',#7051,#7122,#383,.T.);
#5601=EDGE_CURVE('',#7050,#7100,#384,.T.);
#5602=EDGE_CURVE('',#7123,#7099,#385,.T.);
#5603=EDGE_CURVE('',#7124,#7123,#8076,.T.);
#5604=EDGE_CURVE('',#7125,#7124,#386,.T.);
#5605=EDGE_CURVE('',#7126,#7125,#8077,.T.);
#5606=EDGE_CURVE('',#7127,#7126,#387,.T.);
#5607=EDGE_CURVE('',#7128,#7127,#8078,.T.);
#5608=EDGE_CURVE('',#7129,#7128,#388,.T.);
#5609=EDGE_CURVE('',#7129,#7130,#8079,.T.);
#5610=EDGE_CURVE('',#7131,#7130,#389,.T.);
#5611=EDGE_CURVE('',#7132,#7131,#8080,.T.);
#5612=EDGE_CURVE('',#7133,#7132,#390,.T.);
#5613=EDGE_CURVE('',#7134,#7133,#8081,.T.);
#5614=EDGE_CURVE('',#7135,#7134,#391,.T.);
#5615=EDGE_CURVE('',#7135,#7136,#8082,.T.);
#5616=EDGE_CURVE('',#7137,#7136,#392,.T.);
#5617=EDGE_CURVE('',#7120,#7137,#8083,.T.);
#5618=EDGE_CURVE('',#7138,#7139,#393,.T.);
#5619=EDGE_CURVE('',#7140,#7139,#394,.T.);
#5620=EDGE_CURVE('',#7141,#7140,#395,.T.);
#5621=EDGE_CURVE('',#7142,#7141,#8084,.T.);
#5622=EDGE_CURVE('',#7143,#7142,#396,.T.);
#5623=EDGE_CURVE('',#7144,#7143,#8085,.T.);
#5624=EDGE_CURVE('',#7145,#7144,#397,.T.);
#5625=EDGE_CURVE('',#7146,#7145,#8086,.T.);
#5626=EDGE_CURVE('',#7147,#7146,#398,.T.);
#5627=EDGE_CURVE('',#7147,#7148,#8087,.T.);
#5628=EDGE_CURVE('',#7149,#7148,#399,.T.);
#5629=EDGE_CURVE('',#7150,#7149,#8088,.T.);
#5630=EDGE_CURVE('',#7151,#7150,#400,.T.);
#5631=EDGE_CURVE('',#7152,#7151,#8089,.T.);
#5632=EDGE_CURVE('',#7153,#7152,#401,.T.);
#5633=EDGE_CURVE('',#7153,#7154,#8090,.T.);
#5634=EDGE_CURVE('',#7155,#7154,#402,.T.);
#5635=EDGE_CURVE('',#7138,#7155,#8091,.T.);
#5636=EDGE_CURVE('',#7156,#7157,#403,.T.);
#5637=EDGE_CURVE('',#7158,#7157,#404,.T.);
#5638=EDGE_CURVE('',#7159,#7158,#405,.T.);
#5639=EDGE_CURVE('',#7160,#7159,#8092,.T.);
#5640=EDGE_CURVE('',#7161,#7160,#406,.T.);
#5641=EDGE_CURVE('',#7162,#7161,#8093,.T.);
#5642=EDGE_CURVE('',#7163,#7162,#407,.T.);
#5643=EDGE_CURVE('',#7164,#7163,#8094,.T.);
#5644=EDGE_CURVE('',#7165,#7164,#408,.T.);
#5645=EDGE_CURVE('',#7165,#7166,#8095,.T.);
#5646=EDGE_CURVE('',#7167,#7166,#409,.T.);
#5647=EDGE_CURVE('',#7168,#7167,#8096,.T.);
#5648=EDGE_CURVE('',#7169,#7168,#410,.T.);
#5649=EDGE_CURVE('',#7170,#7169,#8097,.T.);
#5650=EDGE_CURVE('',#7171,#7170,#411,.T.);
#5651=EDGE_CURVE('',#7171,#7172,#8098,.T.);
#5652=EDGE_CURVE('',#7173,#7172,#412,.T.);
#5653=EDGE_CURVE('',#7156,#7173,#8099,.T.);
#5654=EDGE_CURVE('',#7138,#7174,#413,.T.);
#5655=EDGE_CURVE('',#7175,#7138,#414,.T.);
#5656=EDGE_CURVE('',#7176,#7175,#415,.T.);
#5657=EDGE_CURVE('',#7174,#7176,#416,.T.);
#5658=EDGE_CURVE('',#7177,#7178,#417,.T.);
#5659=EDGE_CURVE('',#7179,#7177,#418,.T.);
#5660=EDGE_CURVE('',#7179,#7141,#419,.T.);
#5661=EDGE_CURVE('',#7178,#7141,#420,.T.);
#5662=EDGE_CURVE('',#7102,#7180,#421,.T.);
#5663=EDGE_CURVE('',#7181,#7102,#422,.T.);
#5664=EDGE_CURVE('',#7182,#7181,#423,.T.);
#5665=EDGE_CURVE('',#7180,#7182,#424,.T.);
#5666=EDGE_CURVE('',#7183,#7184,#425,.T.);
#5667=EDGE_CURVE('',#7185,#7183,#426,.T.);
#5668=EDGE_CURVE('',#7185,#7105,#427,.T.);
#5669=EDGE_CURVE('',#7184,#7105,#428,.T.);
#5670=EDGE_CURVE('',#7156,#7186,#429,.T.);
#5671=EDGE_CURVE('',#7187,#7156,#430,.T.);
#5672=EDGE_CURVE('',#7188,#7187,#431,.T.);
#5673=EDGE_CURVE('',#7186,#7188,#432,.T.);
#5674=EDGE_CURVE('',#7189,#7190,#433,.T.);
#5675=EDGE_CURVE('',#7191,#7189,#434,.T.);
#5676=EDGE_CURVE('',#7191,#7159,#435,.T.);
#5677=EDGE_CURVE('',#7190,#7159,#436,.T.);
#5678=EDGE_CURVE('',#7121,#7192,#437,.T.);
#5679=EDGE_CURVE('',#7192,#7193,#438,.T.);
#5680=EDGE_CURVE('',#7193,#7194,#8100,.T.);
#5681=EDGE_CURVE('',#7194,#7195,#439,.T.);
#5682=EDGE_CURVE('',#7195,#7196,#440,.T.);
#5683=EDGE_CURVE('',#7197,#7196,#441,.T.);
#5684=EDGE_CURVE('',#7122,#7197,#8101,.T.);
#5685=EDGE_CURVE('',#7120,#7198,#442,.T.);
#5686=EDGE_CURVE('',#7199,#7120,#443,.T.);
#5687=EDGE_CURVE('',#7200,#7199,#444,.T.);
#5688=EDGE_CURVE('',#7198,#7200,#445,.T.);
#5689=EDGE_CURVE('',#7201,#7202,#446,.T.);
#5690=EDGE_CURVE('',#7203,#7201,#447,.T.);
#5691=EDGE_CURVE('',#7203,#7123,#448,.T.);
#5692=EDGE_CURVE('',#7202,#7123,#449,.T.);
#5693=EDGE_CURVE('',#7204,#7205,#450,.T.);
#5694=EDGE_CURVE('',#7205,#7206,#451,.T.);
#5695=EDGE_CURVE('',#7206,#7207,#452,.T.);
#5696=EDGE_CURVE('',#7207,#7208,#8102,.T.);
#5697=EDGE_CURVE('',#7208,#7209,#453,.T.);
#5698=EDGE_CURVE('',#7209,#7210,#454,.T.);
#5699=EDGE_CURVE('',#7211,#7210,#455,.T.);
#5700=EDGE_CURVE('',#7211,#7212,#456,.T.);
#5701=EDGE_CURVE('',#7212,#7213,#457,.T.);
#5702=EDGE_CURVE('',#7213,#7214,#458,.T.);
#5703=EDGE_CURVE('',#7214,#7215,#8103,.T.);
#5704=EDGE_CURVE('',#7215,#7072,#459,.T.);
#5705=EDGE_CURVE('',#7045,#7077,#460,.T.);
#5706=EDGE_CURVE('',#7216,#7044,#461,.T.);
#5707=EDGE_CURVE('',#7216,#7217,#462,.T.);
#5708=EDGE_CURVE('',#7217,#7218,#463,.T.);
#5709=EDGE_CURVE('',#7218,#7219,#464,.T.);
#5710=EDGE_CURVE('',#7219,#7220,#8104,.T.);
#5711=EDGE_CURVE('',#7220,#7221,#465,.T.);
#5712=EDGE_CURVE('',#7221,#7222,#466,.T.);
#5713=EDGE_CURVE('',#7223,#7222,#467,.T.);
#5714=EDGE_CURVE('',#7223,#7224,#468,.T.);
#5715=EDGE_CURVE('',#7224,#7225,#469,.T.);
#5716=EDGE_CURVE('',#7225,#7226,#470,.T.);
#5717=EDGE_CURVE('',#7226,#7227,#8105,.T.);
#5718=EDGE_CURVE('',#7227,#7228,#471,.T.);
#5719=EDGE_CURVE('',#7228,#7229,#472,.T.);
#5720=EDGE_CURVE('',#7204,#7229,#473,.T.);
#5721=EDGE_CURVE('',#7230,#7231,#474,.T.);
#5722=EDGE_CURVE('',#7230,#7232,#475,.T.);
#5723=EDGE_CURVE('',#7232,#7233,#264,.T.);
#5724=EDGE_CURVE('',#7233,#7234,#476,.T.);
#5725=EDGE_CURVE('',#7234,#7235,#265,.T.);
#5726=EDGE_CURVE('',#7235,#7236,#477,.T.);
#5727=EDGE_CURVE('',#7237,#7236,#266,.T.);
#5728=EDGE_CURVE('',#7237,#7238,#478,.T.);
#5729=EDGE_CURVE('',#7239,#7238,#267,.T.);
#5730=EDGE_CURVE('',#7239,#7240,#479,.T.);
#5731=EDGE_CURVE('',#7241,#7240,#268,.T.);
#5732=EDGE_CURVE('',#7241,#7242,#480,.T.);
#5733=EDGE_CURVE('',#7243,#7242,#269,.T.);
#5734=EDGE_CURVE('',#7243,#7244,#481,.T.);
#5735=EDGE_CURVE('',#7245,#7244,#270,.T.);
#5736=EDGE_CURVE('',#7245,#7246,#482,.T.);
#5737=EDGE_CURVE('',#7247,#7246,#271,.T.);
#5738=EDGE_CURVE('',#7247,#7248,#483,.T.);
#5739=EDGE_CURVE('',#7248,#7249,#272,.T.);
#5740=EDGE_CURVE('',#7249,#7250,#484,.T.);
#5741=EDGE_CURVE('',#7250,#7251,#273,.T.);
#5742=EDGE_CURVE('',#7251,#7252,#485,.T.);
#5743=EDGE_CURVE('',#7253,#7252,#486,.T.);
#5744=EDGE_CURVE('',#7253,#7254,#487,.T.);
#5745=EDGE_CURVE('',#7255,#7254,#488,.T.);
#5746=EDGE_CURVE('',#7255,#7256,#489,.T.);
#5747=EDGE_CURVE('',#7256,#7257,#274,.T.);
#5748=EDGE_CURVE('',#7257,#7258,#490,.T.);
#5749=EDGE_CURVE('',#7258,#7259,#275,.T.);
#5750=EDGE_CURVE('',#7259,#7260,#491,.T.);
#5751=EDGE_CURVE('',#7261,#7260,#276,.T.);
#5752=EDGE_CURVE('',#7261,#7262,#492,.T.);
#5753=EDGE_CURVE('',#7263,#7262,#277,.T.);
#5754=EDGE_CURVE('',#7263,#7264,#493,.T.);
#5755=EDGE_CURVE('',#7265,#7264,#278,.T.);
#5756=EDGE_CURVE('',#7265,#7266,#494,.T.);
#5757=EDGE_CURVE('',#7267,#7266,#279,.T.);
#5758=EDGE_CURVE('',#7267,#7268,#495,.T.);
#5759=EDGE_CURVE('',#7269,#7268,#280,.T.);
#5760=EDGE_CURVE('',#7269,#7270,#496,.T.);
#5761=EDGE_CURVE('',#7271,#7270,#281,.T.);
#5762=EDGE_CURVE('',#7271,#7272,#497,.T.);
#5763=EDGE_CURVE('',#7272,#7273,#282,.T.);
#5764=EDGE_CURVE('',#7273,#7274,#498,.T.);
#5765=EDGE_CURVE('',#7274,#7275,#283,.T.);
#5766=EDGE_CURVE('',#7275,#7276,#499,.T.);
#5767=EDGE_CURVE('',#7277,#7276,#500,.T.);
#5768=EDGE_CURVE('',#7277,#7278,#501,.T.);
#5769=EDGE_CURVE('',#7279,#7278,#502,.T.);
#5770=EDGE_CURVE('',#7279,#7280,#503,.T.);
#5771=EDGE_CURVE('',#7280,#7281,#284,.T.);
#5772=EDGE_CURVE('',#7281,#7282,#504,.T.);
#5773=EDGE_CURVE('',#7282,#7283,#285,.T.);
#5774=EDGE_CURVE('',#7283,#7284,#505,.T.);
#5775=EDGE_CURVE('',#7285,#7284,#286,.T.);
#5776=EDGE_CURVE('',#7285,#7286,#506,.T.);
#5777=EDGE_CURVE('',#7287,#7286,#287,.T.);
#5778=EDGE_CURVE('',#7287,#7288,#507,.T.);
#5779=EDGE_CURVE('',#7289,#7288,#288,.T.);
#5780=EDGE_CURVE('',#7289,#7290,#508,.T.);
#5781=EDGE_CURVE('',#7291,#7290,#289,.T.);
#5782=EDGE_CURVE('',#7291,#7292,#509,.T.);
#5783=EDGE_CURVE('',#7042,#7292,#290,.T.);
#5784=EDGE_CURVE('',#7293,#7041,#291,.T.);
#5785=EDGE_CURVE('',#7293,#7294,#510,.T.);
#5786=EDGE_CURVE('',#7294,#7295,#292,.T.);
#5787=EDGE_CURVE('',#7295,#7296,#511,.T.);
#5788=EDGE_CURVE('',#7296,#7297,#293,.T.);
#5789=EDGE_CURVE('',#7297,#7039,#512,.T.);
#5790=EDGE_CURVE('',#7052,#7197,#513,.T.);
#5791=EDGE_CURVE('',#7196,#7298,#514,.T.);
#5792=EDGE_CURVE('',#7299,#7298,#515,.T.);
#5793=EDGE_CURVE('',#7299,#7300,#516,.T.);
#5794=EDGE_CURVE('',#7300,#7301,#294,.T.);
#5795=EDGE_CURVE('',#7301,#7302,#517,.T.);
#5796=EDGE_CURVE('',#7302,#7303,#295,.T.);
#5797=EDGE_CURVE('',#7303,#7304,#518,.T.);
#5798=EDGE_CURVE('',#7305,#7304,#296,.T.);
#5799=EDGE_CURVE('',#7305,#7306,#519,.T.);
#5800=EDGE_CURVE('',#7307,#7306,#297,.T.);
#5801=EDGE_CURVE('',#7307,#7308,#520,.T.);
#5802=EDGE_CURVE('',#7309,#7308,#298,.T.);
#5803=EDGE_CURVE('',#7309,#7310,#521,.T.);
#5804=EDGE_CURVE('',#7311,#7310,#299,.T.);
#5805=EDGE_CURVE('',#7311,#7312,#522,.T.);
#5806=EDGE_CURVE('',#7313,#7312,#300,.T.);
#5807=EDGE_CURVE('',#7313,#7314,#523,.T.);
#5808=EDGE_CURVE('',#7315,#7314,#301,.T.);
#5809=EDGE_CURVE('',#7315,#7316,#524,.T.);
#5810=EDGE_CURVE('',#7316,#7317,#302,.T.);
#5811=EDGE_CURVE('',#7317,#7318,#525,.T.);
#5812=EDGE_CURVE('',#7318,#7319,#303,.T.);
#5813=EDGE_CURVE('',#7319,#7320,#526,.T.);
#5814=EDGE_CURVE('',#7321,#7320,#527,.T.);
#5815=EDGE_CURVE('',#7321,#7231,#528,.T.);
#5816=EDGE_CURVE('',#7210,#7322,#529,.T.);
#5817=EDGE_CURVE('',#7323,#7322,#8106,.T.);
#5818=EDGE_CURVE('',#7323,#7324,#530,.T.);
#5819=EDGE_CURVE('',#7325,#7324,#8107,.T.);
#5820=EDGE_CURVE('',#7325,#7326,#531,.T.);
#5821=EDGE_CURVE('',#7327,#7326,#8108,.T.);
#5822=EDGE_CURVE('',#7327,#7328,#532,.T.);
#5823=EDGE_CURVE('',#7329,#7328,#8109,.T.);
#5824=EDGE_CURVE('',#7329,#7211,#533,.T.);
#5825=EDGE_CURVE('',#7330,#7331,#8110,.T.);
#5826=EDGE_CURVE('',#7330,#7332,#534,.T.);
#5827=EDGE_CURVE('',#7332,#7333,#535,.T.);
#5828=EDGE_CURVE('',#7333,#7334,#8111,.T.);
#5829=EDGE_CURVE('',#7334,#7335,#536,.T.);
#5830=EDGE_CURVE('',#7335,#7336,#8112,.T.);
#5831=EDGE_CURVE('',#7336,#7331,#537,.T.);
#5832=EDGE_CURVE('',#7337,#7338,#538,.T.);
#5833=EDGE_CURVE('',#7338,#7339,#539,.T.);
#5834=EDGE_CURVE('',#7340,#7339,#8113,.T.);
#5835=EDGE_CURVE('',#7340,#7341,#540,.T.);
#5836=EDGE_CURVE('',#7341,#7342,#8114,.T.);
#5837=EDGE_CURVE('',#7342,#7343,#541,.T.);
#5838=EDGE_CURVE('',#7343,#7337,#8115,.T.);
#5839=EDGE_CURVE('',#7344,#7345,#8116,.T.);
#5840=EDGE_CURVE('',#7344,#7216,#542,.T.);
#5841=EDGE_CURVE('',#7346,#7043,#8117,.T.);
#5842=EDGE_CURVE('',#7346,#7347,#543,.T.);
#5843=EDGE_CURVE('',#7348,#7347,#8118,.T.);
#5844=EDGE_CURVE('',#7348,#7349,#544,.T.);
#5845=EDGE_CURVE('',#7350,#7349,#8119,.T.);
#5846=EDGE_CURVE('',#7350,#7345,#545,.T.);
#5847=EDGE_CURVE('',#7338,#7279,#546,.T.);
#5848=EDGE_CURVE('',#7337,#7280,#547,.T.);
#5849=EDGE_CURVE('',#7320,#7332,#548,.T.);
#5850=EDGE_CURVE('',#7333,#7319,#549,.T.);
#5851=EDGE_CURVE('',#7351,#7352,#550,.T.);
#5852=EDGE_CURVE('',#7352,#7353,#551,.T.);
#5853=EDGE_CURVE('',#7354,#7353,#8120,.T.);
#5854=EDGE_CURVE('',#7354,#7355,#552,.T.);
#5855=EDGE_CURVE('',#7355,#7356,#8121,.T.);
#5856=EDGE_CURVE('',#7356,#7357,#553,.T.);
#5857=EDGE_CURVE('',#7357,#7351,#8122,.T.);
#5858=EDGE_CURVE('',#7358,#7359,#8123,.T.);
#5859=EDGE_CURVE('',#7358,#7204,#554,.T.);
#5860=EDGE_CURVE('',#7229,#7360,#555,.T.);
#5861=EDGE_CURVE('',#7361,#7360,#8124,.T.);
#5862=EDGE_CURVE('',#7361,#7362,#556,.T.);
#5863=EDGE_CURVE('',#7363,#7362,#8125,.T.);
#5864=EDGE_CURVE('',#7363,#7364,#557,.T.);
#5865=EDGE_CURVE('',#7365,#7364,#8126,.T.);
#5866=EDGE_CURVE('',#7365,#7359,#558,.T.);
#5867=EDGE_CURVE('',#7366,#7367,#8127,.T.);
#5868=EDGE_CURVE('',#7366,#7368,#559,.T.);
#5869=EDGE_CURVE('',#7368,#7369,#560,.T.);
#5870=EDGE_CURVE('',#7369,#7370,#8128,.T.);
#5871=EDGE_CURVE('',#7370,#7371,#561,.T.);
#5872=EDGE_CURVE('',#7371,#7372,#8129,.T.);
#5873=EDGE_CURVE('',#7372,#7367,#562,.T.);
#5874=EDGE_CURVE('',#7252,#7368,#563,.T.);
#5875=EDGE_CURVE('',#7369,#7251,#564,.T.);
#5876=EDGE_CURVE('',#7352,#7230,#565,.T.);
#5877=EDGE_CURVE('',#7351,#7232,#566,.T.);
#5878=EDGE_CURVE('',#7373,#7374,#567,.T.);
#5879=EDGE_CURVE('',#7374,#7375,#568,.T.);
#5880=EDGE_CURVE('',#7376,#7375,#8130,.T.);
#5881=EDGE_CURVE('',#7376,#7377,#569,.T.);
#5882=EDGE_CURVE('',#7377,#7378,#8131,.T.);
#5883=EDGE_CURVE('',#7378,#7379,#570,.T.);
#5884=EDGE_CURVE('',#7379,#7373,#8132,.T.);
#5885=EDGE_CURVE('',#7380,#7381,#8133,.T.);
#5886=EDGE_CURVE('',#7380,#7223,#571,.T.);
#5887=EDGE_CURVE('',#7222,#7382,#572,.T.);
#5888=EDGE_CURVE('',#7383,#7382,#8134,.T.);
#5889=EDGE_CURVE('',#7383,#7384,#573,.T.);
#5890=EDGE_CURVE('',#7385,#7384,#8135,.T.);
#5891=EDGE_CURVE('',#7385,#7386,#574,.T.);
#5892=EDGE_CURVE('',#7387,#7386,#8136,.T.);
#5893=EDGE_CURVE('',#7387,#7381,#575,.T.);
#5894=EDGE_CURVE('',#7388,#7389,#8137,.T.);
#5895=EDGE_CURVE('',#7388,#7390,#576,.T.);
#5896=EDGE_CURVE('',#7390,#7391,#577,.T.);
#5897=EDGE_CURVE('',#7391,#7392,#8138,.T.);
#5898=EDGE_CURVE('',#7392,#7393,#578,.T.);
#5899=EDGE_CURVE('',#7393,#7394,#8139,.T.);
#5900=EDGE_CURVE('',#7394,#7389,#579,.T.);
#5901=EDGE_CURVE('',#7276,#7390,#580,.T.);
#5902=EDGE_CURVE('',#7391,#7275,#581,.T.);
#5903=EDGE_CURVE('',#7374,#7255,#582,.T.);
#5904=EDGE_CURVE('',#7373,#7256,#583,.T.);
#5905=EDGE_CURVE('',#7395,#7396,#584,.T.);
#5906=EDGE_CURVE('',#7396,#7397,#585,.T.);
#5907=EDGE_CURVE('',#7398,#7397,#8140,.T.);
#5908=EDGE_CURVE('',#7398,#7399,#586,.T.);
#5909=EDGE_CURVE('',#7399,#7400,#8141,.T.);
#5910=EDGE_CURVE('',#7400,#7401,#587,.T.);
#5911=EDGE_CURVE('',#7401,#7395,#8142,.T.);
#5912=EDGE_CURVE('',#7396,#7299,#588,.T.);
#5913=EDGE_CURVE('',#7395,#7300,#589,.T.);
#5914=EDGE_CURVE('',#7046,#7076,#590,.T.);
#5915=EDGE_CURVE('',#7402,#7403,#591,.T.);
#5916=EDGE_CURVE('',#7402,#7404,#592,.T.);
#5917=EDGE_CURVE('',#7404,#7405,#593,.T.);
#5918=EDGE_CURVE('',#7403,#7405,#594,.T.);
#5919=EDGE_CURVE('',#7406,#7407,#595,.T.);
#5920=EDGE_CURVE('',#7406,#7408,#596,.T.);
#5921=EDGE_CURVE('',#7408,#7409,#597,.T.);
#5922=EDGE_CURVE('',#7407,#7409,#598,.T.);
#5923=EDGE_CURVE('',#7410,#7411,#599,.T.);
#5924=EDGE_CURVE('',#7410,#7412,#600,.T.);
#5925=EDGE_CURVE('',#7412,#7413,#601,.T.);
#5926=EDGE_CURVE('',#7411,#7413,#602,.T.);
#5927=EDGE_CURVE('',#7414,#7415,#603,.T.);
#5928=EDGE_CURVE('',#7414,#7416,#604,.T.);
#5929=EDGE_CURVE('',#7416,#7417,#605,.T.);
#5930=EDGE_CURVE('',#7415,#7417,#606,.T.);
#5931=EDGE_CURVE('',#7418,#7419,#607,.T.);
#5932=EDGE_CURVE('',#7418,#7420,#608,.T.);
#5933=EDGE_CURVE('',#7420,#7421,#609,.T.);
#5934=EDGE_CURVE('',#7419,#7421,#610,.T.);
#5935=EDGE_CURVE('',#7422,#7423,#611,.T.);
#5936=EDGE_CURVE('',#7422,#7424,#612,.T.);
#5937=EDGE_CURVE('',#7424,#7425,#613,.T.);
#5938=EDGE_CURVE('',#7423,#7425,#614,.T.);
#5939=EDGE_CURVE('',#7426,#7075,#615,.T.);
#5940=EDGE_CURVE('',#7426,#7427,#616,.T.);
#5941=EDGE_CURVE('',#7427,#7079,#617,.T.);
#5942=EDGE_CURVE('',#7428,#7081,#618,.T.);
#5943=EDGE_CURVE('',#7428,#7429,#619,.T.);
#5944=EDGE_CURVE('',#7429,#7082,#620,.T.);
#5945=EDGE_CURVE('',#7047,#7089,#621,.T.);
#5946=EDGE_CURVE('',#7048,#7088,#622,.T.);
#5947=EDGE_CURVE('',#7430,#7431,#623,.T.);
#5948=EDGE_CURVE('',#7430,#7432,#624,.T.);
#5949=EDGE_CURVE('',#7432,#7433,#625,.T.);
#5950=EDGE_CURVE('',#7431,#7433,#626,.T.);
#5951=EDGE_CURVE('',#7434,#7435,#627,.T.);
#5952=EDGE_CURVE('',#7434,#7436,#628,.T.);
#5953=EDGE_CURVE('',#7436,#7437,#629,.T.);
#5954=EDGE_CURVE('',#7435,#7437,#630,.T.);
#5955=EDGE_CURVE('',#7438,#7439,#631,.T.);
#5956=EDGE_CURVE('',#7438,#7440,#632,.T.);
#5957=EDGE_CURVE('',#7440,#7441,#633,.T.);
#5958=EDGE_CURVE('',#7439,#7441,#634,.T.);
#5959=EDGE_CURVE('',#7442,#7443,#635,.T.);
#5960=EDGE_CURVE('',#7442,#7444,#636,.T.);
#5961=EDGE_CURVE('',#7444,#7445,#637,.T.);
#5962=EDGE_CURVE('',#7443,#7445,#638,.T.);
#5963=EDGE_CURVE('',#7446,#7447,#639,.T.);
#5964=EDGE_CURVE('',#7446,#7448,#640,.T.);
#5965=EDGE_CURVE('',#7448,#7449,#641,.T.);
#5966=EDGE_CURVE('',#7447,#7449,#642,.T.);
#5967=EDGE_CURVE('',#7450,#7451,#643,.T.);
#5968=EDGE_CURVE('',#7450,#7452,#644,.T.);
#5969=EDGE_CURVE('',#7452,#7453,#645,.T.);
#5970=EDGE_CURVE('',#7451,#7453,#646,.T.);
#5971=EDGE_CURVE('',#7454,#7087,#647,.T.);
#5972=EDGE_CURVE('',#7454,#7455,#648,.T.);
#5973=EDGE_CURVE('',#7455,#7091,#649,.T.);
#5974=EDGE_CURVE('',#7456,#7093,#650,.T.);
#5975=EDGE_CURVE('',#7456,#7457,#651,.T.);
#5976=EDGE_CURVE('',#7457,#7094,#652,.T.);
#5977=EDGE_CURVE('',#7049,#7101,#653,.T.);
#5978=EDGE_CURVE('',#7458,#7074,#654,.T.);
#5979=EDGE_CURVE('',#7459,#7458,#655,.T.);
#5980=EDGE_CURVE('',#7459,#7426,#656,.T.);
#5981=EDGE_CURVE('',#7460,#7458,#657,.T.);
#5982=EDGE_CURVE('',#7461,#7460,#658,.T.);
#5983=EDGE_CURVE('',#7461,#7459,#659,.T.);
#5984=EDGE_CURVE('',#7462,#7460,#8143,.T.);
#5985=EDGE_CURVE('',#7463,#7462,#660,.T.);
#5986=EDGE_CURVE('',#7463,#7461,#8144,.T.);
#5987=EDGE_CURVE('',#7462,#7078,#8145,.T.);
#5988=EDGE_CURVE('',#7463,#7427,#8146,.T.);
#5989=EDGE_CURVE('',#7428,#7464,#8147,.T.);
#5990=EDGE_CURVE('',#7465,#7464,#8148,.T.);
#5991=EDGE_CURVE('',#7466,#7465,#661,.T.);
#5992=EDGE_CURVE('',#7467,#7466,#8149,.T.);
#5993=EDGE_CURVE('',#7467,#7468,#8150,.T.);
#5994=EDGE_CURVE('',#7469,#7468,#662,.T.);
#5995=EDGE_CURVE('',#7469,#7470,#8151,.T.);
#5996=EDGE_CURVE('',#7471,#7470,#8152,.T.);
#5997=EDGE_CURVE('',#7472,#7471,#663,.T.);
#5998=EDGE_CURVE('',#7472,#7473,#8153,.T.);
#5999=EDGE_CURVE('',#7474,#7473,#8154,.T.);
#6000=EDGE_CURVE('',#7429,#7474,#664,.T.);
#6001=EDGE_CURVE('',#7474,#7475,#665,.T.);
#6002=EDGE_CURVE('',#7083,#7475,#666,.T.);
#6003=EDGE_CURVE('',#7475,#7476,#8155,.T.);
#6004=EDGE_CURVE('',#7473,#7476,#667,.T.);
#6005=EDGE_CURVE('',#7477,#7476,#8156,.T.);
#6006=EDGE_CURVE('',#7472,#7477,#668,.T.);
#6007=EDGE_CURVE('',#7478,#7479,#669,.T.);
#6008=EDGE_CURVE('',#7478,#7480,#670,.T.);
#6009=EDGE_CURVE('',#7480,#7481,#671,.T.);
#6010=EDGE_CURVE('',#7479,#7481,#672,.T.);
#6011=EDGE_CURVE('',#7477,#7482,#673,.T.);
#6012=EDGE_CURVE('',#7471,#7482,#674,.T.);
#6013=EDGE_CURVE('',#7482,#7483,#8157,.T.);
#6014=EDGE_CURVE('',#7470,#7483,#675,.T.);
#6015=EDGE_CURVE('',#7484,#7483,#8158,.T.);
#6016=EDGE_CURVE('',#7469,#7484,#676,.T.);
#6017=EDGE_CURVE('',#7468,#7485,#677,.T.);
#6018=EDGE_CURVE('',#7486,#7485,#678,.T.);
#6019=EDGE_CURVE('',#7487,#7486,#679,.T.);
#6020=EDGE_CURVE('',#7487,#7488,#680,.T.);
#6021=EDGE_CURVE('',#7488,#7084,#681,.T.);
#6022=EDGE_CURVE('',#7484,#7083,#682,.T.);
#6023=EDGE_CURVE('',#7489,#7485,#8159,.T.);
#6024=EDGE_CURVE('',#7467,#7489,#683,.T.);
#6025=EDGE_CURVE('',#7489,#7490,#8160,.T.);
#6026=EDGE_CURVE('',#7466,#7490,#684,.T.);
#6027=EDGE_CURVE('',#7491,#7492,#685,.T.);
#6028=EDGE_CURVE('',#7491,#7493,#686,.T.);
#6029=EDGE_CURVE('',#7493,#7494,#687,.T.);
#6030=EDGE_CURVE('',#7492,#7494,#688,.T.);
#6031=EDGE_CURVE('',#7490,#7495,#689,.T.);
#6032=EDGE_CURVE('',#7465,#7495,#690,.T.);
#6033=EDGE_CURVE('',#7495,#7496,#8161,.T.);
#6034=EDGE_CURVE('',#7464,#7496,#691,.T.);
#6035=EDGE_CURVE('',#7080,#7496,#8162,.T.);
#6036=EDGE_CURVE('',#7497,#7498,#8163,.T.);
#6037=EDGE_CURVE('',#7499,#7497,#692,.T.);
#6038=EDGE_CURVE('',#7499,#7500,#8164,.T.);
#6039=EDGE_CURVE('',#7500,#7498,#693,.T.);
#6040=EDGE_CURVE('',#7501,#7498,#8165,.T.);
#6041=EDGE_CURVE('',#7502,#7500,#8166,.T.);
#6042=EDGE_CURVE('',#7502,#7501,#694,.T.);
#6043=EDGE_CURVE('',#7503,#7504,#695,.T.);
#6044=EDGE_CURVE('',#7503,#7505,#696,.T.);
#6045=EDGE_CURVE('',#7505,#7506,#697,.T.);
#6046=EDGE_CURVE('',#7504,#7506,#698,.T.);
#6047=EDGE_CURVE('',#7501,#7507,#699,.T.);
#6048=EDGE_CURVE('',#7502,#7508,#700,.T.);
#6049=EDGE_CURVE('',#7508,#7507,#701,.T.);
#6050=EDGE_CURVE('',#7507,#7509,#8167,.T.);
#6051=EDGE_CURVE('',#7508,#7510,#8168,.T.);
#6052=EDGE_CURVE('',#7510,#7509,#702,.T.);
#6053=EDGE_CURVE('',#7511,#7509,#8169,.T.);
#6054=EDGE_CURVE('',#7512,#7510,#8170,.T.);
#6055=EDGE_CURVE('',#7512,#7511,#703,.T.);
#6056=EDGE_CURVE('',#7511,#7513,#704,.T.);
#6057=EDGE_CURVE('',#7512,#7514,#705,.T.);
#6058=EDGE_CURVE('',#7514,#7513,#706,.T.);
#6059=EDGE_CURVE('',#7515,#7513,#8171,.T.);
#6060=EDGE_CURVE('',#7516,#7514,#8172,.T.);
#6061=EDGE_CURVE('',#7516,#7515,#707,.T.);
#6062=EDGE_CURVE('',#7515,#7517,#8173,.T.);
#6063=EDGE_CURVE('',#7516,#7518,#8174,.T.);
#6064=EDGE_CURVE('',#7518,#7517,#708,.T.);
#6065=EDGE_CURVE('',#7519,#7520,#709,.T.);
#6066=EDGE_CURVE('',#7519,#7521,#710,.T.);
#6067=EDGE_CURVE('',#7521,#7522,#711,.T.);
#6068=EDGE_CURVE('',#7520,#7522,#712,.T.);
#6069=EDGE_CURVE('',#7517,#7523,#713,.T.);
#6070=EDGE_CURVE('',#7518,#7524,#714,.T.);
#6071=EDGE_CURVE('',#7524,#7523,#715,.T.);
#6072=EDGE_CURVE('',#7523,#7525,#8175,.T.);
#6073=EDGE_CURVE('',#7524,#7526,#8176,.T.);
#6074=EDGE_CURVE('',#7526,#7525,#716,.T.);
#6075=EDGE_CURVE('',#7422,#7526,#8177,.T.);
#6076=EDGE_CURVE('',#7424,#7499,#717,.T.);
#6077=EDGE_CURVE('',#7425,#7497,#718,.T.);
#6078=EDGE_CURVE('',#7423,#7525,#8178,.T.);
#6079=EDGE_CURVE('',#7527,#7418,#719,.T.);
#6080=EDGE_CURVE('',#7528,#7527,#720,.T.);
#6081=EDGE_CURVE('',#7529,#7528,#8179,.T.);
#6082=EDGE_CURVE('',#7529,#7420,#8180,.T.);
#6083=EDGE_CURVE('',#7530,#7421,#8181,.T.);
#6084=EDGE_CURVE('',#7530,#7531,#8182,.T.);
#6085=EDGE_CURVE('',#7531,#7532,#721,.T.);
#6086=EDGE_CURVE('',#7532,#7419,#722,.T.);
#6087=EDGE_CURVE('',#7529,#7530,#723,.T.);
#6088=EDGE_CURVE('',#7528,#7531,#724,.T.);
#6089=EDGE_CURVE('',#7527,#7532,#725,.T.);
#6090=EDGE_CURVE('',#7533,#7534,#8183,.T.);
#6091=EDGE_CURVE('',#7535,#7533,#726,.T.);
#6092=EDGE_CURVE('',#7535,#7536,#8184,.T.);
#6093=EDGE_CURVE('',#7536,#7534,#727,.T.);
#6094=EDGE_CURVE('',#7537,#7534,#8185,.T.);
#6095=EDGE_CURVE('',#7538,#7536,#8186,.T.);
#6096=EDGE_CURVE('',#7538,#7537,#728,.T.);
#6097=EDGE_CURVE('',#7539,#7540,#729,.T.);
#6098=EDGE_CURVE('',#7539,#7541,#730,.T.);
#6099=EDGE_CURVE('',#7541,#7542,#731,.T.);
#6100=EDGE_CURVE('',#7540,#7542,#732,.T.);
#6101=EDGE_CURVE('',#7537,#7543,#733,.T.);
#6102=EDGE_CURVE('',#7538,#7544,#734,.T.);
#6103=EDGE_CURVE('',#7544,#7543,#735,.T.);
#6104=EDGE_CURVE('',#7543,#7545,#8187,.T.);
#6105=EDGE_CURVE('',#7544,#7546,#8188,.T.);
#6106=EDGE_CURVE('',#7546,#7545,#736,.T.);
#6107=EDGE_CURVE('',#7547,#7545,#8189,.T.);
#6108=EDGE_CURVE('',#7548,#7546,#8190,.T.);
#6109=EDGE_CURVE('',#7548,#7547,#737,.T.);
#6110=EDGE_CURVE('',#7547,#7549,#738,.T.);
#6111=EDGE_CURVE('',#7548,#7550,#739,.T.);
#6112=EDGE_CURVE('',#7550,#7549,#740,.T.);
#6113=EDGE_CURVE('',#7551,#7549,#8191,.T.);
#6114=EDGE_CURVE('',#7552,#7550,#8192,.T.);
#6115=EDGE_CURVE('',#7552,#7551,#741,.T.);
#6116=EDGE_CURVE('',#7551,#7553,#8193,.T.);
#6117=EDGE_CURVE('',#7552,#7554,#8194,.T.);
#6118=EDGE_CURVE('',#7554,#7553,#742,.T.);
#6119=EDGE_CURVE('',#7555,#7556,#743,.T.);
#6120=EDGE_CURVE('',#7555,#7557,#744,.T.);
#6121=EDGE_CURVE('',#7557,#7558,#745,.T.);
#6122=EDGE_CURVE('',#7556,#7558,#746,.T.);
#6123=EDGE_CURVE('',#7553,#7559,#747,.T.);
#6124=EDGE_CURVE('',#7554,#7560,#748,.T.);
#6125=EDGE_CURVE('',#7560,#7559,#749,.T.);
#6126=EDGE_CURVE('',#7559,#7561,#8195,.T.);
#6127=EDGE_CURVE('',#7560,#7562,#8196,.T.);
#6128=EDGE_CURVE('',#7562,#7561,#750,.T.);
#6129=EDGE_CURVE('',#7414,#7562,#8197,.T.);
#6130=EDGE_CURVE('',#7416,#7535,#751,.T.);
#6131=EDGE_CURVE('',#7417,#7533,#752,.T.);
#6132=EDGE_CURVE('',#7415,#7561,#8198,.T.);
#6133=EDGE_CURVE('',#7563,#7410,#753,.T.);
#6134=EDGE_CURVE('',#7564,#7563,#754,.T.);
#6135=EDGE_CURVE('',#7565,#7564,#8199,.T.);
#6136=EDGE_CURVE('',#7565,#7412,#8200,.T.);
#6137=EDGE_CURVE('',#7566,#7413,#8201,.T.);
#6138=EDGE_CURVE('',#7566,#7567,#8202,.T.);
#6139=EDGE_CURVE('',#7567,#7568,#755,.T.);
#6140=EDGE_CURVE('',#7568,#7411,#756,.T.);
#6141=EDGE_CURVE('',#7565,#7566,#757,.T.);
#6142=EDGE_CURVE('',#7564,#7567,#758,.T.);
#6143=EDGE_CURVE('',#7563,#7568,#759,.T.);
#6144=EDGE_CURVE('',#7569,#7570,#8203,.T.);
#6145=EDGE_CURVE('',#7571,#7569,#760,.T.);
#6146=EDGE_CURVE('',#7571,#7572,#8204,.T.);
#6147=EDGE_CURVE('',#7572,#7570,#761,.T.);
#6148=EDGE_CURVE('',#7573,#7570,#8205,.T.);
#6149=EDGE_CURVE('',#7574,#7572,#8206,.T.);
#6150=EDGE_CURVE('',#7574,#7573,#762,.T.);
#6151=EDGE_CURVE('',#7575,#7576,#763,.T.);
#6152=EDGE_CURVE('',#7575,#7577,#764,.T.);
#6153=EDGE_CURVE('',#7577,#7578,#765,.T.);
#6154=EDGE_CURVE('',#7576,#7578,#766,.T.);
#6155=EDGE_CURVE('',#7573,#7579,#767,.T.);
#6156=EDGE_CURVE('',#7574,#7580,#768,.T.);
#6157=EDGE_CURVE('',#7580,#7579,#769,.T.);
#6158=EDGE_CURVE('',#7579,#7581,#8207,.T.);
#6159=EDGE_CURVE('',#7580,#7582,#8208,.T.);
#6160=EDGE_CURVE('',#7582,#7581,#770,.T.);
#6161=EDGE_CURVE('',#7583,#7581,#8209,.T.);
#6162=EDGE_CURVE('',#7584,#7582,#8210,.T.);
#6163=EDGE_CURVE('',#7584,#7583,#771,.T.);
#6164=EDGE_CURVE('',#7583,#7585,#772,.T.);
#6165=EDGE_CURVE('',#7584,#7586,#773,.T.);
#6166=EDGE_CURVE('',#7586,#7585,#774,.T.);
#6167=EDGE_CURVE('',#7587,#7585,#8211,.T.);
#6168=EDGE_CURVE('',#7588,#7586,#8212,.T.);
#6169=EDGE_CURVE('',#7588,#7587,#775,.T.);
#6170=EDGE_CURVE('',#7587,#7589,#8213,.T.);
#6171=EDGE_CURVE('',#7588,#7590,#8214,.T.);
#6172=EDGE_CURVE('',#7590,#7589,#776,.T.);
#6173=EDGE_CURVE('',#7591,#7592,#777,.T.);
#6174=EDGE_CURVE('',#7591,#7593,#778,.T.);
#6175=EDGE_CURVE('',#7593,#7594,#779,.T.);
#6176=EDGE_CURVE('',#7592,#7594,#780,.T.);
#6177=EDGE_CURVE('',#7589,#7595,#781,.T.);
#6178=EDGE_CURVE('',#7590,#7596,#782,.T.);
#6179=EDGE_CURVE('',#7596,#7595,#783,.T.);
#6180=EDGE_CURVE('',#7595,#7597,#8215,.T.);
#6181=EDGE_CURVE('',#7596,#7598,#8216,.T.);
#6182=EDGE_CURVE('',#7598,#7597,#784,.T.);
#6183=EDGE_CURVE('',#7406,#7598,#8217,.T.);
#6184=EDGE_CURVE('',#7408,#7571,#785,.T.);
#6185=EDGE_CURVE('',#7409,#7569,#786,.T.);
#6186=EDGE_CURVE('',#7407,#7597,#8218,.T.);
#6187=EDGE_CURVE('',#7599,#7402,#787,.T.);
#6188=EDGE_CURVE('',#7600,#7599,#788,.T.);
#6189=EDGE_CURVE('',#7601,#7600,#8219,.T.);
#6190=EDGE_CURVE('',#7601,#7404,#8220,.T.);
#6191=EDGE_CURVE('',#7602,#7405,#8221,.T.);
#6192=EDGE_CURVE('',#7602,#7603,#8222,.T.);
#6193=EDGE_CURVE('',#7603,#7604,#789,.T.);
#6194=EDGE_CURVE('',#7604,#7403,#790,.T.);
#6195=EDGE_CURVE('',#7601,#7602,#791,.T.);
#6196=EDGE_CURVE('',#7600,#7603,#792,.T.);
#6197=EDGE_CURVE('',#7599,#7604,#793,.T.);
#6198=EDGE_CURVE('',#7456,#7605,#8223,.T.);
#6199=EDGE_CURVE('',#7606,#7605,#8224,.T.);
#6200=EDGE_CURVE('',#7607,#7606,#794,.T.);
#6201=EDGE_CURVE('',#7608,#7607,#8225,.T.);
#6202=EDGE_CURVE('',#7457,#7608,#795,.T.);
#6203=EDGE_CURVE('',#7608,#7609,#796,.T.);
#6204=EDGE_CURVE('',#7095,#7609,#797,.T.);
#6205=EDGE_CURVE('',#7092,#7610,#8226,.T.);
#6206=EDGE_CURVE('',#7605,#7610,#798,.T.);
#6207=EDGE_CURVE('',#7611,#7610,#8227,.T.);
#6208=EDGE_CURVE('',#7606,#7611,#799,.T.);
#6209=EDGE_CURVE('',#7612,#7611,#800,.T.);
#6210=EDGE_CURVE('',#7607,#7612,#801,.T.);
#6211=EDGE_CURVE('',#7609,#7612,#8228,.T.);
#6212=EDGE_CURVE('',#7454,#7613,#8229,.T.);
#6213=EDGE_CURVE('',#7614,#7613,#8230,.T.);
#6214=EDGE_CURVE('',#7615,#7614,#802,.T.);
#6215=EDGE_CURVE('',#7616,#7615,#8231,.T.);
#6216=EDGE_CURVE('',#7616,#7617,#8232,.T.);
#6217=EDGE_CURVE('',#7618,#7617,#803,.T.);
#6218=EDGE_CURVE('',#7618,#7619,#8233,.T.);
#6219=EDGE_CURVE('',#7620,#7619,#8234,.T.);
#6220=EDGE_CURVE('',#7621,#7620,#804,.T.);
#6221=EDGE_CURVE('',#7622,#7621,#8235,.T.);
#6222=EDGE_CURVE('',#7622,#7455,#8236,.T.);
#6223=EDGE_CURVE('',#7623,#7090,#8237,.T.);
#6224=EDGE_CURVE('',#7622,#7623,#805,.T.);
#6225=EDGE_CURVE('',#7623,#7624,#8238,.T.);
#6226=EDGE_CURVE('',#7621,#7624,#806,.T.);
#6227=EDGE_CURVE('',#7624,#7625,#807,.T.);
#6228=EDGE_CURVE('',#7620,#7625,#808,.T.);
#6229=EDGE_CURVE('',#7625,#7626,#8239,.T.);
#6230=EDGE_CURVE('',#7619,#7626,#809,.T.);
#6231=EDGE_CURVE('',#7627,#7626,#8240,.T.);
#6232=EDGE_CURVE('',#7618,#7627,#810,.T.);
#6233=EDGE_CURVE('',#7617,#7628,#811,.T.);
#6234=EDGE_CURVE('',#7086,#7628,#812,.T.);
#6235=EDGE_CURVE('',#7629,#7085,#813,.T.);
#6236=EDGE_CURVE('',#7629,#7630,#814,.T.);
#6237=EDGE_CURVE('',#7630,#7096,#815,.T.);
#6238=EDGE_CURVE('',#7092,#7095,#816,.T.);
#6239=EDGE_CURVE('',#7627,#7090,#817,.T.);
#6240=EDGE_CURVE('',#7631,#7628,#8241,.T.);
#6241=EDGE_CURVE('',#7616,#7631,#818,.T.);
#6242=EDGE_CURVE('',#7631,#7632,#8242,.T.);
#6243=EDGE_CURVE('',#7615,#7632,#819,.T.);
#6244=EDGE_CURVE('',#7632,#7633,#820,.T.);
#6245=EDGE_CURVE('',#7614,#7633,#821,.T.);
#6246=EDGE_CURVE('',#7633,#7634,#8243,.T.);
#6247=EDGE_CURVE('',#7613,#7634,#822,.T.);
#6248=EDGE_CURVE('',#7086,#7634,#8244,.T.);
#6249=EDGE_CURVE('',#7635,#7636,#8245,.T.);
#6250=EDGE_CURVE('',#7637,#7635,#823,.T.);
#6251=EDGE_CURVE('',#7637,#7638,#8246,.T.);
#6252=EDGE_CURVE('',#7638,#7636,#824,.T.);
#6253=EDGE_CURVE('',#7636,#7639,#825,.T.);
#6254=EDGE_CURVE('',#7638,#7640,#826,.T.);
#6255=EDGE_CURVE('',#7640,#7639,#827,.T.);
#6256=EDGE_CURVE('',#7639,#7641,#8247,.T.);
#6257=EDGE_CURVE('',#7640,#7642,#8248,.T.);
#6258=EDGE_CURVE('',#7642,#7641,#828,.T.);
#6259=EDGE_CURVE('',#7450,#7642,#8249,.T.);
#6260=EDGE_CURVE('',#7452,#7637,#829,.T.);
#6261=EDGE_CURVE('',#7453,#7635,#830,.T.);
#6262=EDGE_CURVE('',#7451,#7641,#8250,.T.);
#6263=EDGE_CURVE('',#7446,#7643,#8251,.T.);
#6264=EDGE_CURVE('',#7644,#7643,#8252,.T.);
#6265=EDGE_CURVE('',#7645,#7644,#831,.T.);
#6266=EDGE_CURVE('',#7646,#7645,#8253,.T.);
#6267=EDGE_CURVE('',#7646,#7647,#8254,.T.);
#6268=EDGE_CURVE('',#7648,#7647,#832,.T.);
#6269=EDGE_CURVE('',#7648,#7649,#8255,.T.);
#6270=EDGE_CURVE('',#7650,#7649,#8256,.T.);
#6271=EDGE_CURVE('',#7651,#7650,#833,.T.);
#6272=EDGE_CURVE('',#7652,#7651,#8257,.T.);
#6273=EDGE_CURVE('',#7652,#7448,#8258,.T.);
#6274=EDGE_CURVE('',#7653,#7449,#8259,.T.);
#6275=EDGE_CURVE('',#7653,#7654,#8260,.T.);
#6276=EDGE_CURVE('',#7654,#7655,#834,.T.);
#6277=EDGE_CURVE('',#7655,#7656,#8261,.T.);
#6278=EDGE_CURVE('',#7657,#7656,#8262,.T.);
#6279=EDGE_CURVE('',#7657,#7658,#835,.T.);
#6280=EDGE_CURVE('',#7659,#7658,#8263,.T.);
#6281=EDGE_CURVE('',#7659,#7660,#8264,.T.);
#6282=EDGE_CURVE('',#7660,#7661,#836,.T.);
#6283=EDGE_CURVE('',#7661,#7662,#8265,.T.);
#6284=EDGE_CURVE('',#7447,#7662,#8266,.T.);
#6285=EDGE_CURVE('',#7652,#7653,#837,.T.);
#6286=EDGE_CURVE('',#7651,#7654,#838,.T.);
#6287=EDGE_CURVE('',#7650,#7655,#839,.T.);
#6288=EDGE_CURVE('',#7649,#7656,#840,.T.);
#6289=EDGE_CURVE('',#7648,#7657,#841,.T.);
#6290=EDGE_CURVE('',#7647,#7658,#842,.T.);
#6291=EDGE_CURVE('',#7646,#7659,#843,.T.);
#6292=EDGE_CURVE('',#7645,#7660,#844,.T.);
#6293=EDGE_CURVE('',#7644,#7661,#845,.T.);
#6294=EDGE_CURVE('',#7643,#7662,#846,.T.);
#6295=EDGE_CURVE('',#7663,#7664,#8267,.T.);
#6296=EDGE_CURVE('',#7665,#7663,#847,.T.);
#6297=EDGE_CURVE('',#7665,#7666,#8268,.T.);
#6298=EDGE_CURVE('',#7666,#7664,#848,.T.);
#6299=EDGE_CURVE('',#7664,#7667,#849,.T.);
#6300=EDGE_CURVE('',#7666,#7668,#850,.T.);
#6301=EDGE_CURVE('',#7668,#7667,#851,.T.);
#6302=EDGE_CURVE('',#7667,#7669,#8269,.T.);
#6303=EDGE_CURVE('',#7668,#7670,#8270,.T.);
#6304=EDGE_CURVE('',#7670,#7669,#852,.T.);
#6305=EDGE_CURVE('',#7442,#7670,#8271,.T.);
#6306=EDGE_CURVE('',#7444,#7665,#853,.T.);
#6307=EDGE_CURVE('',#7445,#7663,#854,.T.);
#6308=EDGE_CURVE('',#7443,#7669,#8272,.T.);
#6309=EDGE_CURVE('',#7438,#7671,#8273,.T.);
#6310=EDGE_CURVE('',#7672,#7671,#8274,.T.);
#6311=EDGE_CURVE('',#7673,#7672,#855,.T.);
#6312=EDGE_CURVE('',#7674,#7673,#8275,.T.);
#6313=EDGE_CURVE('',#7674,#7675,#8276,.T.);
#6314=EDGE_CURVE('',#7676,#7675,#856,.T.);
#6315=EDGE_CURVE('',#7676,#7677,#8277,.T.);
#6316=EDGE_CURVE('',#7678,#7677,#8278,.T.);
#6317=EDGE_CURVE('',#7679,#7678,#857,.T.);
#6318=EDGE_CURVE('',#7680,#7679,#8279,.T.);
#6319=EDGE_CURVE('',#7680,#7440,#8280,.T.);
#6320=EDGE_CURVE('',#7681,#7441,#8281,.T.);
#6321=EDGE_CURVE('',#7681,#7682,#8282,.T.);
#6322=EDGE_CURVE('',#7682,#7683,#858,.T.);
#6323=EDGE_CURVE('',#7683,#7684,#8283,.T.);
#6324=EDGE_CURVE('',#7685,#7684,#8284,.T.);
#6325=EDGE_CURVE('',#7685,#7686,#859,.T.);
#6326=EDGE_CURVE('',#7687,#7686,#8285,.T.);
#6327=EDGE_CURVE('',#7687,#7688,#8286,.T.);
#6328=EDGE_CURVE('',#7688,#7689,#860,.T.);
#6329=EDGE_CURVE('',#7689,#7690,#8287,.T.);
#6330=EDGE_CURVE('',#7439,#7690,#8288,.T.);
#6331=EDGE_CURVE('',#7680,#7681,#861,.T.);
#6332=EDGE_CURVE('',#7679,#7682,#862,.T.);
#6333=EDGE_CURVE('',#7678,#7683,#863,.T.);
#6334=EDGE_CURVE('',#7677,#7684,#864,.T.);
#6335=EDGE_CURVE('',#7676,#7685,#865,.T.);
#6336=EDGE_CURVE('',#7675,#7686,#866,.T.);
#6337=EDGE_CURVE('',#7674,#7687,#867,.T.);
#6338=EDGE_CURVE('',#7673,#7688,#868,.T.);
#6339=EDGE_CURVE('',#7672,#7689,#869,.T.);
#6340=EDGE_CURVE('',#7671,#7690,#870,.T.);
#6341=EDGE_CURVE('',#7691,#7692,#8289,.T.);
#6342=EDGE_CURVE('',#7693,#7691,#871,.T.);
#6343=EDGE_CURVE('',#7693,#7694,#8290,.T.);
#6344=EDGE_CURVE('',#7694,#7692,#872,.T.);
#6345=EDGE_CURVE('',#7692,#7695,#873,.T.);
#6346=EDGE_CURVE('',#7694,#7696,#874,.T.);
#6347=EDGE_CURVE('',#7696,#7695,#875,.T.);
#6348=EDGE_CURVE('',#7695,#7697,#8291,.T.);
#6349=EDGE_CURVE('',#7696,#7698,#8292,.T.);
#6350=EDGE_CURVE('',#7698,#7697,#876,.T.);
#6351=EDGE_CURVE('',#7434,#7698,#8293,.T.);
#6352=EDGE_CURVE('',#7436,#7693,#877,.T.);
#6353=EDGE_CURVE('',#7437,#7691,#878,.T.);
#6354=EDGE_CURVE('',#7435,#7697,#8294,.T.);
#6355=EDGE_CURVE('',#7430,#7699,#8295,.T.);
#6356=EDGE_CURVE('',#7700,#7699,#8296,.T.);
#6357=EDGE_CURVE('',#7701,#7700,#879,.T.);
#6358=EDGE_CURVE('',#7702,#7701,#8297,.T.);
#6359=EDGE_CURVE('',#7702,#7703,#8298,.T.);
#6360=EDGE_CURVE('',#7704,#7703,#880,.T.);
#6361=EDGE_CURVE('',#7704,#7705,#8299,.T.);
#6362=EDGE_CURVE('',#7706,#7705,#8300,.T.);
#6363=EDGE_CURVE('',#7707,#7706,#881,.T.);
#6364=EDGE_CURVE('',#7708,#7707,#8301,.T.);
#6365=EDGE_CURVE('',#7708,#7432,#8302,.T.);
#6366=EDGE_CURVE('',#7709,#7433,#8303,.T.);
#6367=EDGE_CURVE('',#7709,#7710,#8304,.T.);
#6368=EDGE_CURVE('',#7710,#7711,#882,.T.);
#6369=EDGE_CURVE('',#7711,#7712,#8305,.T.);
#6370=EDGE_CURVE('',#7713,#7712,#8306,.T.);
#6371=EDGE_CURVE('',#7713,#7714,#883,.T.);
#6372=EDGE_CURVE('',#7715,#7714,#8307,.T.);
#6373=EDGE_CURVE('',#7715,#7716,#8308,.T.);
#6374=EDGE_CURVE('',#7716,#7717,#884,.T.);
#6375=EDGE_CURVE('',#7717,#7718,#8309,.T.);
#6376=EDGE_CURVE('',#7431,#7718,#8310,.T.);
#6377=EDGE_CURVE('',#7708,#7709,#885,.T.);
#6378=EDGE_CURVE('',#7707,#7710,#886,.T.);
#6379=EDGE_CURVE('',#7706,#7711,#887,.T.);
#6380=EDGE_CURVE('',#7705,#7712,#888,.T.);
#6381=EDGE_CURVE('',#7704,#7713,#889,.T.);
#6382=EDGE_CURVE('',#7703,#7714,#890,.T.);
#6383=EDGE_CURVE('',#7702,#7715,#891,.T.);
#6384=EDGE_CURVE('',#7701,#7716,#892,.T.);
#6385=EDGE_CURVE('',#7700,#7717,#893,.T.);
#6386=EDGE_CURVE('',#7699,#7718,#894,.T.);
#6387=EDGE_CURVE('',#7346,#7292,#895,.T.);
#6388=EDGE_CURVE('',#7343,#7281,#896,.T.);
#6389=EDGE_CURVE('',#7342,#7282,#897,.T.);
#6390=EDGE_CURVE('',#7341,#7283,#898,.T.);
#6391=EDGE_CURVE('',#7340,#7284,#899,.T.);
#6392=EDGE_CURVE('',#7339,#7285,#900,.T.);
#6393=EDGE_CURVE('',#7278,#7719,#901,.T.);
#6394=EDGE_CURVE('',#7719,#7217,#902,.T.);
#6395=EDGE_CURVE('',#7344,#7286,#903,.T.);
#6396=EDGE_CURVE('',#7345,#7287,#904,.T.);
#6397=EDGE_CURVE('',#7350,#7288,#905,.T.);
#6398=EDGE_CURVE('',#7349,#7289,#906,.T.);
#6399=EDGE_CURVE('',#7348,#7290,#907,.T.);
#6400=EDGE_CURVE('',#7347,#7291,#908,.T.);
#6401=EDGE_CURVE('',#7720,#7296,#909,.T.);
#6402=EDGE_CURVE('',#7721,#7720,#8311,.T.);
#6403=EDGE_CURVE('',#7721,#7297,#910,.T.);
#6404=EDGE_CURVE('',#7722,#7295,#911,.T.);
#6405=EDGE_CURVE('',#7720,#7722,#912,.T.);
#6406=EDGE_CURVE('',#7723,#7294,#913,.T.);
#6407=EDGE_CURVE('',#7722,#7723,#8312,.T.);
#6408=EDGE_CURVE('',#7724,#7293,#914,.T.);
#6409=EDGE_CURVE('',#7723,#7724,#915,.T.);
#6410=EDGE_CURVE('',#7038,#7721,#916,.T.);
#6411=EDGE_CURVE('',#7040,#7724,#8313,.T.);
#6412=EDGE_CURVE('',#7334,#7318,#917,.T.);
#6413=EDGE_CURVE('',#7335,#7317,#918,.T.);
#6414=EDGE_CURVE('',#7336,#7316,#919,.T.);
#6415=EDGE_CURVE('',#7331,#7315,#920,.T.);
#6416=EDGE_CURVE('',#7330,#7314,#921,.T.);
#6417=EDGE_CURVE('',#7322,#7313,#922,.T.);
#6418=EDGE_CURVE('',#7725,#7209,#923,.T.);
#6419=EDGE_CURVE('',#7725,#7321,#924,.T.);
#6420=EDGE_CURVE('',#7323,#7312,#925,.T.);
#6421=EDGE_CURVE('',#7324,#7311,#926,.T.);
#6422=EDGE_CURVE('',#7325,#7310,#927,.T.);
#6423=EDGE_CURVE('',#7326,#7309,#928,.T.);
#6424=EDGE_CURVE('',#7327,#7308,#929,.T.);
#6425=EDGE_CURVE('',#7328,#7307,#930,.T.);
#6426=EDGE_CURVE('',#7329,#7306,#931,.T.);
#6427=EDGE_CURVE('',#7397,#7305,#932,.T.);
#6428=EDGE_CURVE('',#7298,#7726,#933,.T.);
#6429=EDGE_CURVE('',#7726,#7212,#934,.T.);
#6430=EDGE_CURVE('',#7398,#7304,#935,.T.);
#6431=EDGE_CURVE('',#7399,#7303,#936,.T.);
#6432=EDGE_CURVE('',#7400,#7302,#937,.T.);
#6433=EDGE_CURVE('',#7401,#7301,#938,.T.);
#6434=EDGE_CURVE('',#7370,#7250,#939,.T.);
#6435=EDGE_CURVE('',#7371,#7249,#940,.T.);
#6436=EDGE_CURVE('',#7372,#7248,#941,.T.);
#6437=EDGE_CURVE('',#7367,#7247,#942,.T.);
#6438=EDGE_CURVE('',#7366,#7246,#943,.T.);
#6439=EDGE_CURVE('',#7360,#7245,#944,.T.);
#6440=EDGE_CURVE('',#7727,#7228,#945,.T.);
#6441=EDGE_CURVE('',#7727,#7253,#946,.T.);
#6442=EDGE_CURVE('',#7361,#7244,#947,.T.);
#6443=EDGE_CURVE('',#7362,#7243,#948,.T.);
#6444=EDGE_CURVE('',#7363,#7242,#949,.T.);
#6445=EDGE_CURVE('',#7364,#7241,#950,.T.);
#6446=EDGE_CURVE('',#7365,#7240,#951,.T.);
#6447=EDGE_CURVE('',#7359,#7239,#952,.T.);
#6448=EDGE_CURVE('',#7358,#7238,#953,.T.);
#6449=EDGE_CURVE('',#7353,#7237,#954,.T.);
#6450=EDGE_CURVE('',#7231,#7728,#955,.T.);
#6451=EDGE_CURVE('',#7728,#7205,#956,.T.);
#6452=EDGE_CURVE('',#7354,#7236,#957,.T.);
#6453=EDGE_CURVE('',#7355,#7235,#958,.T.);
#6454=EDGE_CURVE('',#7356,#7234,#959,.T.);
#6455=EDGE_CURVE('',#7357,#7233,#960,.T.);
#6456=EDGE_CURVE('',#7392,#7274,#961,.T.);
#6457=EDGE_CURVE('',#7393,#7273,#962,.T.);
#6458=EDGE_CURVE('',#7394,#7272,#963,.T.);
#6459=EDGE_CURVE('',#7389,#7271,#964,.T.);
#6460=EDGE_CURVE('',#7388,#7270,#965,.T.);
#6461=EDGE_CURVE('',#7382,#7269,#966,.T.);
#6462=EDGE_CURVE('',#7729,#7221,#967,.T.);
#6463=EDGE_CURVE('',#7729,#7277,#968,.T.);
#6464=EDGE_CURVE('',#7383,#7268,#969,.T.);
#6465=EDGE_CURVE('',#7384,#7267,#970,.T.);
#6466=EDGE_CURVE('',#7385,#7266,#971,.T.);
#6467=EDGE_CURVE('',#7386,#7265,#972,.T.);
#6468=EDGE_CURVE('',#7387,#7264,#973,.T.);
#6469=EDGE_CURVE('',#7381,#7263,#974,.T.);
#6470=EDGE_CURVE('',#7380,#7262,#975,.T.);
#6471=EDGE_CURVE('',#7375,#7261,#976,.T.);
#6472=EDGE_CURVE('',#7254,#7730,#977,.T.);
#6473=EDGE_CURVE('',#7730,#7224,#978,.T.);
#6474=EDGE_CURVE('',#7376,#7260,#979,.T.);
#6475=EDGE_CURVE('',#7377,#7259,#980,.T.);
#6476=EDGE_CURVE('',#7378,#7258,#981,.T.);
#6477=EDGE_CURVE('',#7379,#7257,#982,.T.);
#6478=EDGE_CURVE('',#7731,#7732,#983,.T.);
#6479=EDGE_CURVE('',#7731,#7733,#984,.T.);
#6480=EDGE_CURVE('',#7734,#7733,#985,.F.);
#6481=EDGE_CURVE('',#7732,#7734,#986,.T.);
#6482=EDGE_CURVE('',#7735,#7195,#987,.T.);
#6483=EDGE_CURVE('',#7736,#7735,#988,.T.);
#6484=EDGE_CURVE('',#7737,#7736,#8314,.T.);
#6485=EDGE_CURVE('',#7738,#7737,#989,.T.);
#6486=EDGE_CURVE('',#7726,#7738,#990,.T.);
#6487=EDGE_CURVE('',#7738,#7213,#991,.T.);
#6488=EDGE_CURVE('',#7737,#7214,#992,.T.);
#6489=EDGE_CURVE('',#7736,#7215,#993,.T.);
#6490=EDGE_CURVE('',#7735,#7071,#994,.T.);
#6491=EDGE_CURVE('',#7739,#7740,#995,.T.);
#6492=EDGE_CURVE('',#7739,#7741,#996,.T.);
#6493=EDGE_CURVE('',#7742,#7741,#997,.F.);
#6494=EDGE_CURVE('',#7740,#7742,#998,.T.);
#6495=EDGE_CURVE('',#7743,#7727,#999,.T.);
#6496=EDGE_CURVE('',#7744,#7743,#8315,.T.);
#6497=EDGE_CURVE('',#7745,#7744,#1000,.T.);
#6498=EDGE_CURVE('',#7730,#7745,#1001,.T.);
#6499=EDGE_CURVE('',#7745,#7225,#1002,.T.);
#6500=EDGE_CURVE('',#7744,#7226,#1003,.T.);
#6501=EDGE_CURVE('',#7743,#7227,#1004,.T.);
#6502=EDGE_CURVE('',#7746,#7747,#1005,.T.);
#6503=EDGE_CURVE('',#7746,#7748,#1006,.T.);
#6504=EDGE_CURVE('',#7749,#7748,#1007,.F.);
#6505=EDGE_CURVE('',#7747,#7749,#1008,.T.);
#6506=EDGE_CURVE('',#7750,#7729,#1009,.T.);
#6507=EDGE_CURVE('',#7751,#7750,#8316,.T.);
#6508=EDGE_CURVE('',#7752,#7751,#1010,.T.);
#6509=EDGE_CURVE('',#7719,#7752,#1011,.T.);
#6510=EDGE_CURVE('',#7752,#7218,#1012,.T.);
#6511=EDGE_CURVE('',#7751,#7219,#1013,.T.);
#6512=EDGE_CURVE('',#7750,#7220,#1014,.T.);
#6513=EDGE_CURVE('',#7753,#7754,#1015,.T.);
#6514=EDGE_CURVE('',#7753,#7755,#1016,.T.);
#6515=EDGE_CURVE('',#7756,#7755,#1017,.F.);
#6516=EDGE_CURVE('',#7754,#7756,#1018,.T.);
#6517=EDGE_CURVE('',#7757,#7725,#1019,.T.);
#6518=EDGE_CURVE('',#7758,#7757,#8317,.T.);
#6519=EDGE_CURVE('',#7759,#7758,#1020,.T.);
#6520=EDGE_CURVE('',#7728,#7759,#1021,.T.);
#6521=EDGE_CURVE('',#7759,#7206,#1022,.T.);
#6522=EDGE_CURVE('',#7758,#7207,#1023,.T.);
#6523=EDGE_CURVE('',#7757,#7208,#1024,.T.);
#6524=EDGE_CURVE('',#7760,#7133,#1025,.T.);
#6525=EDGE_CURVE('',#7761,#7760,#8318,.T.);
#6526=EDGE_CURVE('',#7761,#7134,#1026,.T.);
#6527=EDGE_CURVE('',#7762,#7132,#1027,.T.);
#6528=EDGE_CURVE('',#7760,#7762,#1028,.T.);
#6529=EDGE_CURVE('',#7763,#7131,#1029,.T.);
#6530=EDGE_CURVE('',#7762,#7763,#8319,.T.);
#6531=EDGE_CURVE('',#7764,#7130,#1030,.T.);
#6532=EDGE_CURVE('',#7763,#7764,#1031,.T.);
#6533=EDGE_CURVE('',#7765,#7129,#1032,.T.);
#6534=EDGE_CURVE('',#7765,#7764,#8320,.T.);
#6535=EDGE_CURVE('',#7766,#7128,#1033,.T.);
#6536=EDGE_CURVE('',#7765,#7766,#1034,.T.);
#6537=EDGE_CURVE('',#7767,#7127,#1035,.T.);
#6538=EDGE_CURVE('',#7766,#7767,#8321,.T.);
#6539=EDGE_CURVE('',#7768,#7126,#1036,.T.);
#6540=EDGE_CURVE('',#7767,#7768,#1037,.T.);
#6541=EDGE_CURVE('',#7769,#7125,#1038,.T.);
#6542=EDGE_CURVE('',#7768,#7769,#8322,.T.);
#6543=EDGE_CURVE('',#7770,#7124,#1039,.T.);
#6544=EDGE_CURVE('',#7769,#7770,#1040,.T.);
#6545=EDGE_CURVE('',#7770,#7203,#8323,.T.);
#6546=EDGE_CURVE('',#7771,#7137,#1041,.T.);
#6547=EDGE_CURVE('',#7199,#7771,#8324,.T.);
#6548=EDGE_CURVE('',#7772,#7136,#1042,.T.);
#6549=EDGE_CURVE('',#7771,#7772,#1043,.T.);
#6550=EDGE_CURVE('',#7773,#7135,#1044,.T.);
#6551=EDGE_CURVE('',#7773,#7772,#8325,.T.);
#6552=EDGE_CURVE('',#7773,#7761,#1045,.T.);
#6553=EDGE_CURVE('',#7201,#7774,#1046,.T.);
#6554=EDGE_CURVE('',#7775,#7774,#1047,.T.);
#6555=EDGE_CURVE('',#7200,#7775,#1048,.T.);
#6556=EDGE_CURVE('',#7776,#7151,#1049,.T.);
#6557=EDGE_CURVE('',#7777,#7776,#8326,.T.);
#6558=EDGE_CURVE('',#7777,#7152,#1050,.T.);
#6559=EDGE_CURVE('',#7778,#7150,#1051,.T.);
#6560=EDGE_CURVE('',#7776,#7778,#1052,.T.);
#6561=EDGE_CURVE('',#7779,#7149,#1053,.T.);
#6562=EDGE_CURVE('',#7778,#7779,#8327,.T.);
#6563=EDGE_CURVE('',#7780,#7148,#1054,.T.);
#6564=EDGE_CURVE('',#7779,#7780,#1055,.T.);
#6565=EDGE_CURVE('',#7781,#7147,#1056,.T.);
#6566=EDGE_CURVE('',#7781,#7780,#8328,.T.);
#6567=EDGE_CURVE('',#7782,#7146,#1057,.T.);
#6568=EDGE_CURVE('',#7781,#7782,#1058,.T.);
#6569=EDGE_CURVE('',#7783,#7145,#1059,.T.);
#6570=EDGE_CURVE('',#7782,#7783,#8329,.T.);
#6571=EDGE_CURVE('',#7784,#7144,#1060,.T.);
#6572=EDGE_CURVE('',#7783,#7784,#1061,.T.);
#6573=EDGE_CURVE('',#7785,#7143,#1062,.T.);
#6574=EDGE_CURVE('',#7784,#7785,#8330,.T.);
#6575=EDGE_CURVE('',#7786,#7142,#1063,.T.);
#6576=EDGE_CURVE('',#7785,#7786,#1064,.T.);
#6577=EDGE_CURVE('',#7786,#7179,#8331,.T.);
#6578=EDGE_CURVE('',#7787,#7155,#1065,.T.);
#6579=EDGE_CURVE('',#7175,#7787,#8332,.T.);
#6580=EDGE_CURVE('',#7788,#7154,#1066,.T.);
#6581=EDGE_CURVE('',#7787,#7788,#1067,.T.);
#6582=EDGE_CURVE('',#7789,#7153,#1068,.T.);
#6583=EDGE_CURVE('',#7789,#7788,#8333,.T.);
#6584=EDGE_CURVE('',#7789,#7777,#1069,.T.);
#6585=EDGE_CURVE('',#7177,#7790,#1070,.T.);
#6586=EDGE_CURVE('',#7791,#7790,#1071,.T.);
#6587=EDGE_CURVE('',#7176,#7791,#1072,.T.);
#6588=EDGE_CURVE('',#7792,#7115,#1073,.T.);
#6589=EDGE_CURVE('',#7793,#7792,#8334,.T.);
#6590=EDGE_CURVE('',#7793,#7116,#1074,.T.);
#6591=EDGE_CURVE('',#7794,#7114,#1075,.T.);
#6592=EDGE_CURVE('',#7792,#7794,#1076,.T.);
#6593=EDGE_CURVE('',#7795,#7113,#1077,.T.);
#6594=EDGE_CURVE('',#7794,#7795,#8335,.T.);
#6595=EDGE_CURVE('',#7796,#7112,#1078,.T.);
#6596=EDGE_CURVE('',#7795,#7796,#1079,.T.);
#6597=EDGE_CURVE('',#7797,#7111,#1080,.T.);
#6598=EDGE_CURVE('',#7797,#7796,#8336,.T.);
#6599=EDGE_CURVE('',#7798,#7110,#1081,.T.);
#6600=EDGE_CURVE('',#7797,#7798,#1082,.T.);
#6601=EDGE_CURVE('',#7799,#7109,#1083,.T.);
#6602=EDGE_CURVE('',#7798,#7799,#8337,.T.);
#6603=EDGE_CURVE('',#7800,#7108,#1084,.T.);
#6604=EDGE_CURVE('',#7799,#7800,#1085,.T.);
#6605=EDGE_CURVE('',#7801,#7107,#1086,.T.);
#6606=EDGE_CURVE('',#7800,#7801,#8338,.T.);
#6607=EDGE_CURVE('',#7802,#7106,#1087,.T.);
#6608=EDGE_CURVE('',#7801,#7802,#1088,.T.);
#6609=EDGE_CURVE('',#7802,#7185,#8339,.T.);
#6610=EDGE_CURVE('',#7803,#7119,#1089,.T.);
#6611=EDGE_CURVE('',#7181,#7803,#8340,.T.);
#6612=EDGE_CURVE('',#7804,#7118,#1090,.T.);
#6613=EDGE_CURVE('',#7803,#7804,#1091,.T.);
#6614=EDGE_CURVE('',#7805,#7117,#1092,.T.);
#6615=EDGE_CURVE('',#7805,#7804,#8341,.T.);
#6616=EDGE_CURVE('',#7805,#7793,#1093,.T.);
#6617=EDGE_CURVE('',#7183,#7806,#1094,.T.);
#6618=EDGE_CURVE('',#7807,#7806,#1095,.T.);
#6619=EDGE_CURVE('',#7182,#7807,#1096,.T.);
#6620=EDGE_CURVE('',#7808,#7169,#1097,.T.);
#6621=EDGE_CURVE('',#7809,#7808,#8342,.T.);
#6622=EDGE_CURVE('',#7809,#7170,#1098,.T.);
#6623=EDGE_CURVE('',#7810,#7168,#1099,.T.);
#6624=EDGE_CURVE('',#7808,#7810,#1100,.T.);
#6625=EDGE_CURVE('',#7811,#7167,#1101,.T.);
#6626=EDGE_CURVE('',#7810,#7811,#8343,.T.);
#6627=EDGE_CURVE('',#7812,#7166,#1102,.T.);
#6628=EDGE_CURVE('',#7811,#7812,#1103,.T.);
#6629=EDGE_CURVE('',#7813,#7165,#1104,.T.);
#6630=EDGE_CURVE('',#7813,#7812,#8344,.T.);
#6631=EDGE_CURVE('',#7814,#7164,#1105,.T.);
#6632=EDGE_CURVE('',#7813,#7814,#1106,.T.);
#6633=EDGE_CURVE('',#7815,#7163,#1107,.T.);
#6634=EDGE_CURVE('',#7814,#7815,#8345,.T.);
#6635=EDGE_CURVE('',#7816,#7162,#1108,.T.);
#6636=EDGE_CURVE('',#7815,#7816,#1109,.T.);
#6637=EDGE_CURVE('',#7817,#7161,#1110,.T.);
#6638=EDGE_CURVE('',#7816,#7817,#8346,.T.);
#6639=EDGE_CURVE('',#7818,#7160,#1111,.T.);
#6640=EDGE_CURVE('',#7817,#7818,#1112,.T.);
#6641=EDGE_CURVE('',#7818,#7191,#8347,.T.);
#6642=EDGE_CURVE('',#7819,#7173,#1113,.T.);
#6643=EDGE_CURVE('',#7187,#7819,#8348,.T.);
#6644=EDGE_CURVE('',#7820,#7172,#1114,.T.);
#6645=EDGE_CURVE('',#7819,#7820,#1115,.T.);
#6646=EDGE_CURVE('',#7821,#7171,#1116,.T.);
#6647=EDGE_CURVE('',#7821,#7820,#8349,.T.);
#6648=EDGE_CURVE('',#7821,#7809,#1117,.T.);
#6649=EDGE_CURVE('',#7189,#7822,#1118,.T.);
#6650=EDGE_CURVE('',#7823,#7822,#1119,.T.);
#6651=EDGE_CURVE('',#7188,#7823,#1120,.T.);
#6652=EDGE_CURVE('',#7824,#7098,#1121,.T.);
#6653=EDGE_CURVE('',#7202,#7824,#1122,.T.);
#6654=EDGE_CURVE('',#7198,#7825,#1123,.T.);
#6655=EDGE_CURVE('',#7192,#7825,#1124,.T.);
#6656=EDGE_CURVE('',#7825,#7775,#1125,.T.);
#6657=EDGE_CURVE('',#7774,#7824,#1126,.T.);
#6658=EDGE_CURVE('',#7826,#7158,#1127,.T.);
#6659=EDGE_CURVE('',#7190,#7826,#1128,.T.);
#6660=EDGE_CURVE('',#7186,#7827,#1129,.T.);
#6661=EDGE_CURVE('',#7157,#7827,#1130,.T.);
#6662=EDGE_CURVE('',#7827,#7823,#1131,.T.);
#6663=EDGE_CURVE('',#7822,#7826,#1132,.T.);
#6664=EDGE_CURVE('',#7828,#7104,#1133,.T.);
#6665=EDGE_CURVE('',#7184,#7828,#1134,.T.);
#6666=EDGE_CURVE('',#7180,#7829,#1135,.T.);
#6667=EDGE_CURVE('',#7103,#7829,#1136,.T.);
#6668=EDGE_CURVE('',#7829,#7807,#1137,.T.);
#6669=EDGE_CURVE('',#7806,#7828,#1138,.T.);
#6670=EDGE_CURVE('',#7830,#7140,#1139,.T.);
#6671=EDGE_CURVE('',#7178,#7830,#1140,.T.);
#6672=EDGE_CURVE('',#7174,#7831,#1141,.T.);
#6673=EDGE_CURVE('',#7139,#7831,#1142,.T.);
#6674=EDGE_CURVE('',#7831,#7791,#1143,.T.);
#6675=EDGE_CURVE('',#7790,#7830,#1144,.T.);
#6676=EDGE_CURVE('',#7074,#7078,#1145,.T.);
#6677=EDGE_CURVE('',#7080,#7832,#1146,.T.);
#6678=EDGE_CURVE('',#7833,#7832,#8350,.T.);
#6679=EDGE_CURVE('',#7833,#7834,#1147,.T.);
#6680=EDGE_CURVE('',#7486,#7834,#8351,.T.);
#6681=EDGE_CURVE('',#7835,#7836,#1148,.T.);
#6682=EDGE_CURVE('',#7835,#7837,#1149,.T.);
#6683=EDGE_CURVE('',#7837,#7838,#1150,.T.);
#6684=EDGE_CURVE('',#7838,#7839,#1151,.T.);
#6685=EDGE_CURVE('',#7840,#7839,#1152,.T.);
#6686=EDGE_CURVE('',#7840,#7065,#1153,.T.);
#6687=EDGE_CURVE('',#7195,#7836,#1154,.T.);
#6688=EDGE_CURVE('',#7069,#7841,#8352,.T.);
#6689=EDGE_CURVE('',#7841,#7073,#1155,.T.);
#6690=EDGE_CURVE('',#7841,#7842,#1156,.T.);
#6691=EDGE_CURVE('',#7842,#7832,#1157,.T.);
#6692=EDGE_CURVE('',#7843,#7842,#8353,.T.);
#6693=EDGE_CURVE('',#7843,#7833,#1158,.T.);
#6694=EDGE_CURVE('',#7843,#7844,#1159,.T.);
#6695=EDGE_CURVE('',#7844,#7834,#1160,.T.);
#6696=EDGE_CURVE('',#7487,#7844,#8354,.T.);
#6697=EDGE_CURVE('',#7488,#7629,#8355,.T.);
#6698=EDGE_CURVE('',#7630,#7845,#8356,.T.);
#6699=EDGE_CURVE('',#7845,#7097,#1161,.T.);
#6700=EDGE_CURVE('',#7845,#7846,#1162,.T.);
#6701=EDGE_CURVE('',#7846,#7193,#1163,.T.);
#6702=EDGE_CURVE('',#7098,#7192,#1164,.T.);
#6703=EDGE_CURVE('',#7846,#7847,#8357,.T.);
#6704=EDGE_CURVE('',#7847,#7194,#1165,.T.);
#6705=EDGE_CURVE('',#7836,#7848,#1166,.T.);
#6706=EDGE_CURVE('',#7847,#7849,#1167,.T.);
#6707=EDGE_CURVE('',#7849,#7850,#1168,.T.);
#6708=EDGE_CURVE('',#7839,#7850,#1169,.T.);
#6709=EDGE_CURVE('',#7838,#7851,#304,.T.);
#6710=EDGE_CURVE('',#7852,#7851,#305,.T.);
#6711=EDGE_CURVE('',#7853,#7852,#1170,.T.);
#6712=EDGE_CURVE('',#7848,#7853,#306,.T.);
#6713=EDGE_CURVE('',#7850,#7854,#307,.F.);
#6714=EDGE_CURVE('',#7849,#7068,#8358,.T.);
#6715=EDGE_CURVE('',#7067,#7854,#12,.F.);
#6716=EDGE_CURVE('',#7066,#7855,#8359,.T.);
#6717=EDGE_CURVE('',#7855,#7854,#1171,.T.);
#6718=EDGE_CURVE('',#7840,#7855,#1172,.T.);
#6719=EDGE_CURVE('',#7835,#7856,#1173,.T.);
#6720=EDGE_CURVE('',#7856,#7857,#8360,.T.);
#6721=EDGE_CURVE('',#7857,#7858,#1174,.T.);
#6722=EDGE_CURVE('',#7858,#7859,#8361,.T.);
#6723=EDGE_CURVE('',#7837,#7859,#8362,.T.);
#6724=EDGE_CURVE('',#7856,#7848,#1175,.T.);
#6725=EDGE_CURVE('',#7857,#7853,#1176,.T.);
#6726=EDGE_CURVE('',#7858,#7852,#1177,.T.);
#6727=EDGE_CURVE('',#7859,#7851,#1178,.T.);
#6728=EDGE_CURVE('',#7506,#7860,#1179,.T.);
#6729=EDGE_CURVE('',#7861,#7860,#1180,.T.);
#6730=EDGE_CURVE('',#7504,#7861,#1181,.T.);
#6731=EDGE_CURVE('',#7860,#7862,#1182,.T.);
#6732=EDGE_CURVE('',#7863,#7862,#1183,.T.);
#6733=EDGE_CURVE('',#7861,#7863,#1184,.T.);
#6734=EDGE_CURVE('',#7862,#7505,#1185,.T.);
#6735=EDGE_CURVE('',#7863,#7503,#1186,.T.);
#6736=EDGE_CURVE('',#7578,#7864,#1187,.T.);
#6737=EDGE_CURVE('',#7865,#7864,#1188,.T.);
#6738=EDGE_CURVE('',#7576,#7865,#1189,.T.);
#6739=EDGE_CURVE('',#7864,#7866,#1190,.T.);
#6740=EDGE_CURVE('',#7867,#7866,#1191,.T.);
#6741=EDGE_CURVE('',#7865,#7867,#1192,.T.);
#6742=EDGE_CURVE('',#7866,#7577,#1193,.T.);
#6743=EDGE_CURVE('',#7867,#7575,#1194,.T.);
#6744=EDGE_CURVE('',#7542,#7868,#1195,.T.);
#6745=EDGE_CURVE('',#7869,#7868,#1196,.T.);
#6746=EDGE_CURVE('',#7540,#7869,#1197,.T.);
#6747=EDGE_CURVE('',#7868,#7870,#1198,.T.);
#6748=EDGE_CURVE('',#7871,#7870,#1199,.T.);
#6749=EDGE_CURVE('',#7869,#7871,#1200,.T.);
#6750=EDGE_CURVE('',#7870,#7541,#1201,.T.);
#6751=EDGE_CURVE('',#7871,#7539,#1202,.T.);
#6752=EDGE_CURVE('',#7481,#7872,#1203,.T.);
#6753=EDGE_CURVE('',#7873,#7872,#1204,.T.);
#6754=EDGE_CURVE('',#7479,#7873,#1205,.T.);
#6755=EDGE_CURVE('',#7872,#7874,#1206,.T.);
#6756=EDGE_CURVE('',#7875,#7874,#1207,.T.);
#6757=EDGE_CURVE('',#7873,#7875,#1208,.T.);
#6758=EDGE_CURVE('',#7874,#7480,#1209,.T.);
#6759=EDGE_CURVE('',#7875,#7478,#1210,.T.);
#6760=EDGE_CURVE('',#7522,#7876,#1211,.T.);
#6761=EDGE_CURVE('',#7877,#7876,#1212,.T.);
#6762=EDGE_CURVE('',#7520,#7877,#1213,.T.);
#6763=EDGE_CURVE('',#7876,#7878,#1214,.T.);
#6764=EDGE_CURVE('',#7879,#7878,#1215,.T.);
#6765=EDGE_CURVE('',#7877,#7879,#1216,.T.);
#6766=EDGE_CURVE('',#7878,#7521,#1217,.T.);
#6767=EDGE_CURVE('',#7879,#7519,#1218,.T.);
#6768=EDGE_CURVE('',#7594,#7880,#1219,.T.);
#6769=EDGE_CURVE('',#7881,#7880,#1220,.T.);
#6770=EDGE_CURVE('',#7592,#7881,#1221,.T.);
#6771=EDGE_CURVE('',#7880,#7882,#1222,.T.);
#6772=EDGE_CURVE('',#7883,#7882,#1223,.T.);
#6773=EDGE_CURVE('',#7881,#7883,#1224,.T.);
#6774=EDGE_CURVE('',#7882,#7593,#1225,.T.);
#6775=EDGE_CURVE('',#7883,#7591,#1226,.T.);
#6776=EDGE_CURVE('',#7558,#7884,#1227,.T.);
#6777=EDGE_CURVE('',#7885,#7884,#1228,.T.);
#6778=EDGE_CURVE('',#7556,#7885,#1229,.T.);
#6779=EDGE_CURVE('',#7884,#7886,#1230,.T.);
#6780=EDGE_CURVE('',#7887,#7886,#1231,.T.);
#6781=EDGE_CURVE('',#7885,#7887,#1232,.T.);
#6782=EDGE_CURVE('',#7886,#7557,#1233,.T.);
#6783=EDGE_CURVE('',#7887,#7555,#1234,.T.);
#6784=EDGE_CURVE('',#7494,#7888,#1235,.T.);
#6785=EDGE_CURVE('',#7889,#7888,#1236,.T.);
#6786=EDGE_CURVE('',#7492,#7889,#1237,.T.);
#6787=EDGE_CURVE('',#7888,#7890,#1238,.T.);
#6788=EDGE_CURVE('',#7891,#7890,#1239,.T.);
#6789=EDGE_CURVE('',#7889,#7891,#1240,.T.);
#6790=EDGE_CURVE('',#7890,#7493,#1241,.T.);
#6791=EDGE_CURVE('',#7891,#7491,#1242,.T.);
#6792=EDGE_CURVE('',#7892,#7734,#8363,.T.);
#6793=EDGE_CURVE('',#7893,#7733,#8364,.T.);
#6794=EDGE_CURVE('',#7893,#7892,#1243,.T.);
#6795=EDGE_CURVE('',#7731,#7894,#1244,.T.);
#6796=EDGE_CURVE('',#7732,#7895,#1245,.T.);
#6797=EDGE_CURVE('',#7894,#7895,#1246,.T.);
#6798=EDGE_CURVE('',#7894,#7896,#1247,.T.);
#6799=EDGE_CURVE('',#7896,#7897,#1248,.T.);
#6800=EDGE_CURVE('',#7897,#7898,#1249,.T.);
#6801=EDGE_CURVE('',#7898,#7899,#8365,.T.);
#6802=EDGE_CURVE('',#7899,#7893,#1250,.T.);
#6803=EDGE_CURVE('',#7900,#7901,#1251,.T.);
#6804=EDGE_CURVE('',#7895,#7900,#1252,.T.);
#6805=EDGE_CURVE('',#7902,#7892,#1253,.T.);
#6806=EDGE_CURVE('',#7903,#7902,#8366,.T.);
#6807=EDGE_CURVE('',#7901,#7903,#1254,.T.);
#6808=EDGE_CURVE('',#7904,#7905,#1255,.T.);
#6809=EDGE_CURVE('',#7906,#7904,#8367,.T.);
#6810=EDGE_CURVE('',#7907,#7906,#8368,.T.);
#6811=EDGE_CURVE('',#7907,#7908,#1256,.T.);
#6812=EDGE_CURVE('',#7909,#7908,#8369,.T.);
#6813=EDGE_CURVE('',#7910,#7909,#8370,.T.);
#6814=EDGE_CURVE('',#7910,#7911,#1257,.T.);
#6815=EDGE_CURVE('',#7901,#7911,#1258,.T.);
#6816=EDGE_CURVE('',#7898,#7903,#1259,.T.);
#6817=EDGE_CURVE('',#7905,#7897,#1260,.T.);
#6818=EDGE_CURVE('',#7899,#7902,#1261,.T.);
#6819=EDGE_CURVE('',#7896,#7900,#1262,.T.);
#6820=EDGE_CURVE('',#7911,#7912,#1263,.T.);
#6821=EDGE_CURVE('',#7913,#7912,#1264,.T.);
#6822=EDGE_CURVE('',#7905,#7913,#1265,.T.);
#6823=EDGE_CURVE('',#7912,#7914,#8371,.T.);
#6824=EDGE_CURVE('',#7915,#7914,#1266,.T.);
#6825=EDGE_CURVE('',#7913,#7915,#8372,.T.);
#6826=EDGE_CURVE('',#7916,#7917,#308,.F.);
#6827=EDGE_CURVE('',#7917,#7918,#309,.F.);
#6828=EDGE_CURVE('',#7915,#7918,#1267,.T.);
#6829=EDGE_CURVE('',#7914,#7919,#1268,.T.);
#6830=EDGE_CURVE('',#7919,#7920,#310,.F.);
#6831=EDGE_CURVE('',#7920,#7921,#311,.F.);
#6832=EDGE_CURVE('',#7916,#7921,#1269,.T.);
#6833=EDGE_CURVE('',#7922,#7923,#13,.F.);
#6834=EDGE_CURVE('',#7923,#7916,#14,.T.);
#6835=EDGE_CURVE('',#7921,#7924,#15,.T.);
#6836=EDGE_CURVE('',#7924,#7922,#16,.T.);
#6837=EDGE_CURVE('',#7907,#7925,#17,.T.);
#6838=EDGE_CURVE('',#7925,#7926,#18,.T.);
#6839=EDGE_CURVE('',#7926,#7927,#19,.F.);
#6840=EDGE_CURVE('',#7927,#7908,#20,.T.);
#6841=EDGE_CURVE('',#7928,#7756,#8373,.T.);
#6842=EDGE_CURVE('',#7929,#7755,#8374,.T.);
#6843=EDGE_CURVE('',#7929,#7928,#1270,.T.);
#6844=EDGE_CURVE('',#7753,#7930,#1271,.T.);
#6845=EDGE_CURVE('',#7754,#7931,#1272,.T.);
#6846=EDGE_CURVE('',#7930,#7931,#1273,.T.);
#6847=EDGE_CURVE('',#7930,#7932,#1274,.T.);
#6848=EDGE_CURVE('',#7932,#7933,#1275,.T.);
#6849=EDGE_CURVE('',#7933,#7934,#1276,.T.);
#6850=EDGE_CURVE('',#7934,#7935,#8375,.T.);
#6851=EDGE_CURVE('',#7935,#7929,#1277,.T.);
#6852=EDGE_CURVE('',#7936,#7937,#1278,.T.);
#6853=EDGE_CURVE('',#7931,#7936,#1279,.T.);
#6854=EDGE_CURVE('',#7938,#7928,#1280,.T.);
#6855=EDGE_CURVE('',#7939,#7938,#8376,.T.);
#6856=EDGE_CURVE('',#7937,#7939,#1281,.T.);
#6857=EDGE_CURVE('',#7940,#7941,#1282,.T.);
#6858=EDGE_CURVE('',#7942,#7940,#8377,.T.);
#6859=EDGE_CURVE('',#7943,#7942,#8378,.T.);
#6860=EDGE_CURVE('',#7943,#7944,#1283,.T.);
#6861=EDGE_CURVE('',#7945,#7944,#8379,.T.);
#6862=EDGE_CURVE('',#7946,#7945,#8380,.T.);
#6863=EDGE_CURVE('',#7946,#7947,#1284,.T.);
#6864=EDGE_CURVE('',#7937,#7947,#1285,.T.);
#6865=EDGE_CURVE('',#7934,#7939,#1286,.T.);
#6866=EDGE_CURVE('',#7941,#7933,#1287,.T.);
#6867=EDGE_CURVE('',#7935,#7938,#1288,.T.);
#6868=EDGE_CURVE('',#7932,#7936,#1289,.T.);
#6869=EDGE_CURVE('',#7947,#7948,#1290,.T.);
#6870=EDGE_CURVE('',#7949,#7948,#1291,.T.);
#6871=EDGE_CURVE('',#7941,#7949,#1292,.T.);
#6872=EDGE_CURVE('',#7948,#7950,#8381,.T.);
#6873=EDGE_CURVE('',#7951,#7950,#1293,.T.);
#6874=EDGE_CURVE('',#7949,#7951,#8382,.T.);
#6875=EDGE_CURVE('',#7952,#7953,#312,.F.);
#6876=EDGE_CURVE('',#7953,#7954,#313,.F.);
#6877=EDGE_CURVE('',#7951,#7954,#1294,.T.);
#6878=EDGE_CURVE('',#7950,#7955,#1295,.T.);
#6879=EDGE_CURVE('',#7955,#7956,#314,.F.);
#6880=EDGE_CURVE('',#7956,#7957,#315,.F.);
#6881=EDGE_CURVE('',#7952,#7957,#1296,.T.);
#6882=EDGE_CURVE('',#7958,#7959,#21,.F.);
#6883=EDGE_CURVE('',#7959,#7952,#22,.T.);
#6884=EDGE_CURVE('',#7957,#7960,#23,.T.);
#6885=EDGE_CURVE('',#7960,#7958,#24,.T.);
#6886=EDGE_CURVE('',#7943,#7961,#25,.T.);
#6887=EDGE_CURVE('',#7961,#7962,#26,.T.);
#6888=EDGE_CURVE('',#7962,#7963,#27,.F.);
#6889=EDGE_CURVE('',#7963,#7944,#28,.T.);
#6890=EDGE_CURVE('',#7964,#7749,#8383,.T.);
#6891=EDGE_CURVE('',#7965,#7748,#8384,.T.);
#6892=EDGE_CURVE('',#7965,#7964,#1297,.T.);
#6893=EDGE_CURVE('',#7746,#7966,#1298,.T.);
#6894=EDGE_CURVE('',#7747,#7967,#1299,.T.);
#6895=EDGE_CURVE('',#7966,#7967,#1300,.T.);
#6896=EDGE_CURVE('',#7966,#7968,#1301,.T.);
#6897=EDGE_CURVE('',#7968,#7969,#1302,.T.);
#6898=EDGE_CURVE('',#7969,#7970,#1303,.T.);
#6899=EDGE_CURVE('',#7970,#7971,#8385,.T.);
#6900=EDGE_CURVE('',#7971,#7965,#1304,.T.);
#6901=EDGE_CURVE('',#7972,#7973,#1305,.T.);
#6902=EDGE_CURVE('',#7967,#7972,#1306,.T.);
#6903=EDGE_CURVE('',#7974,#7964,#1307,.T.);
#6904=EDGE_CURVE('',#7975,#7974,#8386,.T.);
#6905=EDGE_CURVE('',#7973,#7975,#1308,.T.);
#6906=EDGE_CURVE('',#7976,#7977,#1309,.T.);
#6907=EDGE_CURVE('',#7978,#7976,#8387,.T.);
#6908=EDGE_CURVE('',#7979,#7978,#8388,.T.);
#6909=EDGE_CURVE('',#7979,#7980,#1310,.T.);
#6910=EDGE_CURVE('',#7981,#7980,#8389,.T.);
#6911=EDGE_CURVE('',#7982,#7981,#8390,.T.);
#6912=EDGE_CURVE('',#7982,#7983,#1311,.T.);
#6913=EDGE_CURVE('',#7973,#7983,#1312,.T.);
#6914=EDGE_CURVE('',#7970,#7975,#1313,.T.);
#6915=EDGE_CURVE('',#7977,#7969,#1314,.T.);
#6916=EDGE_CURVE('',#7971,#7974,#1315,.T.);
#6917=EDGE_CURVE('',#7968,#7972,#1316,.T.);
#6918=EDGE_CURVE('',#7983,#7984,#1317,.T.);
#6919=EDGE_CURVE('',#7985,#7984,#1318,.T.);
#6920=EDGE_CURVE('',#7977,#7985,#1319,.T.);
#6921=EDGE_CURVE('',#7984,#7986,#8391,.T.);
#6922=EDGE_CURVE('',#7987,#7986,#1320,.T.);
#6923=EDGE_CURVE('',#7985,#7987,#8392,.T.);
#6924=EDGE_CURVE('',#7988,#7989,#316,.F.);
#6925=EDGE_CURVE('',#7989,#7990,#317,.F.);
#6926=EDGE_CURVE('',#7987,#7990,#1321,.T.);
#6927=EDGE_CURVE('',#7986,#7991,#1322,.T.);
#6928=EDGE_CURVE('',#7991,#7992,#318,.F.);
#6929=EDGE_CURVE('',#7992,#7993,#319,.F.);
#6930=EDGE_CURVE('',#7988,#7993,#1323,.T.);
#6931=EDGE_CURVE('',#7994,#7995,#29,.F.);
#6932=EDGE_CURVE('',#7995,#7988,#30,.T.);
#6933=EDGE_CURVE('',#7993,#7996,#31,.T.);
#6934=EDGE_CURVE('',#7996,#7994,#32,.T.);
#6935=EDGE_CURVE('',#7979,#7997,#33,.T.);
#6936=EDGE_CURVE('',#7997,#7998,#34,.T.);
#6937=EDGE_CURVE('',#7998,#7999,#35,.F.);
#6938=EDGE_CURVE('',#7999,#7980,#36,.T.);
#6939=EDGE_CURVE('',#8000,#7742,#8393,.T.);
#6940=EDGE_CURVE('',#8001,#7741,#8394,.T.);
#6941=EDGE_CURVE('',#8001,#8000,#1324,.T.);
#6942=EDGE_CURVE('',#7739,#8002,#1325,.T.);
#6943=EDGE_CURVE('',#7740,#8003,#1326,.T.);
#6944=EDGE_CURVE('',#8002,#8003,#1327,.T.);
#6945=EDGE_CURVE('',#8002,#8004,#1328,.T.);
#6946=EDGE_CURVE('',#8004,#8005,#1329,.T.);
#6947=EDGE_CURVE('',#8005,#8006,#1330,.T.);
#6948=EDGE_CURVE('',#8006,#8007,#8395,.T.);
#6949=EDGE_CURVE('',#8007,#8001,#1331,.T.);
#6950=EDGE_CURVE('',#8008,#8009,#1332,.T.);
#6951=EDGE_CURVE('',#8003,#8008,#1333,.T.);
#6952=EDGE_CURVE('',#8010,#8000,#1334,.T.);
#6953=EDGE_CURVE('',#8011,#8010,#8396,.T.);
#6954=EDGE_CURVE('',#8009,#8011,#1335,.T.);
#6955=EDGE_CURVE('',#8012,#8013,#1336,.T.);
#6956=EDGE_CURVE('',#8014,#8012,#8397,.T.);
#6957=EDGE_CURVE('',#8015,#8014,#8398,.T.);
#6958=EDGE_CURVE('',#8015,#8016,#1337,.T.);
#6959=EDGE_CURVE('',#8017,#8016,#8399,.T.);
#6960=EDGE_CURVE('',#8018,#8017,#8400,.T.);
#6961=EDGE_CURVE('',#8018,#8019,#1338,.T.);
#6962=EDGE_CURVE('',#8009,#8019,#1339,.T.);
#6963=EDGE_CURVE('',#8006,#8011,#1340,.T.);
#6964=EDGE_CURVE('',#8013,#8005,#1341,.T.);
#6965=EDGE_CURVE('',#8007,#8010,#1342,.T.);
#6966=EDGE_CURVE('',#8004,#8008,#1343,.T.);
#6967=EDGE_CURVE('',#8019,#8020,#1344,.T.);
#6968=EDGE_CURVE('',#8021,#8020,#1345,.T.);
#6969=EDGE_CURVE('',#8013,#8021,#1346,.T.);
#6970=EDGE_CURVE('',#8020,#8022,#8401,.T.);
#6971=EDGE_CURVE('',#8023,#8022,#1347,.T.);
#6972=EDGE_CURVE('',#8021,#8023,#8402,.T.);
#6973=EDGE_CURVE('',#8024,#8025,#320,.F.);
#6974=EDGE_CURVE('',#8025,#8026,#321,.F.);
#6975=EDGE_CURVE('',#8023,#8026,#1348,.T.);
#6976=EDGE_CURVE('',#8022,#8027,#1349,.T.);
#6977=EDGE_CURVE('',#8027,#8028,#322,.F.);
#6978=EDGE_CURVE('',#8028,#8029,#323,.F.);
#6979=EDGE_CURVE('',#8024,#8029,#1350,.T.);
#6980=EDGE_CURVE('',#8030,#8031,#37,.F.);
#6981=EDGE_CURVE('',#8031,#8024,#38,.T.);
#6982=EDGE_CURVE('',#8029,#8032,#39,.T.);
#6983=EDGE_CURVE('',#8032,#8030,#40,.T.);
#6984=EDGE_CURVE('',#8015,#8033,#41,.T.);
#6985=EDGE_CURVE('',#8033,#8034,#42,.T.);
#6986=EDGE_CURVE('',#8034,#8035,#43,.F.);
#6987=EDGE_CURVE('',#8035,#8016,#44,.T.);
#6988=EDGE_CURVE('',#7910,#7919,#1351,.F.);
#6989=EDGE_CURVE('',#7904,#7918,#1352,.F.);
#6990=EDGE_CURVE('',#8018,#8027,#1353,.F.);
#6991=EDGE_CURVE('',#8012,#8026,#1354,.F.);
#6992=EDGE_CURVE('',#7982,#7991,#1355,.F.);
#6993=EDGE_CURVE('',#7976,#7990,#1356,.F.);
#6994=EDGE_CURVE('',#7946,#7955,#1357,.F.);
#6995=EDGE_CURVE('',#7940,#7954,#1358,.F.);
#6996=EDGE_CURVE('',#7923,#7925,#1359,.T.);
#6997=EDGE_CURVE('',#7917,#7906,#1360,.T.);
#6998=EDGE_CURVE('',#7924,#7927,#1361,.T.);
#6999=EDGE_CURVE('',#7920,#7909,#1362,.T.);
#7000=EDGE_CURVE('',#7959,#7961,#1363,.T.);
#7001=EDGE_CURVE('',#7953,#7942,#1364,.T.);
#7002=EDGE_CURVE('',#7960,#7963,#1365,.T.);
#7003=EDGE_CURVE('',#7956,#7945,#1366,.T.);
#7004=EDGE_CURVE('',#7995,#7997,#1367,.T.);
#7005=EDGE_CURVE('',#7989,#7978,#1368,.T.);
#7006=EDGE_CURVE('',#7996,#7999,#1369,.T.);
#7007=EDGE_CURVE('',#7992,#7981,#1370,.T.);
#7008=EDGE_CURVE('',#8031,#8033,#1371,.T.);
#7009=EDGE_CURVE('',#8025,#8014,#1372,.T.);
#7010=EDGE_CURVE('',#8032,#8035,#1373,.T.);
#7011=EDGE_CURVE('',#8028,#8017,#1374,.T.);
#7012=EDGE_CURVE('',#8036,#7053,#1375,.T.);
#7013=EDGE_CURVE('',#8037,#8036,#1376,.T.);
#7014=EDGE_CURVE('',#8037,#7055,#1377,.T.);
#7015=EDGE_CURVE('',#8038,#7054,#1378,.T.);
#7016=EDGE_CURVE('',#8036,#8038,#1379,.T.);
#7017=EDGE_CURVE('',#8039,#7057,#1380,.T.);
#7018=EDGE_CURVE('',#8038,#8039,#1381,.T.);
#7019=EDGE_CURVE('',#8040,#7056,#1382,.T.);
#7020=EDGE_CURVE('',#8039,#8040,#1383,.T.);
#7021=EDGE_CURVE('',#8040,#8037,#1384,.T.);
#7022=EDGE_CURVE('',#8041,#8041,#8403,.T.);
#7023=EDGE_CURVE('',#8042,#7058,#1385,.T.);
#7024=EDGE_CURVE('',#8043,#8042,#8404,.T.);
#7025=EDGE_CURVE('',#8043,#7060,#1386,.T.);
#7026=EDGE_CURVE('',#8044,#7059,#1387,.T.);
#7027=EDGE_CURVE('',#8042,#8044,#1388,.T.);
#7028=EDGE_CURVE('',#8045,#7064,#1389,.T.);
#7029=EDGE_CURVE('',#8044,#8045,#1390,.T.);
#7030=EDGE_CURVE('',#8046,#7063,#1391,.T.);
#7031=EDGE_CURVE('',#8045,#8046,#8405,.T.);
#7032=EDGE_CURVE('',#8047,#7062,#1392,.T.);
#7033=EDGE_CURVE('',#8046,#8047,#1393,.T.);
#7034=EDGE_CURVE('',#8048,#7061,#1394,.T.);
#7035=EDGE_CURVE('',#8047,#8048,#8406,.T.);
#7036=EDGE_CURVE('',#8048,#8043,#1395,.T.);
#7037=VERTEX_POINT('',#18205);
#7038=VERTEX_POINT('',#18207);
#7039=VERTEX_POINT('',#18208);
#7040=VERTEX_POINT('',#18210);
#7041=VERTEX_POINT('',#18212);
#7042=VERTEX_POINT('',#18214);
#7043=VERTEX_POINT('',#18216);
#7044=VERTEX_POINT('',#18218);
#7045=VERTEX_POINT('',#18220);
#7046=VERTEX_POINT('',#18222);
#7047=VERTEX_POINT('',#18224);
#7048=VERTEX_POINT('',#18226);
#7049=VERTEX_POINT('',#18228);
#7050=VERTEX_POINT('',#18230);
#7051=VERTEX_POINT('',#18232);
#7052=VERTEX_POINT('',#18234);
#7053=VERTEX_POINT('',#18237);
#7054=VERTEX_POINT('',#18238);
#7055=VERTEX_POINT('',#18240);
#7056=VERTEX_POINT('',#18242);
#7057=VERTEX_POINT('',#18244);
#7058=VERTEX_POINT('',#18247);
#7059=VERTEX_POINT('',#18248);
#7060=VERTEX_POINT('',#18250);
#7061=VERTEX_POINT('',#18252);
#7062=VERTEX_POINT('',#18254);
#7063=VERTEX_POINT('',#18256);
#7064=VERTEX_POINT('',#18258);
#7065=VERTEX_POINT('',#18262);
#7066=VERTEX_POINT('',#18263);
#7067=VERTEX_POINT('',#18265);
#7068=VERTEX_POINT('',#18267);
#7069=VERTEX_POINT('',#18269);
#7070=VERTEX_POINT('',#18271);
#7071=VERTEX_POINT('',#18273);
#7072=VERTEX_POINT('',#18277);
#7073=VERTEX_POINT('',#18279);
#7074=VERTEX_POINT('',#18281);
#7075=VERTEX_POINT('',#18283);
#7076=VERTEX_POINT('',#18285);
#7077=VERTEX_POINT('',#18287);
#7078=VERTEX_POINT('',#18291);
#7079=VERTEX_POINT('',#18292);
#7080=VERTEX_POINT('',#18294);
#7081=VERTEX_POINT('',#18296);
#7082=VERTEX_POINT('',#18300);
#7083=VERTEX_POINT('',#18301);
#7084=VERTEX_POINT('',#18303);
#7085=VERTEX_POINT('',#18305);
#7086=VERTEX_POINT('',#18307);
#7087=VERTEX_POINT('',#18309);
#7088=VERTEX_POINT('',#18311);
#7089=VERTEX_POINT('',#18313);
#7090=VERTEX_POINT('',#18317);
#7091=VERTEX_POINT('',#18318);
#7092=VERTEX_POINT('',#18320);
#7093=VERTEX_POINT('',#18322);
#7094=VERTEX_POINT('',#18326);
#7095=VERTEX_POINT('',#18327);
#7096=VERTEX_POINT('',#18329);
#7097=VERTEX_POINT('',#18331);
#7098=VERTEX_POINT('',#18333);
#7099=VERTEX_POINT('',#18335);
#7100=VERTEX_POINT('',#18337);
#7101=VERTEX_POINT('',#18339);
#7102=VERTEX_POINT('',#18343);
#7103=VERTEX_POINT('',#18344);
#7104=VERTEX_POINT('',#18346);
#7105=VERTEX_POINT('',#18348);
#7106=VERTEX_POINT('',#18350);
#7107=VERTEX_POINT('',#18352);
#7108=VERTEX_POINT('',#18354);
#7109=VERTEX_POINT('',#18356);
#7110=VERTEX_POINT('',#18358);
#7111=VERTEX_POINT('',#18360);
#7112=VERTEX_POINT('',#18362);
#7113=VERTEX_POINT('',#18364);
#7114=VERTEX_POINT('',#18366);
#7115=VERTEX_POINT('',#18368);
#7116=VERTEX_POINT('',#18370);
#7117=VERTEX_POINT('',#18372);
#7118=VERTEX_POINT('',#18374);
#7119=VERTEX_POINT('',#18376);
#7120=VERTEX_POINT('',#18379);
#7121=VERTEX_POINT('',#18380);
#7122=VERTEX_POINT('',#18382);
#7123=VERTEX_POINT('',#18386);
#7124=VERTEX_POINT('',#18388);
#7125=VERTEX_POINT('',#18390);
#7126=VERTEX_POINT('',#18392);
#7127=VERTEX_POINT('',#18394);
#7128=VERTEX_POINT('',#18396);
#7129=VERTEX_POINT('',#18398);
#7130=VERTEX_POINT('',#18400);
#7131=VERTEX_POINT('',#18402);
#7132=VERTEX_POINT('',#18404);
#7133=VERTEX_POINT('',#18406);
#7134=VERTEX_POINT('',#18408);
#7135=VERTEX_POINT('',#18410);
#7136=VERTEX_POINT('',#18412);
#7137=VERTEX_POINT('',#18414);
#7138=VERTEX_POINT('',#18417);
#7139=VERTEX_POINT('',#18418);
#7140=VERTEX_POINT('',#18420);
#7141=VERTEX_POINT('',#18422);
#7142=VERTEX_POINT('',#18424);
#7143=VERTEX_POINT('',#18426);
#7144=VERTEX_POINT('',#18428);
#7145=VERTEX_POINT('',#18430);
#7146=VERTEX_POINT('',#18432);
#7147=VERTEX_POINT('',#18434);
#7148=VERTEX_POINT('',#18436);
#7149=VERTEX_POINT('',#18438);
#7150=VERTEX_POINT('',#18440);
#7151=VERTEX_POINT('',#18442);
#7152=VERTEX_POINT('',#18444);
#7153=VERTEX_POINT('',#18446);
#7154=VERTEX_POINT('',#18448);
#7155=VERTEX_POINT('',#18450);
#7156=VERTEX_POINT('',#18453);
#7157=VERTEX_POINT('',#18454);
#7158=VERTEX_POINT('',#18456);
#7159=VERTEX_POINT('',#18458);
#7160=VERTEX_POINT('',#18460);
#7161=VERTEX_POINT('',#18462);
#7162=VERTEX_POINT('',#18464);
#7163=VERTEX_POINT('',#18466);
#7164=VERTEX_POINT('',#18468);
#7165=VERTEX_POINT('',#18470);
#7166=VERTEX_POINT('',#18472);
#7167=VERTEX_POINT('',#18474);
#7168=VERTEX_POINT('',#18476);
#7169=VERTEX_POINT('',#18478);
#7170=VERTEX_POINT('',#18480);
#7171=VERTEX_POINT('',#18482);
#7172=VERTEX_POINT('',#18484);
#7173=VERTEX_POINT('',#18486);
#7174=VERTEX_POINT('',#18490);
#7175=VERTEX_POINT('',#18492);
#7176=VERTEX_POINT('',#18494);
#7177=VERTEX_POINT('',#18498);
#7178=VERTEX_POINT('',#18499);
#7179=VERTEX_POINT('',#18501);
#7180=VERTEX_POINT('',#18506);
#7181=VERTEX_POINT('',#18508);
#7182=VERTEX_POINT('',#18510);
#7183=VERTEX_POINT('',#18514);
#7184=VERTEX_POINT('',#18515);
#7185=VERTEX_POINT('',#18517);
#7186=VERTEX_POINT('',#18522);
#7187=VERTEX_POINT('',#18524);
#7188=VERTEX_POINT('',#18526);
#7189=VERTEX_POINT('',#18530);
#7190=VERTEX_POINT('',#18531);
#7191=VERTEX_POINT('',#18533);
#7192=VERTEX_POINT('',#18538);
#7193=VERTEX_POINT('',#18540);
#7194=VERTEX_POINT('',#18542);
#7195=VERTEX_POINT('',#18544);
#7196=VERTEX_POINT('',#18546);
#7197=VERTEX_POINT('',#18548);
#7198=VERTEX_POINT('',#18552);
#7199=VERTEX_POINT('',#18554);
#7200=VERTEX_POINT('',#18556);
#7201=VERTEX_POINT('',#18560);
#7202=VERTEX_POINT('',#18561);
#7203=VERTEX_POINT('',#18563);
#7204=VERTEX_POINT('',#18568);
#7205=VERTEX_POINT('',#18569);
#7206=VERTEX_POINT('',#18571);
#7207=VERTEX_POINT('',#18573);
#7208=VERTEX_POINT('',#18575);
#7209=VERTEX_POINT('',#18577);
#7210=VERTEX_POINT('',#18579);
#7211=VERTEX_POINT('',#18581);
#7212=VERTEX_POINT('',#18583);
#7213=VERTEX_POINT('',#18585);
#7214=VERTEX_POINT('',#18587);
#7215=VERTEX_POINT('',#18589);
#7216=VERTEX_POINT('',#18593);
#7217=VERTEX_POINT('',#18595);
#7218=VERTEX_POINT('',#18597);
#7219=VERTEX_POINT('',#18599);
#7220=VERTEX_POINT('',#18601);
#7221=VERTEX_POINT('',#18603);
#7222=VERTEX_POINT('',#18605);
#7223=VERTEX_POINT('',#18607);
#7224=VERTEX_POINT('',#18609);
#7225=VERTEX_POINT('',#18611);
#7226=VERTEX_POINT('',#18613);
#7227=VERTEX_POINT('',#18615);
#7228=VERTEX_POINT('',#18617);
#7229=VERTEX_POINT('',#18619);
#7230=VERTEX_POINT('',#18623);
#7231=VERTEX_POINT('',#18624);
#7232=VERTEX_POINT('',#18626);
#7233=VERTEX_POINT('',#18628);
#7234=VERTEX_POINT('',#18630);
#7235=VERTEX_POINT('',#18632);
#7236=VERTEX_POINT('',#18634);
#7237=VERTEX_POINT('',#18636);
#7238=VERTEX_POINT('',#18638);
#7239=VERTEX_POINT('',#18640);
#7240=VERTEX_POINT('',#18642);
#7241=VERTEX_POINT('',#18644);
#7242=VERTEX_POINT('',#18646);
#7243=VERTEX_POINT('',#18648);
#7244=VERTEX_POINT('',#18650);
#7245=VERTEX_POINT('',#18652);
#7246=VERTEX_POINT('',#18654);
#7247=VERTEX_POINT('',#18656);
#7248=VERTEX_POINT('',#18658);
#7249=VERTEX_POINT('',#18660);
#7250=VERTEX_POINT('',#18662);
#7251=VERTEX_POINT('',#18664);
#7252=VERTEX_POINT('',#18666);
#7253=VERTEX_POINT('',#18668);
#7254=VERTEX_POINT('',#18670);
#7255=VERTEX_POINT('',#18672);
#7256=VERTEX_POINT('',#18674);
#7257=VERTEX_POINT('',#18676);
#7258=VERTEX_POINT('',#18678);
#7259=VERTEX_POINT('',#18680);
#7260=VERTEX_POINT('',#18682);
#7261=VERTEX_POINT('',#18684);
#7262=VERTEX_POINT('',#18686);
#7263=VERTEX_POINT('',#18688);
#7264=VERTEX_POINT('',#18690);
#7265=VERTEX_POINT('',#18692);
#7266=VERTEX_POINT('',#18694);
#7267=VERTEX_POINT('',#18696);
#7268=VERTEX_POINT('',#18698);
#7269=VERTEX_POINT('',#18700);
#7270=VERTEX_POINT('',#18702);
#7271=VERTEX_POINT('',#18704);
#7272=VERTEX_POINT('',#18706);
#7273=VERTEX_POINT('',#18708);
#7274=VERTEX_POINT('',#18710);
#7275=VERTEX_POINT('',#18712);
#7276=VERTEX_POINT('',#18714);
#7277=VERTEX_POINT('',#18716);
#7278=VERTEX_POINT('',#18718);
#7279=VERTEX_POINT('',#18720);
#7280=VERTEX_POINT('',#18722);
#7281=VERTEX_POINT('',#18724);
#7282=VERTEX_POINT('',#18726);
#7283=VERTEX_POINT('',#18728);
#7284=VERTEX_POINT('',#18730);
#7285=VERTEX_POINT('',#18732);
#7286=VERTEX_POINT('',#18734);
#7287=VERTEX_POINT('',#18736);
#7288=VERTEX_POINT('',#18738);
#7289=VERTEX_POINT('',#18740);
#7290=VERTEX_POINT('',#18742);
#7291=VERTEX_POINT('',#18744);
#7292=VERTEX_POINT('',#18746);
#7293=VERTEX_POINT('',#18749);
#7294=VERTEX_POINT('',#18751);
#7295=VERTEX_POINT('',#18753);
#7296=VERTEX_POINT('',#18755);
#7297=VERTEX_POINT('',#18757);
#7298=VERTEX_POINT('',#18761);
#7299=VERTEX_POINT('',#18763);
#7300=VERTEX_POINT('',#18765);
#7301=VERTEX_POINT('',#18767);
#7302=VERTEX_POINT('',#18769);
#7303=VERTEX_POINT('',#18771);
#7304=VERTEX_POINT('',#18773);
#7305=VERTEX_POINT('',#18775);
#7306=VERTEX_POINT('',#18777);
#7307=VERTEX_POINT('',#18779);
#7308=VERTEX_POINT('',#18781);
#7309=VERTEX_POINT('',#18783);
#7310=VERTEX_POINT('',#18785);
#7311=VERTEX_POINT('',#18787);
#7312=VERTEX_POINT('',#18789);
#7313=VERTEX_POINT('',#18791);
#7314=VERTEX_POINT('',#18793);
#7315=VERTEX_POINT('',#18795);
#7316=VERTEX_POINT('',#18797);
#7317=VERTEX_POINT('',#18799);
#7318=VERTEX_POINT('',#18801);
#7319=VERTEX_POINT('',#18803);
#7320=VERTEX_POINT('',#18805);
#7321=VERTEX_POINT('',#18807);
#7322=VERTEX_POINT('',#18811);
#7323=VERTEX_POINT('',#18813);
#7324=VERTEX_POINT('',#18815);
#7325=VERTEX_POINT('',#18817);
#7326=VERTEX_POINT('',#18819);
#7327=VERTEX_POINT('',#18821);
#7328=VERTEX_POINT('',#18823);
#7329=VERTEX_POINT('',#18825);
#7330=VERTEX_POINT('',#18829);
#7331=VERTEX_POINT('',#18830);
#7332=VERTEX_POINT('',#18832);
#7333=VERTEX_POINT('',#18834);
#7334=VERTEX_POINT('',#18836);
#7335=VERTEX_POINT('',#18838);
#7336=VERTEX_POINT('',#18840);
#7337=VERTEX_POINT('',#18844);
#7338=VERTEX_POINT('',#18845);
#7339=VERTEX_POINT('',#18847);
#7340=VERTEX_POINT('',#18849);
#7341=VERTEX_POINT('',#18851);
#7342=VERTEX_POINT('',#18853);
#7343=VERTEX_POINT('',#18855);
#7344=VERTEX_POINT('',#18859);
#7345=VERTEX_POINT('',#18860);
#7346=VERTEX_POINT('',#18863);
#7347=VERTEX_POINT('',#18865);
#7348=VERTEX_POINT('',#18867);
#7349=VERTEX_POINT('',#18869);
#7350=VERTEX_POINT('',#18871);
#7351=VERTEX_POINT('',#18881);
#7352=VERTEX_POINT('',#18882);
#7353=VERTEX_POINT('',#18884);
#7354=VERTEX_POINT('',#18886);
#7355=VERTEX_POINT('',#18888);
#7356=VERTEX_POINT('',#18890);
#7357=VERTEX_POINT('',#18892);
#7358=VERTEX_POINT('',#18896);
#7359=VERTEX_POINT('',#18897);
#7360=VERTEX_POINT('',#18900);
#7361=VERTEX_POINT('',#18902);
#7362=VERTEX_POINT('',#18904);
#7363=VERTEX_POINT('',#18906);
#7364=VERTEX_POINT('',#18908);
#7365=VERTEX_POINT('',#18910);
#7366=VERTEX_POINT('',#18914);
#7367=VERTEX_POINT('',#18915);
#7368=VERTEX_POINT('',#18917);
#7369=VERTEX_POINT('',#18919);
#7370=VERTEX_POINT('',#18921);
#7371=VERTEX_POINT('',#18923);
#7372=VERTEX_POINT('',#18925);
#7373=VERTEX_POINT('',#18935);
#7374=VERTEX_POINT('',#18936);
#7375=VERTEX_POINT('',#18938);
#7376=VERTEX_POINT('',#18940);
#7377=VERTEX_POINT('',#18942);
#7378=VERTEX_POINT('',#18944);
#7379=VERTEX_POINT('',#18946);
#7380=VERTEX_POINT('',#18950);
#7381=VERTEX_POINT('',#18951);
#7382=VERTEX_POINT('',#18954);
#7383=VERTEX_POINT('',#18956);
#7384=VERTEX_POINT('',#18958);
#7385=VERTEX_POINT('',#18960);
#7386=VERTEX_POINT('',#18962);
#7387=VERTEX_POINT('',#18964);
#7388=VERTEX_POINT('',#18968);
#7389=VERTEX_POINT('',#18969);
#7390=VERTEX_POINT('',#18971);
#7391=VERTEX_POINT('',#18973);
#7392=VERTEX_POINT('',#18975);
#7393=VERTEX_POINT('',#18977);
#7394=VERTEX_POINT('',#18979);
#7395=VERTEX_POINT('',#18989);
#7396=VERTEX_POINT('',#18990);
#7397=VERTEX_POINT('',#18992);
#7398=VERTEX_POINT('',#18994);
#7399=VERTEX_POINT('',#18996);
#7400=VERTEX_POINT('',#18998);
#7401=VERTEX_POINT('',#19000);
#7402=VERTEX_POINT('',#19009);
#7403=VERTEX_POINT('',#19010);
#7404=VERTEX_POINT('',#19012);
#7405=VERTEX_POINT('',#19014);
#7406=VERTEX_POINT('',#19017);
#7407=VERTEX_POINT('',#19018);
#7408=VERTEX_POINT('',#19020);
#7409=VERTEX_POINT('',#19022);
#7410=VERTEX_POINT('',#19025);
#7411=VERTEX_POINT('',#19026);
#7412=VERTEX_POINT('',#19028);
#7413=VERTEX_POINT('',#19030);
#7414=VERTEX_POINT('',#19033);
#7415=VERTEX_POINT('',#19034);
#7416=VERTEX_POINT('',#19036);
#7417=VERTEX_POINT('',#19038);
#7418=VERTEX_POINT('',#19041);
#7419=VERTEX_POINT('',#19042);
#7420=VERTEX_POINT('',#19044);
#7421=VERTEX_POINT('',#19046);
#7422=VERTEX_POINT('',#19049);
#7423=VERTEX_POINT('',#19050);
#7424=VERTEX_POINT('',#19052);
#7425=VERTEX_POINT('',#19054);
#7426=VERTEX_POINT('',#19057);
#7427=VERTEX_POINT('',#19059);
#7428=VERTEX_POINT('',#19062);
#7429=VERTEX_POINT('',#19064);
#7430=VERTEX_POINT('',#19071);
#7431=VERTEX_POINT('',#19072);
#7432=VERTEX_POINT('',#19074);
#7433=VERTEX_POINT('',#19076);
#7434=VERTEX_POINT('',#19079);
#7435=VERTEX_POINT('',#19080);
#7436=VERTEX_POINT('',#19082);
#7437=VERTEX_POINT('',#19084);
#7438=VERTEX_POINT('',#19087);
#7439=VERTEX_POINT('',#19088);
#7440=VERTEX_POINT('',#19090);
#7441=VERTEX_POINT('',#19092);
#7442=VERTEX_POINT('',#19095);
#7443=VERTEX_POINT('',#19096);
#7444=VERTEX_POINT('',#19098);
#7445=VERTEX_POINT('',#19100);
#7446=VERTEX_POINT('',#19103);
#7447=VERTEX_POINT('',#19104);
#7448=VERTEX_POINT('',#19106);
#7449=VERTEX_POINT('',#19108);
#7450=VERTEX_POINT('',#19111);
#7451=VERTEX_POINT('',#19112);
#7452=VERTEX_POINT('',#19114);
#7453=VERTEX_POINT('',#19116);
#7454=VERTEX_POINT('',#19119);
#7455=VERTEX_POINT('',#19121);
#7456=VERTEX_POINT('',#19124);
#7457=VERTEX_POINT('',#19126);
#7458=VERTEX_POINT('',#19133);
#7459=VERTEX_POINT('',#19135);
#7460=VERTEX_POINT('',#19139);
#7461=VERTEX_POINT('',#19141);
#7462=VERTEX_POINT('',#19145);
#7463=VERTEX_POINT('',#19147);
#7464=VERTEX_POINT('',#19155);
#7465=VERTEX_POINT('',#19157);
#7466=VERTEX_POINT('',#19159);
#7467=VERTEX_POINT('',#19161);
#7468=VERTEX_POINT('',#19163);
#7469=VERTEX_POINT('',#19165);
#7470=VERTEX_POINT('',#19167);
#7471=VERTEX_POINT('',#19169);
#7472=VERTEX_POINT('',#19171);
#7473=VERTEX_POINT('',#19173);
#7474=VERTEX_POINT('',#19175);
#7475=VERTEX_POINT('',#19179);
#7476=VERTEX_POINT('',#19183);
#7477=VERTEX_POINT('',#19187);
#7478=VERTEX_POINT('',#19191);
#7479=VERTEX_POINT('',#19192);
#7480=VERTEX_POINT('',#19194);
#7481=VERTEX_POINT('',#19196);
#7482=VERTEX_POINT('',#19199);
#7483=VERTEX_POINT('',#19203);
#7484=VERTEX_POINT('',#19207);
#7485=VERTEX_POINT('',#19211);
#7486=VERTEX_POINT('',#19213);
#7487=VERTEX_POINT('',#19215);
#7488=VERTEX_POINT('',#19217);
#7489=VERTEX_POINT('',#19222);
#7490=VERTEX_POINT('',#19226);
#7491=VERTEX_POINT('',#19230);
#7492=VERTEX_POINT('',#19231);
#7493=VERTEX_POINT('',#19233);
#7494=VERTEX_POINT('',#19235);
#7495=VERTEX_POINT('',#19238);
#7496=VERTEX_POINT('',#19242);
#7497=VERTEX_POINT('',#19248);
#7498=VERTEX_POINT('',#19249);
#7499=VERTEX_POINT('',#19251);
#7500=VERTEX_POINT('',#19253);
#7501=VERTEX_POINT('',#19257);
#7502=VERTEX_POINT('',#19259);
#7503=VERTEX_POINT('',#19263);
#7504=VERTEX_POINT('',#19264);
#7505=VERTEX_POINT('',#19266);
#7506=VERTEX_POINT('',#19268);
#7507=VERTEX_POINT('',#19271);
#7508=VERTEX_POINT('',#19273);
#7509=VERTEX_POINT('',#19277);
#7510=VERTEX_POINT('',#19279);
#7511=VERTEX_POINT('',#19283);
#7512=VERTEX_POINT('',#19285);
#7513=VERTEX_POINT('',#19289);
#7514=VERTEX_POINT('',#19291);
#7515=VERTEX_POINT('',#19295);
#7516=VERTEX_POINT('',#19297);
#7517=VERTEX_POINT('',#19301);
#7518=VERTEX_POINT('',#19303);
#7519=VERTEX_POINT('',#19307);
#7520=VERTEX_POINT('',#19308);
#7521=VERTEX_POINT('',#19310);
#7522=VERTEX_POINT('',#19312);
#7523=VERTEX_POINT('',#19315);
#7524=VERTEX_POINT('',#19317);
#7525=VERTEX_POINT('',#19321);
#7526=VERTEX_POINT('',#19323);
#7527=VERTEX_POINT('',#19335);
#7528=VERTEX_POINT('',#19337);
#7529=VERTEX_POINT('',#19339);
#7530=VERTEX_POINT('',#19343);
#7531=VERTEX_POINT('',#19345);
#7532=VERTEX_POINT('',#19347);
#7533=VERTEX_POINT('',#19358);
#7534=VERTEX_POINT('',#19359);
#7535=VERTEX_POINT('',#19361);
#7536=VERTEX_POINT('',#19363);
#7537=VERTEX_POINT('',#19367);
#7538=VERTEX_POINT('',#19369);
#7539=VERTEX_POINT('',#19373);
#7540=VERTEX_POINT('',#19374);
#7541=VERTEX_POINT('',#19376);
#7542=VERTEX_POINT('',#19378);
#7543=VERTEX_POINT('',#19381);
#7544=VERTEX_POINT('',#19383);
#7545=VERTEX_POINT('',#19387);
#7546=VERTEX_POINT('',#19389);
#7547=VERTEX_POINT('',#19393);
#7548=VERTEX_POINT('',#19395);
#7549=VERTEX_POINT('',#19399);
#7550=VERTEX_POINT('',#19401);
#7551=VERTEX_POINT('',#19405);
#7552=VERTEX_POINT('',#19407);
#7553=VERTEX_POINT('',#19411);
#7554=VERTEX_POINT('',#19413);
#7555=VERTEX_POINT('',#19417);
#7556=VERTEX_POINT('',#19418);
#7557=VERTEX_POINT('',#19420);
#7558=VERTEX_POINT('',#19422);
#7559=VERTEX_POINT('',#19425);
#7560=VERTEX_POINT('',#19427);
#7561=VERTEX_POINT('',#19431);
#7562=VERTEX_POINT('',#19433);
#7563=VERTEX_POINT('',#19445);
#7564=VERTEX_POINT('',#19447);
#7565=VERTEX_POINT('',#19449);
#7566=VERTEX_POINT('',#19453);
#7567=VERTEX_POINT('',#19455);
#7568=VERTEX_POINT('',#19457);
#7569=VERTEX_POINT('',#19468);
#7570=VERTEX_POINT('',#19469);
#7571=VERTEX_POINT('',#19471);
#7572=VERTEX_POINT('',#19473);
#7573=VERTEX_POINT('',#19477);
#7574=VERTEX_POINT('',#19479);
#7575=VERTEX_POINT('',#19483);
#7576=VERTEX_POINT('',#19484);
#7577=VERTEX_POINT('',#19486);
#7578=VERTEX_POINT('',#19488);
#7579=VERTEX_POINT('',#19491);
#7580=VERTEX_POINT('',#19493);
#7581=VERTEX_POINT('',#19497);
#7582=VERTEX_POINT('',#19499);
#7583=VERTEX_POINT('',#19503);
#7584=VERTEX_POINT('',#19505);
#7585=VERTEX_POINT('',#19509);
#7586=VERTEX_POINT('',#19511);
#7587=VERTEX_POINT('',#19515);
#7588=VERTEX_POINT('',#19517);
#7589=VERTEX_POINT('',#19521);
#7590=VERTEX_POINT('',#19523);
#7591=VERTEX_POINT('',#19527);
#7592=VERTEX_POINT('',#19528);
#7593=VERTEX_POINT('',#19530);
#7594=VERTEX_POINT('',#19532);
#7595=VERTEX_POINT('',#19535);
#7596=VERTEX_POINT('',#19537);
#7597=VERTEX_POINT('',#19541);
#7598=VERTEX_POINT('',#19543);
#7599=VERTEX_POINT('',#19555);
#7600=VERTEX_POINT('',#19557);
#7601=VERTEX_POINT('',#19559);
#7602=VERTEX_POINT('',#19563);
#7603=VERTEX_POINT('',#19565);
#7604=VERTEX_POINT('',#19567);
#7605=VERTEX_POINT('',#19578);
#7606=VERTEX_POINT('',#19580);
#7607=VERTEX_POINT('',#19582);
#7608=VERTEX_POINT('',#19584);
#7609=VERTEX_POINT('',#19588);
#7610=VERTEX_POINT('',#19592);
#7611=VERTEX_POINT('',#19596);
#7612=VERTEX_POINT('',#19600);
#7613=VERTEX_POINT('',#19606);
#7614=VERTEX_POINT('',#19608);
#7615=VERTEX_POINT('',#19610);
#7616=VERTEX_POINT('',#19612);
#7617=VERTEX_POINT('',#19614);
#7618=VERTEX_POINT('',#19616);
#7619=VERTEX_POINT('',#19618);
#7620=VERTEX_POINT('',#19620);
#7621=VERTEX_POINT('',#19622);
#7622=VERTEX_POINT('',#19624);
#7623=VERTEX_POINT('',#19628);
#7624=VERTEX_POINT('',#19632);
#7625=VERTEX_POINT('',#19636);
#7626=VERTEX_POINT('',#19640);
#7627=VERTEX_POINT('',#19644);
#7628=VERTEX_POINT('',#19648);
#7629=VERTEX_POINT('',#19651);
#7630=VERTEX_POINT('',#19653);
#7631=VERTEX_POINT('',#19659);
#7632=VERTEX_POINT('',#19663);
#7633=VERTEX_POINT('',#19667);
#7634=VERTEX_POINT('',#19671);
#7635=VERTEX_POINT('',#19677);
#7636=VERTEX_POINT('',#19678);
#7637=VERTEX_POINT('',#19680);
#7638=VERTEX_POINT('',#19682);
#7639=VERTEX_POINT('',#19686);
#7640=VERTEX_POINT('',#19688);
#7641=VERTEX_POINT('',#19692);
#7642=VERTEX_POINT('',#19694);
#7643=VERTEX_POINT('',#19706);
#7644=VERTEX_POINT('',#19708);
#7645=VERTEX_POINT('',#19710);
#7646=VERTEX_POINT('',#19712);
#7647=VERTEX_POINT('',#19714);
#7648=VERTEX_POINT('',#19716);
#7649=VERTEX_POINT('',#19718);
#7650=VERTEX_POINT('',#19720);
#7651=VERTEX_POINT('',#19722);
#7652=VERTEX_POINT('',#19724);
#7653=VERTEX_POINT('',#19728);
#7654=VERTEX_POINT('',#19730);
#7655=VERTEX_POINT('',#19732);
#7656=VERTEX_POINT('',#19734);
#7657=VERTEX_POINT('',#19736);
#7658=VERTEX_POINT('',#19738);
#7659=VERTEX_POINT('',#19740);
#7660=VERTEX_POINT('',#19742);
#7661=VERTEX_POINT('',#19744);
#7662=VERTEX_POINT('',#19746);
#7663=VERTEX_POINT('',#19771);
#7664=VERTEX_POINT('',#19772);
#7665=VERTEX_POINT('',#19774);
#7666=VERTEX_POINT('',#19776);
#7667=VERTEX_POINT('',#19780);
#7668=VERTEX_POINT('',#19782);
#7669=VERTEX_POINT('',#19786);
#7670=VERTEX_POINT('',#19788);
#7671=VERTEX_POINT('',#19800);
#7672=VERTEX_POINT('',#19802);
#7673=VERTEX_POINT('',#19804);
#7674=VERTEX_POINT('',#19806);
#7675=VERTEX_POINT('',#19808);
#7676=VERTEX_POINT('',#19810);
#7677=VERTEX_POINT('',#19812);
#7678=VERTEX_POINT('',#19814);
#7679=VERTEX_POINT('',#19816);
#7680=VERTEX_POINT('',#19818);
#7681=VERTEX_POINT('',#19822);
#7682=VERTEX_POINT('',#19824);
#7683=VERTEX_POINT('',#19826);
#7684=VERTEX_POINT('',#19828);
#7685=VERTEX_POINT('',#19830);
#7686=VERTEX_POINT('',#19832);
#7687=VERTEX_POINT('',#19834);
#7688=VERTEX_POINT('',#19836);
#7689=VERTEX_POINT('',#19838);
#7690=VERTEX_POINT('',#19840);
#7691=VERTEX_POINT('',#19865);
#7692=VERTEX_POINT('',#19866);
#7693=VERTEX_POINT('',#19868);
#7694=VERTEX_POINT('',#19870);
#7695=VERTEX_POINT('',#19874);
#7696=VERTEX_POINT('',#19876);
#7697=VERTEX_POINT('',#19880);
#7698=VERTEX_POINT('',#19882);
#7699=VERTEX_POINT('',#19894);
#7700=VERTEX_POINT('',#19896);
#7701=VERTEX_POINT('',#19898);
#7702=VERTEX_POINT('',#19900);
#7703=VERTEX_POINT('',#19902);
#7704=VERTEX_POINT('',#19904);
#7705=VERTEX_POINT('',#19906);
#7706=VERTEX_POINT('',#19908);
#7707=VERTEX_POINT('',#19910);
#7708=VERTEX_POINT('',#19912);
#7709=VERTEX_POINT('',#19916);
#7710=VERTEX_POINT('',#19918);
#7711=VERTEX_POINT('',#19920);
#7712=VERTEX_POINT('',#19922);
#7713=VERTEX_POINT('',#19924);
#7714=VERTEX_POINT('',#19926);
#7715=VERTEX_POINT('',#19928);
#7716=VERTEX_POINT('',#19930);
#7717=VERTEX_POINT('',#19932);
#7718=VERTEX_POINT('',#19934);
#7719=VERTEX_POINT('',#19971);
#7720=VERTEX_POINT('',#19987);
#7721=VERTEX_POINT('',#19989);
#7722=VERTEX_POINT('',#19993);
#7723=VERTEX_POINT('',#19997);
#7724=VERTEX_POINT('',#20001);
#7725=VERTEX_POINT('',#20021);
#7726=VERTEX_POINT('',#20040);
#7727=VERTEX_POINT('',#20064);
#7728=VERTEX_POINT('',#20083);
#7729=VERTEX_POINT('',#20107);
#7730=VERTEX_POINT('',#20126);
#7731=VERTEX_POINT('',#20139);
#7732=VERTEX_POINT('',#20140);
#7733=VERTEX_POINT('',#20142);
#7734=VERTEX_POINT('',#20144);
#7735=VERTEX_POINT('',#20147);
#7736=VERTEX_POINT('',#20149);
#7737=VERTEX_POINT('',#20151);
#7738=VERTEX_POINT('',#20153);
#7739=VERTEX_POINT('',#20165);
#7740=VERTEX_POINT('',#20166);
#7741=VERTEX_POINT('',#20168);
#7742=VERTEX_POINT('',#20170);
#7743=VERTEX_POINT('',#20173);
#7744=VERTEX_POINT('',#20175);
#7745=VERTEX_POINT('',#20177);
#7746=VERTEX_POINT('',#20188);
#7747=VERTEX_POINT('',#20189);
#7748=VERTEX_POINT('',#20191);
#7749=VERTEX_POINT('',#20193);
#7750=VERTEX_POINT('',#20196);
#7751=VERTEX_POINT('',#20198);
#7752=VERTEX_POINT('',#20200);
#7753=VERTEX_POINT('',#20211);
#7754=VERTEX_POINT('',#20212);
#7755=VERTEX_POINT('',#20214);
#7756=VERTEX_POINT('',#20216);
#7757=VERTEX_POINT('',#20219);
#7758=VERTEX_POINT('',#20221);
#7759=VERTEX_POINT('',#20223);
#7760=VERTEX_POINT('',#20234);
#7761=VERTEX_POINT('',#20236);
#7762=VERTEX_POINT('',#20240);
#7763=VERTEX_POINT('',#20244);
#7764=VERTEX_POINT('',#20248);
#7765=VERTEX_POINT('',#20252);
#7766=VERTEX_POINT('',#20256);
#7767=VERTEX_POINT('',#20260);
#7768=VERTEX_POINT('',#20264);
#7769=VERTEX_POINT('',#20268);
#7770=VERTEX_POINT('',#20272);
#7771=VERTEX_POINT('',#20278);
#7772=VERTEX_POINT('',#20282);
#7773=VERTEX_POINT('',#20286);
#7774=VERTEX_POINT('',#20292);
#7775=VERTEX_POINT('',#20294);
#7776=VERTEX_POINT('',#20298);
#7777=VERTEX_POINT('',#20300);
#7778=VERTEX_POINT('',#20304);
#7779=VERTEX_POINT('',#20308);
#7780=VERTEX_POINT('',#20312);
#7781=VERTEX_POINT('',#20316);
#7782=VERTEX_POINT('',#20320);
#7783=VERTEX_POINT('',#20324);
#7784=VERTEX_POINT('',#20328);
#7785=VERTEX_POINT('',#20332);
#7786=VERTEX_POINT('',#20336);
#7787=VERTEX_POINT('',#20342);
#7788=VERTEX_POINT('',#20346);
#7789=VERTEX_POINT('',#20350);
#7790=VERTEX_POINT('',#20356);
#7791=VERTEX_POINT('',#20358);
#7792=VERTEX_POINT('',#20362);
#7793=VERTEX_POINT('',#20364);
#7794=VERTEX_POINT('',#20368);
#7795=VERTEX_POINT('',#20372);
#7796=VERTEX_POINT('',#20376);
#7797=VERTEX_POINT('',#20380);
#7798=VERTEX_POINT('',#20384);
#7799=VERTEX_POINT('',#20388);
#7800=VERTEX_POINT('',#20392);
#7801=VERTEX_POINT('',#20396);
#7802=VERTEX_POINT('',#20400);
#7803=VERTEX_POINT('',#20406);
#7804=VERTEX_POINT('',#20410);
#7805=VERTEX_POINT('',#20414);
#7806=VERTEX_POINT('',#20420);
#7807=VERTEX_POINT('',#20422);
#7808=VERTEX_POINT('',#20426);
#7809=VERTEX_POINT('',#20428);
#7810=VERTEX_POINT('',#20432);
#7811=VERTEX_POINT('',#20436);
#7812=VERTEX_POINT('',#20440);
#7813=VERTEX_POINT('',#20444);
#7814=VERTEX_POINT('',#20448);
#7815=VERTEX_POINT('',#20452);
#7816=VERTEX_POINT('',#20456);
#7817=VERTEX_POINT('',#20460);
#7818=VERTEX_POINT('',#20464);
#7819=VERTEX_POINT('',#20470);
#7820=VERTEX_POINT('',#20474);
#7821=VERTEX_POINT('',#20478);
#7822=VERTEX_POINT('',#20484);
#7823=VERTEX_POINT('',#20486);
#7824=VERTEX_POINT('',#20490);
#7825=VERTEX_POINT('',#20494);
#7826=VERTEX_POINT('',#20502);
#7827=VERTEX_POINT('',#20506);
#7828=VERTEX_POINT('',#20515);
#7829=VERTEX_POINT('',#20519);
#7830=VERTEX_POINT('',#20528);
#7831=VERTEX_POINT('',#20532);
#7832=VERTEX_POINT('',#20543);
#7833=VERTEX_POINT('',#20545);
#7834=VERTEX_POINT('',#20547);
#7835=VERTEX_POINT('',#20554);
#7836=VERTEX_POINT('',#20555);
#7837=VERTEX_POINT('',#20557);
#7838=VERTEX_POINT('',#20559);
#7839=VERTEX_POINT('',#20561);
#7840=VERTEX_POINT('',#20563);
#7841=VERTEX_POINT('',#20569);
#7842=VERTEX_POINT('',#20573);
#7843=VERTEX_POINT('',#20577);
#7844=VERTEX_POINT('',#20581);
#7845=VERTEX_POINT('',#20589);
#7846=VERTEX_POINT('',#20593);
#7847=VERTEX_POINT('',#20598);
#7848=VERTEX_POINT('',#20602);
#7849=VERTEX_POINT('',#20604);
#7850=VERTEX_POINT('',#20606);
#7851=VERTEX_POINT('',#20609);
#7852=VERTEX_POINT('',#20611);
#7853=VERTEX_POINT('',#20613);
#7854=VERTEX_POINT('',#20617);
#7855=VERTEX_POINT('',#20627);
#7856=VERTEX_POINT('',#20634);
#7857=VERTEX_POINT('',#20636);
#7858=VERTEX_POINT('',#20638);
#7859=VERTEX_POINT('',#20640);
#7860=VERTEX_POINT('',#20653);
#7861=VERTEX_POINT('',#20655);
#7862=VERTEX_POINT('',#20659);
#7863=VERTEX_POINT('',#20661);
#7864=VERTEX_POINT('',#20670);
#7865=VERTEX_POINT('',#20672);
#7866=VERTEX_POINT('',#20676);
#7867=VERTEX_POINT('',#20678);
#7868=VERTEX_POINT('',#20687);
#7869=VERTEX_POINT('',#20689);
#7870=VERTEX_POINT('',#20693);
#7871=VERTEX_POINT('',#20695);
#7872=VERTEX_POINT('',#20704);
#7873=VERTEX_POINT('',#20706);
#7874=VERTEX_POINT('',#20710);
#7875=VERTEX_POINT('',#20712);
#7876=VERTEX_POINT('',#20721);
#7877=VERTEX_POINT('',#20723);
#7878=VERTEX_POINT('',#20727);
#7879=VERTEX_POINT('',#20729);
#7880=VERTEX_POINT('',#20738);
#7881=VERTEX_POINT('',#20740);
#7882=VERTEX_POINT('',#20744);
#7883=VERTEX_POINT('',#20746);
#7884=VERTEX_POINT('',#20755);
#7885=VERTEX_POINT('',#20757);
#7886=VERTEX_POINT('',#20761);
#7887=VERTEX_POINT('',#20763);
#7888=VERTEX_POINT('',#20772);
#7889=VERTEX_POINT('',#20774);
#7890=VERTEX_POINT('',#20778);
#7891=VERTEX_POINT('',#20780);
#7892=VERTEX_POINT('',#20789);
#7893=VERTEX_POINT('',#20791);
#7894=VERTEX_POINT('',#20795);
#7895=VERTEX_POINT('',#20797);
#7896=VERTEX_POINT('',#20801);
#7897=VERTEX_POINT('',#20803);
#7898=VERTEX_POINT('',#20805);
#7899=VERTEX_POINT('',#20807);
#7900=VERTEX_POINT('',#20811);
#7901=VERTEX_POINT('',#20812);
#7902=VERTEX_POINT('',#20815);
#7903=VERTEX_POINT('',#20817);
#7904=VERTEX_POINT('',#20821);
#7905=VERTEX_POINT('',#20822);
#7906=VERTEX_POINT('',#20824);
#7907=VERTEX_POINT('',#20826);
#7908=VERTEX_POINT('',#20828);
#7909=VERTEX_POINT('',#20830);
#7910=VERTEX_POINT('',#20832);
#7911=VERTEX_POINT('',#20834);
#7912=VERTEX_POINT('',#20845);
#7913=VERTEX_POINT('',#20847);
#7914=VERTEX_POINT('',#20851);
#7915=VERTEX_POINT('',#20853);
#7916=VERTEX_POINT('',#20857);
#7917=VERTEX_POINT('',#20858);
#7918=VERTEX_POINT('',#20860);
#7919=VERTEX_POINT('',#20863);
#7920=VERTEX_POINT('',#20865);
#7921=VERTEX_POINT('',#20867);
#7922=VERTEX_POINT('',#20874);
#7923=VERTEX_POINT('',#20875);
#7924=VERTEX_POINT('',#20884);
#7925=VERTEX_POINT('',#20894);
#7926=VERTEX_POINT('',#20899);
#7927=VERTEX_POINT('',#20904);
#7928=VERTEX_POINT('',#20911);
#7929=VERTEX_POINT('',#20913);
#7930=VERTEX_POINT('',#20917);
#7931=VERTEX_POINT('',#20919);
#7932=VERTEX_POINT('',#20923);
#7933=VERTEX_POINT('',#20925);
#7934=VERTEX_POINT('',#20927);
#7935=VERTEX_POINT('',#20929);
#7936=VERTEX_POINT('',#20933);
#7937=VERTEX_POINT('',#20934);
#7938=VERTEX_POINT('',#20937);
#7939=VERTEX_POINT('',#20939);
#7940=VERTEX_POINT('',#20943);
#7941=VERTEX_POINT('',#20944);
#7942=VERTEX_POINT('',#20946);
#7943=VERTEX_POINT('',#20948);
#7944=VERTEX_POINT('',#20950);
#7945=VERTEX_POINT('',#20952);
#7946=VERTEX_POINT('',#20954);
#7947=VERTEX_POINT('',#20956);
#7948=VERTEX_POINT('',#20967);
#7949=VERTEX_POINT('',#20969);
#7950=VERTEX_POINT('',#20973);
#7951=VERTEX_POINT('',#20975);
#7952=VERTEX_POINT('',#20979);
#7953=VERTEX_POINT('',#20980);
#7954=VERTEX_POINT('',#20982);
#7955=VERTEX_POINT('',#20985);
#7956=VERTEX_POINT('',#20987);
#7957=VERTEX_POINT('',#20989);
#7958=VERTEX_POINT('',#20996);
#7959=VERTEX_POINT('',#20997);
#7960=VERTEX_POINT('',#21006);
#7961=VERTEX_POINT('',#21016);
#7962=VERTEX_POINT('',#21021);
#7963=VERTEX_POINT('',#21026);
#7964=VERTEX_POINT('',#21033);
#7965=VERTEX_POINT('',#21035);
#7966=VERTEX_POINT('',#21039);
#7967=VERTEX_POINT('',#21041);
#7968=VERTEX_POINT('',#21045);
#7969=VERTEX_POINT('',#21047);
#7970=VERTEX_POINT('',#21049);
#7971=VERTEX_POINT('',#21051);
#7972=VERTEX_POINT('',#21055);
#7973=VERTEX_POINT('',#21056);
#7974=VERTEX_POINT('',#21059);
#7975=VERTEX_POINT('',#21061);
#7976=VERTEX_POINT('',#21065);
#7977=VERTEX_POINT('',#21066);
#7978=VERTEX_POINT('',#21068);
#7979=VERTEX_POINT('',#21070);
#7980=VERTEX_POINT('',#21072);
#7981=VERTEX_POINT('',#21074);
#7982=VERTEX_POINT('',#21076);
#7983=VERTEX_POINT('',#21078);
#7984=VERTEX_POINT('',#21089);
#7985=VERTEX_POINT('',#21091);
#7986=VERTEX_POINT('',#21095);
#7987=VERTEX_POINT('',#21097);
#7988=VERTEX_POINT('',#21101);
#7989=VERTEX_POINT('',#21102);
#7990=VERTEX_POINT('',#21104);
#7991=VERTEX_POINT('',#21107);
#7992=VERTEX_POINT('',#21109);
#7993=VERTEX_POINT('',#21111);
#7994=VERTEX_POINT('',#21118);
#7995=VERTEX_POINT('',#21119);
#7996=VERTEX_POINT('',#21128);
#7997=VERTEX_POINT('',#21138);
#7998=VERTEX_POINT('',#21143);
#7999=VERTEX_POINT('',#21148);
#8000=VERTEX_POINT('',#21155);
#8001=VERTEX_POINT('',#21157);
#8002=VERTEX_POINT('',#21161);
#8003=VERTEX_POINT('',#21163);
#8004=VERTEX_POINT('',#21167);
#8005=VERTEX_POINT('',#21169);
#8006=VERTEX_POINT('',#21171);
#8007=VERTEX_POINT('',#21173);
#8008=VERTEX_POINT('',#21177);
#8009=VERTEX_POINT('',#21178);
#8010=VERTEX_POINT('',#21181);
#8011=VERTEX_POINT('',#21183);
#8012=VERTEX_POINT('',#21187);
#8013=VERTEX_POINT('',#21188);
#8014=VERTEX_POINT('',#21190);
#8015=VERTEX_POINT('',#21192);
#8016=VERTEX_POINT('',#21194);
#8017=VERTEX_POINT('',#21196);
#8018=VERTEX_POINT('',#21198);
#8019=VERTEX_POINT('',#21200);
#8020=VERTEX_POINT('',#21211);
#8021=VERTEX_POINT('',#21213);
#8022=VERTEX_POINT('',#21217);
#8023=VERTEX_POINT('',#21219);
#8024=VERTEX_POINT('',#21223);
#8025=VERTEX_POINT('',#21224);
#8026=VERTEX_POINT('',#21226);
#8027=VERTEX_POINT('',#21229);
#8028=VERTEX_POINT('',#21231);
#8029=VERTEX_POINT('',#21233);
#8030=VERTEX_POINT('',#21240);
#8031=VERTEX_POINT('',#21241);
#8032=VERTEX_POINT('',#21250);
#8033=VERTEX_POINT('',#21260);
#8034=VERTEX_POINT('',#21265);
#8035=VERTEX_POINT('',#21270);
#8036=VERTEX_POINT('',#21329);
#8037=VERTEX_POINT('',#21331);
#8038=VERTEX_POINT('',#21335);
#8039=VERTEX_POINT('',#21339);
#8040=VERTEX_POINT('',#21343);
#8041=VERTEX_POINT('',#21350);
#8042=VERTEX_POINT('',#21354);
#8043=VERTEX_POINT('',#21356);
#8044=VERTEX_POINT('',#21360);
#8045=VERTEX_POINT('',#21364);
#8046=VERTEX_POINT('',#21368);
#8047=VERTEX_POINT('',#21372);
#8048=VERTEX_POINT('',#21376);
#8049=CIRCLE('',#14243,0.45);
#8050=CIRCLE('',#14244,0.300000000000002);
#8051=CIRCLE('',#14245,0.3);
#8052=CIRCLE('',#14246,0.299999999999998);
#8053=CIRCLE('',#14247,0.300000000000021);
#8054=CIRCLE('',#14248,1.6);
#8055=CIRCLE('',#14249,0.150000000000001);
#8056=CIRCLE('',#14250,0.499999999999998);
#8057=CIRCLE('',#14253,0.300000000000002);
#8058=CIRCLE('',#14254,0.300000000000002);
#8059=CIRCLE('',#14256,1.25000000000001);
#8060=CIRCLE('',#14257,1.25);
#8061=CIRCLE('',#14259,0.3);
#8062=CIRCLE('',#14260,1.);
#8063=CIRCLE('',#14261,0.3);
#8064=CIRCLE('',#14263,1.25);
#8065=CIRCLE('',#14264,1.25);
#8066=CIRCLE('',#14266,0.299999999999999);
#8067=CIRCLE('',#14267,0.299999999999998);
#8068=CIRCLE('',#14269,0.6);
#8069=CIRCLE('',#14270,0.600000000000001);
#8070=CIRCLE('',#14271,0.599999999999999);
#8071=CIRCLE('',#14272,0.15);
#8072=CIRCLE('',#14273,0.300000000000001);
#8073=CIRCLE('',#14274,0.300000000000001);
#8074=CIRCLE('',#14275,0.150000000000001);
#8075=CIRCLE('',#14276,0.599999999999999);
#8076=CIRCLE('',#14277,0.6);
#8077=CIRCLE('',#14278,0.600000000000001);
#8078=CIRCLE('',#14279,0.599999999999999);
#8079=CIRCLE('',#14280,0.15);
#8080=CIRCLE('',#14281,0.300000000000001);
#8081=CIRCLE('',#14282,0.300000000000001);
#8082=CIRCLE('',#14283,0.150000000000001);
#8083=CIRCLE('',#14284,0.599999999999999);
#8084=CIRCLE('',#14285,0.6);
#8085=CIRCLE('',#14286,0.600000000000001);
#8086=CIRCLE('',#14287,0.599999999999999);
#8087=CIRCLE('',#14288,0.15);
#8088=CIRCLE('',#14289,0.300000000000001);
#8089=CIRCLE('',#14290,0.300000000000001);
#8090=CIRCLE('',#14291,0.150000000000001);
#8091=CIRCLE('',#14292,0.599999999999999);
#8092=CIRCLE('',#14293,0.6);
#8093=CIRCLE('',#14294,0.600000000000001);
#8094=CIRCLE('',#14295,0.599999999999999);
#8095=CIRCLE('',#14296,0.15);
#8096=CIRCLE('',#14297,0.300000000000001);
#8097=CIRCLE('',#14298,0.300000000000001);
#8098=CIRCLE('',#14299,0.150000000000001);
#8099=CIRCLE('',#14300,0.599999999999999);
#8100=CIRCLE('',#14308,0.300000000000017);
#8101=CIRCLE('',#14309,0.300000000000021);
#8102=CIRCLE('',#14313,0.299999999999999);
#8103=CIRCLE('',#14314,0.299999999999999);
#8104=CIRCLE('',#14315,0.299999999999999);
#8105=CIRCLE('',#14316,0.299999999999999);
#8106=CIRCLE('',#14359,0.149999999999968);
#8107=CIRCLE('',#14360,0.150000000000003);
#8108=CIRCLE('',#14361,0.150000000000003);
#8109=CIRCLE('',#14362,0.149999999999995);
#8110=CIRCLE('',#14364,0.149999999999998);
#8111=CIRCLE('',#14365,0.149999999999999);
#8112=CIRCLE('',#14366,0.150000000000003);
#8113=CIRCLE('',#14368,0.149999999999994);
#8114=CIRCLE('',#14369,0.149999999999988);
#8115=CIRCLE('',#14370,0.149999999999997);
#8116=CIRCLE('',#14372,0.149999999999995);
#8117=CIRCLE('',#14373,0.149999999999968);
#8118=CIRCLE('',#14374,0.150000000000003);
#8119=CIRCLE('',#14375,0.150000000000003);
#8120=CIRCLE('',#14379,0.149999999999994);
#8121=CIRCLE('',#14380,0.149999999999988);
#8122=CIRCLE('',#14381,0.149999999999997);
#8123=CIRCLE('',#14383,0.149999999999995);
#8124=CIRCLE('',#14384,0.149999999999968);
#8125=CIRCLE('',#14385,0.150000000000003);
#8126=CIRCLE('',#14386,0.150000000000003);
#8127=CIRCLE('',#14388,0.149999999999998);
#8128=CIRCLE('',#14389,0.149999999999999);
#8129=CIRCLE('',#14390,0.150000000000003);
#8130=CIRCLE('',#14394,0.149999999999994);
#8131=CIRCLE('',#14395,0.149999999999988);
#8132=CIRCLE('',#14396,0.149999999999997);
#8133=CIRCLE('',#14398,0.149999999999995);
#8134=CIRCLE('',#14399,0.149999999999968);
#8135=CIRCLE('',#14400,0.150000000000003);
#8136=CIRCLE('',#14401,0.150000000000003);
#8137=CIRCLE('',#14403,0.149999999999998);
#8138=CIRCLE('',#14404,0.149999999999999);
#8139=CIRCLE('',#14405,0.150000000000003);
#8140=CIRCLE('',#14409,0.149999999999994);
#8141=CIRCLE('',#14410,0.149999999999988);
#8142=CIRCLE('',#14411,0.149999999999997);
#8143=CIRCLE('',#14422,0.150000000000001);
#8144=CIRCLE('',#14423,0.150000000000001);
#8145=CIRCLE('',#14425,1.25000000000001);
#8146=CIRCLE('',#14426,1.25000000000001);
#8147=CIRCLE('',#14429,1.25);
#8148=CIRCLE('',#14430,0.149999999999998);
#8149=CIRCLE('',#14431,0.0999999999999994);
#8150=CIRCLE('',#14432,1.25);
#8151=CIRCLE('',#14433,1.25);
#8152=CIRCLE('',#14434,0.100000000000001);
#8153=CIRCLE('',#14435,1.);
#8154=CIRCLE('',#14436,0.15);
#8155=CIRCLE('',#14439,0.15);
#8156=CIRCLE('',#14441,1.);
#8157=CIRCLE('',#14444,0.100000000000001);
#8158=CIRCLE('',#14446,1.25);
#8159=CIRCLE('',#14449,1.25);
#8160=CIRCLE('',#14451,0.0999999999999994);
#8161=CIRCLE('',#14454,0.149999999999998);
#8162=CIRCLE('',#14456,1.25);
#8163=CIRCLE('',#14458,0.15);
#8164=CIRCLE('',#14459,0.15);
#8165=CIRCLE('',#14461,1.);
#8166=CIRCLE('',#14462,1.);
#8167=CIRCLE('',#14465,0.100000000000001);
#8168=CIRCLE('',#14466,0.100000000000001);
#8169=CIRCLE('',#14468,1.25);
#8170=CIRCLE('',#14469,1.25);
#8171=CIRCLE('',#14472,1.25);
#8172=CIRCLE('',#14473,1.25);
#8173=CIRCLE('',#14475,0.0999999999999994);
#8174=CIRCLE('',#14476,0.0999999999999994);
#8175=CIRCLE('',#14479,0.149999999999998);
#8176=CIRCLE('',#14480,0.149999999999998);
#8177=CIRCLE('',#14482,1.25);
#8178=CIRCLE('',#14484,1.25);
#8179=CIRCLE('',#14488,0.150000000000001);
#8180=CIRCLE('',#14489,1.25000000000001);
#8181=CIRCLE('',#14491,1.25000000000001);
#8182=CIRCLE('',#14492,0.150000000000001);
#8183=CIRCLE('',#14498,0.15);
#8184=CIRCLE('',#14499,0.15);
#8185=CIRCLE('',#14501,1.);
#8186=CIRCLE('',#14502,1.);
#8187=CIRCLE('',#14505,0.100000000000001);
#8188=CIRCLE('',#14506,0.100000000000001);
#8189=CIRCLE('',#14508,1.25);
#8190=CIRCLE('',#14509,1.25);
#8191=CIRCLE('',#14512,1.25);
#8192=CIRCLE('',#14513,1.25);
#8193=CIRCLE('',#14515,0.0999999999999994);
#8194=CIRCLE('',#14516,0.0999999999999994);
#8195=CIRCLE('',#14519,0.149999999999998);
#8196=CIRCLE('',#14520,0.149999999999998);
#8197=CIRCLE('',#14522,1.25);
#8198=CIRCLE('',#14524,1.25);
#8199=CIRCLE('',#14528,0.150000000000001);
#8200=CIRCLE('',#14529,1.25000000000001);
#8201=CIRCLE('',#14531,1.25000000000001);
#8202=CIRCLE('',#14532,0.150000000000001);
#8203=CIRCLE('',#14538,0.15);
#8204=CIRCLE('',#14539,0.15);
#8205=CIRCLE('',#14541,1.);
#8206=CIRCLE('',#14542,1.);
#8207=CIRCLE('',#14545,0.100000000000001);
#8208=CIRCLE('',#14546,0.100000000000001);
#8209=CIRCLE('',#14548,1.25);
#8210=CIRCLE('',#14549,1.25);
#8211=CIRCLE('',#14552,1.25);
#8212=CIRCLE('',#14553,1.25);
#8213=CIRCLE('',#14555,0.0999999999999994);
#8214=CIRCLE('',#14556,0.0999999999999994);
#8215=CIRCLE('',#14559,0.149999999999998);
#8216=CIRCLE('',#14560,0.149999999999998);
#8217=CIRCLE('',#14562,1.25);
#8218=CIRCLE('',#14564,1.25);
#8219=CIRCLE('',#14568,0.150000000000001);
#8220=CIRCLE('',#14569,1.25000000000001);
#8221=CIRCLE('',#14571,1.25000000000001);
#8222=CIRCLE('',#14572,0.150000000000001);
#8223=CIRCLE('',#14578,1.25);
#8224=CIRCLE('',#14579,0.149999999999999);
#8225=CIRCLE('',#14580,0.150000000000004);
#8226=CIRCLE('',#14583,1.25);
#8227=CIRCLE('',#14585,0.149999999999999);
#8228=CIRCLE('',#14588,0.150000000000004);
#8229=CIRCLE('',#14590,1.);
#8230=CIRCLE('',#14591,0.15);
#8231=CIRCLE('',#14592,0.150000000000001);
#8232=CIRCLE('',#14593,1.25);
#8233=CIRCLE('',#14594,1.25);
#8234=CIRCLE('',#14595,0.150000000000001);
#8235=CIRCLE('',#14596,0.100000000000003);
#8236=CIRCLE('',#14597,1.25);
#8237=CIRCLE('',#14599,1.25);
#8238=CIRCLE('',#14601,0.100000000000003);
#8239=CIRCLE('',#14604,0.150000000000001);
#8240=CIRCLE('',#14606,1.25);
#8241=CIRCLE('',#14609,1.25);
#8242=CIRCLE('',#14611,0.150000000000001);
#8243=CIRCLE('',#14614,0.15);
#8244=CIRCLE('',#14616,1.);
#8245=CIRCLE('',#14618,0.150000000000004);
#8246=CIRCLE('',#14619,0.150000000000004);
#8247=CIRCLE('',#14622,0.149999999999999);
#8248=CIRCLE('',#14623,0.149999999999999);
#8249=CIRCLE('',#14625,1.25);
#8250=CIRCLE('',#14627,1.25);
#8251=CIRCLE('',#14631,1.);
#8252=CIRCLE('',#14632,0.15);
#8253=CIRCLE('',#14633,0.150000000000001);
#8254=CIRCLE('',#14634,1.25);
#8255=CIRCLE('',#14635,1.25);
#8256=CIRCLE('',#14636,0.150000000000001);
#8257=CIRCLE('',#14637,0.100000000000003);
#8258=CIRCLE('',#14638,1.25);
#8259=CIRCLE('',#14640,1.25);
#8260=CIRCLE('',#14641,0.100000000000003);
#8261=CIRCLE('',#14642,0.150000000000001);
#8262=CIRCLE('',#14643,1.25);
#8263=CIRCLE('',#14644,1.25);
#8264=CIRCLE('',#14645,0.150000000000001);
#8265=CIRCLE('',#14646,0.15);
#8266=CIRCLE('',#14647,1.);
#8267=CIRCLE('',#14660,0.150000000000004);
#8268=CIRCLE('',#14661,0.150000000000004);
#8269=CIRCLE('',#14664,0.149999999999999);
#8270=CIRCLE('',#14665,0.149999999999999);
#8271=CIRCLE('',#14667,1.25);
#8272=CIRCLE('',#14669,1.25);
#8273=CIRCLE('',#14673,1.);
#8274=CIRCLE('',#14674,0.15);
#8275=CIRCLE('',#14675,0.150000000000001);
#8276=CIRCLE('',#14676,1.25);
#8277=CIRCLE('',#14677,1.25);
#8278=CIRCLE('',#14678,0.150000000000001);
#8279=CIRCLE('',#14679,0.100000000000003);
#8280=CIRCLE('',#14680,1.25);
#8281=CIRCLE('',#14682,1.25);
#8282=CIRCLE('',#14683,0.100000000000003);
#8283=CIRCLE('',#14684,0.150000000000001);
#8284=CIRCLE('',#14685,1.25);
#8285=CIRCLE('',#14686,1.25);
#8286=CIRCLE('',#14687,0.150000000000001);
#8287=CIRCLE('',#14688,0.15);
#8288=CIRCLE('',#14689,1.);
#8289=CIRCLE('',#14702,0.150000000000004);
#8290=CIRCLE('',#14703,0.150000000000004);
#8291=CIRCLE('',#14706,0.149999999999999);
#8292=CIRCLE('',#14707,0.149999999999999);
#8293=CIRCLE('',#14709,1.25);
#8294=CIRCLE('',#14711,1.25);
#8295=CIRCLE('',#14715,1.);
#8296=CIRCLE('',#14716,0.15);
#8297=CIRCLE('',#14717,0.150000000000001);
#8298=CIRCLE('',#14718,1.25);
#8299=CIRCLE('',#14719,1.25);
#8300=CIRCLE('',#14720,0.150000000000001);
#8301=CIRCLE('',#14721,0.100000000000003);
#8302=CIRCLE('',#14722,1.25);
#8303=CIRCLE('',#14724,1.25);
#8304=CIRCLE('',#14725,0.100000000000003);
#8305=CIRCLE('',#14726,0.150000000000001);
#8306=CIRCLE('',#14727,1.25);
#8307=CIRCLE('',#14728,1.25);
#8308=CIRCLE('',#14729,0.150000000000001);
#8309=CIRCLE('',#14730,0.15);
#8310=CIRCLE('',#14731,1.);
#8311=CIRCLE('',#14757,0.149999999999999);
#8312=CIRCLE('',#14760,0.150000000000003);
#8313=CIRCLE('',#14764,0.149999999999998);
#8314=CIRCLE('',#14824,0.299999999999999);
#8315=CIRCLE('',#14830,0.299999999999999);
#8316=CIRCLE('',#14836,0.299999999999999);
#8317=CIRCLE('',#14842,0.299999999999999);
#8318=CIRCLE('',#14848,0.300000000000001);
#8319=CIRCLE('',#14851,0.300000000000001);
#8320=CIRCLE('',#14854,0.15);
#8321=CIRCLE('',#14857,0.599999999999999);
#8322=CIRCLE('',#14860,0.600000000000001);
#8323=CIRCLE('',#14863,0.6);
#8324=CIRCLE('',#14865,0.599999999999999);
#8325=CIRCLE('',#14868,0.150000000000001);
#8326=CIRCLE('',#14872,0.300000000000001);
#8327=CIRCLE('',#14875,0.300000000000001);
#8328=CIRCLE('',#14878,0.15);
#8329=CIRCLE('',#14881,0.599999999999999);
#8330=CIRCLE('',#14884,0.600000000000001);
#8331=CIRCLE('',#14887,0.6);
#8332=CIRCLE('',#14889,0.599999999999999);
#8333=CIRCLE('',#14892,0.150000000000001);
#8334=CIRCLE('',#14896,0.300000000000001);
#8335=CIRCLE('',#14899,0.300000000000001);
#8336=CIRCLE('',#14902,0.15);
#8337=CIRCLE('',#14905,0.599999999999999);
#8338=CIRCLE('',#14908,0.600000000000001);
#8339=CIRCLE('',#14911,0.6);
#8340=CIRCLE('',#14913,0.599999999999999);
#8341=CIRCLE('',#14916,0.150000000000001);
#8342=CIRCLE('',#14920,0.300000000000001);
#8343=CIRCLE('',#14923,0.300000000000001);
#8344=CIRCLE('',#14926,0.15);
#8345=CIRCLE('',#14929,0.599999999999999);
#8346=CIRCLE('',#14932,0.600000000000001);
#8347=CIRCLE('',#14935,0.6);
#8348=CIRCLE('',#14937,0.599999999999999);
#8349=CIRCLE('',#14940,0.150000000000001);
#8350=CIRCLE('',#14964,0.200000000000002);
#8351=CIRCLE('',#14965,0.200000000000001);
#8352=CIRCLE('',#14972,0.300000000000002);
#8353=CIRCLE('',#14975,0.200000000000002);
#8354=CIRCLE('',#14978,0.200000000000001);
#8355=CIRCLE('',#14980,0.3);
#8356=CIRCLE('',#14982,0.299999999999999);
#8357=CIRCLE('',#14985,0.300000000000017);
#8358=CIRCLE('',#14992,0.299999999999991);
#8359=CIRCLE('',#14996,0.149999999999991);
#8360=CIRCLE('',#15000,0.149999999999997);
#8361=CIRCLE('',#15001,0.150000000000004);
#8362=CIRCLE('',#15002,0.149999999999994);
#8363=CIRCLE('',#15049,0.8);
#8364=CIRCLE('',#15050,0.8);
#8365=CIRCLE('',#15053,1.00000000000001);
#8366=CIRCLE('',#15055,1.00000000000001);
#8367=CIRCLE('',#15057,3.00000000000003);
#8368=CIRCLE('',#15058,0.400000000000014);
#8369=CIRCLE('',#15059,0.400000000000012);
#8370=CIRCLE('',#15060,3.);
#8371=CIRCLE('',#15066,0.500000000000008);
#8372=CIRCLE('',#15067,0.500000000000008);
#8373=CIRCLE('',#15076,0.8);
#8374=CIRCLE('',#15077,0.8);
#8375=CIRCLE('',#15080,1.00000000000001);
#8376=CIRCLE('',#15082,1.00000000000001);
#8377=CIRCLE('',#15084,3.00000000000003);
#8378=CIRCLE('',#15085,0.400000000000014);
#8379=CIRCLE('',#15086,0.400000000000012);
#8380=CIRCLE('',#15087,3.);
#8381=CIRCLE('',#15093,0.500000000000008);
#8382=CIRCLE('',#15094,0.500000000000008);
#8383=CIRCLE('',#15103,0.8);
#8384=CIRCLE('',#15104,0.8);
#8385=CIRCLE('',#15107,1.00000000000001);
#8386=CIRCLE('',#15109,1.00000000000001);
#8387=CIRCLE('',#15111,3.00000000000003);
#8388=CIRCLE('',#15112,0.400000000000014);
#8389=CIRCLE('',#15113,0.400000000000012);
#8390=CIRCLE('',#15114,3.);
#8391=CIRCLE('',#15120,0.500000000000008);
#8392=CIRCLE('',#15121,0.500000000000008);
#8393=CIRCLE('',#15130,0.8);
#8394=CIRCLE('',#15131,0.8);
#8395=CIRCLE('',#15134,1.00000000000001);
#8396=CIRCLE('',#15136,1.00000000000001);
#8397=CIRCLE('',#15138,3.00000000000003);
#8398=CIRCLE('',#15139,0.400000000000014);
#8399=CIRCLE('',#15140,0.400000000000012);
#8400=CIRCLE('',#15141,3.);
#8401=CIRCLE('',#15147,0.500000000000008);
#8402=CIRCLE('',#15148,0.500000000000008);
#8403=CIRCLE('',#15191,0.45);
#8404=CIRCLE('',#15194,1.6);
#8405=CIRCLE('',#15198,0.499999999999998);
#8406=CIRCLE('',#15201,0.150000000000001);
#8407=EDGE_LOOP('',(#2468));
#8408=EDGE_LOOP('',(#2469,#2470,#2471,#2472,#2473,#2474,#2475,#2476,#2477,
#2478,#2479,#2480,#2481,#2482,#2483));
#8409=EDGE_LOOP('',(#2484,#2485,#2486,#2487,#2488));
#8410=EDGE_LOOP('',(#2489,#2490,#2491,#2492,#2493,#2494,#2495));
#8411=EDGE_LOOP('',(#2496,#2497,#2498,#2499,#2500,#2501,#2502));
#8412=EDGE_LOOP('',(#2503,#2504,#2505,#2506,#2507,#2508,#2509,#2510));
#8413=EDGE_LOOP('',(#2511,#2512,#2513,#2514));
#8414=EDGE_LOOP('',(#2515,#2516,#2517,#2518,#2519,#2520,#2521,#2522));
#8415=EDGE_LOOP('',(#2523,#2524,#2525,#2526));
#8416=EDGE_LOOP('',(#2527,#2528,#2529,#2530,#2531,#2532,#2533,#2534));
#8417=EDGE_LOOP('',(#2535,#2536,#2537,#2538,#2539,#2540,#2541,#2542,#2543,
#2544,#2545,#2546,#2547,#2548,#2549,#2550,#2551,#2552));
#8418=EDGE_LOOP('',(#2553,#2554,#2555,#2556,#2557,#2558,#2559,#2560,#2561,
#2562,#2563,#2564,#2565,#2566,#2567,#2568,#2569,#2570,#2571,#2572,#2573,
#2574));
#8419=EDGE_LOOP('',(#2575,#2576,#2577,#2578,#2579,#2580,#2581,#2582,#2583,
#2584,#2585,#2586,#2587,#2588,#2589,#2590,#2591,#2592));
#8420=EDGE_LOOP('',(#2593,#2594,#2595,#2596,#2597,#2598,#2599,#2600,#2601,
#2602,#2603,#2604,#2605,#2606,#2607,#2608,#2609,#2610));
#8421=EDGE_LOOP('',(#2611,#2612,#2613,#2614));
#8422=EDGE_LOOP('',(#2615,#2616,#2617,#2618));
#8423=EDGE_LOOP('',(#2619,#2620,#2621,#2622));
#8424=EDGE_LOOP('',(#2623,#2624,#2625,#2626));
#8425=EDGE_LOOP('',(#2627,#2628,#2629,#2630));
#8426=EDGE_LOOP('',(#2631,#2632,#2633,#2634));
#8427=EDGE_LOOP('',(#2635,#2636,#2637,#2638,#2639,#2640,#2641,#2642));
#8428=EDGE_LOOP('',(#2643,#2644,#2645,#2646));
#8429=EDGE_LOOP('',(#2647,#2648,#2649,#2650));
#8430=EDGE_LOOP('',(#2651,#2652,#2653,#2654,#2655,#2656,#2657,#2658,#2659,
#2660,#2661,#2662,#2663,#2664,#2665,#2666,#2667,#2668,#2669,#2670,#2671,
#2672,#2673,#2674,#2675,#2676,#2677,#2678,#2679,#2680));
#8431=EDGE_LOOP('',(#2681,#2682,#2683,#2684,#2685,#2686,#2687,#2688,#2689,
#2690,#2691,#2692,#2693,#2694,#2695,#2696,#2697,#2698,#2699,#2700,#2701,
#2702,#2703,#2704,#2705,#2706,#2707,#2708,#2709,#2710,#2711,#2712,#2713,
#2714,#2715,#2716,#2717,#2718,#2719,#2720,#2721,#2722,#2723,#2724,#2725,
#2726,#2727,#2728,#2729,#2730,#2731,#2732,#2733,#2734,#2735,#2736,#2737,
#2738,#2739,#2740,#2741,#2742,#2743,#2744,#2745,#2746,#2747,#2748,#2749,
#2750,#2751,#2752,#2753,#2754,#2755,#2756,#2757,#2758,#2759,#2760,#2761,
#2762,#2763,#2764,#2765,#2766,#2767,#2768,#2769,#2770,#2771,#2772,#2773,
#2774,#2775,#2776,#2777,#2778));
#8432=EDGE_LOOP('',(#2779,#2780,#2781,#2782,#2783,#2784,#2785,#2786,#2787,
#2788));
#8433=EDGE_LOOP('',(#2789,#2790,#2791,#2792,#2793,#2794,#2795));
#8434=EDGE_LOOP('',(#2796,#2797,#2798,#2799,#2800,#2801,#2802));
#8435=EDGE_LOOP('',(#2803,#2804,#2805,#2806,#2807,#2808,#2809,#2810,#2811,
#2812));
#8436=EDGE_LOOP('',(#2813,#2814,#2815,#2816));
#8437=EDGE_LOOP('',(#2817,#2818,#2819,#2820));
#8438=EDGE_LOOP('',(#2821,#2822,#2823,#2824,#2825,#2826,#2827));
#8439=EDGE_LOOP('',(#2828,#2829,#2830,#2831,#2832,#2833,#2834,#2835,#2836,
#2837));
#8440=EDGE_LOOP('',(#2838,#2839,#2840,#2841,#2842,#2843,#2844));
#8441=EDGE_LOOP('',(#2845,#2846,#2847,#2848));
#8442=EDGE_LOOP('',(#2849,#2850,#2851,#2852));
#8443=EDGE_LOOP('',(#2853,#2854,#2855,#2856,#2857,#2858,#2859));
#8444=EDGE_LOOP('',(#2860,#2861,#2862,#2863,#2864,#2865,#2866,#2867,#2868,
#2869));
#8445=EDGE_LOOP('',(#2870,#2871,#2872,#2873,#2874,#2875,#2876));
#8446=EDGE_LOOP('',(#2877,#2878,#2879,#2880));
#8447=EDGE_LOOP('',(#2881,#2882,#2883,#2884));
#8448=EDGE_LOOP('',(#2885,#2886,#2887,#2888,#2889,#2890,#2891));
#8449=EDGE_LOOP('',(#2892,#2893,#2894,#2895));
#8450=EDGE_LOOP('',(#2896,#2897,#2898,#2899));
#8451=EDGE_LOOP('',(#2900,#2901,#2902,#2903));
#8452=EDGE_LOOP('',(#2904,#2905,#2906,#2907));
#8453=EDGE_LOOP('',(#2908,#2909,#2910,#2911));
#8454=EDGE_LOOP('',(#2912,#2913,#2914,#2915));
#8455=EDGE_LOOP('',(#2916,#2917,#2918,#2919));
#8456=EDGE_LOOP('',(#2920,#2921,#2922,#2923));
#8457=EDGE_LOOP('',(#2924,#2925,#2926,#2927,#2928,#2929,#2930,#2931,#2932,
#2933,#2934,#2935));
#8458=EDGE_LOOP('',(#2936,#2937,#2938,#2939));
#8459=EDGE_LOOP('',(#2940,#2941,#2942,#2943));
#8460=EDGE_LOOP('',(#2944,#2945,#2946,#2947));
#8461=EDGE_LOOP('',(#2948,#2949,#2950,#2951));
#8462=EDGE_LOOP('',(#2952,#2953,#2954,#2955));
#8463=EDGE_LOOP('',(#2956,#2957,#2958,#2959));
#8464=EDGE_LOOP('',(#2960,#2961,#2962,#2963));
#8465=EDGE_LOOP('',(#2964,#2965,#2966,#2967,#2968,#2969,#2970,#2971,#2972,
#2973,#2974,#2975));
#8466=EDGE_LOOP('',(#2976,#2977,#2978,#2979));
#8467=EDGE_LOOP('',(#2980,#2981,#2982,#2983));
#8468=EDGE_LOOP('',(#2984,#2985,#2986,#2987,#2988));
#8469=EDGE_LOOP('',(#2989,#2990,#2991,#2992));
#8470=EDGE_LOOP('',(#2993,#2994,#2995,#2996));
#8471=EDGE_LOOP('',(#2997,#2998,#2999,#3000,#3001));
#8472=EDGE_LOOP('',(#3002,#3003,#3004,#3005,#3006));
#8473=EDGE_LOOP('',(#3007,#3008,#3009,#3010,#3011,#3012,#3013,#3014,#3015,
#3016,#3017,#3018,#3019));
#8474=EDGE_LOOP('',(#3020,#3021,#3022,#3023,#3024));
#8475=EDGE_LOOP('',(#3025,#3026,#3027,#3028));
#8476=EDGE_LOOP('',(#3029,#3030,#3031,#3032));
#8477=EDGE_LOOP('',(#3033,#3034,#3035,#3036));
#8478=EDGE_LOOP('',(#3037,#3038,#3039,#3040));
#8479=EDGE_LOOP('',(#3041,#3042,#3043,#3044));
#8480=EDGE_LOOP('',(#3045,#3046,#3047,#3048));
#8481=EDGE_LOOP('',(#3049,#3050,#3051,#3052,#3053,#3054,#3055,#3056,#3057));
#8482=EDGE_LOOP('',(#3058,#3059,#3060,#3061));
#8483=EDGE_LOOP('',(#3062,#3063,#3064,#3065));
#8484=EDGE_LOOP('',(#3066,#3067,#3068,#3069));
#8485=EDGE_LOOP('',(#3070,#3071,#3072,#3073));
#8486=EDGE_LOOP('',(#3074,#3075,#3076,#3077));
#8487=EDGE_LOOP('',(#3078,#3079,#3080,#3081,#3082));
#8488=EDGE_LOOP('',(#3083,#3084,#3085,#3086));
#8489=EDGE_LOOP('',(#3087,#3088,#3089,#3090));
#8490=EDGE_LOOP('',(#3091,#3092,#3093,#3094));
#8491=EDGE_LOOP('',(#3095,#3096,#3097,#3098));
#8492=EDGE_LOOP('',(#3099,#3100,#3101,#3102));
#8493=EDGE_LOOP('',(#3103,#3104,#3105,#3106));
#8494=EDGE_LOOP('',(#3107,#3108,#3109,#3110));
#8495=EDGE_LOOP('',(#3111,#3112,#3113,#3114));
#8496=EDGE_LOOP('',(#3115,#3116,#3117,#3118));
#8497=EDGE_LOOP('',(#3119,#3120,#3121,#3122));
#8498=EDGE_LOOP('',(#3123,#3124,#3125,#3126));
#8499=EDGE_LOOP('',(#3127,#3128,#3129,#3130));
#8500=EDGE_LOOP('',(#3131,#3132,#3133,#3134,#3135,#3136,#3137,#3138,#3139,
#3140,#3141,#3142,#3143));
#8501=EDGE_LOOP('',(#3144,#3145,#3146,#3147,#3148,#3149,#3150,#3151,#3152,
#3153,#3154,#3155,#3156));
#8502=EDGE_LOOP('',(#3157,#3158,#3159,#3160));
#8503=EDGE_LOOP('',(#3161,#3162,#3163,#3164));
#8504=EDGE_LOOP('',(#3165,#3166,#3167,#3168,#3169));
#8505=EDGE_LOOP('',(#3170,#3171,#3172,#3173,#3174));
#8506=EDGE_LOOP('',(#3175,#3176,#3177,#3178));
#8507=EDGE_LOOP('',(#3179,#3180,#3181,#3182));
#8508=EDGE_LOOP('',(#3183,#3184,#3185,#3186));
#8509=EDGE_LOOP('',(#3187,#3188,#3189,#3190));
#8510=EDGE_LOOP('',(#3191,#3192,#3193,#3194));
#8511=EDGE_LOOP('',(#3195,#3196,#3197,#3198));
#8512=EDGE_LOOP('',(#3199,#3200,#3201,#3202));
#8513=EDGE_LOOP('',(#3203,#3204,#3205,#3206));
#8514=EDGE_LOOP('',(#3207,#3208,#3209,#3210));
#8515=EDGE_LOOP('',(#3211,#3212,#3213,#3214));
#8516=EDGE_LOOP('',(#3215,#3216,#3217,#3218));
#8517=EDGE_LOOP('',(#3219,#3220,#3221,#3222));
#8518=EDGE_LOOP('',(#3223,#3224,#3225,#3226));
#8519=EDGE_LOOP('',(#3227,#3228,#3229,#3230));
#8520=EDGE_LOOP('',(#3231,#3232,#3233,#3234));
#8521=EDGE_LOOP('',(#3235,#3236,#3237,#3238));
#8522=EDGE_LOOP('',(#3239,#3240,#3241,#3242,#3243,#3244,#3245,#3246,#3247,
#3248,#3249,#3250,#3251));
#8523=EDGE_LOOP('',(#3252,#3253,#3254,#3255,#3256,#3257,#3258,#3259,#3260,
#3261,#3262,#3263,#3264));
#8524=EDGE_LOOP('',(#3265,#3266,#3267,#3268));
#8525=EDGE_LOOP('',(#3269,#3270,#3271,#3272));
#8526=EDGE_LOOP('',(#3273,#3274,#3275,#3276,#3277));
#8527=EDGE_LOOP('',(#3278,#3279,#3280,#3281,#3282));
#8528=EDGE_LOOP('',(#3283,#3284,#3285,#3286));
#8529=EDGE_LOOP('',(#3287,#3288,#3289,#3290));
#8530=EDGE_LOOP('',(#3291,#3292,#3293,#3294));
#8531=EDGE_LOOP('',(#3295,#3296,#3297,#3298));
#8532=EDGE_LOOP('',(#3299,#3300,#3301,#3302));
#8533=EDGE_LOOP('',(#3303,#3304,#3305,#3306));
#8534=EDGE_LOOP('',(#3307,#3308,#3309,#3310));
#8535=EDGE_LOOP('',(#3311,#3312,#3313,#3314));
#8536=EDGE_LOOP('',(#3315,#3316,#3317,#3318));
#8537=EDGE_LOOP('',(#3319,#3320,#3321,#3322));
#8538=EDGE_LOOP('',(#3323,#3324,#3325,#3326));
#8539=EDGE_LOOP('',(#3327,#3328,#3329,#3330));
#8540=EDGE_LOOP('',(#3331,#3332,#3333,#3334));
#8541=EDGE_LOOP('',(#3335,#3336,#3337,#3338));
#8542=EDGE_LOOP('',(#3339,#3340,#3341,#3342));
#8543=EDGE_LOOP('',(#3343,#3344,#3345,#3346));
#8544=EDGE_LOOP('',(#3347,#3348,#3349,#3350,#3351,#3352,#3353,#3354,#3355,
#3356,#3357,#3358,#3359));
#8545=EDGE_LOOP('',(#3360,#3361,#3362,#3363,#3364,#3365,#3366,#3367,#3368,
#3369,#3370,#3371,#3372));
#8546=EDGE_LOOP('',(#3373,#3374,#3375,#3376));
#8547=EDGE_LOOP('',(#3377,#3378,#3379,#3380));
#8548=EDGE_LOOP('',(#3381,#3382,#3383,#3384,#3385));
#8549=EDGE_LOOP('',(#3386,#3387,#3388,#3389,#3390));
#8550=EDGE_LOOP('',(#3391,#3392,#3393,#3394));
#8551=EDGE_LOOP('',(#3395,#3396,#3397,#3398));
#8552=EDGE_LOOP('',(#3399,#3400,#3401,#3402));
#8553=EDGE_LOOP('',(#3403,#3404,#3405,#3406));
#8554=EDGE_LOOP('',(#3407,#3408,#3409,#3410,#3411,#3412));
#8555=EDGE_LOOP('',(#3413,#3414,#3415,#3416,#3417));
#8556=EDGE_LOOP('',(#3418,#3419,#3420,#3421,#3422));
#8557=EDGE_LOOP('',(#3423,#3424,#3425,#3426));
#8558=EDGE_LOOP('',(#3427,#3428,#3429,#3430));
#8559=EDGE_LOOP('',(#3431,#3432,#3433,#3434));
#8560=EDGE_LOOP('',(#3435,#3436,#3437,#3438,#3439,#3440,#3441,#3442,#3443,
#3444,#3445,#3446));
#8561=EDGE_LOOP('',(#3447,#3448,#3449,#3450,#3451));
#8562=EDGE_LOOP('',(#3452,#3453,#3454,#3455));
#8563=EDGE_LOOP('',(#3456,#3457,#3458,#3459));
#8564=EDGE_LOOP('',(#3460,#3461,#3462,#3463));
#8565=EDGE_LOOP('',(#3464,#3465,#3466,#3467));
#8566=EDGE_LOOP('',(#3468,#3469,#3470,#3471,#3472,#3473,#3474,#3475,#3476,
#3477,#3478,#3479));
#8567=EDGE_LOOP('',(#3480,#3481,#3482,#3483));
#8568=EDGE_LOOP('',(#3484,#3485,#3486,#3487));
#8569=EDGE_LOOP('',(#3488,#3489,#3490,#3491));
#8570=EDGE_LOOP('',(#3492,#3493,#3494,#3495));
#8571=EDGE_LOOP('',(#3496,#3497,#3498,#3499,#3500));
#8572=EDGE_LOOP('',(#3501,#3502,#3503,#3504));
#8573=EDGE_LOOP('',(#3505,#3506,#3507,#3508));
#8574=EDGE_LOOP('',(#3509,#3510,#3511,#3512));
#8575=EDGE_LOOP('',(#3513,#3514,#3515,#3516,#3517,#3518));
#8576=EDGE_LOOP('',(#3519,#3520,#3521,#3522,#3523,#3524));
#8577=EDGE_LOOP('',(#3525,#3526,#3527,#3528));
#8578=EDGE_LOOP('',(#3529,#3530,#3531,#3532));
#8579=EDGE_LOOP('',(#3533,#3534,#3535,#3536,#3537,#3538,#3539,#3540,#3541,
#3542,#3543,#3544));
#8580=EDGE_LOOP('',(#3545,#3546,#3547,#3548,#3549,#3550,#3551,#3552,#3553,
#3554,#3555,#3556));
#8581=EDGE_LOOP('',(#3557,#3558,#3559,#3560));
#8582=EDGE_LOOP('',(#3561,#3562,#3563,#3564));
#8583=EDGE_LOOP('',(#3565,#3566,#3567,#3568));
#8584=EDGE_LOOP('',(#3569,#3570,#3571,#3572));
#8585=EDGE_LOOP('',(#3573,#3574,#3575,#3576));
#8586=EDGE_LOOP('',(#3577,#3578,#3579,#3580));
#8587=EDGE_LOOP('',(#3581,#3582,#3583,#3584));
#8588=EDGE_LOOP('',(#3585,#3586,#3587,#3588));
#8589=EDGE_LOOP('',(#3589,#3590,#3591,#3592));
#8590=EDGE_LOOP('',(#3593,#3594,#3595,#3596));
#8591=EDGE_LOOP('',(#3597,#3598,#3599,#3600));
#8592=EDGE_LOOP('',(#3601,#3602,#3603,#3604));
#8593=EDGE_LOOP('',(#3605,#3606,#3607,#3608));
#8594=EDGE_LOOP('',(#3609,#3610,#3611,#3612));
#8595=EDGE_LOOP('',(#3613,#3614,#3615,#3616,#3617,#3618));
#8596=EDGE_LOOP('',(#3619,#3620,#3621,#3622,#3623,#3624));
#8597=EDGE_LOOP('',(#3625,#3626,#3627,#3628));
#8598=EDGE_LOOP('',(#3629,#3630,#3631,#3632));
#8599=EDGE_LOOP('',(#3633,#3634,#3635,#3636,#3637,#3638,#3639,#3640,#3641,
#3642,#3643,#3644));
#8600=EDGE_LOOP('',(#3645,#3646,#3647,#3648,#3649,#3650,#3651,#3652,#3653,
#3654,#3655,#3656));
#8601=EDGE_LOOP('',(#3657,#3658,#3659,#3660));
#8602=EDGE_LOOP('',(#3661,#3662,#3663,#3664));
#8603=EDGE_LOOP('',(#3665,#3666,#3667,#3668));
#8604=EDGE_LOOP('',(#3669,#3670,#3671,#3672));
#8605=EDGE_LOOP('',(#3673,#3674,#3675,#3676));
#8606=EDGE_LOOP('',(#3677,#3678,#3679,#3680));
#8607=EDGE_LOOP('',(#3681,#3682,#3683,#3684));
#8608=EDGE_LOOP('',(#3685,#3686,#3687,#3688));
#8609=EDGE_LOOP('',(#3689,#3690,#3691,#3692));
#8610=EDGE_LOOP('',(#3693,#3694,#3695,#3696));
#8611=EDGE_LOOP('',(#3697,#3698,#3699,#3700));
#8612=EDGE_LOOP('',(#3701,#3702,#3703,#3704));
#8613=EDGE_LOOP('',(#3705,#3706,#3707,#3708));
#8614=EDGE_LOOP('',(#3709,#3710,#3711,#3712));
#8615=EDGE_LOOP('',(#3713,#3714,#3715,#3716,#3717,#3718));
#8616=EDGE_LOOP('',(#3719,#3720,#3721,#3722,#3723,#3724));
#8617=EDGE_LOOP('',(#3725,#3726,#3727,#3728));
#8618=EDGE_LOOP('',(#3729,#3730,#3731,#3732));
#8619=EDGE_LOOP('',(#3733,#3734,#3735,#3736,#3737,#3738,#3739,#3740,#3741,
#3742,#3743,#3744));
#8620=EDGE_LOOP('',(#3745,#3746,#3747,#3748,#3749,#3750,#3751,#3752,#3753,
#3754,#3755,#3756));
#8621=EDGE_LOOP('',(#3757,#3758,#3759,#3760));
#8622=EDGE_LOOP('',(#3761,#3762,#3763,#3764));
#8623=EDGE_LOOP('',(#3765,#3766,#3767,#3768));
#8624=EDGE_LOOP('',(#3769,#3770,#3771,#3772));
#8625=EDGE_LOOP('',(#3773,#3774,#3775,#3776));
#8626=EDGE_LOOP('',(#3777,#3778,#3779,#3780));
#8627=EDGE_LOOP('',(#3781,#3782,#3783,#3784));
#8628=EDGE_LOOP('',(#3785,#3786,#3787,#3788));
#8629=EDGE_LOOP('',(#3789,#3790,#3791,#3792));
#8630=EDGE_LOOP('',(#3793,#3794,#3795,#3796));
#8631=EDGE_LOOP('',(#3797,#3798,#3799,#3800));
#8632=EDGE_LOOP('',(#3801,#3802,#3803,#3804));
#8633=EDGE_LOOP('',(#3805,#3806,#3807,#3808));
#8634=EDGE_LOOP('',(#3809,#3810,#3811,#3812));
#8635=EDGE_LOOP('',(#3813,#3814,#3815,#3816));
#8636=EDGE_LOOP('',(#3817,#3818,#3819,#3820));
#8637=EDGE_LOOP('',(#3821,#3822,#3823,#3824));
#8638=EDGE_LOOP('',(#3825,#3826,#3827,#3828,#3829,#3830,#3831,#3832,#3833,
#3834));
#8639=EDGE_LOOP('',(#3835,#3836,#3837,#3838));
#8640=EDGE_LOOP('',(#3839,#3840,#3841,#3842));
#8641=EDGE_LOOP('',(#3843,#3844,#3845,#3846));
#8642=EDGE_LOOP('',(#3847,#3848,#3849,#3850));
#8643=EDGE_LOOP('',(#3851,#3852,#3853,#3854));
#8644=EDGE_LOOP('',(#3855,#3856,#3857,#3858));
#8645=EDGE_LOOP('',(#3859,#3860,#3861,#3862));
#8646=EDGE_LOOP('',(#3863,#3864,#3865,#3866));
#8647=EDGE_LOOP('',(#3867,#3868,#3869,#3870));
#8648=EDGE_LOOP('',(#3871,#3872,#3873,#3874));
#8649=EDGE_LOOP('',(#3875,#3876,#3877,#3878));
#8650=EDGE_LOOP('',(#3879,#3880,#3881,#3882));
#8651=EDGE_LOOP('',(#3883,#3884,#3885,#3886,#3887,#3888,#3889));
#8652=EDGE_LOOP('',(#3890,#3891,#3892,#3893));
#8653=EDGE_LOOP('',(#3894,#3895,#3896,#3897));
#8654=EDGE_LOOP('',(#3898,#3899,#3900,#3901));
#8655=EDGE_LOOP('',(#3902,#3903,#3904,#3905));
#8656=EDGE_LOOP('',(#3906,#3907,#3908,#3909));
#8657=EDGE_LOOP('',(#3910,#3911,#3912,#3913,#3914,#3915,#3916,#3917,#3918,
#3919));
#8658=EDGE_LOOP('',(#3920,#3921,#3922,#3923));
#8659=EDGE_LOOP('',(#3924,#3925,#3926,#3927));
#8660=EDGE_LOOP('',(#3928,#3929,#3930,#3931));
#8661=EDGE_LOOP('',(#3932,#3933,#3934,#3935));
#8662=EDGE_LOOP('',(#3936,#3937,#3938,#3939));
#8663=EDGE_LOOP('',(#3940,#3941,#3942,#3943));
#8664=EDGE_LOOP('',(#3944,#3945,#3946,#3947));
#8665=EDGE_LOOP('',(#3948,#3949,#3950,#3951,#3952,#3953,#3954,#3955,#3956,
#3957));
#8666=EDGE_LOOP('',(#3958,#3959,#3960,#3961));
#8667=EDGE_LOOP('',(#3962,#3963,#3964,#3965));
#8668=EDGE_LOOP('',(#3966,#3967,#3968,#3969));
#8669=EDGE_LOOP('',(#3970,#3971,#3972,#3973));
#8670=EDGE_LOOP('',(#3974,#3975,#3976,#3977));
#8671=EDGE_LOOP('',(#3978,#3979,#3980,#3981));
#8672=EDGE_LOOP('',(#3982,#3983,#3984,#3985));
#8673=EDGE_LOOP('',(#3986,#3987,#3988,#3989));
#8674=EDGE_LOOP('',(#3990,#3991,#3992,#3993));
#8675=EDGE_LOOP('',(#3994,#3995,#3996,#3997));
#8676=EDGE_LOOP('',(#3998,#3999,#4000,#4001,#4002,#4003,#4004,#4005,#4006,
#4007));
#8677=EDGE_LOOP('',(#4008,#4009,#4010,#4011));
#8678=EDGE_LOOP('',(#4012,#4013,#4014,#4015));
#8679=EDGE_LOOP('',(#4016,#4017,#4018,#4019));
#8680=EDGE_LOOP('',(#4020,#4021,#4022,#4023));
#8681=EDGE_LOOP('',(#4024,#4025,#4026,#4027));
#8682=EDGE_LOOP('',(#4028,#4029,#4030,#4031));
#8683=EDGE_LOOP('',(#4032,#4033,#4034,#4035));
#8684=EDGE_LOOP('',(#4036,#4037,#4038,#4039,#4040,#4041,#4042,#4043,#4044,
#4045));
#8685=EDGE_LOOP('',(#4046,#4047,#4048,#4049));
#8686=EDGE_LOOP('',(#4050,#4051,#4052,#4053));
#8687=EDGE_LOOP('',(#4054,#4055,#4056,#4057));
#8688=EDGE_LOOP('',(#4058,#4059,#4060,#4061));
#8689=EDGE_LOOP('',(#4062,#4063,#4064,#4065));
#8690=EDGE_LOOP('',(#4066,#4067,#4068,#4069));
#8691=EDGE_LOOP('',(#4070,#4071,#4072,#4073));
#8692=EDGE_LOOP('',(#4074,#4075,#4076,#4077));
#8693=EDGE_LOOP('',(#4078,#4079,#4080,#4081));
#8694=EDGE_LOOP('',(#4082,#4083,#4084,#4085));
#8695=EDGE_LOOP('',(#4086,#4087,#4088,#4089,#4090,#4091,#4092,#4093,#4094,
#4095));
#8696=EDGE_LOOP('',(#4096,#4097,#4098,#4099));
#8697=EDGE_LOOP('',(#4100,#4101,#4102,#4103));
#8698=EDGE_LOOP('',(#4104,#4105,#4106,#4107));
#8699=EDGE_LOOP('',(#4108,#4109,#4110,#4111));
#8700=EDGE_LOOP('',(#4112,#4113,#4114,#4115));
#8701=EDGE_LOOP('',(#4116,#4117,#4118,#4119));
#8702=EDGE_LOOP('',(#4120,#4121,#4122,#4123));
#8703=EDGE_LOOP('',(#4124,#4125,#4126,#4127,#4128,#4129,#4130,#4131,#4132,
#4133));
#8704=EDGE_LOOP('',(#4134,#4135,#4136,#4137));
#8705=EDGE_LOOP('',(#4138,#4139,#4140,#4141));
#8706=EDGE_LOOP('',(#4142,#4143,#4144,#4145));
#8707=EDGE_LOOP('',(#4146,#4147,#4148,#4149));
#8708=EDGE_LOOP('',(#4150,#4151,#4152,#4153));
#8709=EDGE_LOOP('',(#4154,#4155,#4156,#4157));
#8710=EDGE_LOOP('',(#4158,#4159,#4160,#4161,#4162,#4163,#4164,#4165));
#8711=EDGE_LOOP('',(#4166,#4167,#4168,#4169));
#8712=EDGE_LOOP('',(#4170,#4171,#4172,#4173));
#8713=EDGE_LOOP('',(#4174,#4175,#4176,#4177));
#8714=EDGE_LOOP('',(#4178,#4179,#4180,#4181,#4182));
#8715=EDGE_LOOP('',(#4183,#4184,#4185,#4186));
#8716=EDGE_LOOP('',(#4187,#4188,#4189,#4190,#4191,#4192,#4193));
#8717=EDGE_LOOP('',(#4194,#4195,#4196,#4197));
#8718=EDGE_LOOP('',(#4198,#4199,#4200,#4201));
#8719=EDGE_LOOP('',(#4202,#4203,#4204,#4205));
#8720=EDGE_LOOP('',(#4206,#4207,#4208,#4209));
#8721=EDGE_LOOP('',(#4210,#4211,#4212,#4213));
#8722=EDGE_LOOP('',(#4214,#4215,#4216,#4217,#4218,#4219,#4220));
#8723=EDGE_LOOP('',(#4221,#4222,#4223,#4224));
#8724=EDGE_LOOP('',(#4225,#4226,#4227,#4228));
#8725=EDGE_LOOP('',(#4229,#4230,#4231,#4232));
#8726=EDGE_LOOP('',(#4233,#4234,#4235,#4236));
#8727=EDGE_LOOP('',(#4237,#4238,#4239,#4240));
#8728=EDGE_LOOP('',(#4241,#4242,#4243,#4244,#4245,#4246,#4247));
#8729=EDGE_LOOP('',(#4248,#4249,#4250,#4251));
#8730=EDGE_LOOP('',(#4252,#4253,#4254,#4255));
#8731=EDGE_LOOP('',(#4256,#4257,#4258,#4259));
#8732=EDGE_LOOP('',(#4260,#4261,#4262,#4263));
#8733=EDGE_LOOP('',(#4264,#4265,#4266,#4267));
#8734=EDGE_LOOP('',(#4268,#4269,#4270,#4271));
#8735=EDGE_LOOP('',(#4272,#4273,#4274,#4275));
#8736=EDGE_LOOP('',(#4276,#4277,#4278,#4279));
#8737=EDGE_LOOP('',(#4280,#4281,#4282,#4283));
#8738=EDGE_LOOP('',(#4284,#4285,#4286,#4287));
#8739=EDGE_LOOP('',(#4288,#4289,#4290,#4291));
#8740=EDGE_LOOP('',(#4292,#4293,#4294,#4295));
#8741=EDGE_LOOP('',(#4296,#4297,#4298,#4299));
#8742=EDGE_LOOP('',(#4300,#4301,#4302,#4303));
#8743=EDGE_LOOP('',(#4304,#4305,#4306,#4307));
#8744=EDGE_LOOP('',(#4308,#4309,#4310,#4311));
#8745=EDGE_LOOP('',(#4312,#4313,#4314,#4315));
#8746=EDGE_LOOP('',(#4316,#4317,#4318,#4319));
#8747=EDGE_LOOP('',(#4320,#4321,#4322,#4323));
#8748=EDGE_LOOP('',(#4324,#4325,#4326,#4327,#4328,#4329,#4330,#4331,#4332,
#4333,#4334,#4335,#4336,#4337,#4338,#4339,#4340,#4341,#4342,#4343));
#8749=EDGE_LOOP('',(#4344,#4345,#4346,#4347));
#8750=EDGE_LOOP('',(#4348,#4349,#4350,#4351));
#8751=EDGE_LOOP('',(#4352,#4353,#4354,#4355));
#8752=EDGE_LOOP('',(#4356,#4357,#4358,#4359));
#8753=EDGE_LOOP('',(#4360,#4361,#4362,#4363));
#8754=EDGE_LOOP('',(#4364,#4365,#4366,#4367));
#8755=EDGE_LOOP('',(#4368,#4369,#4370,#4371));
#8756=EDGE_LOOP('',(#4372,#4373,#4374,#4375));
#8757=EDGE_LOOP('',(#4376,#4377,#4378,#4379));
#8758=EDGE_LOOP('',(#4380,#4381,#4382,#4383));
#8759=EDGE_LOOP('',(#4384,#4385,#4386,#4387));
#8760=EDGE_LOOP('',(#4388,#4389,#4390,#4391));
#8761=EDGE_LOOP('',(#4392,#4393,#4394,#4395));
#8762=EDGE_LOOP('',(#4396,#4397,#4398,#4399));
#8763=EDGE_LOOP('',(#4400,#4401,#4402,#4403));
#8764=EDGE_LOOP('',(#4404,#4405,#4406,#4407,#4408,#4409,#4410,#4411,#4412,
#4413,#4414,#4415,#4416,#4417,#4418,#4419,#4420,#4421,#4422,#4423));
#8765=EDGE_LOOP('',(#4424,#4425,#4426,#4427));
#8766=EDGE_LOOP('',(#4428,#4429,#4430,#4431));
#8767=EDGE_LOOP('',(#4432,#4433,#4434,#4435));
#8768=EDGE_LOOP('',(#4436,#4437,#4438,#4439));
#8769=EDGE_LOOP('',(#4440,#4441,#4442,#4443));
#8770=EDGE_LOOP('',(#4444,#4445,#4446,#4447));
#8771=EDGE_LOOP('',(#4448,#4449,#4450,#4451));
#8772=EDGE_LOOP('',(#4452,#4453,#4454,#4455));
#8773=EDGE_LOOP('',(#4456,#4457,#4458,#4459));
#8774=EDGE_LOOP('',(#4460,#4461,#4462,#4463));
#8775=EDGE_LOOP('',(#4464,#4465,#4466,#4467));
#8776=EDGE_LOOP('',(#4468,#4469,#4470,#4471));
#8777=EDGE_LOOP('',(#4472,#4473,#4474,#4475));
#8778=EDGE_LOOP('',(#4476,#4477,#4478,#4479));
#8779=EDGE_LOOP('',(#4480,#4481,#4482,#4483));
#8780=EDGE_LOOP('',(#4484,#4485,#4486,#4487,#4488,#4489,#4490,#4491,#4492,
#4493,#4494,#4495,#4496,#4497,#4498,#4499,#4500,#4501,#4502,#4503));
#8781=EDGE_LOOP('',(#4504,#4505,#4506,#4507));
#8782=EDGE_LOOP('',(#4508,#4509,#4510,#4511));
#8783=EDGE_LOOP('',(#4512,#4513,#4514,#4515));
#8784=EDGE_LOOP('',(#4516,#4517,#4518,#4519));
#8785=EDGE_LOOP('',(#4520,#4521,#4522,#4523));
#8786=EDGE_LOOP('',(#4524,#4525,#4526,#4527));
#8787=EDGE_LOOP('',(#4528,#4529,#4530,#4531));
#8788=EDGE_LOOP('',(#4532,#4533,#4534,#4535));
#8789=EDGE_LOOP('',(#4536,#4537,#4538,#4539));
#8790=EDGE_LOOP('',(#4540,#4541,#4542,#4543));
#8791=EDGE_LOOP('',(#4544,#4545,#4546,#4547));
#8792=EDGE_LOOP('',(#4548,#4549,#4550,#4551));
#8793=EDGE_LOOP('',(#4552,#4553,#4554,#4555));
#8794=EDGE_LOOP('',(#4556,#4557,#4558,#4559));
#8795=EDGE_LOOP('',(#4560,#4561,#4562,#4563));
#8796=EDGE_LOOP('',(#4564,#4565,#4566,#4567,#4568,#4569,#4570,#4571,#4572,
#4573,#4574,#4575,#4576,#4577,#4578,#4579,#4580,#4581,#4582,#4583));
#8797=EDGE_LOOP('',(#4584,#4585,#4586,#4587,#4588));
#8798=EDGE_LOOP('',(#4589,#4590,#4591,#4592,#4593));
#8799=EDGE_LOOP('',(#4594,#4595,#4596,#4597));
#8800=EDGE_LOOP('',(#4598,#4599,#4600,#4601));
#8801=EDGE_LOOP('',(#4602,#4603,#4604,#4605));
#8802=EDGE_LOOP('',(#4606,#4607,#4608,#4609));
#8803=EDGE_LOOP('',(#4610,#4611,#4612,#4613));
#8804=EDGE_LOOP('',(#4614,#4615,#4616,#4617));
#8805=EDGE_LOOP('',(#4618,#4619,#4620,#4621,#4622,#4623));
#8806=EDGE_LOOP('',(#4624,#4625,#4626,#4627));
#8807=EDGE_LOOP('',(#4628,#4629,#4630,#4631));
#8808=EDGE_LOOP('',(#4632,#4633,#4634,#4635));
#8809=EDGE_LOOP('',(#4636,#4637,#4638,#4639));
#8810=EDGE_LOOP('',(#4640,#4641,#4642,#4643,#4644,#4645));
#8811=EDGE_LOOP('',(#4646,#4647,#4648,#4649));
#8812=EDGE_LOOP('',(#4650,#4651,#4652,#4653));
#8813=EDGE_LOOP('',(#4654,#4655,#4656,#4657));
#8814=EDGE_LOOP('',(#4658,#4659,#4660,#4661));
#8815=EDGE_LOOP('',(#4662,#4663,#4664,#4665,#4666,#4667));
#8816=EDGE_LOOP('',(#4668,#4669,#4670,#4671,#4672));
#8817=EDGE_LOOP('',(#4673,#4674,#4675,#4676,#4677,#4678,#4679,#4680,#4681,
#4682));
#8818=EDGE_LOOP('',(#4683,#4684,#4685,#4686,#4687,#4688,#4689));
#8819=EDGE_LOOP('',(#4690,#4691,#4692,#4693,#4694,#4695));
#8820=EDGE_LOOP('',(#4696,#4697,#4698,#4699,#4700,#4701));
#8821=EDGE_LOOP('',(#4702,#4703,#4704,#4705,#4706,#4707,#4708,#4709,#4710,
#4711));
#8822=EDGE_LOOP('',(#4712,#4713,#4714,#4715,#4716,#4717));
#8823=EDGE_LOOP('',(#4718,#4719,#4720,#4721));
#8824=EDGE_LOOP('',(#4722,#4723,#4724,#4725,#4726,#4727,#4728));
#8825=EDGE_LOOP('',(#4729,#4730,#4731,#4732));
#8826=EDGE_LOOP('',(#4733,#4734,#4735,#4736));
#8827=EDGE_LOOP('',(#4737,#4738,#4739,#4740));
#8828=EDGE_LOOP('',(#4741,#4742,#4743,#4744));
#8829=EDGE_LOOP('',(#4745,#4746,#4747,#4748));
#8830=EDGE_LOOP('',(#4749,#4750,#4751,#4752,#4753,#4754));
#8831=EDGE_LOOP('',(#4755,#4756,#4757,#4758));
#8832=EDGE_LOOP('',(#4759,#4760,#4761,#4762,#4763,#4764,#4765,#4766,#4767,
#4768,#4769,#4770));
#8833=EDGE_LOOP('',(#4771,#4772,#4773,#4774,#4775));
#8834=EDGE_LOOP('',(#4776,#4777,#4778,#4779,#4780,#4781,#4782,#4783,#4784,
#4785,#4786,#4787,#4788,#4789));
#8835=EDGE_LOOP('',(#4790,#4791,#4792,#4793,#4794,#4795));
#8836=EDGE_LOOP('',(#4796,#4797,#4798,#4799));
#8837=EDGE_LOOP('',(#4800,#4801,#4802,#4803,#4804));
#8838=EDGE_LOOP('',(#4805,#4806,#4807,#4808));
#8839=EDGE_LOOP('',(#4809,#4810,#4811,#4812,#4813,#4814));
#8840=EDGE_LOOP('',(#4815,#4816,#4817,#4818));
#8841=EDGE_LOOP('',(#4819,#4820,#4821,#4822));
#8842=EDGE_LOOP('',(#4823,#4824,#4825,#4826));
#8843=EDGE_LOOP('',(#4827,#4828,#4829,#4830));
#8844=EDGE_LOOP('',(#4831,#4832,#4833,#4834));
#8845=EDGE_LOOP('',(#4835,#4836,#4837,#4838));
#8846=EDGE_LOOP('',(#4839,#4840,#4841,#4842));
#8847=EDGE_LOOP('',(#4843,#4844,#4845,#4846));
#8848=EDGE_LOOP('',(#4847,#4848,#4849,#4850));
#8849=EDGE_LOOP('',(#4851,#4852,#4853,#4854));
#8850=EDGE_LOOP('',(#4855,#4856,#4857,#4858));
#8851=EDGE_LOOP('',(#4859,#4860,#4861,#4862));
#8852=EDGE_LOOP('',(#4863,#4864,#4865,#4866));
#8853=EDGE_LOOP('',(#4867,#4868,#4869,#4870));
#8854=EDGE_LOOP('',(#4871,#4872,#4873,#4874));
#8855=EDGE_LOOP('',(#4875,#4876,#4877,#4878));
#8856=EDGE_LOOP('',(#4879,#4880,#4881,#4882));
#8857=EDGE_LOOP('',(#4883,#4884,#4885,#4886));
#8858=EDGE_LOOP('',(#4887,#4888,#4889,#4890));
#8859=EDGE_LOOP('',(#4891,#4892,#4893,#4894));
#8860=EDGE_LOOP('',(#4895,#4896,#4897,#4898));
#8861=EDGE_LOOP('',(#4899,#4900,#4901,#4902));
#8862=EDGE_LOOP('',(#4903,#4904,#4905,#4906));
#8863=EDGE_LOOP('',(#4907,#4908,#4909,#4910));
#8864=EDGE_LOOP('',(#4911,#4912,#4913,#4914));
#8865=EDGE_LOOP('',(#4915,#4916,#4917,#4918));
#8866=EDGE_LOOP('',(#4919,#4920,#4921,#4922));
#8867=EDGE_LOOP('',(#4923,#4924,#4925,#4926));
#8868=EDGE_LOOP('',(#4927,#4928,#4929,#4930));
#8869=EDGE_LOOP('',(#4931,#4932,#4933,#4934));
#8870=EDGE_LOOP('',(#4935,#4936,#4937,#4938));
#8871=EDGE_LOOP('',(#4939,#4940,#4941,#4942));
#8872=EDGE_LOOP('',(#4943,#4944,#4945,#4946));
#8873=EDGE_LOOP('',(#4947,#4948,#4949,#4950));
#8874=EDGE_LOOP('',(#4951,#4952,#4953,#4954));
#8875=EDGE_LOOP('',(#4955,#4956,#4957,#4958));
#8876=EDGE_LOOP('',(#4959,#4960,#4961,#4962));
#8877=EDGE_LOOP('',(#4963,#4964,#4965,#4966));
#8878=EDGE_LOOP('',(#4967,#4968,#4969,#4970));
#8879=EDGE_LOOP('',(#4971,#4972,#4973,#4974));
#8880=EDGE_LOOP('',(#4975,#4976,#4977,#4978));
#8881=EDGE_LOOP('',(#4979,#4980,#4981,#4982));
#8882=EDGE_LOOP('',(#4983,#4984,#4985,#4986));
#8883=EDGE_LOOP('',(#4987,#4988,#4989,#4990));
#8884=EDGE_LOOP('',(#4991,#4992,#4993,#4994));
#8885=EDGE_LOOP('',(#4995,#4996,#4997,#4998));
#8886=EDGE_LOOP('',(#4999,#5000,#5001,#5002));
#8887=EDGE_LOOP('',(#5003,#5004,#5005,#5006,#5007,#5008,#5009,#5010));
#8888=EDGE_LOOP('',(#5011,#5012,#5013,#5014,#5015,#5016,#5017,#5018));
#8889=EDGE_LOOP('',(#5019,#5020,#5021,#5022,#5023,#5024,#5025,#5026,#5027,
#5028,#5029,#5030));
#8890=EDGE_LOOP('',(#5031,#5032,#5033,#5034));
#8891=EDGE_LOOP('',(#5035,#5036,#5037,#5038));
#8892=EDGE_LOOP('',(#5039,#5040,#5041,#5042));
#8893=EDGE_LOOP('',(#5043,#5044,#5045,#5046,#5047,#5048,#5049,#5050));
#8894=EDGE_LOOP('',(#5051,#5052,#5053,#5054));
#8895=EDGE_LOOP('',(#5055,#5056,#5057,#5058,#5059,#5060,#5061,#5062));
#8896=EDGE_LOOP('',(#5063,#5064,#5065,#5066,#5067));
#8897=EDGE_LOOP('',(#5068,#5069,#5070,#5071,#5072));
#8898=EDGE_LOOP('',(#5073,#5074,#5075,#5076));
#8899=EDGE_LOOP('',(#5077,#5078,#5079,#5080));
#8900=EDGE_LOOP('',(#5081,#5082,#5083,#5084,#5085,#5086,#5087,#5088));
#8901=EDGE_LOOP('',(#5089,#5090,#5091,#5092,#5093,#5094,#5095,#5096));
#8902=EDGE_LOOP('',(#5097,#5098,#5099,#5100,#5101,#5102,#5103,#5104,#5105,
#5106,#5107,#5108));
#8903=EDGE_LOOP('',(#5109,#5110,#5111,#5112));
#8904=EDGE_LOOP('',(#5113,#5114,#5115,#5116));
#8905=EDGE_LOOP('',(#5117,#5118,#5119,#5120));
#8906=EDGE_LOOP('',(#5121,#5122,#5123,#5124,#5125,#5126,#5127,#5128));
#8907=EDGE_LOOP('',(#5129,#5130,#5131,#5132));
#8908=EDGE_LOOP('',(#5133,#5134,#5135,#5136,#5137,#5138,#5139,#5140));
#8909=EDGE_LOOP('',(#5141,#5142,#5143,#5144,#5145));
#8910=EDGE_LOOP('',(#5146,#5147,#5148,#5149,#5150));
#8911=EDGE_LOOP('',(#5151,#5152,#5153,#5154));
#8912=EDGE_LOOP('',(#5155,#5156,#5157,#5158));
#8913=EDGE_LOOP('',(#5159,#5160,#5161,#5162,#5163,#5164,#5165,#5166));
#8914=EDGE_LOOP('',(#5167,#5168,#5169,#5170,#5171,#5172,#5173,#5174));
#8915=EDGE_LOOP('',(#5175,#5176,#5177,#5178,#5179,#5180,#5181,#5182,#5183,
#5184,#5185,#5186));
#8916=EDGE_LOOP('',(#5187,#5188,#5189,#5190));
#8917=EDGE_LOOP('',(#5191,#5192,#5193,#5194));
#8918=EDGE_LOOP('',(#5195,#5196,#5197,#5198));
#8919=EDGE_LOOP('',(#5199,#5200,#5201,#5202,#5203,#5204,#5205,#5206));
#8920=EDGE_LOOP('',(#5207,#5208,#5209,#5210));
#8921=EDGE_LOOP('',(#5211,#5212,#5213,#5214,#5215,#5216,#5217,#5218));
#8922=EDGE_LOOP('',(#5219,#5220,#5221,#5222,#5223));
#8923=EDGE_LOOP('',(#5224,#5225,#5226,#5227,#5228));
#8924=EDGE_LOOP('',(#5229,#5230,#5231,#5232));
#8925=EDGE_LOOP('',(#5233,#5234,#5235,#5236));
#8926=EDGE_LOOP('',(#5237,#5238,#5239,#5240,#5241,#5242,#5243,#5244));
#8927=EDGE_LOOP('',(#5245,#5246,#5247,#5248,#5249,#5250,#5251,#5252));
#8928=EDGE_LOOP('',(#5253,#5254,#5255,#5256,#5257,#5258,#5259,#5260,#5261,
#5262,#5263,#5264));
#8929=EDGE_LOOP('',(#5265,#5266,#5267,#5268));
#8930=EDGE_LOOP('',(#5269,#5270,#5271,#5272));
#8931=EDGE_LOOP('',(#5273,#5274,#5275,#5276));
#8932=EDGE_LOOP('',(#5277,#5278,#5279,#5280,#5281,#5282,#5283,#5284));
#8933=EDGE_LOOP('',(#5285,#5286,#5287,#5288));
#8934=EDGE_LOOP('',(#5289,#5290,#5291,#5292,#5293,#5294,#5295,#5296));
#8935=EDGE_LOOP('',(#5297,#5298,#5299,#5300,#5301));
#8936=EDGE_LOOP('',(#5302,#5303,#5304,#5305,#5306));
#8937=EDGE_LOOP('',(#5307,#5308,#5309,#5310,#5311));
#8938=EDGE_LOOP('',(#5312,#5313,#5314,#5315,#5316));
#8939=EDGE_LOOP('',(#5317,#5318,#5319,#5320,#5321));
#8940=EDGE_LOOP('',(#5322,#5323,#5324,#5325,#5326));
#8941=EDGE_LOOP('',(#5327,#5328,#5329,#5330,#5331));
#8942=EDGE_LOOP('',(#5332,#5333,#5334,#5335,#5336));
#8943=EDGE_LOOP('',(#5337,#5338,#5339,#5340,#5341));
#8944=EDGE_LOOP('',(#5342,#5343,#5344,#5345,#5346));
#8945=EDGE_LOOP('',(#5347,#5348,#5349,#5350,#5351,#5352));
#8946=EDGE_LOOP('',(#5353,#5354,#5355,#5356,#5357,#5358));
#8947=EDGE_LOOP('',(#5359,#5360,#5361,#5362,#5363,#5364));
#8948=EDGE_LOOP('',(#5365,#5366,#5367,#5368));
#8949=EDGE_LOOP('',(#5369,#5370,#5371,#5372));
#8950=EDGE_LOOP('',(#5373,#5374,#5375,#5376,#5377,#5378));
#8951=EDGE_LOOP('',(#5379,#5380,#5381,#5382,#5383,#5384));
#8952=EDGE_LOOP('',(#5385,#5386,#5387,#5388,#5389,#5390));
#8953=EDGE_LOOP('',(#5391,#5392,#5393,#5394));
#8954=EDGE_LOOP('',(#5395,#5396,#5397,#5398));
#8955=EDGE_LOOP('',(#5399,#5400,#5401,#5402,#5403,#5404));
#8956=EDGE_LOOP('',(#5405,#5406,#5407,#5408,#5409,#5410));
#8957=EDGE_LOOP('',(#5411,#5412,#5413,#5414,#5415,#5416));
#8958=EDGE_LOOP('',(#5417,#5418,#5419,#5420));
#8959=EDGE_LOOP('',(#5421,#5422,#5423,#5424));
#8960=EDGE_LOOP('',(#5425,#5426,#5427,#5428,#5429,#5430));
#8961=EDGE_LOOP('',(#5431,#5432,#5433,#5434,#5435,#5436));
#8962=EDGE_LOOP('',(#5437,#5438,#5439,#5440,#5441,#5442));
#8963=EDGE_LOOP('',(#5443,#5444,#5445,#5446));
#8964=EDGE_LOOP('',(#5447,#5448,#5449,#5450));
#8965=EDGE_LOOP('',(#5451,#5452,#5453,#5454));
#8966=EDGE_LOOP('',(#5455,#5456,#5457,#5458));
#8967=EDGE_LOOP('',(#5459,#5460,#5461,#5462));
#8968=EDGE_LOOP('',(#5463,#5464,#5465,#5466));
#8969=EDGE_LOOP('',(#5467,#5468,#5469,#5470));
#8970=EDGE_LOOP('',(#5471,#5472,#5473,#5474,#5475));
#8971=EDGE_LOOP('',(#5476));
#8972=EDGE_LOOP('',(#5477));
#8973=EDGE_LOOP('',(#5478));
#8974=EDGE_LOOP('',(#5479,#5480,#5481,#5482));
#8975=EDGE_LOOP('',(#5483,#5484,#5485,#5486));
#8976=EDGE_LOOP('',(#5487,#5488,#5489,#5490));
#8977=EDGE_LOOP('',(#5491,#5492,#5493,#5494));
#8978=EDGE_LOOP('',(#5495,#5496,#5497,#5498));
#8979=EDGE_LOOP('',(#5499,#5500,#5501,#5502));
#8980=EDGE_LOOP('',(#5503,#5504,#5505,#5506));
#8981=EDGE_LOOP('',(#5507,#5508,#5509,#5510,#5511,#5512,#5513));
#8982=FACE_BOUND('',#8407,.T.);
#8983=FACE_BOUND('',#8408,.T.);
#8984=FACE_BOUND('',#8409,.T.);
#8985=FACE_BOUND('',#8410,.T.);
#8986=FACE_BOUND('',#8411,.T.);
#8987=FACE_BOUND('',#8412,.T.);
#8988=FACE_BOUND('',#8413,.T.);
#8989=FACE_BOUND('',#8414,.T.);
#8990=FACE_BOUND('',#8415,.T.);
#8991=FACE_BOUND('',#8416,.T.);
#8992=FACE_BOUND('',#8417,.T.);
#8993=FACE_BOUND('',#8418,.T.);
#8994=FACE_BOUND('',#8419,.T.);
#8995=FACE_BOUND('',#8420,.T.);
#8996=FACE_BOUND('',#8421,.T.);
#8997=FACE_BOUND('',#8422,.T.);
#8998=FACE_BOUND('',#8423,.T.);
#8999=FACE_BOUND('',#8424,.T.);
#9000=FACE_BOUND('',#8425,.T.);
#9001=FACE_BOUND('',#8426,.T.);
#9002=FACE_BOUND('',#8427,.T.);
#9003=FACE_BOUND('',#8428,.T.);
#9004=FACE_BOUND('',#8429,.T.);
#9005=FACE_BOUND('',#8430,.T.);
#9006=FACE_BOUND('',#8431,.T.);
#9007=FACE_BOUND('',#8432,.T.);
#9008=FACE_BOUND('',#8433,.T.);
#9009=FACE_BOUND('',#8434,.T.);
#9010=FACE_BOUND('',#8435,.T.);
#9011=FACE_BOUND('',#8436,.T.);
#9012=FACE_BOUND('',#8437,.T.);
#9013=FACE_BOUND('',#8438,.T.);
#9014=FACE_BOUND('',#8439,.T.);
#9015=FACE_BOUND('',#8440,.T.);
#9016=FACE_BOUND('',#8441,.T.);
#9017=FACE_BOUND('',#8442,.T.);
#9018=FACE_BOUND('',#8443,.T.);
#9019=FACE_BOUND('',#8444,.T.);
#9020=FACE_BOUND('',#8445,.T.);
#9021=FACE_BOUND('',#8446,.T.);
#9022=FACE_BOUND('',#8447,.T.);
#9023=FACE_BOUND('',#8448,.T.);
#9024=FACE_BOUND('',#8449,.T.);
#9025=FACE_BOUND('',#8450,.T.);
#9026=FACE_BOUND('',#8451,.T.);
#9027=FACE_BOUND('',#8452,.T.);
#9028=FACE_BOUND('',#8453,.T.);
#9029=FACE_BOUND('',#8454,.T.);
#9030=FACE_BOUND('',#8455,.T.);
#9031=FACE_BOUND('',#8456,.T.);
#9032=FACE_BOUND('',#8457,.T.);
#9033=FACE_BOUND('',#8458,.T.);
#9034=FACE_BOUND('',#8459,.T.);
#9035=FACE_BOUND('',#8460,.T.);
#9036=FACE_BOUND('',#8461,.T.);
#9037=FACE_BOUND('',#8462,.T.);
#9038=FACE_BOUND('',#8463,.T.);
#9039=FACE_BOUND('',#8464,.T.);
#9040=FACE_BOUND('',#8465,.T.);
#9041=FACE_BOUND('',#8466,.T.);
#9042=FACE_BOUND('',#8467,.T.);
#9043=FACE_BOUND('',#8468,.T.);
#9044=FACE_BOUND('',#8469,.T.);
#9045=FACE_BOUND('',#8470,.T.);
#9046=FACE_BOUND('',#8471,.T.);
#9047=FACE_BOUND('',#8472,.T.);
#9048=FACE_BOUND('',#8473,.T.);
#9049=FACE_BOUND('',#8474,.T.);
#9050=FACE_BOUND('',#8475,.T.);
#9051=FACE_BOUND('',#8476,.T.);
#9052=FACE_BOUND('',#8477,.T.);
#9053=FACE_BOUND('',#8478,.T.);
#9054=FACE_BOUND('',#8479,.T.);
#9055=FACE_BOUND('',#8480,.T.);
#9056=FACE_BOUND('',#8481,.T.);
#9057=FACE_BOUND('',#8482,.T.);
#9058=FACE_BOUND('',#8483,.T.);
#9059=FACE_BOUND('',#8484,.T.);
#9060=FACE_BOUND('',#8485,.T.);
#9061=FACE_BOUND('',#8486,.T.);
#9062=FACE_BOUND('',#8487,.T.);
#9063=FACE_BOUND('',#8488,.T.);
#9064=FACE_BOUND('',#8489,.T.);
#9065=FACE_BOUND('',#8490,.T.);
#9066=FACE_BOUND('',#8491,.T.);
#9067=FACE_BOUND('',#8492,.T.);
#9068=FACE_BOUND('',#8493,.T.);
#9069=FACE_BOUND('',#8494,.T.);
#9070=FACE_BOUND('',#8495,.T.);
#9071=FACE_BOUND('',#8496,.T.);
#9072=FACE_BOUND('',#8497,.T.);
#9073=FACE_BOUND('',#8498,.T.);
#9074=FACE_BOUND('',#8499,.T.);
#9075=FACE_BOUND('',#8500,.T.);
#9076=FACE_BOUND('',#8501,.T.);
#9077=FACE_BOUND('',#8502,.T.);
#9078=FACE_BOUND('',#8503,.T.);
#9079=FACE_BOUND('',#8504,.T.);
#9080=FACE_BOUND('',#8505,.T.);
#9081=FACE_BOUND('',#8506,.T.);
#9082=FACE_BOUND('',#8507,.T.);
#9083=FACE_BOUND('',#8508,.T.);
#9084=FACE_BOUND('',#8509,.T.);
#9085=FACE_BOUND('',#8510,.T.);
#9086=FACE_BOUND('',#8511,.T.);
#9087=FACE_BOUND('',#8512,.T.);
#9088=FACE_BOUND('',#8513,.T.);
#9089=FACE_BOUND('',#8514,.T.);
#9090=FACE_BOUND('',#8515,.T.);
#9091=FACE_BOUND('',#8516,.T.);
#9092=FACE_BOUND('',#8517,.T.);
#9093=FACE_BOUND('',#8518,.T.);
#9094=FACE_BOUND('',#8519,.T.);
#9095=FACE_BOUND('',#8520,.T.);
#9096=FACE_BOUND('',#8521,.T.);
#9097=FACE_BOUND('',#8522,.T.);
#9098=FACE_BOUND('',#8523,.T.);
#9099=FACE_BOUND('',#8524,.T.);
#9100=FACE_BOUND('',#8525,.T.);
#9101=FACE_BOUND('',#8526,.T.);
#9102=FACE_BOUND('',#8527,.T.);
#9103=FACE_BOUND('',#8528,.T.);
#9104=FACE_BOUND('',#8529,.T.);
#9105=FACE_BOUND('',#8530,.T.);
#9106=FACE_BOUND('',#8531,.T.);
#9107=FACE_BOUND('',#8532,.T.);
#9108=FACE_BOUND('',#8533,.T.);
#9109=FACE_BOUND('',#8534,.T.);
#9110=FACE_BOUND('',#8535,.T.);
#9111=FACE_BOUND('',#8536,.T.);
#9112=FACE_BOUND('',#8537,.T.);
#9113=FACE_BOUND('',#8538,.T.);
#9114=FACE_BOUND('',#8539,.T.);
#9115=FACE_BOUND('',#8540,.T.);
#9116=FACE_BOUND('',#8541,.T.);
#9117=FACE_BOUND('',#8542,.T.);
#9118=FACE_BOUND('',#8543,.T.);
#9119=FACE_BOUND('',#8544,.T.);
#9120=FACE_BOUND('',#8545,.T.);
#9121=FACE_BOUND('',#8546,.T.);
#9122=FACE_BOUND('',#8547,.T.);
#9123=FACE_BOUND('',#8548,.T.);
#9124=FACE_BOUND('',#8549,.T.);
#9125=FACE_BOUND('',#8550,.T.);
#9126=FACE_BOUND('',#8551,.T.);
#9127=FACE_BOUND('',#8552,.T.);
#9128=FACE_BOUND('',#8553,.T.);
#9129=FACE_BOUND('',#8554,.T.);
#9130=FACE_BOUND('',#8555,.T.);
#9131=FACE_BOUND('',#8556,.T.);
#9132=FACE_BOUND('',#8557,.T.);
#9133=FACE_BOUND('',#8558,.T.);
#9134=FACE_BOUND('',#8559,.T.);
#9135=FACE_BOUND('',#8560,.T.);
#9136=FACE_BOUND('',#8561,.T.);
#9137=FACE_BOUND('',#8562,.T.);
#9138=FACE_BOUND('',#8563,.T.);
#9139=FACE_BOUND('',#8564,.T.);
#9140=FACE_BOUND('',#8565,.T.);
#9141=FACE_BOUND('',#8566,.T.);
#9142=FACE_BOUND('',#8567,.T.);
#9143=FACE_BOUND('',#8568,.T.);
#9144=FACE_BOUND('',#8569,.T.);
#9145=FACE_BOUND('',#8570,.T.);
#9146=FACE_BOUND('',#8571,.T.);
#9147=FACE_BOUND('',#8572,.T.);
#9148=FACE_BOUND('',#8573,.T.);
#9149=FACE_BOUND('',#8574,.T.);
#9150=FACE_BOUND('',#8575,.T.);
#9151=FACE_BOUND('',#8576,.T.);
#9152=FACE_BOUND('',#8577,.T.);
#9153=FACE_BOUND('',#8578,.T.);
#9154=FACE_BOUND('',#8579,.T.);
#9155=FACE_BOUND('',#8580,.T.);
#9156=FACE_BOUND('',#8581,.T.);
#9157=FACE_BOUND('',#8582,.T.);
#9158=FACE_BOUND('',#8583,.T.);
#9159=FACE_BOUND('',#8584,.T.);
#9160=FACE_BOUND('',#8585,.T.);
#9161=FACE_BOUND('',#8586,.T.);
#9162=FACE_BOUND('',#8587,.T.);
#9163=FACE_BOUND('',#8588,.T.);
#9164=FACE_BOUND('',#8589,.T.);
#9165=FACE_BOUND('',#8590,.T.);
#9166=FACE_BOUND('',#8591,.T.);
#9167=FACE_BOUND('',#8592,.T.);
#9168=FACE_BOUND('',#8593,.T.);
#9169=FACE_BOUND('',#8594,.T.);
#9170=FACE_BOUND('',#8595,.T.);
#9171=FACE_BOUND('',#8596,.T.);
#9172=FACE_BOUND('',#8597,.T.);
#9173=FACE_BOUND('',#8598,.T.);
#9174=FACE_BOUND('',#8599,.T.);
#9175=FACE_BOUND('',#8600,.T.);
#9176=FACE_BOUND('',#8601,.T.);
#9177=FACE_BOUND('',#8602,.T.);
#9178=FACE_BOUND('',#8603,.T.);
#9179=FACE_BOUND('',#8604,.T.);
#9180=FACE_BOUND('',#8605,.T.);
#9181=FACE_BOUND('',#8606,.T.);
#9182=FACE_BOUND('',#8607,.T.);
#9183=FACE_BOUND('',#8608,.T.);
#9184=FACE_BOUND('',#8609,.T.);
#9185=FACE_BOUND('',#8610,.T.);
#9186=FACE_BOUND('',#8611,.T.);
#9187=FACE_BOUND('',#8612,.T.);
#9188=FACE_BOUND('',#8613,.T.);
#9189=FACE_BOUND('',#8614,.T.);
#9190=FACE_BOUND('',#8615,.T.);
#9191=FACE_BOUND('',#8616,.T.);
#9192=FACE_BOUND('',#8617,.T.);
#9193=FACE_BOUND('',#8618,.T.);
#9194=FACE_BOUND('',#8619,.T.);
#9195=FACE_BOUND('',#8620,.T.);
#9196=FACE_BOUND('',#8621,.T.);
#9197=FACE_BOUND('',#8622,.T.);
#9198=FACE_BOUND('',#8623,.T.);
#9199=FACE_BOUND('',#8624,.T.);
#9200=FACE_BOUND('',#8625,.T.);
#9201=FACE_BOUND('',#8626,.T.);
#9202=FACE_BOUND('',#8627,.T.);
#9203=FACE_BOUND('',#8628,.T.);
#9204=FACE_BOUND('',#8629,.T.);
#9205=FACE_BOUND('',#8630,.T.);
#9206=FACE_BOUND('',#8631,.T.);
#9207=FACE_BOUND('',#8632,.T.);
#9208=FACE_BOUND('',#8633,.T.);
#9209=FACE_BOUND('',#8634,.T.);
#9210=FACE_BOUND('',#8635,.T.);
#9211=FACE_BOUND('',#8636,.T.);
#9212=FACE_BOUND('',#8637,.T.);
#9213=FACE_BOUND('',#8638,.T.);
#9214=FACE_BOUND('',#8639,.T.);
#9215=FACE_BOUND('',#8640,.T.);
#9216=FACE_BOUND('',#8641,.T.);
#9217=FACE_BOUND('',#8642,.T.);
#9218=FACE_BOUND('',#8643,.T.);
#9219=FACE_BOUND('',#8644,.T.);
#9220=FACE_BOUND('',#8645,.T.);
#9221=FACE_BOUND('',#8646,.T.);
#9222=FACE_BOUND('',#8647,.T.);
#9223=FACE_BOUND('',#8648,.T.);
#9224=FACE_BOUND('',#8649,.T.);
#9225=FACE_BOUND('',#8650,.T.);
#9226=FACE_BOUND('',#8651,.T.);
#9227=FACE_BOUND('',#8652,.T.);
#9228=FACE_BOUND('',#8653,.T.);
#9229=FACE_BOUND('',#8654,.T.);
#9230=FACE_BOUND('',#8655,.T.);
#9231=FACE_BOUND('',#8656,.T.);
#9232=FACE_BOUND('',#8657,.T.);
#9233=FACE_BOUND('',#8658,.T.);
#9234=FACE_BOUND('',#8659,.T.);
#9235=FACE_BOUND('',#8660,.T.);
#9236=FACE_BOUND('',#8661,.T.);
#9237=FACE_BOUND('',#8662,.T.);
#9238=FACE_BOUND('',#8663,.T.);
#9239=FACE_BOUND('',#8664,.T.);
#9240=FACE_BOUND('',#8665,.T.);
#9241=FACE_BOUND('',#8666,.T.);
#9242=FACE_BOUND('',#8667,.T.);
#9243=FACE_BOUND('',#8668,.T.);
#9244=FACE_BOUND('',#8669,.T.);
#9245=FACE_BOUND('',#8670,.T.);
#9246=FACE_BOUND('',#8671,.T.);
#9247=FACE_BOUND('',#8672,.T.);
#9248=FACE_BOUND('',#8673,.T.);
#9249=FACE_BOUND('',#8674,.T.);
#9250=FACE_BOUND('',#8675,.T.);
#9251=FACE_BOUND('',#8676,.T.);
#9252=FACE_BOUND('',#8677,.T.);
#9253=FACE_BOUND('',#8678,.T.);
#9254=FACE_BOUND('',#8679,.T.);
#9255=FACE_BOUND('',#8680,.T.);
#9256=FACE_BOUND('',#8681,.T.);
#9257=FACE_BOUND('',#8682,.T.);
#9258=FACE_BOUND('',#8683,.T.);
#9259=FACE_BOUND('',#8684,.T.);
#9260=FACE_BOUND('',#8685,.T.);
#9261=FACE_BOUND('',#8686,.T.);
#9262=FACE_BOUND('',#8687,.T.);
#9263=FACE_BOUND('',#8688,.T.);
#9264=FACE_BOUND('',#8689,.T.);
#9265=FACE_BOUND('',#8690,.T.);
#9266=FACE_BOUND('',#8691,.T.);
#9267=FACE_BOUND('',#8692,.T.);
#9268=FACE_BOUND('',#8693,.T.);
#9269=FACE_BOUND('',#8694,.T.);
#9270=FACE_BOUND('',#8695,.T.);
#9271=FACE_BOUND('',#8696,.T.);
#9272=FACE_BOUND('',#8697,.T.);
#9273=FACE_BOUND('',#8698,.T.);
#9274=FACE_BOUND('',#8699,.T.);
#9275=FACE_BOUND('',#8700,.T.);
#9276=FACE_BOUND('',#8701,.T.);
#9277=FACE_BOUND('',#8702,.T.);
#9278=FACE_BOUND('',#8703,.T.);
#9279=FACE_BOUND('',#8704,.T.);
#9280=FACE_BOUND('',#8705,.T.);
#9281=FACE_BOUND('',#8706,.T.);
#9282=FACE_BOUND('',#8707,.T.);
#9283=FACE_BOUND('',#8708,.T.);
#9284=FACE_BOUND('',#8709,.T.);
#9285=FACE_BOUND('',#8710,.T.);
#9286=FACE_BOUND('',#8711,.T.);
#9287=FACE_BOUND('',#8712,.T.);
#9288=FACE_BOUND('',#8713,.T.);
#9289=FACE_BOUND('',#8714,.T.);
#9290=FACE_BOUND('',#8715,.T.);
#9291=FACE_BOUND('',#8716,.T.);
#9292=FACE_BOUND('',#8717,.T.);
#9293=FACE_BOUND('',#8718,.T.);
#9294=FACE_BOUND('',#8719,.T.);
#9295=FACE_BOUND('',#8720,.T.);
#9296=FACE_BOUND('',#8721,.T.);
#9297=FACE_BOUND('',#8722,.T.);
#9298=FACE_BOUND('',#8723,.T.);
#9299=FACE_BOUND('',#8724,.T.);
#9300=FACE_BOUND('',#8725,.T.);
#9301=FACE_BOUND('',#8726,.T.);
#9302=FACE_BOUND('',#8727,.T.);
#9303=FACE_BOUND('',#8728,.T.);
#9304=FACE_BOUND('',#8729,.T.);
#9305=FACE_BOUND('',#8730,.T.);
#9306=FACE_BOUND('',#8731,.T.);
#9307=FACE_BOUND('',#8732,.T.);
#9308=FACE_BOUND('',#8733,.T.);
#9309=FACE_BOUND('',#8734,.T.);
#9310=FACE_BOUND('',#8735,.T.);
#9311=FACE_BOUND('',#8736,.T.);
#9312=FACE_BOUND('',#8737,.T.);
#9313=FACE_BOUND('',#8738,.T.);
#9314=FACE_BOUND('',#8739,.T.);
#9315=FACE_BOUND('',#8740,.T.);
#9316=FACE_BOUND('',#8741,.T.);
#9317=FACE_BOUND('',#8742,.T.);
#9318=FACE_BOUND('',#8743,.T.);
#9319=FACE_BOUND('',#8744,.T.);
#9320=FACE_BOUND('',#8745,.T.);
#9321=FACE_BOUND('',#8746,.T.);
#9322=FACE_BOUND('',#8747,.T.);
#9323=FACE_BOUND('',#8748,.T.);
#9324=FACE_BOUND('',#8749,.T.);
#9325=FACE_BOUND('',#8750,.T.);
#9326=FACE_BOUND('',#8751,.T.);
#9327=FACE_BOUND('',#8752,.T.);
#9328=FACE_BOUND('',#8753,.T.);
#9329=FACE_BOUND('',#8754,.T.);
#9330=FACE_BOUND('',#8755,.T.);
#9331=FACE_BOUND('',#8756,.T.);
#9332=FACE_BOUND('',#8757,.T.);
#9333=FACE_BOUND('',#8758,.T.);
#9334=FACE_BOUND('',#8759,.T.);
#9335=FACE_BOUND('',#8760,.T.);
#9336=FACE_BOUND('',#8761,.T.);
#9337=FACE_BOUND('',#8762,.T.);
#9338=FACE_BOUND('',#8763,.T.);
#9339=FACE_BOUND('',#8764,.T.);
#9340=FACE_BOUND('',#8765,.T.);
#9341=FACE_BOUND('',#8766,.T.);
#9342=FACE_BOUND('',#8767,.T.);
#9343=FACE_BOUND('',#8768,.T.);
#9344=FACE_BOUND('',#8769,.T.);
#9345=FACE_BOUND('',#8770,.T.);
#9346=FACE_BOUND('',#8771,.T.);
#9347=FACE_BOUND('',#8772,.T.);
#9348=FACE_BOUND('',#8773,.T.);
#9349=FACE_BOUND('',#8774,.T.);
#9350=FACE_BOUND('',#8775,.T.);
#9351=FACE_BOUND('',#8776,.T.);
#9352=FACE_BOUND('',#8777,.T.);
#9353=FACE_BOUND('',#8778,.T.);
#9354=FACE_BOUND('',#8779,.T.);
#9355=FACE_BOUND('',#8780,.T.);
#9356=FACE_BOUND('',#8781,.T.);
#9357=FACE_BOUND('',#8782,.T.);
#9358=FACE_BOUND('',#8783,.T.);
#9359=FACE_BOUND('',#8784,.T.);
#9360=FACE_BOUND('',#8785,.T.);
#9361=FACE_BOUND('',#8786,.T.);
#9362=FACE_BOUND('',#8787,.T.);
#9363=FACE_BOUND('',#8788,.T.);
#9364=FACE_BOUND('',#8789,.T.);
#9365=FACE_BOUND('',#8790,.T.);
#9366=FACE_BOUND('',#8791,.T.);
#9367=FACE_BOUND('',#8792,.T.);
#9368=FACE_BOUND('',#8793,.T.);
#9369=FACE_BOUND('',#8794,.T.);
#9370=FACE_BOUND('',#8795,.T.);
#9371=FACE_BOUND('',#8796,.T.);
#9372=FACE_BOUND('',#8797,.T.);
#9373=FACE_BOUND('',#8798,.T.);
#9374=FACE_BOUND('',#8799,.T.);
#9375=FACE_BOUND('',#8800,.T.);
#9376=FACE_BOUND('',#8801,.T.);
#9377=FACE_BOUND('',#8802,.T.);
#9378=FACE_BOUND('',#8803,.T.);
#9379=FACE_BOUND('',#8804,.T.);
#9380=FACE_BOUND('',#8805,.T.);
#9381=FACE_BOUND('',#8806,.T.);
#9382=FACE_BOUND('',#8807,.T.);
#9383=FACE_BOUND('',#8808,.T.);
#9384=FACE_BOUND('',#8809,.T.);
#9385=FACE_BOUND('',#8810,.T.);
#9386=FACE_BOUND('',#8811,.T.);
#9387=FACE_BOUND('',#8812,.T.);
#9388=FACE_BOUND('',#8813,.T.);
#9389=FACE_BOUND('',#8814,.T.);
#9390=FACE_BOUND('',#8815,.T.);
#9391=FACE_BOUND('',#8816,.T.);
#9392=FACE_BOUND('',#8817,.T.);
#9393=FACE_BOUND('',#8818,.T.);
#9394=FACE_BOUND('',#8819,.T.);
#9395=FACE_BOUND('',#8820,.T.);
#9396=FACE_BOUND('',#8821,.T.);
#9397=FACE_BOUND('',#8822,.T.);
#9398=FACE_BOUND('',#8823,.T.);
#9399=FACE_BOUND('',#8824,.T.);
#9400=FACE_BOUND('',#8825,.T.);
#9401=FACE_BOUND('',#8826,.T.);
#9402=FACE_BOUND('',#8827,.T.);
#9403=FACE_BOUND('',#8828,.T.);
#9404=FACE_BOUND('',#8829,.T.);
#9405=FACE_BOUND('',#8830,.T.);
#9406=FACE_BOUND('',#8831,.T.);
#9407=FACE_BOUND('',#8832,.T.);
#9408=FACE_BOUND('',#8833,.T.);
#9409=FACE_BOUND('',#8834,.T.);
#9410=FACE_BOUND('',#8835,.T.);
#9411=FACE_BOUND('',#8836,.T.);
#9412=FACE_BOUND('',#8837,.T.);
#9413=FACE_BOUND('',#8838,.T.);
#9414=FACE_BOUND('',#8839,.T.);
#9415=FACE_BOUND('',#8840,.T.);
#9416=FACE_BOUND('',#8841,.T.);
#9417=FACE_BOUND('',#8842,.T.);
#9418=FACE_BOUND('',#8843,.T.);
#9419=FACE_BOUND('',#8844,.T.);
#9420=FACE_BOUND('',#8845,.T.);
#9421=FACE_BOUND('',#8846,.T.);
#9422=FACE_BOUND('',#8847,.T.);
#9423=FACE_BOUND('',#8848,.T.);
#9424=FACE_BOUND('',#8849,.T.);
#9425=FACE_BOUND('',#8850,.T.);
#9426=FACE_BOUND('',#8851,.T.);
#9427=FACE_BOUND('',#8852,.T.);
#9428=FACE_BOUND('',#8853,.T.);
#9429=FACE_BOUND('',#8854,.T.);
#9430=FACE_BOUND('',#8855,.T.);
#9431=FACE_BOUND('',#8856,.T.);
#9432=FACE_BOUND('',#8857,.T.);
#9433=FACE_BOUND('',#8858,.T.);
#9434=FACE_BOUND('',#8859,.T.);
#9435=FACE_BOUND('',#8860,.T.);
#9436=FACE_BOUND('',#8861,.T.);
#9437=FACE_BOUND('',#8862,.T.);
#9438=FACE_BOUND('',#8863,.T.);
#9439=FACE_BOUND('',#8864,.T.);
#9440=FACE_BOUND('',#8865,.T.);
#9441=FACE_BOUND('',#8866,.T.);
#9442=FACE_BOUND('',#8867,.T.);
#9443=FACE_BOUND('',#8868,.T.);
#9444=FACE_BOUND('',#8869,.T.);
#9445=FACE_BOUND('',#8870,.T.);
#9446=FACE_BOUND('',#8871,.T.);
#9447=FACE_BOUND('',#8872,.T.);
#9448=FACE_BOUND('',#8873,.T.);
#9449=FACE_BOUND('',#8874,.T.);
#9450=FACE_BOUND('',#8875,.T.);
#9451=FACE_BOUND('',#8876,.T.);
#9452=FACE_BOUND('',#8877,.T.);
#9453=FACE_BOUND('',#8878,.T.);
#9454=FACE_BOUND('',#8879,.T.);
#9455=FACE_BOUND('',#8880,.T.);
#9456=FACE_BOUND('',#8881,.T.);
#9457=FACE_BOUND('',#8882,.T.);
#9458=FACE_BOUND('',#8883,.T.);
#9459=FACE_BOUND('',#8884,.T.);
#9460=FACE_BOUND('',#8885,.T.);
#9461=FACE_BOUND('',#8886,.T.);
#9462=FACE_BOUND('',#8887,.T.);
#9463=FACE_BOUND('',#8888,.T.);
#9464=FACE_BOUND('',#8889,.T.);
#9465=FACE_BOUND('',#8890,.T.);
#9466=FACE_BOUND('',#8891,.T.);
#9467=FACE_BOUND('',#8892,.T.);
#9468=FACE_BOUND('',#8893,.T.);
#9469=FACE_BOUND('',#8894,.T.);
#9470=FACE_BOUND('',#8895,.T.);
#9471=FACE_BOUND('',#8896,.T.);
#9472=FACE_BOUND('',#8897,.T.);
#9473=FACE_BOUND('',#8898,.T.);
#9474=FACE_BOUND('',#8899,.T.);
#9475=FACE_BOUND('',#8900,.T.);
#9476=FACE_BOUND('',#8901,.T.);
#9477=FACE_BOUND('',#8902,.T.);
#9478=FACE_BOUND('',#8903,.T.);
#9479=FACE_BOUND('',#8904,.T.);
#9480=FACE_BOUND('',#8905,.T.);
#9481=FACE_BOUND('',#8906,.T.);
#9482=FACE_BOUND('',#8907,.T.);
#9483=FACE_BOUND('',#8908,.T.);
#9484=FACE_BOUND('',#8909,.T.);
#9485=FACE_BOUND('',#8910,.T.);
#9486=FACE_BOUND('',#8911,.T.);
#9487=FACE_BOUND('',#8912,.T.);
#9488=FACE_BOUND('',#8913,.T.);
#9489=FACE_BOUND('',#8914,.T.);
#9490=FACE_BOUND('',#8915,.T.);
#9491=FACE_BOUND('',#8916,.T.);
#9492=FACE_BOUND('',#8917,.T.);
#9493=FACE_BOUND('',#8918,.T.);
#9494=FACE_BOUND('',#8919,.T.);
#9495=FACE_BOUND('',#8920,.T.);
#9496=FACE_BOUND('',#8921,.T.);
#9497=FACE_BOUND('',#8922,.T.);
#9498=FACE_BOUND('',#8923,.T.);
#9499=FACE_BOUND('',#8924,.T.);
#9500=FACE_BOUND('',#8925,.T.);
#9501=FACE_BOUND('',#8926,.T.);
#9502=FACE_BOUND('',#8927,.T.);
#9503=FACE_BOUND('',#8928,.T.);
#9504=FACE_BOUND('',#8929,.T.);
#9505=FACE_BOUND('',#8930,.T.);
#9506=FACE_BOUND('',#8931,.T.);
#9507=FACE_BOUND('',#8932,.T.);
#9508=FACE_BOUND('',#8933,.T.);
#9509=FACE_BOUND('',#8934,.T.);
#9510=FACE_BOUND('',#8935,.T.);
#9511=FACE_BOUND('',#8936,.T.);
#9512=FACE_BOUND('',#8937,.T.);
#9513=FACE_BOUND('',#8938,.T.);
#9514=FACE_BOUND('',#8939,.T.);
#9515=FACE_BOUND('',#8940,.T.);
#9516=FACE_BOUND('',#8941,.T.);
#9517=FACE_BOUND('',#8942,.T.);
#9518=FACE_BOUND('',#8943,.T.);
#9519=FACE_BOUND('',#8944,.T.);
#9520=FACE_BOUND('',#8945,.T.);
#9521=FACE_BOUND('',#8946,.T.);
#9522=FACE_BOUND('',#8947,.T.);
#9523=FACE_BOUND('',#8948,.T.);
#9524=FACE_BOUND('',#8949,.T.);
#9525=FACE_BOUND('',#8950,.T.);
#9526=FACE_BOUND('',#8951,.T.);
#9527=FACE_BOUND('',#8952,.T.);
#9528=FACE_BOUND('',#8953,.T.);
#9529=FACE_BOUND('',#8954,.T.);
#9530=FACE_BOUND('',#8955,.T.);
#9531=FACE_BOUND('',#8956,.T.);
#9532=FACE_BOUND('',#8957,.T.);
#9533=FACE_BOUND('',#8958,.T.);
#9534=FACE_BOUND('',#8959,.T.);
#9535=FACE_BOUND('',#8960,.T.);
#9536=FACE_BOUND('',#8961,.T.);
#9537=FACE_BOUND('',#8962,.T.);
#9538=FACE_BOUND('',#8963,.T.);
#9539=FACE_BOUND('',#8964,.T.);
#9540=FACE_BOUND('',#8965,.T.);
#9541=FACE_BOUND('',#8966,.T.);
#9542=FACE_BOUND('',#8967,.T.);
#9543=FACE_BOUND('',#8968,.T.);
#9544=FACE_BOUND('',#8969,.T.);
#9545=FACE_BOUND('',#8970,.T.);
#9546=FACE_BOUND('',#8971,.T.);
#9547=FACE_BOUND('',#8972,.T.);
#9548=FACE_BOUND('',#8973,.T.);
#9549=FACE_BOUND('',#8974,.T.);
#9550=FACE_BOUND('',#8975,.T.);
#9551=FACE_BOUND('',#8976,.T.);
#9552=FACE_BOUND('',#8977,.T.);
#9553=FACE_BOUND('',#8978,.T.);
#9554=FACE_BOUND('',#8979,.T.);
#9555=FACE_BOUND('',#8980,.T.);
#9556=FACE_BOUND('',#8981,.T.);
#9557=PLANE('',#14242);
#9558=PLANE('',#14251);
#9559=PLANE('',#14252);
#9560=PLANE('',#14255);
#9561=PLANE('',#14258);
#9562=PLANE('',#14262);
#9563=PLANE('',#14265);
#9564=PLANE('',#14268);
#9565=PLANE('',#14301);
#9566=PLANE('',#14302);
#9567=PLANE('',#14303);
#9568=PLANE('',#14304);
#9569=PLANE('',#14305);
#9570=PLANE('',#14306);
#9571=PLANE('',#14307);
#9572=PLANE('',#14310);
#9573=PLANE('',#14311);
#9574=PLANE('',#14312);
#9575=PLANE('',#14317);
#9576=PLANE('',#14358);
#9577=PLANE('',#14363);
#9578=PLANE('',#14367);
#9579=PLANE('',#14371);
#9580=PLANE('',#14376);
#9581=PLANE('',#14377);
#9582=PLANE('',#14378);
#9583=PLANE('',#14382);
#9584=PLANE('',#14387);
#9585=PLANE('',#14391);
#9586=PLANE('',#14392);
#9587=PLANE('',#14393);
#9588=PLANE('',#14397);
#9589=PLANE('',#14402);
#9590=PLANE('',#14406);
#9591=PLANE('',#14407);
#9592=PLANE('',#14408);
#9593=PLANE('',#14412);
#9594=PLANE('',#14414);
#9595=PLANE('',#14416);
#9596=PLANE('',#14419);
#9597=PLANE('',#14420);
#9598=PLANE('',#14427);
#9599=PLANE('',#14428);
#9600=PLANE('',#14437);
#9601=PLANE('',#14442);
#9602=PLANE('',#14447);
#9603=PLANE('',#14452);
#9604=PLANE('',#14463);
#9605=PLANE('',#14470);
#9606=PLANE('',#14477);
#9607=PLANE('',#14481);
#9608=PLANE('',#14483);
#9609=PLANE('',#14486);
#9610=PLANE('',#14487);
#9611=PLANE('',#14490);
#9612=PLANE('',#14495);
#9613=PLANE('',#14496);
#9614=PLANE('',#14503);
#9615=PLANE('',#14510);
#9616=PLANE('',#14517);
#9617=PLANE('',#14521);
#9618=PLANE('',#14523);
#9619=PLANE('',#14526);
#9620=PLANE('',#14527);
#9621=PLANE('',#14530);
#9622=PLANE('',#14535);
#9623=PLANE('',#14536);
#9624=PLANE('',#14543);
#9625=PLANE('',#14550);
#9626=PLANE('',#14557);
#9627=PLANE('',#14561);
#9628=PLANE('',#14563);
#9629=PLANE('',#14566);
#9630=PLANE('',#14567);
#9631=PLANE('',#14570);
#9632=PLANE('',#14575);
#9633=PLANE('',#14576);
#9634=PLANE('',#14577);
#9635=PLANE('',#14581);
#9636=PLANE('',#14586);
#9637=PLANE('',#14589);
#9638=PLANE('',#14602);
#9639=PLANE('',#14607);
#9640=PLANE('',#14612);
#9641=PLANE('',#14620);
#9642=PLANE('',#14624);
#9643=PLANE('',#14626);
#9644=PLANE('',#14628);
#9645=PLANE('',#14630);
#9646=PLANE('',#14639);
#9647=PLANE('',#14650);
#9648=PLANE('',#14653);
#9649=PLANE('',#14656);
#9650=PLANE('',#14662);
#9651=PLANE('',#14666);
#9652=PLANE('',#14668);
#9653=PLANE('',#14670);
#9654=PLANE('',#14672);
#9655=PLANE('',#14681);
#9656=PLANE('',#14692);
#9657=PLANE('',#14695);
#9658=PLANE('',#14698);
#9659=PLANE('',#14704);
#9660=PLANE('',#14708);
#9661=PLANE('',#14710);
#9662=PLANE('',#14712);
#9663=PLANE('',#14714);
#9664=PLANE('',#14723);
#9665=PLANE('',#14734);
#9666=PLANE('',#14737);
#9667=PLANE('',#14740);
#9668=PLANE('',#14745);
#9669=PLANE('',#14747);
#9670=PLANE('',#14749);
#9671=PLANE('',#14751);
#9672=PLANE('',#14753);
#9673=PLANE('',#14755);
#9674=PLANE('',#14758);
#9675=PLANE('',#14761);
#9676=PLANE('',#14762);
#9677=PLANE('',#14765);
#9678=PLANE('',#14767);
#9679=PLANE('',#14769);
#9680=PLANE('',#14771);
#9681=PLANE('',#14773);
#9682=PLANE('',#14775);
#9683=PLANE('',#14777);
#9684=PLANE('',#14779);
#9685=PLANE('',#14781);
#9686=PLANE('',#14783);
#9687=PLANE('',#14786);
#9688=PLANE('',#14788);
#9689=PLANE('',#14790);
#9690=PLANE('',#14792);
#9691=PLANE('',#14794);
#9692=PLANE('',#14796);
#9693=PLANE('',#14798);
#9694=PLANE('',#14800);
#9695=PLANE('',#14802);
#9696=PLANE('',#14805);
#9697=PLANE('',#14807);
#9698=PLANE('',#14809);
#9699=PLANE('',#14811);
#9700=PLANE('',#14813);
#9701=PLANE('',#14815);
#9702=PLANE('',#14817);
#9703=PLANE('',#14819);
#9704=PLANE('',#14821);
#9705=PLANE('',#14823);
#9706=PLANE('',#14825);
#9707=PLANE('',#14826);
#9708=PLANE('',#14828);
#9709=PLANE('',#14829);
#9710=PLANE('',#14831);
#9711=PLANE('',#14832);
#9712=PLANE('',#14834);
#9713=PLANE('',#14835);
#9714=PLANE('',#14837);
#9715=PLANE('',#14838);
#9716=PLANE('',#14840);
#9717=PLANE('',#14841);
#9718=PLANE('',#14843);
#9719=PLANE('',#14844);
#9720=PLANE('',#14846);
#9721=PLANE('',#14849);
#9722=PLANE('',#14852);
#9723=PLANE('',#14855);
#9724=PLANE('',#14858);
#9725=PLANE('',#14861);
#9726=PLANE('',#14866);
#9727=PLANE('',#14869);
#9728=PLANE('',#14870);
#9729=PLANE('',#14873);
#9730=PLANE('',#14876);
#9731=PLANE('',#14879);
#9732=PLANE('',#14882);
#9733=PLANE('',#14885);
#9734=PLANE('',#14890);
#9735=PLANE('',#14893);
#9736=PLANE('',#14894);
#9737=PLANE('',#14897);
#9738=PLANE('',#14900);
#9739=PLANE('',#14903);
#9740=PLANE('',#14906);
#9741=PLANE('',#14909);
#9742=PLANE('',#14914);
#9743=PLANE('',#14917);
#9744=PLANE('',#14918);
#9745=PLANE('',#14921);
#9746=PLANE('',#14924);
#9747=PLANE('',#14927);
#9748=PLANE('',#14930);
#9749=PLANE('',#14933);
#9750=PLANE('',#14938);
#9751=PLANE('',#14941);
#9752=PLANE('',#14942);
#9753=PLANE('',#14943);
#9754=PLANE('',#14944);
#9755=PLANE('',#14945);
#9756=PLANE('',#14946);
#9757=PLANE('',#14947);
#9758=PLANE('',#14948);
#9759=PLANE('',#14949);
#9760=PLANE('',#14950);
#9761=PLANE('',#14951);
#9762=PLANE('',#14952);
#9763=PLANE('',#14953);
#9764=PLANE('',#14954);
#9765=PLANE('',#14955);
#9766=PLANE('',#14956);
#9767=PLANE('',#14957);
#9768=PLANE('',#14958);
#9769=PLANE('',#14959);
#9770=PLANE('',#14960);
#9771=PLANE('',#14961);
#9772=PLANE('',#14962);
#9773=PLANE('',#14963);
#9774=PLANE('',#14966);
#9775=PLANE('',#14967);
#9776=PLANE('',#14968);
#9777=PLANE('',#14969);
#9778=PLANE('',#14970);
#9779=PLANE('',#14973);
#9780=PLANE('',#14976);
#9781=PLANE('',#14983);
#9782=PLANE('',#14986);
#9783=PLANE('',#14993);
#9784=PLANE('',#14994);
#9785=PLANE('',#14997);
#9786=PLANE('',#14998);
#9787=PLANE('',#14999);
#9788=PLANE('',#15003);
#9789=PLANE('',#15005);
#9790=PLANE('',#15008);
#9791=PLANE('',#15009);
#9792=PLANE('',#15010);
#9793=PLANE('',#15011);
#9794=PLANE('',#15012);
#9795=PLANE('',#15013);
#9796=PLANE('',#15014);
#9797=PLANE('',#15015);
#9798=PLANE('',#15016);
#9799=PLANE('',#15017);
#9800=PLANE('',#15018);
#9801=PLANE('',#15019);
#9802=PLANE('',#15020);
#9803=PLANE('',#15021);
#9804=PLANE('',#15022);
#9805=PLANE('',#15023);
#9806=PLANE('',#15024);
#9807=PLANE('',#15025);
#9808=PLANE('',#15026);
#9809=PLANE('',#15027);
#9810=PLANE('',#15028);
#9811=PLANE('',#15029);
#9812=PLANE('',#15030);
#9813=PLANE('',#15031);
#9814=PLANE('',#15032);
#9815=PLANE('',#15033);
#9816=PLANE('',#15034);
#9817=PLANE('',#15035);
#9818=PLANE('',#15036);
#9819=PLANE('',#15037);
#9820=PLANE('',#15038);
#9821=PLANE('',#15039);
#9822=PLANE('',#15040);
#9823=PLANE('',#15041);
#9824=PLANE('',#15042);
#9825=PLANE('',#15043);
#9826=PLANE('',#15044);
#9827=PLANE('',#15045);
#9828=PLANE('',#15046);
#9829=PLANE('',#15047);
#9830=PLANE('',#15051);
#9831=PLANE('',#15052);
#9832=PLANE('',#15054);
#9833=PLANE('',#15056);
#9834=PLANE('',#15062);
#9835=PLANE('',#15063);
#9836=PLANE('',#15064);
#9837=PLANE('',#15068);
#9838=PLANE('',#15078);
#9839=PLANE('',#15079);
#9840=PLANE('',#15081);
#9841=PLANE('',#15083);
#9842=PLANE('',#15089);
#9843=PLANE('',#15090);
#9844=PLANE('',#15091);
#9845=PLANE('',#15095);
#9846=PLANE('',#15105);
#9847=PLANE('',#15106);
#9848=PLANE('',#15108);
#9849=PLANE('',#15110);
#9850=PLANE('',#15116);
#9851=PLANE('',#15117);
#9852=PLANE('',#15118);
#9853=PLANE('',#15122);
#9854=PLANE('',#15132);
#9855=PLANE('',#15133);
#9856=PLANE('',#15135);
#9857=PLANE('',#15137);
#9858=PLANE('',#15143);
#9859=PLANE('',#15144);
#9860=PLANE('',#15145);
#9861=PLANE('',#15149);
#9862=PLANE('',#15156);
#9863=PLANE('',#15157);
#9864=PLANE('',#15158);
#9865=PLANE('',#15159);
#9866=PLANE('',#15160);
#9867=PLANE('',#15161);
#9868=PLANE('',#15162);
#9869=PLANE('',#15163);
#9870=PLANE('',#15184);
#9871=PLANE('',#15185);
#9872=PLANE('',#15186);
#9873=PLANE('',#15187);
#9874=PLANE('',#15188);
#9875=PLANE('',#15189);
#9876=PLANE('',#15192);
#9877=PLANE('',#15195);
#9878=PLANE('',#15196);
#9879=PLANE('',#15199);
#9880=PLANE('',#15202);
#9881=PLANE('',#15203);
#9882=STYLED_ITEM('',(#10426),#13693);
#9883=STYLED_ITEM('',(#10427),#13694);
#9884=STYLED_ITEM('',(#10428),#13695);
#9885=STYLED_ITEM('',(#10429),#13696);
#9886=STYLED_ITEM('',(#10430),#13697);
#9887=STYLED_ITEM('',(#10431),#13698);
#9888=STYLED_ITEM('',(#10432),#13699);
#9889=STYLED_ITEM('',(#10433),#13700);
#9890=STYLED_ITEM('',(#10434),#13701);
#9891=STYLED_ITEM('',(#10435),#13702);
#9892=STYLED_ITEM('',(#10436),#13703);
#9893=STYLED_ITEM('',(#10437),#13704);
#9894=STYLED_ITEM('',(#10438),#13705);
#9895=STYLED_ITEM('',(#10439),#13706);
#9896=STYLED_ITEM('',(#10440),#13707);
#9897=STYLED_ITEM('',(#10441),#13708);
#9898=STYLED_ITEM('',(#10442),#13709);
#9899=STYLED_ITEM('',(#10443),#13710);
#9900=STYLED_ITEM('',(#10444),#13711);
#9901=STYLED_ITEM('',(#10445),#13712);
#9902=STYLED_ITEM('',(#10446),#13713);
#9903=STYLED_ITEM('',(#10447),#13714);
#9904=STYLED_ITEM('',(#10448),#13715);
#9905=STYLED_ITEM('',(#10449),#13716);
#9906=STYLED_ITEM('',(#10450),#13717);
#9907=STYLED_ITEM('',(#10451),#13718);
#9908=STYLED_ITEM('',(#10452),#13719);
#9909=STYLED_ITEM('',(#10453),#13720);
#9910=STYLED_ITEM('',(#10454),#13721);
#9911=STYLED_ITEM('',(#10455),#13722);
#9912=STYLED_ITEM('',(#10456),#13723);
#9913=STYLED_ITEM('',(#10457),#13724);
#9914=STYLED_ITEM('',(#10458),#13725);
#9915=STYLED_ITEM('',(#10459),#13726);
#9916=STYLED_ITEM('',(#10460),#13727);
#9917=STYLED_ITEM('',(#10461),#13728);
#9918=STYLED_ITEM('',(#10462),#13729);
#9919=STYLED_ITEM('',(#10463),#13730);
#9920=STYLED_ITEM('',(#10464),#13731);
#9921=STYLED_ITEM('',(#10465),#13732);
#9922=STYLED_ITEM('',(#10466),#13733);
#9923=STYLED_ITEM('',(#10467),#13734);
#9924=STYLED_ITEM('',(#10468),#13735);
#9925=STYLED_ITEM('',(#10469),#13736);
#9926=STYLED_ITEM('',(#10470),#13737);
#9927=STYLED_ITEM('',(#10471),#13738);
#9928=STYLED_ITEM('',(#10472),#13739);
#9929=STYLED_ITEM('',(#10473),#13740);
#9930=STYLED_ITEM('',(#10474),#13741);
#9931=STYLED_ITEM('',(#10475),#13742);
#9932=STYLED_ITEM('',(#10476),#13743);
#9933=STYLED_ITEM('',(#10477),#13744);
#9934=STYLED_ITEM('',(#10478),#13745);
#9935=STYLED_ITEM('',(#10479),#13746);
#9936=STYLED_ITEM('',(#10480),#13747);
#9937=STYLED_ITEM('',(#10481),#13748);
#9938=STYLED_ITEM('',(#10482),#13749);
#9939=STYLED_ITEM('',(#10483),#13750);
#9940=STYLED_ITEM('',(#10484),#13751);
#9941=STYLED_ITEM('',(#10485),#13752);
#9942=STYLED_ITEM('',(#10486),#13753);
#9943=STYLED_ITEM('',(#10487),#13754);
#9944=STYLED_ITEM('',(#10488),#13755);
#9945=STYLED_ITEM('',(#10489),#13756);
#9946=STYLED_ITEM('',(#10490),#13757);
#9947=STYLED_ITEM('',(#10491),#13758);
#9948=STYLED_ITEM('',(#10492),#13759);
#9949=STYLED_ITEM('',(#10493),#13760);
#9950=STYLED_ITEM('',(#10494),#13761);
#9951=STYLED_ITEM('',(#10495),#13762);
#9952=STYLED_ITEM('',(#10496),#13763);
#9953=STYLED_ITEM('',(#10497),#13764);
#9954=STYLED_ITEM('',(#10498),#13765);
#9955=STYLED_ITEM('',(#10499),#13766);
#9956=STYLED_ITEM('',(#10500),#13767);
#9957=STYLED_ITEM('',(#10501),#13768);
#9958=STYLED_ITEM('',(#10502),#13769);
#9959=STYLED_ITEM('',(#10503),#13770);
#9960=STYLED_ITEM('',(#10504),#13771);
#9961=STYLED_ITEM('',(#10505),#13772);
#9962=STYLED_ITEM('',(#10506),#13773);
#9963=STYLED_ITEM('',(#10507),#13774);
#9964=STYLED_ITEM('',(#10508),#13775);
#9965=STYLED_ITEM('',(#10509),#13776);
#9966=STYLED_ITEM('',(#10510),#13777);
#9967=STYLED_ITEM('',(#10511),#13778);
#9968=STYLED_ITEM('',(#10512),#13779);
#9969=STYLED_ITEM('',(#10513),#13780);
#9970=STYLED_ITEM('',(#10514),#13781);
#9971=STYLED_ITEM('',(#10515),#13782);
#9972=STYLED_ITEM('',(#10516),#13783);
#9973=STYLED_ITEM('',(#10517),#13784);
#9974=STYLED_ITEM('',(#10518),#13785);
#9975=STYLED_ITEM('',(#10519),#13786);
#9976=STYLED_ITEM('',(#10520),#13787);
#9977=STYLED_ITEM('',(#10521),#13788);
#9978=STYLED_ITEM('',(#10522),#13789);
#9979=STYLED_ITEM('',(#10523),#13790);
#9980=STYLED_ITEM('',(#10524),#13791);
#9981=STYLED_ITEM('',(#10525),#13792);
#9982=STYLED_ITEM('',(#10526),#13793);
#9983=STYLED_ITEM('',(#10527),#13794);
#9984=STYLED_ITEM('',(#10528),#13795);
#9985=STYLED_ITEM('',(#10529),#13796);
#9986=STYLED_ITEM('',(#10530),#13797);
#9987=STYLED_ITEM('',(#10531),#13798);
#9988=STYLED_ITEM('',(#10532),#13799);
#9989=STYLED_ITEM('',(#10533),#13800);
#9990=STYLED_ITEM('',(#10534),#13801);
#9991=STYLED_ITEM('',(#10535),#13802);
#9992=STYLED_ITEM('',(#10536),#13803);
#9993=STYLED_ITEM('',(#10537),#13804);
#9994=STYLED_ITEM('',(#10538),#13805);
#9995=STYLED_ITEM('',(#10539),#13806);
#9996=STYLED_ITEM('',(#10540),#13807);
#9997=STYLED_ITEM('',(#10541),#13808);
#9998=STYLED_ITEM('',(#10542),#13809);
#9999=STYLED_ITEM('',(#10543),#13810);
#10000=STYLED_ITEM('',(#10544),#13811);
#10001=STYLED_ITEM('',(#10545),#13812);
#10002=STYLED_ITEM('',(#10546),#13813);
#10003=STYLED_ITEM('',(#10547),#13814);
#10004=STYLED_ITEM('',(#10548),#13815);
#10005=STYLED_ITEM('',(#10549),#13816);
#10006=STYLED_ITEM('',(#10550),#13817);
#10007=STYLED_ITEM('',(#10551),#13818);
#10008=STYLED_ITEM('',(#10552),#13819);
#10009=STYLED_ITEM('',(#10553),#13820);
#10010=STYLED_ITEM('',(#10554),#13821);
#10011=STYLED_ITEM('',(#10555),#13822);
#10012=STYLED_ITEM('',(#10556),#13823);
#10013=STYLED_ITEM('',(#10557),#13824);
#10014=STYLED_ITEM('',(#10558),#13825);
#10015=STYLED_ITEM('',(#10559),#13826);
#10016=STYLED_ITEM('',(#10560),#13827);
#10017=STYLED_ITEM('',(#10561),#13828);
#10018=STYLED_ITEM('',(#10562),#13829);
#10019=STYLED_ITEM('',(#10563),#13830);
#10020=STYLED_ITEM('',(#10564),#13831);
#10021=STYLED_ITEM('',(#10565),#13832);
#10022=STYLED_ITEM('',(#10566),#13833);
#10023=STYLED_ITEM('',(#10567),#13834);
#10024=STYLED_ITEM('',(#10568),#13835);
#10025=STYLED_ITEM('',(#10569),#13836);
#10026=STYLED_ITEM('',(#10570),#13837);
#10027=STYLED_ITEM('',(#10571),#13838);
#10028=STYLED_ITEM('',(#10572),#13839);
#10029=STYLED_ITEM('',(#10573),#13840);
#10030=STYLED_ITEM('',(#10574),#13841);
#10031=STYLED_ITEM('',(#10575),#13842);
#10032=STYLED_ITEM('',(#10576),#13843);
#10033=STYLED_ITEM('',(#10577),#13844);
#10034=STYLED_ITEM('',(#10578),#13845);
#10035=STYLED_ITEM('',(#10579),#13846);
#10036=STYLED_ITEM('',(#10580),#13847);
#10037=STYLED_ITEM('',(#10581),#13848);
#10038=STYLED_ITEM('',(#10582),#13849);
#10039=STYLED_ITEM('',(#10583),#13850);
#10040=STYLED_ITEM('',(#10584),#13851);
#10041=STYLED_ITEM('',(#10585),#13852);
#10042=STYLED_ITEM('',(#10586),#13853);
#10043=STYLED_ITEM('',(#10587),#13854);
#10044=STYLED_ITEM('',(#10588),#13855);
#10045=STYLED_ITEM('',(#10589),#13856);
#10046=STYLED_ITEM('',(#10590),#13857);
#10047=STYLED_ITEM('',(#10591),#13858);
#10048=STYLED_ITEM('',(#10592),#13859);
#10049=STYLED_ITEM('',(#10593),#13860);
#10050=STYLED_ITEM('',(#10594),#13861);
#10051=STYLED_ITEM('',(#10595),#13862);
#10052=STYLED_ITEM('',(#10596),#13863);
#10053=STYLED_ITEM('',(#10597),#13864);
#10054=STYLED_ITEM('',(#10598),#13865);
#10055=STYLED_ITEM('',(#10599),#13866);
#10056=STYLED_ITEM('',(#10600),#13867);
#10057=STYLED_ITEM('',(#10601),#13868);
#10058=STYLED_ITEM('',(#10602),#13869);
#10059=STYLED_ITEM('',(#10603),#13870);
#10060=STYLED_ITEM('',(#10604),#13871);
#10061=STYLED_ITEM('',(#10605),#13872);
#10062=STYLED_ITEM('',(#10606),#13873);
#10063=STYLED_ITEM('',(#10607),#13874);
#10064=STYLED_ITEM('',(#10608),#13875);
#10065=STYLED_ITEM('',(#10609),#13876);
#10066=STYLED_ITEM('',(#10610),#13877);
#10067=STYLED_ITEM('',(#10611),#13878);
#10068=STYLED_ITEM('',(#10612),#13879);
#10069=STYLED_ITEM('',(#10613),#13880);
#10070=STYLED_ITEM('',(#10614),#13881);
#10071=STYLED_ITEM('',(#10615),#13882);
#10072=STYLED_ITEM('',(#10616),#13883);
#10073=STYLED_ITEM('',(#10617),#13884);
#10074=STYLED_ITEM('',(#10618),#13885);
#10075=STYLED_ITEM('',(#10619),#13886);
#10076=STYLED_ITEM('',(#10620),#13887);
#10077=STYLED_ITEM('',(#10621),#13888);
#10078=STYLED_ITEM('',(#10622),#13889);
#10079=STYLED_ITEM('',(#10623),#13890);
#10080=STYLED_ITEM('',(#10624),#13891);
#10081=STYLED_ITEM('',(#10625),#13892);
#10082=STYLED_ITEM('',(#10626),#13893);
#10083=STYLED_ITEM('',(#10627),#13894);
#10084=STYLED_ITEM('',(#10628),#13895);
#10085=STYLED_ITEM('',(#10629),#13896);
#10086=STYLED_ITEM('',(#10630),#13897);
#10087=STYLED_ITEM('',(#10631),#13898);
#10088=STYLED_ITEM('',(#10632),#13899);
#10089=STYLED_ITEM('',(#10633),#13900);
#10090=STYLED_ITEM('',(#10634),#13901);
#10091=STYLED_ITEM('',(#10635),#13902);
#10092=STYLED_ITEM('',(#10636),#13903);
#10093=STYLED_ITEM('',(#10637),#13904);
#10094=STYLED_ITEM('',(#10638),#13905);
#10095=STYLED_ITEM('',(#10639),#13906);
#10096=STYLED_ITEM('',(#10640),#13907);
#10097=STYLED_ITEM('',(#10641),#13908);
#10098=STYLED_ITEM('',(#10642),#13909);
#10099=STYLED_ITEM('',(#10643),#13910);
#10100=STYLED_ITEM('',(#10644),#13911);
#10101=STYLED_ITEM('',(#10645),#13912);
#10102=STYLED_ITEM('',(#10646),#13913);
#10103=STYLED_ITEM('',(#10647),#13914);
#10104=STYLED_ITEM('',(#10648),#13915);
#10105=STYLED_ITEM('',(#10649),#13916);
#10106=STYLED_ITEM('',(#10650),#13917);
#10107=STYLED_ITEM('',(#10651),#13918);
#10108=STYLED_ITEM('',(#10652),#13919);
#10109=STYLED_ITEM('',(#10653),#13920);
#10110=STYLED_ITEM('',(#10654),#13921);
#10111=STYLED_ITEM('',(#10655),#13922);
#10112=STYLED_ITEM('',(#10656),#13923);
#10113=STYLED_ITEM('',(#10657),#13924);
#10114=STYLED_ITEM('',(#10658),#13925);
#10115=STYLED_ITEM('',(#10659),#13926);
#10116=STYLED_ITEM('',(#10660),#13927);
#10117=STYLED_ITEM('',(#10661),#13928);
#10118=STYLED_ITEM('',(#10662),#13929);
#10119=STYLED_ITEM('',(#10663),#13930);
#10120=STYLED_ITEM('',(#10664),#13931);
#10121=STYLED_ITEM('',(#10665),#13932);
#10122=STYLED_ITEM('',(#10666),#13933);
#10123=STYLED_ITEM('',(#10667),#13934);
#10124=STYLED_ITEM('',(#10668),#13935);
#10125=STYLED_ITEM('',(#10669),#13936);
#10126=STYLED_ITEM('',(#10670),#13937);
#10127=STYLED_ITEM('',(#10671),#13938);
#10128=STYLED_ITEM('',(#10672),#13939);
#10129=STYLED_ITEM('',(#10673),#13940);
#10130=STYLED_ITEM('',(#10674),#13941);
#10131=STYLED_ITEM('',(#10675),#13942);
#10132=STYLED_ITEM('',(#10676),#13943);
#10133=STYLED_ITEM('',(#10677),#13944);
#10134=STYLED_ITEM('',(#10678),#13945);
#10135=STYLED_ITEM('',(#10679),#13946);
#10136=STYLED_ITEM('',(#10680),#13947);
#10137=STYLED_ITEM('',(#10681),#13948);
#10138=STYLED_ITEM('',(#10682),#13949);
#10139=STYLED_ITEM('',(#10683),#13950);
#10140=STYLED_ITEM('',(#10684),#13951);
#10141=STYLED_ITEM('',(#10685),#13952);
#10142=STYLED_ITEM('',(#10686),#13953);
#10143=STYLED_ITEM('',(#10687),#13954);
#10144=STYLED_ITEM('',(#10688),#13955);
#10145=STYLED_ITEM('',(#10689),#13956);
#10146=STYLED_ITEM('',(#10690),#13957);
#10147=STYLED_ITEM('',(#10691),#13958);
#10148=STYLED_ITEM('',(#10692),#13959);
#10149=STYLED_ITEM('',(#10693),#13960);
#10150=STYLED_ITEM('',(#10694),#13961);
#10151=STYLED_ITEM('',(#10695),#13962);
#10152=STYLED_ITEM('',(#10696),#13963);
#10153=STYLED_ITEM('',(#10697),#13964);
#10154=STYLED_ITEM('',(#10698),#13965);
#10155=STYLED_ITEM('',(#10699),#13966);
#10156=STYLED_ITEM('',(#10700),#13967);
#10157=STYLED_ITEM('',(#10701),#13968);
#10158=STYLED_ITEM('',(#10702),#13969);
#10159=STYLED_ITEM('',(#10703),#13970);
#10160=STYLED_ITEM('',(#10704),#13971);
#10161=STYLED_ITEM('',(#10705),#13972);
#10162=STYLED_ITEM('',(#10706),#13973);
#10163=STYLED_ITEM('',(#10707),#13974);
#10164=STYLED_ITEM('',(#10708),#13975);
#10165=STYLED_ITEM('',(#10709),#13976);
#10166=STYLED_ITEM('',(#10710),#13977);
#10167=STYLED_ITEM('',(#10711),#13978);
#10168=STYLED_ITEM('',(#10712),#13979);
#10169=STYLED_ITEM('',(#10713),#13980);
#10170=STYLED_ITEM('',(#10714),#13981);
#10171=STYLED_ITEM('',(#10715),#13982);
#10172=STYLED_ITEM('',(#10716),#13983);
#10173=STYLED_ITEM('',(#10717),#13984);
#10174=STYLED_ITEM('',(#10718),#13985);
#10175=STYLED_ITEM('',(#10719),#13986);
#10176=STYLED_ITEM('',(#10720),#13987);
#10177=STYLED_ITEM('',(#10721),#13988);
#10178=STYLED_ITEM('',(#10722),#13989);
#10179=STYLED_ITEM('',(#10723),#13990);
#10180=STYLED_ITEM('',(#10724),#13991);
#10181=STYLED_ITEM('',(#10725),#13992);
#10182=STYLED_ITEM('',(#10726),#13993);
#10183=STYLED_ITEM('',(#10727),#13994);
#10184=STYLED_ITEM('',(#10728),#13995);
#10185=STYLED_ITEM('',(#10729),#13996);
#10186=STYLED_ITEM('',(#10730),#13997);
#10187=STYLED_ITEM('',(#10731),#13998);
#10188=STYLED_ITEM('',(#10732),#13999);
#10189=STYLED_ITEM('',(#10733),#14000);
#10190=STYLED_ITEM('',(#10734),#14001);
#10191=STYLED_ITEM('',(#10735),#14002);
#10192=STYLED_ITEM('',(#10736),#14003);
#10193=STYLED_ITEM('',(#10737),#14004);
#10194=STYLED_ITEM('',(#10738),#14005);
#10195=STYLED_ITEM('',(#10739),#14006);
#10196=STYLED_ITEM('',(#10740),#14007);
#10197=STYLED_ITEM('',(#10741),#14008);
#10198=STYLED_ITEM('',(#10742),#14009);
#10199=STYLED_ITEM('',(#10743),#14010);
#10200=STYLED_ITEM('',(#10744),#14011);
#10201=STYLED_ITEM('',(#10745),#14012);
#10202=STYLED_ITEM('',(#10746),#14013);
#10203=STYLED_ITEM('',(#10747),#14014);
#10204=STYLED_ITEM('',(#10748),#14015);
#10205=STYLED_ITEM('',(#10749),#14016);
#10206=STYLED_ITEM('',(#10750),#14017);
#10207=STYLED_ITEM('',(#10751),#14018);
#10208=STYLED_ITEM('',(#10752),#14019);
#10209=STYLED_ITEM('',(#10753),#14020);
#10210=STYLED_ITEM('',(#10754),#14021);
#10211=STYLED_ITEM('',(#10755),#14022);
#10212=STYLED_ITEM('',(#10756),#14023);
#10213=STYLED_ITEM('',(#10757),#14024);
#10214=STYLED_ITEM('',(#10758),#14025);
#10215=STYLED_ITEM('',(#10759),#14026);
#10216=STYLED_ITEM('',(#10760),#14027);
#10217=STYLED_ITEM('',(#10761),#14028);
#10218=STYLED_ITEM('',(#10762),#14029);
#10219=STYLED_ITEM('',(#10763),#14030);
#10220=STYLED_ITEM('',(#10764),#14031);
#10221=STYLED_ITEM('',(#10765),#14032);
#10222=STYLED_ITEM('',(#10766),#14033);
#10223=STYLED_ITEM('',(#10767),#14034);
#10224=STYLED_ITEM('',(#10768),#14035);
#10225=STYLED_ITEM('',(#10769),#14036);
#10226=STYLED_ITEM('',(#10770),#14037);
#10227=STYLED_ITEM('',(#10771),#14038);
#10228=STYLED_ITEM('',(#10772),#14039);
#10229=STYLED_ITEM('',(#10773),#14040);
#10230=STYLED_ITEM('',(#10774),#14041);
#10231=STYLED_ITEM('',(#10775),#14042);
#10232=STYLED_ITEM('',(#10776),#14043);
#10233=STYLED_ITEM('',(#10777),#14044);
#10234=STYLED_ITEM('',(#10778),#14045);
#10235=STYLED_ITEM('',(#10779),#14046);
#10236=STYLED_ITEM('',(#10780),#14047);
#10237=STYLED_ITEM('',(#10781),#14048);
#10238=STYLED_ITEM('',(#10782),#14049);
#10239=STYLED_ITEM('',(#10783),#14050);
#10240=STYLED_ITEM('',(#10784),#14051);
#10241=STYLED_ITEM('',(#10785),#14052);
#10242=STYLED_ITEM('',(#10786),#14053);
#10243=STYLED_ITEM('',(#10787),#14054);
#10244=STYLED_ITEM('',(#10788),#14055);
#10245=STYLED_ITEM('',(#10789),#14056);
#10246=STYLED_ITEM('',(#10790),#14057);
#10247=STYLED_ITEM('',(#10791),#14058);
#10248=STYLED_ITEM('',(#10792),#14059);
#10249=STYLED_ITEM('',(#10793),#14060);
#10250=STYLED_ITEM('',(#10794),#14061);
#10251=STYLED_ITEM('',(#10795),#14062);
#10252=STYLED_ITEM('',(#10796),#14063);
#10253=STYLED_ITEM('',(#10797),#14064);
#10254=STYLED_ITEM('',(#10798),#14065);
#10255=STYLED_ITEM('',(#10799),#14066);
#10256=STYLED_ITEM('',(#10800),#14067);
#10257=STYLED_ITEM('',(#10801),#14068);
#10258=STYLED_ITEM('',(#10802),#14069);
#10259=STYLED_ITEM('',(#10803),#14070);
#10260=STYLED_ITEM('',(#10804),#14071);
#10261=STYLED_ITEM('',(#10805),#14072);
#10262=STYLED_ITEM('',(#10806),#14073);
#10263=STYLED_ITEM('',(#10807),#14074);
#10264=STYLED_ITEM('',(#10808),#14075);
#10265=STYLED_ITEM('',(#10809),#14076);
#10266=STYLED_ITEM('',(#10810),#14077);
#10267=STYLED_ITEM('',(#10811),#14078);
#10268=STYLED_ITEM('',(#10812),#14079);
#10269=STYLED_ITEM('',(#10813),#14080);
#10270=STYLED_ITEM('',(#10814),#14081);
#10271=STYLED_ITEM('',(#10815),#14082);
#10272=STYLED_ITEM('',(#10816),#14083);
#10273=STYLED_ITEM('',(#10817),#14084);
#10274=STYLED_ITEM('',(#10818),#14085);
#10275=STYLED_ITEM('',(#10819),#14086);
#10276=STYLED_ITEM('',(#10820),#14087);
#10277=STYLED_ITEM('',(#10821),#14088);
#10278=STYLED_ITEM('',(#10822),#14089);
#10279=STYLED_ITEM('',(#10823),#14090);
#10280=STYLED_ITEM('',(#10824),#14091);
#10281=STYLED_ITEM('',(#10825),#14092);
#10282=STYLED_ITEM('',(#10826),#14093);
#10283=STYLED_ITEM('',(#10827),#14094);
#10284=STYLED_ITEM('',(#10828),#14095);
#10285=STYLED_ITEM('',(#10829),#14096);
#10286=STYLED_ITEM('',(#10830),#14097);
#10287=STYLED_ITEM('',(#10831),#14098);
#10288=STYLED_ITEM('',(#10832),#14099);
#10289=STYLED_ITEM('',(#10833),#14100);
#10290=STYLED_ITEM('',(#10834),#14101);
#10291=STYLED_ITEM('',(#10835),#14102);
#10292=STYLED_ITEM('',(#10836),#14103);
#10293=STYLED_ITEM('',(#10837),#14104);
#10294=STYLED_ITEM('',(#10838),#14105);
#10295=STYLED_ITEM('',(#10839),#14106);
#10296=STYLED_ITEM('',(#10840),#14107);
#10297=STYLED_ITEM('',(#10841),#14108);
#10298=STYLED_ITEM('',(#10842),#14109);
#10299=STYLED_ITEM('',(#10843),#14110);
#10300=STYLED_ITEM('',(#10844),#14111);
#10301=STYLED_ITEM('',(#10845),#14112);
#10302=STYLED_ITEM('',(#10846),#14113);
#10303=STYLED_ITEM('',(#10847),#14114);
#10304=STYLED_ITEM('',(#10848),#14115);
#10305=STYLED_ITEM('',(#10849),#14116);
#10306=STYLED_ITEM('',(#10850),#14117);
#10307=STYLED_ITEM('',(#10851),#14118);
#10308=STYLED_ITEM('',(#10852),#14119);
#10309=STYLED_ITEM('',(#10853),#14120);
#10310=STYLED_ITEM('',(#10854),#14121);
#10311=STYLED_ITEM('',(#10855),#14122);
#10312=STYLED_ITEM('',(#10856),#14123);
#10313=STYLED_ITEM('',(#10857),#14124);
#10314=STYLED_ITEM('',(#10858),#14125);
#10315=STYLED_ITEM('',(#10859),#14126);
#10316=STYLED_ITEM('',(#10860),#14127);
#10317=STYLED_ITEM('',(#10861),#14128);
#10318=STYLED_ITEM('',(#10862),#14129);
#10319=STYLED_ITEM('',(#10863),#14130);
#10320=STYLED_ITEM('',(#10864),#14131);
#10321=STYLED_ITEM('',(#10865),#14132);
#10322=STYLED_ITEM('',(#10866),#14133);
#10323=STYLED_ITEM('',(#10867),#14134);
#10324=STYLED_ITEM('',(#10868),#14135);
#10325=STYLED_ITEM('',(#10869),#14136);
#10326=STYLED_ITEM('',(#10870),#14137);
#10327=STYLED_ITEM('',(#10871),#14138);
#10328=STYLED_ITEM('',(#10872),#14139);
#10329=STYLED_ITEM('',(#10873),#14140);
#10330=STYLED_ITEM('',(#10874),#14141);
#10331=STYLED_ITEM('',(#10875),#14142);
#10332=STYLED_ITEM('',(#10876),#14143);
#10333=STYLED_ITEM('',(#10877),#14144);
#10334=STYLED_ITEM('',(#10878),#14145);
#10335=STYLED_ITEM('',(#10879),#14146);
#10336=STYLED_ITEM('',(#10880),#14147);
#10337=STYLED_ITEM('',(#10881),#14148);
#10338=STYLED_ITEM('',(#10882),#14149);
#10339=STYLED_ITEM('',(#10883),#14150);
#10340=STYLED_ITEM('',(#10884),#14151);
#10341=STYLED_ITEM('',(#10885),#14152);
#10342=STYLED_ITEM('',(#10886),#14153);
#10343=STYLED_ITEM('',(#10887),#14154);
#10344=STYLED_ITEM('',(#10888),#14155);
#10345=STYLED_ITEM('',(#10889),#14156);
#10346=STYLED_ITEM('',(#10890),#14157);
#10347=STYLED_ITEM('',(#10891),#14158);
#10348=STYLED_ITEM('',(#10892),#14159);
#10349=STYLED_ITEM('',(#10893),#14160);
#10350=STYLED_ITEM('',(#10894),#14161);
#10351=STYLED_ITEM('',(#10895),#14162);
#10352=STYLED_ITEM('',(#10896),#14163);
#10353=STYLED_ITEM('',(#10897),#14164);
#10354=STYLED_ITEM('',(#10898),#14165);
#10355=STYLED_ITEM('',(#10899),#14166);
#10356=STYLED_ITEM('',(#10900),#14167);
#10357=STYLED_ITEM('',(#10901),#14168);
#10358=STYLED_ITEM('',(#10902),#14169);
#10359=STYLED_ITEM('',(#10903),#14170);
#10360=STYLED_ITEM('',(#10904),#14171);
#10361=STYLED_ITEM('',(#10905),#14172);
#10362=STYLED_ITEM('',(#10906),#14173);
#10363=STYLED_ITEM('',(#10907),#14174);
#10364=STYLED_ITEM('',(#10908),#14175);
#10365=STYLED_ITEM('',(#10909),#14176);
#10366=STYLED_ITEM('',(#10910),#14177);
#10367=STYLED_ITEM('',(#10911),#14178);
#10368=STYLED_ITEM('',(#10912),#14179);
#10369=STYLED_ITEM('',(#10913),#14180);
#10370=STYLED_ITEM('',(#10914),#14181);
#10371=STYLED_ITEM('',(#10915),#14182);
#10372=STYLED_ITEM('',(#10916),#14183);
#10373=STYLED_ITEM('',(#10917),#14184);
#10374=STYLED_ITEM('',(#10918),#14185);
#10375=STYLED_ITEM('',(#10919),#14186);
#10376=STYLED_ITEM('',(#10920),#14187);
#10377=STYLED_ITEM('',(#10921),#14188);
#10378=STYLED_ITEM('',(#10922),#14189);
#10379=STYLED_ITEM('',(#10923),#14190);
#10380=STYLED_ITEM('',(#10924),#14191);
#10381=STYLED_ITEM('',(#10925),#14192);
#10382=STYLED_ITEM('',(#10926),#14193);
#10383=STYLED_ITEM('',(#10927),#14194);
#10384=STYLED_ITEM('',(#10928),#14195);
#10385=STYLED_ITEM('',(#10929),#14196);
#10386=STYLED_ITEM('',(#10930),#14197);
#10387=STYLED_ITEM('',(#10931),#14198);
#10388=STYLED_ITEM('',(#10932),#14199);
#10389=STYLED_ITEM('',(#10933),#14200);
#10390=STYLED_ITEM('',(#10934),#14201);
#10391=STYLED_ITEM('',(#10935),#14202);
#10392=STYLED_ITEM('',(#10936),#14203);
#10393=STYLED_ITEM('',(#10937),#14204);
#10394=STYLED_ITEM('',(#10938),#14205);
#10395=STYLED_ITEM('',(#10939),#14206);
#10396=STYLED_ITEM('',(#10940),#14207);
#10397=STYLED_ITEM('',(#10941),#14208);
#10398=STYLED_ITEM('',(#10942),#14209);
#10399=STYLED_ITEM('',(#10943),#14210);
#10400=STYLED_ITEM('',(#10944),#14211);
#10401=STYLED_ITEM('',(#10945),#14212);
#10402=STYLED_ITEM('',(#10946),#14213);
#10403=STYLED_ITEM('',(#10947),#14214);
#10404=STYLED_ITEM('',(#10948),#14215);
#10405=STYLED_ITEM('',(#10949),#14216);
#10406=STYLED_ITEM('',(#10950),#14217);
#10407=STYLED_ITEM('',(#10951),#14218);
#10408=STYLED_ITEM('',(#10952),#14219);
#10409=STYLED_ITEM('',(#10953),#14220);
#10410=STYLED_ITEM('',(#10954),#14221);
#10411=STYLED_ITEM('',(#10955),#14222);
#10412=STYLED_ITEM('',(#10956),#14223);
#10413=STYLED_ITEM('',(#10957),#14224);
#10414=STYLED_ITEM('',(#10958),#14225);
#10415=STYLED_ITEM('',(#10959),#14226);
#10416=STYLED_ITEM('',(#10960),#14227);
#10417=STYLED_ITEM('',(#10961),#14228);
#10418=STYLED_ITEM('',(#10962),#14229);
#10419=STYLED_ITEM('',(#10963),#14230);
#10420=STYLED_ITEM('',(#10964),#14231);
#10421=STYLED_ITEM('',(#10965),#14232);
#10422=STYLED_ITEM('',(#10966),#14233);
#10423=STYLED_ITEM('',(#10967),#14234);
#10424=STYLED_ITEM('',(#10968),#14235);
#10425=STYLED_ITEM('',(#10969),#14236);
#10426=PRESENTATION_STYLE_ASSIGNMENT((#10970));
#10427=PRESENTATION_STYLE_ASSIGNMENT((#10971));
#10428=PRESENTATION_STYLE_ASSIGNMENT((#10972));
#10429=PRESENTATION_STYLE_ASSIGNMENT((#10973));
#10430=PRESENTATION_STYLE_ASSIGNMENT((#10974));
#10431=PRESENTATION_STYLE_ASSIGNMENT((#10975));
#10432=PRESENTATION_STYLE_ASSIGNMENT((#10976));
#10433=PRESENTATION_STYLE_ASSIGNMENT((#10977));
#10434=PRESENTATION_STYLE_ASSIGNMENT((#10978));
#10435=PRESENTATION_STYLE_ASSIGNMENT((#10979));
#10436=PRESENTATION_STYLE_ASSIGNMENT((#10980));
#10437=PRESENTATION_STYLE_ASSIGNMENT((#10981));
#10438=PRESENTATION_STYLE_ASSIGNMENT((#10982));
#10439=PRESENTATION_STYLE_ASSIGNMENT((#10983));
#10440=PRESENTATION_STYLE_ASSIGNMENT((#10984));
#10441=PRESENTATION_STYLE_ASSIGNMENT((#10985));
#10442=PRESENTATION_STYLE_ASSIGNMENT((#10986));
#10443=PRESENTATION_STYLE_ASSIGNMENT((#10987));
#10444=PRESENTATION_STYLE_ASSIGNMENT((#10988));
#10445=PRESENTATION_STYLE_ASSIGNMENT((#10989));
#10446=PRESENTATION_STYLE_ASSIGNMENT((#10990));
#10447=PRESENTATION_STYLE_ASSIGNMENT((#10991));
#10448=PRESENTATION_STYLE_ASSIGNMENT((#10992));
#10449=PRESENTATION_STYLE_ASSIGNMENT((#10993));
#10450=PRESENTATION_STYLE_ASSIGNMENT((#10994));
#10451=PRESENTATION_STYLE_ASSIGNMENT((#10995));
#10452=PRESENTATION_STYLE_ASSIGNMENT((#10996));
#10453=PRESENTATION_STYLE_ASSIGNMENT((#10997));
#10454=PRESENTATION_STYLE_ASSIGNMENT((#10998));
#10455=PRESENTATION_STYLE_ASSIGNMENT((#10999));
#10456=PRESENTATION_STYLE_ASSIGNMENT((#11000));
#10457=PRESENTATION_STYLE_ASSIGNMENT((#11001));
#10458=PRESENTATION_STYLE_ASSIGNMENT((#11002));
#10459=PRESENTATION_STYLE_ASSIGNMENT((#11003));
#10460=PRESENTATION_STYLE_ASSIGNMENT((#11004));
#10461=PRESENTATION_STYLE_ASSIGNMENT((#11005));
#10462=PRESENTATION_STYLE_ASSIGNMENT((#11006));
#10463=PRESENTATION_STYLE_ASSIGNMENT((#11007));
#10464=PRESENTATION_STYLE_ASSIGNMENT((#11008));
#10465=PRESENTATION_STYLE_ASSIGNMENT((#11009));
#10466=PRESENTATION_STYLE_ASSIGNMENT((#11010));
#10467=PRESENTATION_STYLE_ASSIGNMENT((#11011));
#10468=PRESENTATION_STYLE_ASSIGNMENT((#11012));
#10469=PRESENTATION_STYLE_ASSIGNMENT((#11013));
#10470=PRESENTATION_STYLE_ASSIGNMENT((#11014));
#10471=PRESENTATION_STYLE_ASSIGNMENT((#11015));
#10472=PRESENTATION_STYLE_ASSIGNMENT((#11016));
#10473=PRESENTATION_STYLE_ASSIGNMENT((#11017));
#10474=PRESENTATION_STYLE_ASSIGNMENT((#11018));
#10475=PRESENTATION_STYLE_ASSIGNMENT((#11019));
#10476=PRESENTATION_STYLE_ASSIGNMENT((#11020));
#10477=PRESENTATION_STYLE_ASSIGNMENT((#11021));
#10478=PRESENTATION_STYLE_ASSIGNMENT((#11022));
#10479=PRESENTATION_STYLE_ASSIGNMENT((#11023));
#10480=PRESENTATION_STYLE_ASSIGNMENT((#11024));
#10481=PRESENTATION_STYLE_ASSIGNMENT((#11025));
#10482=PRESENTATION_STYLE_ASSIGNMENT((#11026));
#10483=PRESENTATION_STYLE_ASSIGNMENT((#11027));
#10484=PRESENTATION_STYLE_ASSIGNMENT((#11028));
#10485=PRESENTATION_STYLE_ASSIGNMENT((#11029));
#10486=PRESENTATION_STYLE_ASSIGNMENT((#11030));
#10487=PRESENTATION_STYLE_ASSIGNMENT((#11031));
#10488=PRESENTATION_STYLE_ASSIGNMENT((#11032));
#10489=PRESENTATION_STYLE_ASSIGNMENT((#11033));
#10490=PRESENTATION_STYLE_ASSIGNMENT((#11034));
#10491=PRESENTATION_STYLE_ASSIGNMENT((#11035));
#10492=PRESENTATION_STYLE_ASSIGNMENT((#11036));
#10493=PRESENTATION_STYLE_ASSIGNMENT((#11037));
#10494=PRESENTATION_STYLE_ASSIGNMENT((#11038));
#10495=PRESENTATION_STYLE_ASSIGNMENT((#11039));
#10496=PRESENTATION_STYLE_ASSIGNMENT((#11040));
#10497=PRESENTATION_STYLE_ASSIGNMENT((#11041));
#10498=PRESENTATION_STYLE_ASSIGNMENT((#11042));
#10499=PRESENTATION_STYLE_ASSIGNMENT((#11043));
#10500=PRESENTATION_STYLE_ASSIGNMENT((#11044));
#10501=PRESENTATION_STYLE_ASSIGNMENT((#11045));
#10502=PRESENTATION_STYLE_ASSIGNMENT((#11046));
#10503=PRESENTATION_STYLE_ASSIGNMENT((#11047));
#10504=PRESENTATION_STYLE_ASSIGNMENT((#11048));
#10505=PRESENTATION_STYLE_ASSIGNMENT((#11049));
#10506=PRESENTATION_STYLE_ASSIGNMENT((#11050));
#10507=PRESENTATION_STYLE_ASSIGNMENT((#11051));
#10508=PRESENTATION_STYLE_ASSIGNMENT((#11052));
#10509=PRESENTATION_STYLE_ASSIGNMENT((#11053));
#10510=PRESENTATION_STYLE_ASSIGNMENT((#11054));
#10511=PRESENTATION_STYLE_ASSIGNMENT((#11055));
#10512=PRESENTATION_STYLE_ASSIGNMENT((#11056));
#10513=PRESENTATION_STYLE_ASSIGNMENT((#11057));
#10514=PRESENTATION_STYLE_ASSIGNMENT((#11058));
#10515=PRESENTATION_STYLE_ASSIGNMENT((#11059));
#10516=PRESENTATION_STYLE_ASSIGNMENT((#11060));
#10517=PRESENTATION_STYLE_ASSIGNMENT((#11061));
#10518=PRESENTATION_STYLE_ASSIGNMENT((#11062));
#10519=PRESENTATION_STYLE_ASSIGNMENT((#11063));
#10520=PRESENTATION_STYLE_ASSIGNMENT((#11064));
#10521=PRESENTATION_STYLE_ASSIGNMENT((#11065));
#10522=PRESENTATION_STYLE_ASSIGNMENT((#11066));
#10523=PRESENTATION_STYLE_ASSIGNMENT((#11067));
#10524=PRESENTATION_STYLE_ASSIGNMENT((#11068));
#10525=PRESENTATION_STYLE_ASSIGNMENT((#11069));
#10526=PRESENTATION_STYLE_ASSIGNMENT((#11070));
#10527=PRESENTATION_STYLE_ASSIGNMENT((#11071));
#10528=PRESENTATION_STYLE_ASSIGNMENT((#11072));
#10529=PRESENTATION_STYLE_ASSIGNMENT((#11073));
#10530=PRESENTATION_STYLE_ASSIGNMENT((#11074));
#10531=PRESENTATION_STYLE_ASSIGNMENT((#11075));
#10532=PRESENTATION_STYLE_ASSIGNMENT((#11076));
#10533=PRESENTATION_STYLE_ASSIGNMENT((#11077));
#10534=PRESENTATION_STYLE_ASSIGNMENT((#11078));
#10535=PRESENTATION_STYLE_ASSIGNMENT((#11079));
#10536=PRESENTATION_STYLE_ASSIGNMENT((#11080));
#10537=PRESENTATION_STYLE_ASSIGNMENT((#11081));
#10538=PRESENTATION_STYLE_ASSIGNMENT((#11082));
#10539=PRESENTATION_STYLE_ASSIGNMENT((#11083));
#10540=PRESENTATION_STYLE_ASSIGNMENT((#11084));
#10541=PRESENTATION_STYLE_ASSIGNMENT((#11085));
#10542=PRESENTATION_STYLE_ASSIGNMENT((#11086));
#10543=PRESENTATION_STYLE_ASSIGNMENT((#11087));
#10544=PRESENTATION_STYLE_ASSIGNMENT((#11088));
#10545=PRESENTATION_STYLE_ASSIGNMENT((#11089));
#10546=PRESENTATION_STYLE_ASSIGNMENT((#11090));
#10547=PRESENTATION_STYLE_ASSIGNMENT((#11091));
#10548=PRESENTATION_STYLE_ASSIGNMENT((#11092));
#10549=PRESENTATION_STYLE_ASSIGNMENT((#11093));
#10550=PRESENTATION_STYLE_ASSIGNMENT((#11094));
#10551=PRESENTATION_STYLE_ASSIGNMENT((#11095));
#10552=PRESENTATION_STYLE_ASSIGNMENT((#11096));
#10553=PRESENTATION_STYLE_ASSIGNMENT((#11097));
#10554=PRESENTATION_STYLE_ASSIGNMENT((#11098));
#10555=PRESENTATION_STYLE_ASSIGNMENT((#11099));
#10556=PRESENTATION_STYLE_ASSIGNMENT((#11100));
#10557=PRESENTATION_STYLE_ASSIGNMENT((#11101));
#10558=PRESENTATION_STYLE_ASSIGNMENT((#11102));
#10559=PRESENTATION_STYLE_ASSIGNMENT((#11103));
#10560=PRESENTATION_STYLE_ASSIGNMENT((#11104));
#10561=PRESENTATION_STYLE_ASSIGNMENT((#11105));
#10562=PRESENTATION_STYLE_ASSIGNMENT((#11106));
#10563=PRESENTATION_STYLE_ASSIGNMENT((#11107));
#10564=PRESENTATION_STYLE_ASSIGNMENT((#11108));
#10565=PRESENTATION_STYLE_ASSIGNMENT((#11109));
#10566=PRESENTATION_STYLE_ASSIGNMENT((#11110));
#10567=PRESENTATION_STYLE_ASSIGNMENT((#11111));
#10568=PRESENTATION_STYLE_ASSIGNMENT((#11112));
#10569=PRESENTATION_STYLE_ASSIGNMENT((#11113));
#10570=PRESENTATION_STYLE_ASSIGNMENT((#11114));
#10571=PRESENTATION_STYLE_ASSIGNMENT((#11115));
#10572=PRESENTATION_STYLE_ASSIGNMENT((#11116));
#10573=PRESENTATION_STYLE_ASSIGNMENT((#11117));
#10574=PRESENTATION_STYLE_ASSIGNMENT((#11118));
#10575=PRESENTATION_STYLE_ASSIGNMENT((#11119));
#10576=PRESENTATION_STYLE_ASSIGNMENT((#11120));
#10577=PRESENTATION_STYLE_ASSIGNMENT((#11121));
#10578=PRESENTATION_STYLE_ASSIGNMENT((#11122));
#10579=PRESENTATION_STYLE_ASSIGNMENT((#11123));
#10580=PRESENTATION_STYLE_ASSIGNMENT((#11124));
#10581=PRESENTATION_STYLE_ASSIGNMENT((#11125));
#10582=PRESENTATION_STYLE_ASSIGNMENT((#11126));
#10583=PRESENTATION_STYLE_ASSIGNMENT((#11127));
#10584=PRESENTATION_STYLE_ASSIGNMENT((#11128));
#10585=PRESENTATION_STYLE_ASSIGNMENT((#11129));
#10586=PRESENTATION_STYLE_ASSIGNMENT((#11130));
#10587=PRESENTATION_STYLE_ASSIGNMENT((#11131));
#10588=PRESENTATION_STYLE_ASSIGNMENT((#11132));
#10589=PRESENTATION_STYLE_ASSIGNMENT((#11133));
#10590=PRESENTATION_STYLE_ASSIGNMENT((#11134));
#10591=PRESENTATION_STYLE_ASSIGNMENT((#11135));
#10592=PRESENTATION_STYLE_ASSIGNMENT((#11136));
#10593=PRESENTATION_STYLE_ASSIGNMENT((#11137));
#10594=PRESENTATION_STYLE_ASSIGNMENT((#11138));
#10595=PRESENTATION_STYLE_ASSIGNMENT((#11139));
#10596=PRESENTATION_STYLE_ASSIGNMENT((#11140));
#10597=PRESENTATION_STYLE_ASSIGNMENT((#11141));
#10598=PRESENTATION_STYLE_ASSIGNMENT((#11142));
#10599=PRESENTATION_STYLE_ASSIGNMENT((#11143));
#10600=PRESENTATION_STYLE_ASSIGNMENT((#11144));
#10601=PRESENTATION_STYLE_ASSIGNMENT((#11145));
#10602=PRESENTATION_STYLE_ASSIGNMENT((#11146));
#10603=PRESENTATION_STYLE_ASSIGNMENT((#11147));
#10604=PRESENTATION_STYLE_ASSIGNMENT((#11148));
#10605=PRESENTATION_STYLE_ASSIGNMENT((#11149));
#10606=PRESENTATION_STYLE_ASSIGNMENT((#11150));
#10607=PRESENTATION_STYLE_ASSIGNMENT((#11151));
#10608=PRESENTATION_STYLE_ASSIGNMENT((#11152));
#10609=PRESENTATION_STYLE_ASSIGNMENT((#11153));
#10610=PRESENTATION_STYLE_ASSIGNMENT((#11154));
#10611=PRESENTATION_STYLE_ASSIGNMENT((#11155));
#10612=PRESENTATION_STYLE_ASSIGNMENT((#11156));
#10613=PRESENTATION_STYLE_ASSIGNMENT((#11157));
#10614=PRESENTATION_STYLE_ASSIGNMENT((#11158));
#10615=PRESENTATION_STYLE_ASSIGNMENT((#11159));
#10616=PRESENTATION_STYLE_ASSIGNMENT((#11160));
#10617=PRESENTATION_STYLE_ASSIGNMENT((#11161));
#10618=PRESENTATION_STYLE_ASSIGNMENT((#11162));
#10619=PRESENTATION_STYLE_ASSIGNMENT((#11163));
#10620=PRESENTATION_STYLE_ASSIGNMENT((#11164));
#10621=PRESENTATION_STYLE_ASSIGNMENT((#11165));
#10622=PRESENTATION_STYLE_ASSIGNMENT((#11166));
#10623=PRESENTATION_STYLE_ASSIGNMENT((#11167));
#10624=PRESENTATION_STYLE_ASSIGNMENT((#11168));
#10625=PRESENTATION_STYLE_ASSIGNMENT((#11169));
#10626=PRESENTATION_STYLE_ASSIGNMENT((#11170));
#10627=PRESENTATION_STYLE_ASSIGNMENT((#11171));
#10628=PRESENTATION_STYLE_ASSIGNMENT((#11172));
#10629=PRESENTATION_STYLE_ASSIGNMENT((#11173));
#10630=PRESENTATION_STYLE_ASSIGNMENT((#11174));
#10631=PRESENTATION_STYLE_ASSIGNMENT((#11175));
#10632=PRESENTATION_STYLE_ASSIGNMENT((#11176));
#10633=PRESENTATION_STYLE_ASSIGNMENT((#11177));
#10634=PRESENTATION_STYLE_ASSIGNMENT((#11178));
#10635=PRESENTATION_STYLE_ASSIGNMENT((#11179));
#10636=PRESENTATION_STYLE_ASSIGNMENT((#11180));
#10637=PRESENTATION_STYLE_ASSIGNMENT((#11181));
#10638=PRESENTATION_STYLE_ASSIGNMENT((#11182));
#10639=PRESENTATION_STYLE_ASSIGNMENT((#11183));
#10640=PRESENTATION_STYLE_ASSIGNMENT((#11184));
#10641=PRESENTATION_STYLE_ASSIGNMENT((#11185));
#10642=PRESENTATION_STYLE_ASSIGNMENT((#11186));
#10643=PRESENTATION_STYLE_ASSIGNMENT((#11187));
#10644=PRESENTATION_STYLE_ASSIGNMENT((#11188));
#10645=PRESENTATION_STYLE_ASSIGNMENT((#11189));
#10646=PRESENTATION_STYLE_ASSIGNMENT((#11190));
#10647=PRESENTATION_STYLE_ASSIGNMENT((#11191));
#10648=PRESENTATION_STYLE_ASSIGNMENT((#11192));
#10649=PRESENTATION_STYLE_ASSIGNMENT((#11193));
#10650=PRESENTATION_STYLE_ASSIGNMENT((#11194));
#10651=PRESENTATION_STYLE_ASSIGNMENT((#11195));
#10652=PRESENTATION_STYLE_ASSIGNMENT((#11196));
#10653=PRESENTATION_STYLE_ASSIGNMENT((#11197));
#10654=PRESENTATION_STYLE_ASSIGNMENT((#11198));
#10655=PRESENTATION_STYLE_ASSIGNMENT((#11199));
#10656=PRESENTATION_STYLE_ASSIGNMENT((#11200));
#10657=PRESENTATION_STYLE_ASSIGNMENT((#11201));
#10658=PRESENTATION_STYLE_ASSIGNMENT((#11202));
#10659=PRESENTATION_STYLE_ASSIGNMENT((#11203));
#10660=PRESENTATION_STYLE_ASSIGNMENT((#11204));
#10661=PRESENTATION_STYLE_ASSIGNMENT((#11205));
#10662=PRESENTATION_STYLE_ASSIGNMENT((#11206));
#10663=PRESENTATION_STYLE_ASSIGNMENT((#11207));
#10664=PRESENTATION_STYLE_ASSIGNMENT((#11208));
#10665=PRESENTATION_STYLE_ASSIGNMENT((#11209));
#10666=PRESENTATION_STYLE_ASSIGNMENT((#11210));
#10667=PRESENTATION_STYLE_ASSIGNMENT((#11211));
#10668=PRESENTATION_STYLE_ASSIGNMENT((#11212));
#10669=PRESENTATION_STYLE_ASSIGNMENT((#11213));
#10670=PRESENTATION_STYLE_ASSIGNMENT((#11214));
#10671=PRESENTATION_STYLE_ASSIGNMENT((#11215));
#10672=PRESENTATION_STYLE_ASSIGNMENT((#11216));
#10673=PRESENTATION_STYLE_ASSIGNMENT((#11217));
#10674=PRESENTATION_STYLE_ASSIGNMENT((#11218));
#10675=PRESENTATION_STYLE_ASSIGNMENT((#11219));
#10676=PRESENTATION_STYLE_ASSIGNMENT((#11220));
#10677=PRESENTATION_STYLE_ASSIGNMENT((#11221));
#10678=PRESENTATION_STYLE_ASSIGNMENT((#11222));
#10679=PRESENTATION_STYLE_ASSIGNMENT((#11223));
#10680=PRESENTATION_STYLE_ASSIGNMENT((#11224));
#10681=PRESENTATION_STYLE_ASSIGNMENT((#11225));
#10682=PRESENTATION_STYLE_ASSIGNMENT((#11226));
#10683=PRESENTATION_STYLE_ASSIGNMENT((#11227));
#10684=PRESENTATION_STYLE_ASSIGNMENT((#11228));
#10685=PRESENTATION_STYLE_ASSIGNMENT((#11229));
#10686=PRESENTATION_STYLE_ASSIGNMENT((#11230));
#10687=PRESENTATION_STYLE_ASSIGNMENT((#11231));
#10688=PRESENTATION_STYLE_ASSIGNMENT((#11232));
#10689=PRESENTATION_STYLE_ASSIGNMENT((#11233));
#10690=PRESENTATION_STYLE_ASSIGNMENT((#11234));
#10691=PRESENTATION_STYLE_ASSIGNMENT((#11235));
#10692=PRESENTATION_STYLE_ASSIGNMENT((#11236));
#10693=PRESENTATION_STYLE_ASSIGNMENT((#11237));
#10694=PRESENTATION_STYLE_ASSIGNMENT((#11238));
#10695=PRESENTATION_STYLE_ASSIGNMENT((#11239));
#10696=PRESENTATION_STYLE_ASSIGNMENT((#11240));
#10697=PRESENTATION_STYLE_ASSIGNMENT((#11241));
#10698=PRESENTATION_STYLE_ASSIGNMENT((#11242));
#10699=PRESENTATION_STYLE_ASSIGNMENT((#11243));
#10700=PRESENTATION_STYLE_ASSIGNMENT((#11244));
#10701=PRESENTATION_STYLE_ASSIGNMENT((#11245));
#10702=PRESENTATION_STYLE_ASSIGNMENT((#11246));
#10703=PRESENTATION_STYLE_ASSIGNMENT((#11247));
#10704=PRESENTATION_STYLE_ASSIGNMENT((#11248));
#10705=PRESENTATION_STYLE_ASSIGNMENT((#11249));
#10706=PRESENTATION_STYLE_ASSIGNMENT((#11250));
#10707=PRESENTATION_STYLE_ASSIGNMENT((#11251));
#10708=PRESENTATION_STYLE_ASSIGNMENT((#11252));
#10709=PRESENTATION_STYLE_ASSIGNMENT((#11253));
#10710=PRESENTATION_STYLE_ASSIGNMENT((#11254));
#10711=PRESENTATION_STYLE_ASSIGNMENT((#11255));
#10712=PRESENTATION_STYLE_ASSIGNMENT((#11256));
#10713=PRESENTATION_STYLE_ASSIGNMENT((#11257));
#10714=PRESENTATION_STYLE_ASSIGNMENT((#11258));
#10715=PRESENTATION_STYLE_ASSIGNMENT((#11259));
#10716=PRESENTATION_STYLE_ASSIGNMENT((#11260));
#10717=PRESENTATION_STYLE_ASSIGNMENT((#11261));
#10718=PRESENTATION_STYLE_ASSIGNMENT((#11262));
#10719=PRESENTATION_STYLE_ASSIGNMENT((#11263));
#10720=PRESENTATION_STYLE_ASSIGNMENT((#11264));
#10721=PRESENTATION_STYLE_ASSIGNMENT((#11265));
#10722=PRESENTATION_STYLE_ASSIGNMENT((#11266));
#10723=PRESENTATION_STYLE_ASSIGNMENT((#11267));
#10724=PRESENTATION_STYLE_ASSIGNMENT((#11268));
#10725=PRESENTATION_STYLE_ASSIGNMENT((#11269));
#10726=PRESENTATION_STYLE_ASSIGNMENT((#11270));
#10727=PRESENTATION_STYLE_ASSIGNMENT((#11271));
#10728=PRESENTATION_STYLE_ASSIGNMENT((#11272));
#10729=PRESENTATION_STYLE_ASSIGNMENT((#11273));
#10730=PRESENTATION_STYLE_ASSIGNMENT((#11274));
#10731=PRESENTATION_STYLE_ASSIGNMENT((#11275));
#10732=PRESENTATION_STYLE_ASSIGNMENT((#11276));
#10733=PRESENTATION_STYLE_ASSIGNMENT((#11277));
#10734=PRESENTATION_STYLE_ASSIGNMENT((#11278));
#10735=PRESENTATION_STYLE_ASSIGNMENT((#11279));
#10736=PRESENTATION_STYLE_ASSIGNMENT((#11280));
#10737=PRESENTATION_STYLE_ASSIGNMENT((#11281));
#10738=PRESENTATION_STYLE_ASSIGNMENT((#11282));
#10739=PRESENTATION_STYLE_ASSIGNMENT((#11283));
#10740=PRESENTATION_STYLE_ASSIGNMENT((#11284));
#10741=PRESENTATION_STYLE_ASSIGNMENT((#11285));
#10742=PRESENTATION_STYLE_ASSIGNMENT((#11286));
#10743=PRESENTATION_STYLE_ASSIGNMENT((#11287));
#10744=PRESENTATION_STYLE_ASSIGNMENT((#11288));
#10745=PRESENTATION_STYLE_ASSIGNMENT((#11289));
#10746=PRESENTATION_STYLE_ASSIGNMENT((#11290));
#10747=PRESENTATION_STYLE_ASSIGNMENT((#11291));
#10748=PRESENTATION_STYLE_ASSIGNMENT((#11292));
#10749=PRESENTATION_STYLE_ASSIGNMENT((#11293));
#10750=PRESENTATION_STYLE_ASSIGNMENT((#11294));
#10751=PRESENTATION_STYLE_ASSIGNMENT((#11295));
#10752=PRESENTATION_STYLE_ASSIGNMENT((#11296));
#10753=PRESENTATION_STYLE_ASSIGNMENT((#11297));
#10754=PRESENTATION_STYLE_ASSIGNMENT((#11298));
#10755=PRESENTATION_STYLE_ASSIGNMENT((#11299));
#10756=PRESENTATION_STYLE_ASSIGNMENT((#11300));
#10757=PRESENTATION_STYLE_ASSIGNMENT((#11301));
#10758=PRESENTATION_STYLE_ASSIGNMENT((#11302));
#10759=PRESENTATION_STYLE_ASSIGNMENT((#11303));
#10760=PRESENTATION_STYLE_ASSIGNMENT((#11304));
#10761=PRESENTATION_STYLE_ASSIGNMENT((#11305));
#10762=PRESENTATION_STYLE_ASSIGNMENT((#11306));
#10763=PRESENTATION_STYLE_ASSIGNMENT((#11307));
#10764=PRESENTATION_STYLE_ASSIGNMENT((#11308));
#10765=PRESENTATION_STYLE_ASSIGNMENT((#11309));
#10766=PRESENTATION_STYLE_ASSIGNMENT((#11310));
#10767=PRESENTATION_STYLE_ASSIGNMENT((#11311));
#10768=PRESENTATION_STYLE_ASSIGNMENT((#11312));
#10769=PRESENTATION_STYLE_ASSIGNMENT((#11313));
#10770=PRESENTATION_STYLE_ASSIGNMENT((#11314));
#10771=PRESENTATION_STYLE_ASSIGNMENT((#11315));
#10772=PRESENTATION_STYLE_ASSIGNMENT((#11316));
#10773=PRESENTATION_STYLE_ASSIGNMENT((#11317));
#10774=PRESENTATION_STYLE_ASSIGNMENT((#11318));
#10775=PRESENTATION_STYLE_ASSIGNMENT((#11319));
#10776=PRESENTATION_STYLE_ASSIGNMENT((#11320));
#10777=PRESENTATION_STYLE_ASSIGNMENT((#11321));
#10778=PRESENTATION_STYLE_ASSIGNMENT((#11322));
#10779=PRESENTATION_STYLE_ASSIGNMENT((#11323));
#10780=PRESENTATION_STYLE_ASSIGNMENT((#11324));
#10781=PRESENTATION_STYLE_ASSIGNMENT((#11325));
#10782=PRESENTATION_STYLE_ASSIGNMENT((#11326));
#10783=PRESENTATION_STYLE_ASSIGNMENT((#11327));
#10784=PRESENTATION_STYLE_ASSIGNMENT((#11328));
#10785=PRESENTATION_STYLE_ASSIGNMENT((#11329));
#10786=PRESENTATION_STYLE_ASSIGNMENT((#11330));
#10787=PRESENTATION_STYLE_ASSIGNMENT((#11331));
#10788=PRESENTATION_STYLE_ASSIGNMENT((#11332));
#10789=PRESENTATION_STYLE_ASSIGNMENT((#11333));
#10790=PRESENTATION_STYLE_ASSIGNMENT((#11334));
#10791=PRESENTATION_STYLE_ASSIGNMENT((#11335));
#10792=PRESENTATION_STYLE_ASSIGNMENT((#11336));
#10793=PRESENTATION_STYLE_ASSIGNMENT((#11337));
#10794=PRESENTATION_STYLE_ASSIGNMENT((#11338));
#10795=PRESENTATION_STYLE_ASSIGNMENT((#11339));
#10796=PRESENTATION_STYLE_ASSIGNMENT((#11340));
#10797=PRESENTATION_STYLE_ASSIGNMENT((#11341));
#10798=PRESENTATION_STYLE_ASSIGNMENT((#11342));
#10799=PRESENTATION_STYLE_ASSIGNMENT((#11343));
#10800=PRESENTATION_STYLE_ASSIGNMENT((#11344));
#10801=PRESENTATION_STYLE_ASSIGNMENT((#11345));
#10802=PRESENTATION_STYLE_ASSIGNMENT((#11346));
#10803=PRESENTATION_STYLE_ASSIGNMENT((#11347));
#10804=PRESENTATION_STYLE_ASSIGNMENT((#11348));
#10805=PRESENTATION_STYLE_ASSIGNMENT((#11349));
#10806=PRESENTATION_STYLE_ASSIGNMENT((#11350));
#10807=PRESENTATION_STYLE_ASSIGNMENT((#11351));
#10808=PRESENTATION_STYLE_ASSIGNMENT((#11352));
#10809=PRESENTATION_STYLE_ASSIGNMENT((#11353));
#10810=PRESENTATION_STYLE_ASSIGNMENT((#11354));
#10811=PRESENTATION_STYLE_ASSIGNMENT((#11355));
#10812=PRESENTATION_STYLE_ASSIGNMENT((#11356));
#10813=PRESENTATION_STYLE_ASSIGNMENT((#11357));
#10814=PRESENTATION_STYLE_ASSIGNMENT((#11358));
#10815=PRESENTATION_STYLE_ASSIGNMENT((#11359));
#10816=PRESENTATION_STYLE_ASSIGNMENT((#11360));
#10817=PRESENTATION_STYLE_ASSIGNMENT((#11361));
#10818=PRESENTATION_STYLE_ASSIGNMENT((#11362));
#10819=PRESENTATION_STYLE_ASSIGNMENT((#11363));
#10820=PRESENTATION_STYLE_ASSIGNMENT((#11364));
#10821=PRESENTATION_STYLE_ASSIGNMENT((#11365));
#10822=PRESENTATION_STYLE_ASSIGNMENT((#11366));
#10823=PRESENTATION_STYLE_ASSIGNMENT((#11367));
#10824=PRESENTATION_STYLE_ASSIGNMENT((#11368));
#10825=PRESENTATION_STYLE_ASSIGNMENT((#11369));
#10826=PRESENTATION_STYLE_ASSIGNMENT((#11370));
#10827=PRESENTATION_STYLE_ASSIGNMENT((#11371));
#10828=PRESENTATION_STYLE_ASSIGNMENT((#11372));
#10829=PRESENTATION_STYLE_ASSIGNMENT((#11373));
#10830=PRESENTATION_STYLE_ASSIGNMENT((#11374));
#10831=PRESENTATION_STYLE_ASSIGNMENT((#11375));
#10832=PRESENTATION_STYLE_ASSIGNMENT((#11376));
#10833=PRESENTATION_STYLE_ASSIGNMENT((#11377));
#10834=PRESENTATION_STYLE_ASSIGNMENT((#11378));
#10835=PRESENTATION_STYLE_ASSIGNMENT((#11379));
#10836=PRESENTATION_STYLE_ASSIGNMENT((#11380));
#10837=PRESENTATION_STYLE_ASSIGNMENT((#11381));
#10838=PRESENTATION_STYLE_ASSIGNMENT((#11382));
#10839=PRESENTATION_STYLE_ASSIGNMENT((#11383));
#10840=PRESENTATION_STYLE_ASSIGNMENT((#11384));
#10841=PRESENTATION_STYLE_ASSIGNMENT((#11385));
#10842=PRESENTATION_STYLE_ASSIGNMENT((#11386));
#10843=PRESENTATION_STYLE_ASSIGNMENT((#11387));
#10844=PRESENTATION_STYLE_ASSIGNMENT((#11388));
#10845=PRESENTATION_STYLE_ASSIGNMENT((#11389));
#10846=PRESENTATION_STYLE_ASSIGNMENT((#11390));
#10847=PRESENTATION_STYLE_ASSIGNMENT((#11391));
#10848=PRESENTATION_STYLE_ASSIGNMENT((#11392));
#10849=PRESENTATION_STYLE_ASSIGNMENT((#11393));
#10850=PRESENTATION_STYLE_ASSIGNMENT((#11394));
#10851=PRESENTATION_STYLE_ASSIGNMENT((#11395));
#10852=PRESENTATION_STYLE_ASSIGNMENT((#11396));
#10853=PRESENTATION_STYLE_ASSIGNMENT((#11397));
#10854=PRESENTATION_STYLE_ASSIGNMENT((#11398));
#10855=PRESENTATION_STYLE_ASSIGNMENT((#11399));
#10856=PRESENTATION_STYLE_ASSIGNMENT((#11400));
#10857=PRESENTATION_STYLE_ASSIGNMENT((#11401));
#10858=PRESENTATION_STYLE_ASSIGNMENT((#11402));
#10859=PRESENTATION_STYLE_ASSIGNMENT((#11403));
#10860=PRESENTATION_STYLE_ASSIGNMENT((#11404));
#10861=PRESENTATION_STYLE_ASSIGNMENT((#11405));
#10862=PRESENTATION_STYLE_ASSIGNMENT((#11406));
#10863=PRESENTATION_STYLE_ASSIGNMENT((#11407));
#10864=PRESENTATION_STYLE_ASSIGNMENT((#11408));
#10865=PRESENTATION_STYLE_ASSIGNMENT((#11409));
#10866=PRESENTATION_STYLE_ASSIGNMENT((#11410));
#10867=PRESENTATION_STYLE_ASSIGNMENT((#11411));
#10868=PRESENTATION_STYLE_ASSIGNMENT((#11412));
#10869=PRESENTATION_STYLE_ASSIGNMENT((#11413));
#10870=PRESENTATION_STYLE_ASSIGNMENT((#11414));
#10871=PRESENTATION_STYLE_ASSIGNMENT((#11415));
#10872=PRESENTATION_STYLE_ASSIGNMENT((#11416));
#10873=PRESENTATION_STYLE_ASSIGNMENT((#11417));
#10874=PRESENTATION_STYLE_ASSIGNMENT((#11418));
#10875=PRESENTATION_STYLE_ASSIGNMENT((#11419));
#10876=PRESENTATION_STYLE_ASSIGNMENT((#11420));
#10877=PRESENTATION_STYLE_ASSIGNMENT((#11421));
#10878=PRESENTATION_STYLE_ASSIGNMENT((#11422));
#10879=PRESENTATION_STYLE_ASSIGNMENT((#11423));
#10880=PRESENTATION_STYLE_ASSIGNMENT((#11424));
#10881=PRESENTATION_STYLE_ASSIGNMENT((#11425));
#10882=PRESENTATION_STYLE_ASSIGNMENT((#11426));
#10883=PRESENTATION_STYLE_ASSIGNMENT((#11427));
#10884=PRESENTATION_STYLE_ASSIGNMENT((#11428));
#10885=PRESENTATION_STYLE_ASSIGNMENT((#11429));
#10886=PRESENTATION_STYLE_ASSIGNMENT((#11430));
#10887=PRESENTATION_STYLE_ASSIGNMENT((#11431));
#10888=PRESENTATION_STYLE_ASSIGNMENT((#11432));
#10889=PRESENTATION_STYLE_ASSIGNMENT((#11433));
#10890=PRESENTATION_STYLE_ASSIGNMENT((#11434));
#10891=PRESENTATION_STYLE_ASSIGNMENT((#11435));
#10892=PRESENTATION_STYLE_ASSIGNMENT((#11436));
#10893=PRESENTATION_STYLE_ASSIGNMENT((#11437));
#10894=PRESENTATION_STYLE_ASSIGNMENT((#11438));
#10895=PRESENTATION_STYLE_ASSIGNMENT((#11439));
#10896=PRESENTATION_STYLE_ASSIGNMENT((#11440));
#10897=PRESENTATION_STYLE_ASSIGNMENT((#11441));
#10898=PRESENTATION_STYLE_ASSIGNMENT((#11442));
#10899=PRESENTATION_STYLE_ASSIGNMENT((#11443));
#10900=PRESENTATION_STYLE_ASSIGNMENT((#11444));
#10901=PRESENTATION_STYLE_ASSIGNMENT((#11445));
#10902=PRESENTATION_STYLE_ASSIGNMENT((#11446));
#10903=PRESENTATION_STYLE_ASSIGNMENT((#11447));
#10904=PRESENTATION_STYLE_ASSIGNMENT((#11448));
#10905=PRESENTATION_STYLE_ASSIGNMENT((#11449));
#10906=PRESENTATION_STYLE_ASSIGNMENT((#11450));
#10907=PRESENTATION_STYLE_ASSIGNMENT((#11451));
#10908=PRESENTATION_STYLE_ASSIGNMENT((#11452));
#10909=PRESENTATION_STYLE_ASSIGNMENT((#11453));
#10910=PRESENTATION_STYLE_ASSIGNMENT((#11454));
#10911=PRESENTATION_STYLE_ASSIGNMENT((#11455));
#10912=PRESENTATION_STYLE_ASSIGNMENT((#11456));
#10913=PRESENTATION_STYLE_ASSIGNMENT((#11457));
#10914=PRESENTATION_STYLE_ASSIGNMENT((#11458));
#10915=PRESENTATION_STYLE_ASSIGNMENT((#11459));
#10916=PRESENTATION_STYLE_ASSIGNMENT((#11460));
#10917=PRESENTATION_STYLE_ASSIGNMENT((#11461));
#10918=PRESENTATION_STYLE_ASSIGNMENT((#11462));
#10919=PRESENTATION_STYLE_ASSIGNMENT((#11463));
#10920=PRESENTATION_STYLE_ASSIGNMENT((#11464));
#10921=PRESENTATION_STYLE_ASSIGNMENT((#11465));
#10922=PRESENTATION_STYLE_ASSIGNMENT((#11466));
#10923=PRESENTATION_STYLE_ASSIGNMENT((#11467));
#10924=PRESENTATION_STYLE_ASSIGNMENT((#11468));
#10925=PRESENTATION_STYLE_ASSIGNMENT((#11469));
#10926=PRESENTATION_STYLE_ASSIGNMENT((#11470));
#10927=PRESENTATION_STYLE_ASSIGNMENT((#11471));
#10928=PRESENTATION_STYLE_ASSIGNMENT((#11472));
#10929=PRESENTATION_STYLE_ASSIGNMENT((#11473));
#10930=PRESENTATION_STYLE_ASSIGNMENT((#11474));
#10931=PRESENTATION_STYLE_ASSIGNMENT((#11475));
#10932=PRESENTATION_STYLE_ASSIGNMENT((#11476));
#10933=PRESENTATION_STYLE_ASSIGNMENT((#11477));
#10934=PRESENTATION_STYLE_ASSIGNMENT((#11478));
#10935=PRESENTATION_STYLE_ASSIGNMENT((#11479));
#10936=PRESENTATION_STYLE_ASSIGNMENT((#11480));
#10937=PRESENTATION_STYLE_ASSIGNMENT((#11481));
#10938=PRESENTATION_STYLE_ASSIGNMENT((#11482));
#10939=PRESENTATION_STYLE_ASSIGNMENT((#11483));
#10940=PRESENTATION_STYLE_ASSIGNMENT((#11484));
#10941=PRESENTATION_STYLE_ASSIGNMENT((#11485));
#10942=PRESENTATION_STYLE_ASSIGNMENT((#11486));
#10943=PRESENTATION_STYLE_ASSIGNMENT((#11487));
#10944=PRESENTATION_STYLE_ASSIGNMENT((#11488));
#10945=PRESENTATION_STYLE_ASSIGNMENT((#11489));
#10946=PRESENTATION_STYLE_ASSIGNMENT((#11490));
#10947=PRESENTATION_STYLE_ASSIGNMENT((#11491));
#10948=PRESENTATION_STYLE_ASSIGNMENT((#11492));
#10949=PRESENTATION_STYLE_ASSIGNMENT((#11493));
#10950=PRESENTATION_STYLE_ASSIGNMENT((#11494));
#10951=PRESENTATION_STYLE_ASSIGNMENT((#11495));
#10952=PRESENTATION_STYLE_ASSIGNMENT((#11496));
#10953=PRESENTATION_STYLE_ASSIGNMENT((#11497));
#10954=PRESENTATION_STYLE_ASSIGNMENT((#11498));
#10955=PRESENTATION_STYLE_ASSIGNMENT((#11499));
#10956=PRESENTATION_STYLE_ASSIGNMENT((#11500));
#10957=PRESENTATION_STYLE_ASSIGNMENT((#11501));
#10958=PRESENTATION_STYLE_ASSIGNMENT((#11502));
#10959=PRESENTATION_STYLE_ASSIGNMENT((#11503));
#10960=PRESENTATION_STYLE_ASSIGNMENT((#11504));
#10961=PRESENTATION_STYLE_ASSIGNMENT((#11505));
#10962=PRESENTATION_STYLE_ASSIGNMENT((#11506));
#10963=PRESENTATION_STYLE_ASSIGNMENT((#11507));
#10964=PRESENTATION_STYLE_ASSIGNMENT((#11508));
#10965=PRESENTATION_STYLE_ASSIGNMENT((#11509));
#10966=PRESENTATION_STYLE_ASSIGNMENT((#11510));
#10967=PRESENTATION_STYLE_ASSIGNMENT((#11511));
#10968=PRESENTATION_STYLE_ASSIGNMENT((#11512));
#10969=PRESENTATION_STYLE_ASSIGNMENT((#11513));
#10970=SURFACE_STYLE_USAGE(.BOTH.,#11514);
#10971=SURFACE_STYLE_USAGE(.BOTH.,#11515);
#10972=SURFACE_STYLE_USAGE(.BOTH.,#11516);
#10973=SURFACE_STYLE_USAGE(.BOTH.,#11517);
#10974=SURFACE_STYLE_USAGE(.BOTH.,#11518);
#10975=SURFACE_STYLE_USAGE(.BOTH.,#11519);
#10976=SURFACE_STYLE_USAGE(.BOTH.,#11520);
#10977=SURFACE_STYLE_USAGE(.BOTH.,#11521);
#10978=SURFACE_STYLE_USAGE(.BOTH.,#11522);
#10979=SURFACE_STYLE_USAGE(.BOTH.,#11523);
#10980=SURFACE_STYLE_USAGE(.BOTH.,#11524);
#10981=SURFACE_STYLE_USAGE(.BOTH.,#11525);
#10982=SURFACE_STYLE_USAGE(.BOTH.,#11526);
#10983=SURFACE_STYLE_USAGE(.BOTH.,#11527);
#10984=SURFACE_STYLE_USAGE(.BOTH.,#11528);
#10985=SURFACE_STYLE_USAGE(.BOTH.,#11529);
#10986=SURFACE_STYLE_USAGE(.BOTH.,#11530);
#10987=SURFACE_STYLE_USAGE(.BOTH.,#11531);
#10988=SURFACE_STYLE_USAGE(.BOTH.,#11532);
#10989=SURFACE_STYLE_USAGE(.BOTH.,#11533);
#10990=SURFACE_STYLE_USAGE(.BOTH.,#11534);
#10991=SURFACE_STYLE_USAGE(.BOTH.,#11535);
#10992=SURFACE_STYLE_USAGE(.BOTH.,#11536);
#10993=SURFACE_STYLE_USAGE(.BOTH.,#11537);
#10994=SURFACE_STYLE_USAGE(.BOTH.,#11538);
#10995=SURFACE_STYLE_USAGE(.BOTH.,#11539);
#10996=SURFACE_STYLE_USAGE(.BOTH.,#11540);
#10997=SURFACE_STYLE_USAGE(.BOTH.,#11541);
#10998=SURFACE_STYLE_USAGE(.BOTH.,#11542);
#10999=SURFACE_STYLE_USAGE(.BOTH.,#11543);
#11000=SURFACE_STYLE_USAGE(.BOTH.,#11544);
#11001=SURFACE_STYLE_USAGE(.BOTH.,#11545);
#11002=SURFACE_STYLE_USAGE(.BOTH.,#11546);
#11003=SURFACE_STYLE_USAGE(.BOTH.,#11547);
#11004=SURFACE_STYLE_USAGE(.BOTH.,#11548);
#11005=SURFACE_STYLE_USAGE(.BOTH.,#11549);
#11006=SURFACE_STYLE_USAGE(.BOTH.,#11550);
#11007=SURFACE_STYLE_USAGE(.BOTH.,#11551);
#11008=SURFACE_STYLE_USAGE(.BOTH.,#11552);
#11009=SURFACE_STYLE_USAGE(.BOTH.,#11553);
#11010=SURFACE_STYLE_USAGE(.BOTH.,#11554);
#11011=SURFACE_STYLE_USAGE(.BOTH.,#11555);
#11012=SURFACE_STYLE_USAGE(.BOTH.,#11556);
#11013=SURFACE_STYLE_USAGE(.BOTH.,#11557);
#11014=SURFACE_STYLE_USAGE(.BOTH.,#11558);
#11015=SURFACE_STYLE_USAGE(.BOTH.,#11559);
#11016=SURFACE_STYLE_USAGE(.BOTH.,#11560);
#11017=SURFACE_STYLE_USAGE(.BOTH.,#11561);
#11018=SURFACE_STYLE_USAGE(.BOTH.,#11562);
#11019=SURFACE_STYLE_USAGE(.BOTH.,#11563);
#11020=SURFACE_STYLE_USAGE(.BOTH.,#11564);
#11021=SURFACE_STYLE_USAGE(.BOTH.,#11565);
#11022=SURFACE_STYLE_USAGE(.BOTH.,#11566);
#11023=SURFACE_STYLE_USAGE(.BOTH.,#11567);
#11024=SURFACE_STYLE_USAGE(.BOTH.,#11568);
#11025=SURFACE_STYLE_USAGE(.BOTH.,#11569);
#11026=SURFACE_STYLE_USAGE(.BOTH.,#11570);
#11027=SURFACE_STYLE_USAGE(.BOTH.,#11571);
#11028=SURFACE_STYLE_USAGE(.BOTH.,#11572);
#11029=SURFACE_STYLE_USAGE(.BOTH.,#11573);
#11030=SURFACE_STYLE_USAGE(.BOTH.,#11574);
#11031=SURFACE_STYLE_USAGE(.BOTH.,#11575);
#11032=SURFACE_STYLE_USAGE(.BOTH.,#11576);
#11033=SURFACE_STYLE_USAGE(.BOTH.,#11577);
#11034=SURFACE_STYLE_USAGE(.BOTH.,#11578);
#11035=SURFACE_STYLE_USAGE(.BOTH.,#11579);
#11036=SURFACE_STYLE_USAGE(.BOTH.,#11580);
#11037=SURFACE_STYLE_USAGE(.BOTH.,#11581);
#11038=SURFACE_STYLE_USAGE(.BOTH.,#11582);
#11039=SURFACE_STYLE_USAGE(.BOTH.,#11583);
#11040=SURFACE_STYLE_USAGE(.BOTH.,#11584);
#11041=SURFACE_STYLE_USAGE(.BOTH.,#11585);
#11042=SURFACE_STYLE_USAGE(.BOTH.,#11586);
#11043=SURFACE_STYLE_USAGE(.BOTH.,#11587);
#11044=SURFACE_STYLE_USAGE(.BOTH.,#11588);
#11045=SURFACE_STYLE_USAGE(.BOTH.,#11589);
#11046=SURFACE_STYLE_USAGE(.BOTH.,#11590);
#11047=SURFACE_STYLE_USAGE(.BOTH.,#11591);
#11048=SURFACE_STYLE_USAGE(.BOTH.,#11592);
#11049=SURFACE_STYLE_USAGE(.BOTH.,#11593);
#11050=SURFACE_STYLE_USAGE(.BOTH.,#11594);
#11051=SURFACE_STYLE_USAGE(.BOTH.,#11595);
#11052=SURFACE_STYLE_USAGE(.BOTH.,#11596);
#11053=SURFACE_STYLE_USAGE(.BOTH.,#11597);
#11054=SURFACE_STYLE_USAGE(.BOTH.,#11598);
#11055=SURFACE_STYLE_USAGE(.BOTH.,#11599);
#11056=SURFACE_STYLE_USAGE(.BOTH.,#11600);
#11057=SURFACE_STYLE_USAGE(.BOTH.,#11601);
#11058=SURFACE_STYLE_USAGE(.BOTH.,#11602);
#11059=SURFACE_STYLE_USAGE(.BOTH.,#11603);
#11060=SURFACE_STYLE_USAGE(.BOTH.,#11604);
#11061=SURFACE_STYLE_USAGE(.BOTH.,#11605);
#11062=SURFACE_STYLE_USAGE(.BOTH.,#11606);
#11063=SURFACE_STYLE_USAGE(.BOTH.,#11607);
#11064=SURFACE_STYLE_USAGE(.BOTH.,#11608);
#11065=SURFACE_STYLE_USAGE(.BOTH.,#11609);
#11066=SURFACE_STYLE_USAGE(.BOTH.,#11610);
#11067=SURFACE_STYLE_USAGE(.BOTH.,#11611);
#11068=SURFACE_STYLE_USAGE(.BOTH.,#11612);
#11069=SURFACE_STYLE_USAGE(.BOTH.,#11613);
#11070=SURFACE_STYLE_USAGE(.BOTH.,#11614);
#11071=SURFACE_STYLE_USAGE(.BOTH.,#11615);
#11072=SURFACE_STYLE_USAGE(.BOTH.,#11616);
#11073=SURFACE_STYLE_USAGE(.BOTH.,#11617);
#11074=SURFACE_STYLE_USAGE(.BOTH.,#11618);
#11075=SURFACE_STYLE_USAGE(.BOTH.,#11619);
#11076=SURFACE_STYLE_USAGE(.BOTH.,#11620);
#11077=SURFACE_STYLE_USAGE(.BOTH.,#11621);
#11078=SURFACE_STYLE_USAGE(.BOTH.,#11622);
#11079=SURFACE_STYLE_USAGE(.BOTH.,#11623);
#11080=SURFACE_STYLE_USAGE(.BOTH.,#11624);
#11081=SURFACE_STYLE_USAGE(.BOTH.,#11625);
#11082=SURFACE_STYLE_USAGE(.BOTH.,#11626);
#11083=SURFACE_STYLE_USAGE(.BOTH.,#11627);
#11084=SURFACE_STYLE_USAGE(.BOTH.,#11628);
#11085=SURFACE_STYLE_USAGE(.BOTH.,#11629);
#11086=SURFACE_STYLE_USAGE(.BOTH.,#11630);
#11087=SURFACE_STYLE_USAGE(.BOTH.,#11631);
#11088=SURFACE_STYLE_USAGE(.BOTH.,#11632);
#11089=SURFACE_STYLE_USAGE(.BOTH.,#11633);
#11090=SURFACE_STYLE_USAGE(.BOTH.,#11634);
#11091=SURFACE_STYLE_USAGE(.BOTH.,#11635);
#11092=SURFACE_STYLE_USAGE(.BOTH.,#11636);
#11093=SURFACE_STYLE_USAGE(.BOTH.,#11637);
#11094=SURFACE_STYLE_USAGE(.BOTH.,#11638);
#11095=SURFACE_STYLE_USAGE(.BOTH.,#11639);
#11096=SURFACE_STYLE_USAGE(.BOTH.,#11640);
#11097=SURFACE_STYLE_USAGE(.BOTH.,#11641);
#11098=SURFACE_STYLE_USAGE(.BOTH.,#11642);
#11099=SURFACE_STYLE_USAGE(.BOTH.,#11643);
#11100=SURFACE_STYLE_USAGE(.BOTH.,#11644);
#11101=SURFACE_STYLE_USAGE(.BOTH.,#11645);
#11102=SURFACE_STYLE_USAGE(.BOTH.,#11646);
#11103=SURFACE_STYLE_USAGE(.BOTH.,#11647);
#11104=SURFACE_STYLE_USAGE(.BOTH.,#11648);
#11105=SURFACE_STYLE_USAGE(.BOTH.,#11649);
#11106=SURFACE_STYLE_USAGE(.BOTH.,#11650);
#11107=SURFACE_STYLE_USAGE(.BOTH.,#11651);
#11108=SURFACE_STYLE_USAGE(.BOTH.,#11652);
#11109=SURFACE_STYLE_USAGE(.BOTH.,#11653);
#11110=SURFACE_STYLE_USAGE(.BOTH.,#11654);
#11111=SURFACE_STYLE_USAGE(.BOTH.,#11655);
#11112=SURFACE_STYLE_USAGE(.BOTH.,#11656);
#11113=SURFACE_STYLE_USAGE(.BOTH.,#11657);
#11114=SURFACE_STYLE_USAGE(.BOTH.,#11658);
#11115=SURFACE_STYLE_USAGE(.BOTH.,#11659);
#11116=SURFACE_STYLE_USAGE(.BOTH.,#11660);
#11117=SURFACE_STYLE_USAGE(.BOTH.,#11661);
#11118=SURFACE_STYLE_USAGE(.BOTH.,#11662);
#11119=SURFACE_STYLE_USAGE(.BOTH.,#11663);
#11120=SURFACE_STYLE_USAGE(.BOTH.,#11664);
#11121=SURFACE_STYLE_USAGE(.BOTH.,#11665);
#11122=SURFACE_STYLE_USAGE(.BOTH.,#11666);
#11123=SURFACE_STYLE_USAGE(.BOTH.,#11667);
#11124=SURFACE_STYLE_USAGE(.BOTH.,#11668);
#11125=SURFACE_STYLE_USAGE(.BOTH.,#11669);
#11126=SURFACE_STYLE_USAGE(.BOTH.,#11670);
#11127=SURFACE_STYLE_USAGE(.BOTH.,#11671);
#11128=SURFACE_STYLE_USAGE(.BOTH.,#11672);
#11129=SURFACE_STYLE_USAGE(.BOTH.,#11673);
#11130=SURFACE_STYLE_USAGE(.BOTH.,#11674);
#11131=SURFACE_STYLE_USAGE(.BOTH.,#11675);
#11132=SURFACE_STYLE_USAGE(.BOTH.,#11676);
#11133=SURFACE_STYLE_USAGE(.BOTH.,#11677);
#11134=SURFACE_STYLE_USAGE(.BOTH.,#11678);
#11135=SURFACE_STYLE_USAGE(.BOTH.,#11679);
#11136=SURFACE_STYLE_USAGE(.BOTH.,#11680);
#11137=SURFACE_STYLE_USAGE(.BOTH.,#11681);
#11138=SURFACE_STYLE_USAGE(.BOTH.,#11682);
#11139=SURFACE_STYLE_USAGE(.BOTH.,#11683);
#11140=SURFACE_STYLE_USAGE(.BOTH.,#11684);
#11141=SURFACE_STYLE_USAGE(.BOTH.,#11685);
#11142=SURFACE_STYLE_USAGE(.BOTH.,#11686);
#11143=SURFACE_STYLE_USAGE(.BOTH.,#11687);
#11144=SURFACE_STYLE_USAGE(.BOTH.,#11688);
#11145=SURFACE_STYLE_USAGE(.BOTH.,#11689);
#11146=SURFACE_STYLE_USAGE(.BOTH.,#11690);
#11147=SURFACE_STYLE_USAGE(.BOTH.,#11691);
#11148=SURFACE_STYLE_USAGE(.BOTH.,#11692);
#11149=SURFACE_STYLE_USAGE(.BOTH.,#11693);
#11150=SURFACE_STYLE_USAGE(.BOTH.,#11694);
#11151=SURFACE_STYLE_USAGE(.BOTH.,#11695);
#11152=SURFACE_STYLE_USAGE(.BOTH.,#11696);
#11153=SURFACE_STYLE_USAGE(.BOTH.,#11697);
#11154=SURFACE_STYLE_USAGE(.BOTH.,#11698);
#11155=SURFACE_STYLE_USAGE(.BOTH.,#11699);
#11156=SURFACE_STYLE_USAGE(.BOTH.,#11700);
#11157=SURFACE_STYLE_USAGE(.BOTH.,#11701);
#11158=SURFACE_STYLE_USAGE(.BOTH.,#11702);
#11159=SURFACE_STYLE_USAGE(.BOTH.,#11703);
#11160=SURFACE_STYLE_USAGE(.BOTH.,#11704);
#11161=SURFACE_STYLE_USAGE(.BOTH.,#11705);
#11162=SURFACE_STYLE_USAGE(.BOTH.,#11706);
#11163=SURFACE_STYLE_USAGE(.BOTH.,#11707);
#11164=SURFACE_STYLE_USAGE(.BOTH.,#11708);
#11165=SURFACE_STYLE_USAGE(.BOTH.,#11709);
#11166=SURFACE_STYLE_USAGE(.BOTH.,#11710);
#11167=SURFACE_STYLE_USAGE(.BOTH.,#11711);
#11168=SURFACE_STYLE_USAGE(.BOTH.,#11712);
#11169=SURFACE_STYLE_USAGE(.BOTH.,#11713);
#11170=SURFACE_STYLE_USAGE(.BOTH.,#11714);
#11171=SURFACE_STYLE_USAGE(.BOTH.,#11715);
#11172=SURFACE_STYLE_USAGE(.BOTH.,#11716);
#11173=SURFACE_STYLE_USAGE(.BOTH.,#11717);
#11174=SURFACE_STYLE_USAGE(.BOTH.,#11718);
#11175=SURFACE_STYLE_USAGE(.BOTH.,#11719);
#11176=SURFACE_STYLE_USAGE(.BOTH.,#11720);
#11177=SURFACE_STYLE_USAGE(.BOTH.,#11721);
#11178=SURFACE_STYLE_USAGE(.BOTH.,#11722);
#11179=SURFACE_STYLE_USAGE(.BOTH.,#11723);
#11180=SURFACE_STYLE_USAGE(.BOTH.,#11724);
#11181=SURFACE_STYLE_USAGE(.BOTH.,#11725);
#11182=SURFACE_STYLE_USAGE(.BOTH.,#11726);
#11183=SURFACE_STYLE_USAGE(.BOTH.,#11727);
#11184=SURFACE_STYLE_USAGE(.BOTH.,#11728);
#11185=SURFACE_STYLE_USAGE(.BOTH.,#11729);
#11186=SURFACE_STYLE_USAGE(.BOTH.,#11730);
#11187=SURFACE_STYLE_USAGE(.BOTH.,#11731);
#11188=SURFACE_STYLE_USAGE(.BOTH.,#11732);
#11189=SURFACE_STYLE_USAGE(.BOTH.,#11733);
#11190=SURFACE_STYLE_USAGE(.BOTH.,#11734);
#11191=SURFACE_STYLE_USAGE(.BOTH.,#11735);
#11192=SURFACE_STYLE_USAGE(.BOTH.,#11736);
#11193=SURFACE_STYLE_USAGE(.BOTH.,#11737);
#11194=SURFACE_STYLE_USAGE(.BOTH.,#11738);
#11195=SURFACE_STYLE_USAGE(.BOTH.,#11739);
#11196=SURFACE_STYLE_USAGE(.BOTH.,#11740);
#11197=SURFACE_STYLE_USAGE(.BOTH.,#11741);
#11198=SURFACE_STYLE_USAGE(.BOTH.,#11742);
#11199=SURFACE_STYLE_USAGE(.BOTH.,#11743);
#11200=SURFACE_STYLE_USAGE(.BOTH.,#11744);
#11201=SURFACE_STYLE_USAGE(.BOTH.,#11745);
#11202=SURFACE_STYLE_USAGE(.BOTH.,#11746);
#11203=SURFACE_STYLE_USAGE(.BOTH.,#11747);
#11204=SURFACE_STYLE_USAGE(.BOTH.,#11748);
#11205=SURFACE_STYLE_USAGE(.BOTH.,#11749);
#11206=SURFACE_STYLE_USAGE(.BOTH.,#11750);
#11207=SURFACE_STYLE_USAGE(.BOTH.,#11751);
#11208=SURFACE_STYLE_USAGE(.BOTH.,#11752);
#11209=SURFACE_STYLE_USAGE(.BOTH.,#11753);
#11210=SURFACE_STYLE_USAGE(.BOTH.,#11754);
#11211=SURFACE_STYLE_USAGE(.BOTH.,#11755);
#11212=SURFACE_STYLE_USAGE(.BOTH.,#11756);
#11213=SURFACE_STYLE_USAGE(.BOTH.,#11757);
#11214=SURFACE_STYLE_USAGE(.BOTH.,#11758);
#11215=SURFACE_STYLE_USAGE(.BOTH.,#11759);
#11216=SURFACE_STYLE_USAGE(.BOTH.,#11760);
#11217=SURFACE_STYLE_USAGE(.BOTH.,#11761);
#11218=SURFACE_STYLE_USAGE(.BOTH.,#11762);
#11219=SURFACE_STYLE_USAGE(.BOTH.,#11763);
#11220=SURFACE_STYLE_USAGE(.BOTH.,#11764);
#11221=SURFACE_STYLE_USAGE(.BOTH.,#11765);
#11222=SURFACE_STYLE_USAGE(.BOTH.,#11766);
#11223=SURFACE_STYLE_USAGE(.BOTH.,#11767);
#11224=SURFACE_STYLE_USAGE(.BOTH.,#11768);
#11225=SURFACE_STYLE_USAGE(.BOTH.,#11769);
#11226=SURFACE_STYLE_USAGE(.BOTH.,#11770);
#11227=SURFACE_STYLE_USAGE(.BOTH.,#11771);
#11228=SURFACE_STYLE_USAGE(.BOTH.,#11772);
#11229=SURFACE_STYLE_USAGE(.BOTH.,#11773);
#11230=SURFACE_STYLE_USAGE(.BOTH.,#11774);
#11231=SURFACE_STYLE_USAGE(.BOTH.,#11775);
#11232=SURFACE_STYLE_USAGE(.BOTH.,#11776);
#11233=SURFACE_STYLE_USAGE(.BOTH.,#11777);
#11234=SURFACE_STYLE_USAGE(.BOTH.,#11778);
#11235=SURFACE_STYLE_USAGE(.BOTH.,#11779);
#11236=SURFACE_STYLE_USAGE(.BOTH.,#11780);
#11237=SURFACE_STYLE_USAGE(.BOTH.,#11781);
#11238=SURFACE_STYLE_USAGE(.BOTH.,#11782);
#11239=SURFACE_STYLE_USAGE(.BOTH.,#11783);
#11240=SURFACE_STYLE_USAGE(.BOTH.,#11784);
#11241=SURFACE_STYLE_USAGE(.BOTH.,#11785);
#11242=SURFACE_STYLE_USAGE(.BOTH.,#11786);
#11243=SURFACE_STYLE_USAGE(.BOTH.,#11787);
#11244=SURFACE_STYLE_USAGE(.BOTH.,#11788);
#11245=SURFACE_STYLE_USAGE(.BOTH.,#11789);
#11246=SURFACE_STYLE_USAGE(.BOTH.,#11790);
#11247=SURFACE_STYLE_USAGE(.BOTH.,#11791);
#11248=SURFACE_STYLE_USAGE(.BOTH.,#11792);
#11249=SURFACE_STYLE_USAGE(.BOTH.,#11793);
#11250=SURFACE_STYLE_USAGE(.BOTH.,#11794);
#11251=SURFACE_STYLE_USAGE(.BOTH.,#11795);
#11252=SURFACE_STYLE_USAGE(.BOTH.,#11796);
#11253=SURFACE_STYLE_USAGE(.BOTH.,#11797);
#11254=SURFACE_STYLE_USAGE(.BOTH.,#11798);
#11255=SURFACE_STYLE_USAGE(.BOTH.,#11799);
#11256=SURFACE_STYLE_USAGE(.BOTH.,#11800);
#11257=SURFACE_STYLE_USAGE(.BOTH.,#11801);
#11258=SURFACE_STYLE_USAGE(.BOTH.,#11802);
#11259=SURFACE_STYLE_USAGE(.BOTH.,#11803);
#11260=SURFACE_STYLE_USAGE(.BOTH.,#11804);
#11261=SURFACE_STYLE_USAGE(.BOTH.,#11805);
#11262=SURFACE_STYLE_USAGE(.BOTH.,#11806);
#11263=SURFACE_STYLE_USAGE(.BOTH.,#11807);
#11264=SURFACE_STYLE_USAGE(.BOTH.,#11808);
#11265=SURFACE_STYLE_USAGE(.BOTH.,#11809);
#11266=SURFACE_STYLE_USAGE(.BOTH.,#11810);
#11267=SURFACE_STYLE_USAGE(.BOTH.,#11811);
#11268=SURFACE_STYLE_USAGE(.BOTH.,#11812);
#11269=SURFACE_STYLE_USAGE(.BOTH.,#11813);
#11270=SURFACE_STYLE_USAGE(.BOTH.,#11814);
#11271=SURFACE_STYLE_USAGE(.BOTH.,#11815);
#11272=SURFACE_STYLE_USAGE(.BOTH.,#11816);
#11273=SURFACE_STYLE_USAGE(.BOTH.,#11817);
#11274=SURFACE_STYLE_USAGE(.BOTH.,#11818);
#11275=SURFACE_STYLE_USAGE(.BOTH.,#11819);
#11276=SURFACE_STYLE_USAGE(.BOTH.,#11820);
#11277=SURFACE_STYLE_USAGE(.BOTH.,#11821);
#11278=SURFACE_STYLE_USAGE(.BOTH.,#11822);
#11279=SURFACE_STYLE_USAGE(.BOTH.,#11823);
#11280=SURFACE_STYLE_USAGE(.BOTH.,#11824);
#11281=SURFACE_STYLE_USAGE(.BOTH.,#11825);
#11282=SURFACE_STYLE_USAGE(.BOTH.,#11826);
#11283=SURFACE_STYLE_USAGE(.BOTH.,#11827);
#11284=SURFACE_STYLE_USAGE(.BOTH.,#11828);
#11285=SURFACE_STYLE_USAGE(.BOTH.,#11829);
#11286=SURFACE_STYLE_USAGE(.BOTH.,#11830);
#11287=SURFACE_STYLE_USAGE(.BOTH.,#11831);
#11288=SURFACE_STYLE_USAGE(.BOTH.,#11832);
#11289=SURFACE_STYLE_USAGE(.BOTH.,#11833);
#11290=SURFACE_STYLE_USAGE(.BOTH.,#11834);
#11291=SURFACE_STYLE_USAGE(.BOTH.,#11835);
#11292=SURFACE_STYLE_USAGE(.BOTH.,#11836);
#11293=SURFACE_STYLE_USAGE(.BOTH.,#11837);
#11294=SURFACE_STYLE_USAGE(.BOTH.,#11838);
#11295=SURFACE_STYLE_USAGE(.BOTH.,#11839);
#11296=SURFACE_STYLE_USAGE(.BOTH.,#11840);
#11297=SURFACE_STYLE_USAGE(.BOTH.,#11841);
#11298=SURFACE_STYLE_USAGE(.BOTH.,#11842);
#11299=SURFACE_STYLE_USAGE(.BOTH.,#11843);
#11300=SURFACE_STYLE_USAGE(.BOTH.,#11844);
#11301=SURFACE_STYLE_USAGE(.BOTH.,#11845);
#11302=SURFACE_STYLE_USAGE(.BOTH.,#11846);
#11303=SURFACE_STYLE_USAGE(.BOTH.,#11847);
#11304=SURFACE_STYLE_USAGE(.BOTH.,#11848);
#11305=SURFACE_STYLE_USAGE(.BOTH.,#11849);
#11306=SURFACE_STYLE_USAGE(.BOTH.,#11850);
#11307=SURFACE_STYLE_USAGE(.BOTH.,#11851);
#11308=SURFACE_STYLE_USAGE(.BOTH.,#11852);
#11309=SURFACE_STYLE_USAGE(.BOTH.,#11853);
#11310=SURFACE_STYLE_USAGE(.BOTH.,#11854);
#11311=SURFACE_STYLE_USAGE(.BOTH.,#11855);
#11312=SURFACE_STYLE_USAGE(.BOTH.,#11856);
#11313=SURFACE_STYLE_USAGE(.BOTH.,#11857);
#11314=SURFACE_STYLE_USAGE(.BOTH.,#11858);
#11315=SURFACE_STYLE_USAGE(.BOTH.,#11859);
#11316=SURFACE_STYLE_USAGE(.BOTH.,#11860);
#11317=SURFACE_STYLE_USAGE(.BOTH.,#11861);
#11318=SURFACE_STYLE_USAGE(.BOTH.,#11862);
#11319=SURFACE_STYLE_USAGE(.BOTH.,#11863);
#11320=SURFACE_STYLE_USAGE(.BOTH.,#11864);
#11321=SURFACE_STYLE_USAGE(.BOTH.,#11865);
#11322=SURFACE_STYLE_USAGE(.BOTH.,#11866);
#11323=SURFACE_STYLE_USAGE(.BOTH.,#11867);
#11324=SURFACE_STYLE_USAGE(.BOTH.,#11868);
#11325=SURFACE_STYLE_USAGE(.BOTH.,#11869);
#11326=SURFACE_STYLE_USAGE(.BOTH.,#11870);
#11327=SURFACE_STYLE_USAGE(.BOTH.,#11871);
#11328=SURFACE_STYLE_USAGE(.BOTH.,#11872);
#11329=SURFACE_STYLE_USAGE(.BOTH.,#11873);
#11330=SURFACE_STYLE_USAGE(.BOTH.,#11874);
#11331=SURFACE_STYLE_USAGE(.BOTH.,#11875);
#11332=SURFACE_STYLE_USAGE(.BOTH.,#11876);
#11333=SURFACE_STYLE_USAGE(.BOTH.,#11877);
#11334=SURFACE_STYLE_USAGE(.BOTH.,#11878);
#11335=SURFACE_STYLE_USAGE(.BOTH.,#11879);
#11336=SURFACE_STYLE_USAGE(.BOTH.,#11880);
#11337=SURFACE_STYLE_USAGE(.BOTH.,#11881);
#11338=SURFACE_STYLE_USAGE(.BOTH.,#11882);
#11339=SURFACE_STYLE_USAGE(.BOTH.,#11883);
#11340=SURFACE_STYLE_USAGE(.BOTH.,#11884);
#11341=SURFACE_STYLE_USAGE(.BOTH.,#11885);
#11342=SURFACE_STYLE_USAGE(.BOTH.,#11886);
#11343=SURFACE_STYLE_USAGE(.BOTH.,#11887);
#11344=SURFACE_STYLE_USAGE(.BOTH.,#11888);
#11345=SURFACE_STYLE_USAGE(.BOTH.,#11889);
#11346=SURFACE_STYLE_USAGE(.BOTH.,#11890);
#11347=SURFACE_STYLE_USAGE(.BOTH.,#11891);
#11348=SURFACE_STYLE_USAGE(.BOTH.,#11892);
#11349=SURFACE_STYLE_USAGE(.BOTH.,#11893);
#11350=SURFACE_STYLE_USAGE(.BOTH.,#11894);
#11351=SURFACE_STYLE_USAGE(.BOTH.,#11895);
#11352=SURFACE_STYLE_USAGE(.BOTH.,#11896);
#11353=SURFACE_STYLE_USAGE(.BOTH.,#11897);
#11354=SURFACE_STYLE_USAGE(.BOTH.,#11898);
#11355=SURFACE_STYLE_USAGE(.BOTH.,#11899);
#11356=SURFACE_STYLE_USAGE(.BOTH.,#11900);
#11357=SURFACE_STYLE_USAGE(.BOTH.,#11901);
#11358=SURFACE_STYLE_USAGE(.BOTH.,#11902);
#11359=SURFACE_STYLE_USAGE(.BOTH.,#11903);
#11360=SURFACE_STYLE_USAGE(.BOTH.,#11904);
#11361=SURFACE_STYLE_USAGE(.BOTH.,#11905);
#11362=SURFACE_STYLE_USAGE(.BOTH.,#11906);
#11363=SURFACE_STYLE_USAGE(.BOTH.,#11907);
#11364=SURFACE_STYLE_USAGE(.BOTH.,#11908);
#11365=SURFACE_STYLE_USAGE(.BOTH.,#11909);
#11366=SURFACE_STYLE_USAGE(.BOTH.,#11910);
#11367=SURFACE_STYLE_USAGE(.BOTH.,#11911);
#11368=SURFACE_STYLE_USAGE(.BOTH.,#11912);
#11369=SURFACE_STYLE_USAGE(.BOTH.,#11913);
#11370=SURFACE_STYLE_USAGE(.BOTH.,#11914);
#11371=SURFACE_STYLE_USAGE(.BOTH.,#11915);
#11372=SURFACE_STYLE_USAGE(.BOTH.,#11916);
#11373=SURFACE_STYLE_USAGE(.BOTH.,#11917);
#11374=SURFACE_STYLE_USAGE(.BOTH.,#11918);
#11375=SURFACE_STYLE_USAGE(.BOTH.,#11919);
#11376=SURFACE_STYLE_USAGE(.BOTH.,#11920);
#11377=SURFACE_STYLE_USAGE(.BOTH.,#11921);
#11378=SURFACE_STYLE_USAGE(.BOTH.,#11922);
#11379=SURFACE_STYLE_USAGE(.BOTH.,#11923);
#11380=SURFACE_STYLE_USAGE(.BOTH.,#11924);
#11381=SURFACE_STYLE_USAGE(.BOTH.,#11925);
#11382=SURFACE_STYLE_USAGE(.BOTH.,#11926);
#11383=SURFACE_STYLE_USAGE(.BOTH.,#11927);
#11384=SURFACE_STYLE_USAGE(.BOTH.,#11928);
#11385=SURFACE_STYLE_USAGE(.BOTH.,#11929);
#11386=SURFACE_STYLE_USAGE(.BOTH.,#11930);
#11387=SURFACE_STYLE_USAGE(.BOTH.,#11931);
#11388=SURFACE_STYLE_USAGE(.BOTH.,#11932);
#11389=SURFACE_STYLE_USAGE(.BOTH.,#11933);
#11390=SURFACE_STYLE_USAGE(.BOTH.,#11934);
#11391=SURFACE_STYLE_USAGE(.BOTH.,#11935);
#11392=SURFACE_STYLE_USAGE(.BOTH.,#11936);
#11393=SURFACE_STYLE_USAGE(.BOTH.,#11937);
#11394=SURFACE_STYLE_USAGE(.BOTH.,#11938);
#11395=SURFACE_STYLE_USAGE(.BOTH.,#11939);
#11396=SURFACE_STYLE_USAGE(.BOTH.,#11940);
#11397=SURFACE_STYLE_USAGE(.BOTH.,#11941);
#11398=SURFACE_STYLE_USAGE(.BOTH.,#11942);
#11399=SURFACE_STYLE_USAGE(.BOTH.,#11943);
#11400=SURFACE_STYLE_USAGE(.BOTH.,#11944);
#11401=SURFACE_STYLE_USAGE(.BOTH.,#11945);
#11402=SURFACE_STYLE_USAGE(.BOTH.,#11946);
#11403=SURFACE_STYLE_USAGE(.BOTH.,#11947);
#11404=SURFACE_STYLE_USAGE(.BOTH.,#11948);
#11405=SURFACE_STYLE_USAGE(.BOTH.,#11949);
#11406=SURFACE_STYLE_USAGE(.BOTH.,#11950);
#11407=SURFACE_STYLE_USAGE(.BOTH.,#11951);
#11408=SURFACE_STYLE_USAGE(.BOTH.,#11952);
#11409=SURFACE_STYLE_USAGE(.BOTH.,#11953);
#11410=SURFACE_STYLE_USAGE(.BOTH.,#11954);
#11411=SURFACE_STYLE_USAGE(.BOTH.,#11955);
#11412=SURFACE_STYLE_USAGE(.BOTH.,#11956);
#11413=SURFACE_STYLE_USAGE(.BOTH.,#11957);
#11414=SURFACE_STYLE_USAGE(.BOTH.,#11958);
#11415=SURFACE_STYLE_USAGE(.BOTH.,#11959);
#11416=SURFACE_STYLE_USAGE(.BOTH.,#11960);
#11417=SURFACE_STYLE_USAGE(.BOTH.,#11961);
#11418=SURFACE_STYLE_USAGE(.BOTH.,#11962);
#11419=SURFACE_STYLE_USAGE(.BOTH.,#11963);
#11420=SURFACE_STYLE_USAGE(.BOTH.,#11964);
#11421=SURFACE_STYLE_USAGE(.BOTH.,#11965);
#11422=SURFACE_STYLE_USAGE(.BOTH.,#11966);
#11423=SURFACE_STYLE_USAGE(.BOTH.,#11967);
#11424=SURFACE_STYLE_USAGE(.BOTH.,#11968);
#11425=SURFACE_STYLE_USAGE(.BOTH.,#11969);
#11426=SURFACE_STYLE_USAGE(.BOTH.,#11970);
#11427=SURFACE_STYLE_USAGE(.BOTH.,#11971);
#11428=SURFACE_STYLE_USAGE(.BOTH.,#11972);
#11429=SURFACE_STYLE_USAGE(.BOTH.,#11973);
#11430=SURFACE_STYLE_USAGE(.BOTH.,#11974);
#11431=SURFACE_STYLE_USAGE(.BOTH.,#11975);
#11432=SURFACE_STYLE_USAGE(.BOTH.,#11976);
#11433=SURFACE_STYLE_USAGE(.BOTH.,#11977);
#11434=SURFACE_STYLE_USAGE(.BOTH.,#11978);
#11435=SURFACE_STYLE_USAGE(.BOTH.,#11979);
#11436=SURFACE_STYLE_USAGE(.BOTH.,#11980);
#11437=SURFACE_STYLE_USAGE(.BOTH.,#11981);
#11438=SURFACE_STYLE_USAGE(.BOTH.,#11982);
#11439=SURFACE_STYLE_USAGE(.BOTH.,#11983);
#11440=SURFACE_STYLE_USAGE(.BOTH.,#11984);
#11441=SURFACE_STYLE_USAGE(.BOTH.,#11985);
#11442=SURFACE_STYLE_USAGE(.BOTH.,#11986);
#11443=SURFACE_STYLE_USAGE(.BOTH.,#11987);
#11444=SURFACE_STYLE_USAGE(.BOTH.,#11988);
#11445=SURFACE_STYLE_USAGE(.BOTH.,#11989);
#11446=SURFACE_STYLE_USAGE(.BOTH.,#11990);
#11447=SURFACE_STYLE_USAGE(.BOTH.,#11991);
#11448=SURFACE_STYLE_USAGE(.BOTH.,#11992);
#11449=SURFACE_STYLE_USAGE(.BOTH.,#11993);
#11450=SURFACE_STYLE_USAGE(.BOTH.,#11994);
#11451=SURFACE_STYLE_USAGE(.BOTH.,#11995);
#11452=SURFACE_STYLE_USAGE(.BOTH.,#11996);
#11453=SURFACE_STYLE_USAGE(.BOTH.,#11997);
#11454=SURFACE_STYLE_USAGE(.BOTH.,#11998);
#11455=SURFACE_STYLE_USAGE(.BOTH.,#11999);
#11456=SURFACE_STYLE_USAGE(.BOTH.,#12000);
#11457=SURFACE_STYLE_USAGE(.BOTH.,#12001);
#11458=SURFACE_STYLE_USAGE(.BOTH.,#12002);
#11459=SURFACE_STYLE_USAGE(.BOTH.,#12003);
#11460=SURFACE_STYLE_USAGE(.BOTH.,#12004);
#11461=SURFACE_STYLE_USAGE(.BOTH.,#12005);
#11462=SURFACE_STYLE_USAGE(.BOTH.,#12006);
#11463=SURFACE_STYLE_USAGE(.BOTH.,#12007);
#11464=SURFACE_STYLE_USAGE(.BOTH.,#12008);
#11465=SURFACE_STYLE_USAGE(.BOTH.,#12009);
#11466=SURFACE_STYLE_USAGE(.BOTH.,#12010);
#11467=SURFACE_STYLE_USAGE(.BOTH.,#12011);
#11468=SURFACE_STYLE_USAGE(.BOTH.,#12012);
#11469=SURFACE_STYLE_USAGE(.BOTH.,#12013);
#11470=SURFACE_STYLE_USAGE(.BOTH.,#12014);
#11471=SURFACE_STYLE_USAGE(.BOTH.,#12015);
#11472=SURFACE_STYLE_USAGE(.BOTH.,#12016);
#11473=SURFACE_STYLE_USAGE(.BOTH.,#12017);
#11474=SURFACE_STYLE_USAGE(.BOTH.,#12018);
#11475=SURFACE_STYLE_USAGE(.BOTH.,#12019);
#11476=SURFACE_STYLE_USAGE(.BOTH.,#12020);
#11477=SURFACE_STYLE_USAGE(.BOTH.,#12021);
#11478=SURFACE_STYLE_USAGE(.BOTH.,#12022);
#11479=SURFACE_STYLE_USAGE(.BOTH.,#12023);
#11480=SURFACE_STYLE_USAGE(.BOTH.,#12024);
#11481=SURFACE_STYLE_USAGE(.BOTH.,#12025);
#11482=SURFACE_STYLE_USAGE(.BOTH.,#12026);
#11483=SURFACE_STYLE_USAGE(.BOTH.,#12027);
#11484=SURFACE_STYLE_USAGE(.BOTH.,#12028);
#11485=SURFACE_STYLE_USAGE(.BOTH.,#12029);
#11486=SURFACE_STYLE_USAGE(.BOTH.,#12030);
#11487=SURFACE_STYLE_USAGE(.BOTH.,#12031);
#11488=SURFACE_STYLE_USAGE(.BOTH.,#12032);
#11489=SURFACE_STYLE_USAGE(.BOTH.,#12033);
#11490=SURFACE_STYLE_USAGE(.BOTH.,#12034);
#11491=SURFACE_STYLE_USAGE(.BOTH.,#12035);
#11492=SURFACE_STYLE_USAGE(.BOTH.,#12036);
#11493=SURFACE_STYLE_USAGE(.BOTH.,#12037);
#11494=SURFACE_STYLE_USAGE(.BOTH.,#12038);
#11495=SURFACE_STYLE_USAGE(.BOTH.,#12039);
#11496=SURFACE_STYLE_USAGE(.BOTH.,#12040);
#11497=SURFACE_STYLE_USAGE(.BOTH.,#12041);
#11498=SURFACE_STYLE_USAGE(.BOTH.,#12042);
#11499=SURFACE_STYLE_USAGE(.BOTH.,#12043);
#11500=SURFACE_STYLE_USAGE(.BOTH.,#12044);
#11501=SURFACE_STYLE_USAGE(.BOTH.,#12045);
#11502=SURFACE_STYLE_USAGE(.BOTH.,#12046);
#11503=SURFACE_STYLE_USAGE(.BOTH.,#12047);
#11504=SURFACE_STYLE_USAGE(.BOTH.,#12048);
#11505=SURFACE_STYLE_USAGE(.BOTH.,#12049);
#11506=SURFACE_STYLE_USAGE(.BOTH.,#12050);
#11507=SURFACE_STYLE_USAGE(.BOTH.,#12051);
#11508=SURFACE_STYLE_USAGE(.BOTH.,#12052);
#11509=SURFACE_STYLE_USAGE(.BOTH.,#12053);
#11510=SURFACE_STYLE_USAGE(.BOTH.,#12054);
#11511=SURFACE_STYLE_USAGE(.BOTH.,#12055);
#11512=SURFACE_STYLE_USAGE(.BOTH.,#12056);
#11513=SURFACE_STYLE_USAGE(.BOTH.,#12057);
#11514=SURFACE_SIDE_STYLE('',(#12058));
#11515=SURFACE_SIDE_STYLE('',(#12059));
#11516=SURFACE_SIDE_STYLE('',(#12060));
#11517=SURFACE_SIDE_STYLE('',(#12061));
#11518=SURFACE_SIDE_STYLE('',(#12062));
#11519=SURFACE_SIDE_STYLE('',(#12063));
#11520=SURFACE_SIDE_STYLE('',(#12064));
#11521=SURFACE_SIDE_STYLE('',(#12065));
#11522=SURFACE_SIDE_STYLE('',(#12066));
#11523=SURFACE_SIDE_STYLE('',(#12067));
#11524=SURFACE_SIDE_STYLE('',(#12068));
#11525=SURFACE_SIDE_STYLE('',(#12069));
#11526=SURFACE_SIDE_STYLE('',(#12070));
#11527=SURFACE_SIDE_STYLE('',(#12071));
#11528=SURFACE_SIDE_STYLE('',(#12072));
#11529=SURFACE_SIDE_STYLE('',(#12073));
#11530=SURFACE_SIDE_STYLE('',(#12074));
#11531=SURFACE_SIDE_STYLE('',(#12075));
#11532=SURFACE_SIDE_STYLE('',(#12076));
#11533=SURFACE_SIDE_STYLE('',(#12077));
#11534=SURFACE_SIDE_STYLE('',(#12078));
#11535=SURFACE_SIDE_STYLE('',(#12079));
#11536=SURFACE_SIDE_STYLE('',(#12080));
#11537=SURFACE_SIDE_STYLE('',(#12081));
#11538=SURFACE_SIDE_STYLE('',(#12082));
#11539=SURFACE_SIDE_STYLE('',(#12083));
#11540=SURFACE_SIDE_STYLE('',(#12084));
#11541=SURFACE_SIDE_STYLE('',(#12085));
#11542=SURFACE_SIDE_STYLE('',(#12086));
#11543=SURFACE_SIDE_STYLE('',(#12087));
#11544=SURFACE_SIDE_STYLE('',(#12088));
#11545=SURFACE_SIDE_STYLE('',(#12089));
#11546=SURFACE_SIDE_STYLE('',(#12090));
#11547=SURFACE_SIDE_STYLE('',(#12091));
#11548=SURFACE_SIDE_STYLE('',(#12092));
#11549=SURFACE_SIDE_STYLE('',(#12093));
#11550=SURFACE_SIDE_STYLE('',(#12094));
#11551=SURFACE_SIDE_STYLE('',(#12095));
#11552=SURFACE_SIDE_STYLE('',(#12096));
#11553=SURFACE_SIDE_STYLE('',(#12097));
#11554=SURFACE_SIDE_STYLE('',(#12098));
#11555=SURFACE_SIDE_STYLE('',(#12099));
#11556=SURFACE_SIDE_STYLE('',(#12100));
#11557=SURFACE_SIDE_STYLE('',(#12101));
#11558=SURFACE_SIDE_STYLE('',(#12102));
#11559=SURFACE_SIDE_STYLE('',(#12103));
#11560=SURFACE_SIDE_STYLE('',(#12104));
#11561=SURFACE_SIDE_STYLE('',(#12105));
#11562=SURFACE_SIDE_STYLE('',(#12106));
#11563=SURFACE_SIDE_STYLE('',(#12107));
#11564=SURFACE_SIDE_STYLE('',(#12108));
#11565=SURFACE_SIDE_STYLE('',(#12109));
#11566=SURFACE_SIDE_STYLE('',(#12110));
#11567=SURFACE_SIDE_STYLE('',(#12111));
#11568=SURFACE_SIDE_STYLE('',(#12112));
#11569=SURFACE_SIDE_STYLE('',(#12113));
#11570=SURFACE_SIDE_STYLE('',(#12114));
#11571=SURFACE_SIDE_STYLE('',(#12115));
#11572=SURFACE_SIDE_STYLE('',(#12116));
#11573=SURFACE_SIDE_STYLE('',(#12117));
#11574=SURFACE_SIDE_STYLE('',(#12118));
#11575=SURFACE_SIDE_STYLE('',(#12119));
#11576=SURFACE_SIDE_STYLE('',(#12120));
#11577=SURFACE_SIDE_STYLE('',(#12121));
#11578=SURFACE_SIDE_STYLE('',(#12122));
#11579=SURFACE_SIDE_STYLE('',(#12123));
#11580=SURFACE_SIDE_STYLE('',(#12124));
#11581=SURFACE_SIDE_STYLE('',(#12125));
#11582=SURFACE_SIDE_STYLE('',(#12126));
#11583=SURFACE_SIDE_STYLE('',(#12127));
#11584=SURFACE_SIDE_STYLE('',(#12128));
#11585=SURFACE_SIDE_STYLE('',(#12129));
#11586=SURFACE_SIDE_STYLE('',(#12130));
#11587=SURFACE_SIDE_STYLE('',(#12131));
#11588=SURFACE_SIDE_STYLE('',(#12132));
#11589=SURFACE_SIDE_STYLE('',(#12133));
#11590=SURFACE_SIDE_STYLE('',(#12134));
#11591=SURFACE_SIDE_STYLE('',(#12135));
#11592=SURFACE_SIDE_STYLE('',(#12136));
#11593=SURFACE_SIDE_STYLE('',(#12137));
#11594=SURFACE_SIDE_STYLE('',(#12138));
#11595=SURFACE_SIDE_STYLE('',(#12139));
#11596=SURFACE_SIDE_STYLE('',(#12140));
#11597=SURFACE_SIDE_STYLE('',(#12141));
#11598=SURFACE_SIDE_STYLE('',(#12142));
#11599=SURFACE_SIDE_STYLE('',(#12143));
#11600=SURFACE_SIDE_STYLE('',(#12144));
#11601=SURFACE_SIDE_STYLE('',(#12145));
#11602=SURFACE_SIDE_STYLE('',(#12146));
#11603=SURFACE_SIDE_STYLE('',(#12147));
#11604=SURFACE_SIDE_STYLE('',(#12148));
#11605=SURFACE_SIDE_STYLE('',(#12149));
#11606=SURFACE_SIDE_STYLE('',(#12150));
#11607=SURFACE_SIDE_STYLE('',(#12151));
#11608=SURFACE_SIDE_STYLE('',(#12152));
#11609=SURFACE_SIDE_STYLE('',(#12153));
#11610=SURFACE_SIDE_STYLE('',(#12154));
#11611=SURFACE_SIDE_STYLE('',(#12155));
#11612=SURFACE_SIDE_STYLE('',(#12156));
#11613=SURFACE_SIDE_STYLE('',(#12157));
#11614=SURFACE_SIDE_STYLE('',(#12158));
#11615=SURFACE_SIDE_STYLE('',(#12159));
#11616=SURFACE_SIDE_STYLE('',(#12160));
#11617=SURFACE_SIDE_STYLE('',(#12161));
#11618=SURFACE_SIDE_STYLE('',(#12162));
#11619=SURFACE_SIDE_STYLE('',(#12163));
#11620=SURFACE_SIDE_STYLE('',(#12164));
#11621=SURFACE_SIDE_STYLE('',(#12165));
#11622=SURFACE_SIDE_STYLE('',(#12166));
#11623=SURFACE_SIDE_STYLE('',(#12167));
#11624=SURFACE_SIDE_STYLE('',(#12168));
#11625=SURFACE_SIDE_STYLE('',(#12169));
#11626=SURFACE_SIDE_STYLE('',(#12170));
#11627=SURFACE_SIDE_STYLE('',(#12171));
#11628=SURFACE_SIDE_STYLE('',(#12172));
#11629=SURFACE_SIDE_STYLE('',(#12173));
#11630=SURFACE_SIDE_STYLE('',(#12174));
#11631=SURFACE_SIDE_STYLE('',(#12175));
#11632=SURFACE_SIDE_STYLE('',(#12176));
#11633=SURFACE_SIDE_STYLE('',(#12177));
#11634=SURFACE_SIDE_STYLE('',(#12178));
#11635=SURFACE_SIDE_STYLE('',(#12179));
#11636=SURFACE_SIDE_STYLE('',(#12180));
#11637=SURFACE_SIDE_STYLE('',(#12181));
#11638=SURFACE_SIDE_STYLE('',(#12182));
#11639=SURFACE_SIDE_STYLE('',(#12183));
#11640=SURFACE_SIDE_STYLE('',(#12184));
#11641=SURFACE_SIDE_STYLE('',(#12185));
#11642=SURFACE_SIDE_STYLE('',(#12186));
#11643=SURFACE_SIDE_STYLE('',(#12187));
#11644=SURFACE_SIDE_STYLE('',(#12188));
#11645=SURFACE_SIDE_STYLE('',(#12189));
#11646=SURFACE_SIDE_STYLE('',(#12190));
#11647=SURFACE_SIDE_STYLE('',(#12191));
#11648=SURFACE_SIDE_STYLE('',(#12192));
#11649=SURFACE_SIDE_STYLE('',(#12193));
#11650=SURFACE_SIDE_STYLE('',(#12194));
#11651=SURFACE_SIDE_STYLE('',(#12195));
#11652=SURFACE_SIDE_STYLE('',(#12196));
#11653=SURFACE_SIDE_STYLE('',(#12197));
#11654=SURFACE_SIDE_STYLE('',(#12198));
#11655=SURFACE_SIDE_STYLE('',(#12199));
#11656=SURFACE_SIDE_STYLE('',(#12200));
#11657=SURFACE_SIDE_STYLE('',(#12201));
#11658=SURFACE_SIDE_STYLE('',(#12202));
#11659=SURFACE_SIDE_STYLE('',(#12203));
#11660=SURFACE_SIDE_STYLE('',(#12204));
#11661=SURFACE_SIDE_STYLE('',(#12205));
#11662=SURFACE_SIDE_STYLE('',(#12206));
#11663=SURFACE_SIDE_STYLE('',(#12207));
#11664=SURFACE_SIDE_STYLE('',(#12208));
#11665=SURFACE_SIDE_STYLE('',(#12209));
#11666=SURFACE_SIDE_STYLE('',(#12210));
#11667=SURFACE_SIDE_STYLE('',(#12211));
#11668=SURFACE_SIDE_STYLE('',(#12212));
#11669=SURFACE_SIDE_STYLE('',(#12213));
#11670=SURFACE_SIDE_STYLE('',(#12214));
#11671=SURFACE_SIDE_STYLE('',(#12215));
#11672=SURFACE_SIDE_STYLE('',(#12216));
#11673=SURFACE_SIDE_STYLE('',(#12217));
#11674=SURFACE_SIDE_STYLE('',(#12218));
#11675=SURFACE_SIDE_STYLE('',(#12219));
#11676=SURFACE_SIDE_STYLE('',(#12220));
#11677=SURFACE_SIDE_STYLE('',(#12221));
#11678=SURFACE_SIDE_STYLE('',(#12222));
#11679=SURFACE_SIDE_STYLE('',(#12223));
#11680=SURFACE_SIDE_STYLE('',(#12224));
#11681=SURFACE_SIDE_STYLE('',(#12225));
#11682=SURFACE_SIDE_STYLE('',(#12226));
#11683=SURFACE_SIDE_STYLE('',(#12227));
#11684=SURFACE_SIDE_STYLE('',(#12228));
#11685=SURFACE_SIDE_STYLE('',(#12229));
#11686=SURFACE_SIDE_STYLE('',(#12230));
#11687=SURFACE_SIDE_STYLE('',(#12231));
#11688=SURFACE_SIDE_STYLE('',(#12232));
#11689=SURFACE_SIDE_STYLE('',(#12233));
#11690=SURFACE_SIDE_STYLE('',(#12234));
#11691=SURFACE_SIDE_STYLE('',(#12235));
#11692=SURFACE_SIDE_STYLE('',(#12236));
#11693=SURFACE_SIDE_STYLE('',(#12237));
#11694=SURFACE_SIDE_STYLE('',(#12238));
#11695=SURFACE_SIDE_STYLE('',(#12239));
#11696=SURFACE_SIDE_STYLE('',(#12240));
#11697=SURFACE_SIDE_STYLE('',(#12241));
#11698=SURFACE_SIDE_STYLE('',(#12242));
#11699=SURFACE_SIDE_STYLE('',(#12243));
#11700=SURFACE_SIDE_STYLE('',(#12244));
#11701=SURFACE_SIDE_STYLE('',(#12245));
#11702=SURFACE_SIDE_STYLE('',(#12246));
#11703=SURFACE_SIDE_STYLE('',(#12247));
#11704=SURFACE_SIDE_STYLE('',(#12248));
#11705=SURFACE_SIDE_STYLE('',(#12249));
#11706=SURFACE_SIDE_STYLE('',(#12250));
#11707=SURFACE_SIDE_STYLE('',(#12251));
#11708=SURFACE_SIDE_STYLE('',(#12252));
#11709=SURFACE_SIDE_STYLE('',(#12253));
#11710=SURFACE_SIDE_STYLE('',(#12254));
#11711=SURFACE_SIDE_STYLE('',(#12255));
#11712=SURFACE_SIDE_STYLE('',(#12256));
#11713=SURFACE_SIDE_STYLE('',(#12257));
#11714=SURFACE_SIDE_STYLE('',(#12258));
#11715=SURFACE_SIDE_STYLE('',(#12259));
#11716=SURFACE_SIDE_STYLE('',(#12260));
#11717=SURFACE_SIDE_STYLE('',(#12261));
#11718=SURFACE_SIDE_STYLE('',(#12262));
#11719=SURFACE_SIDE_STYLE('',(#12263));
#11720=SURFACE_SIDE_STYLE('',(#12264));
#11721=SURFACE_SIDE_STYLE('',(#12265));
#11722=SURFACE_SIDE_STYLE('',(#12266));
#11723=SURFACE_SIDE_STYLE('',(#12267));
#11724=SURFACE_SIDE_STYLE('',(#12268));
#11725=SURFACE_SIDE_STYLE('',(#12269));
#11726=SURFACE_SIDE_STYLE('',(#12270));
#11727=SURFACE_SIDE_STYLE('',(#12271));
#11728=SURFACE_SIDE_STYLE('',(#12272));
#11729=SURFACE_SIDE_STYLE('',(#12273));
#11730=SURFACE_SIDE_STYLE('',(#12274));
#11731=SURFACE_SIDE_STYLE('',(#12275));
#11732=SURFACE_SIDE_STYLE('',(#12276));
#11733=SURFACE_SIDE_STYLE('',(#12277));
#11734=SURFACE_SIDE_STYLE('',(#12278));
#11735=SURFACE_SIDE_STYLE('',(#12279));
#11736=SURFACE_SIDE_STYLE('',(#12280));
#11737=SURFACE_SIDE_STYLE('',(#12281));
#11738=SURFACE_SIDE_STYLE('',(#12282));
#11739=SURFACE_SIDE_STYLE('',(#12283));
#11740=SURFACE_SIDE_STYLE('',(#12284));
#11741=SURFACE_SIDE_STYLE('',(#12285));
#11742=SURFACE_SIDE_STYLE('',(#12286));
#11743=SURFACE_SIDE_STYLE('',(#12287));
#11744=SURFACE_SIDE_STYLE('',(#12288));
#11745=SURFACE_SIDE_STYLE('',(#12289));
#11746=SURFACE_SIDE_STYLE('',(#12290));
#11747=SURFACE_SIDE_STYLE('',(#12291));
#11748=SURFACE_SIDE_STYLE('',(#12292));
#11749=SURFACE_SIDE_STYLE('',(#12293));
#11750=SURFACE_SIDE_STYLE('',(#12294));
#11751=SURFACE_SIDE_STYLE('',(#12295));
#11752=SURFACE_SIDE_STYLE('',(#12296));
#11753=SURFACE_SIDE_STYLE('',(#12297));
#11754=SURFACE_SIDE_STYLE('',(#12298));
#11755=SURFACE_SIDE_STYLE('',(#12299));
#11756=SURFACE_SIDE_STYLE('',(#12300));
#11757=SURFACE_SIDE_STYLE('',(#12301));
#11758=SURFACE_SIDE_STYLE('',(#12302));
#11759=SURFACE_SIDE_STYLE('',(#12303));
#11760=SURFACE_SIDE_STYLE('',(#12304));
#11761=SURFACE_SIDE_STYLE('',(#12305));
#11762=SURFACE_SIDE_STYLE('',(#12306));
#11763=SURFACE_SIDE_STYLE('',(#12307));
#11764=SURFACE_SIDE_STYLE('',(#12308));
#11765=SURFACE_SIDE_STYLE('',(#12309));
#11766=SURFACE_SIDE_STYLE('',(#12310));
#11767=SURFACE_SIDE_STYLE('',(#12311));
#11768=SURFACE_SIDE_STYLE('',(#12312));
#11769=SURFACE_SIDE_STYLE('',(#12313));
#11770=SURFACE_SIDE_STYLE('',(#12314));
#11771=SURFACE_SIDE_STYLE('',(#12315));
#11772=SURFACE_SIDE_STYLE('',(#12316));
#11773=SURFACE_SIDE_STYLE('',(#12317));
#11774=SURFACE_SIDE_STYLE('',(#12318));
#11775=SURFACE_SIDE_STYLE('',(#12319));
#11776=SURFACE_SIDE_STYLE('',(#12320));
#11777=SURFACE_SIDE_STYLE('',(#12321));
#11778=SURFACE_SIDE_STYLE('',(#12322));
#11779=SURFACE_SIDE_STYLE('',(#12323));
#11780=SURFACE_SIDE_STYLE('',(#12324));
#11781=SURFACE_SIDE_STYLE('',(#12325));
#11782=SURFACE_SIDE_STYLE('',(#12326));
#11783=SURFACE_SIDE_STYLE('',(#12327));
#11784=SURFACE_SIDE_STYLE('',(#12328));
#11785=SURFACE_SIDE_STYLE('',(#12329));
#11786=SURFACE_SIDE_STYLE('',(#12330));
#11787=SURFACE_SIDE_STYLE('',(#12331));
#11788=SURFACE_SIDE_STYLE('',(#12332));
#11789=SURFACE_SIDE_STYLE('',(#12333));
#11790=SURFACE_SIDE_STYLE('',(#12334));
#11791=SURFACE_SIDE_STYLE('',(#12335));
#11792=SURFACE_SIDE_STYLE('',(#12336));
#11793=SURFACE_SIDE_STYLE('',(#12337));
#11794=SURFACE_SIDE_STYLE('',(#12338));
#11795=SURFACE_SIDE_STYLE('',(#12339));
#11796=SURFACE_SIDE_STYLE('',(#12340));
#11797=SURFACE_SIDE_STYLE('',(#12341));
#11798=SURFACE_SIDE_STYLE('',(#12342));
#11799=SURFACE_SIDE_STYLE('',(#12343));
#11800=SURFACE_SIDE_STYLE('',(#12344));
#11801=SURFACE_SIDE_STYLE('',(#12345));
#11802=SURFACE_SIDE_STYLE('',(#12346));
#11803=SURFACE_SIDE_STYLE('',(#12347));
#11804=SURFACE_SIDE_STYLE('',(#12348));
#11805=SURFACE_SIDE_STYLE('',(#12349));
#11806=SURFACE_SIDE_STYLE('',(#12350));
#11807=SURFACE_SIDE_STYLE('',(#12351));
#11808=SURFACE_SIDE_STYLE('',(#12352));
#11809=SURFACE_SIDE_STYLE('',(#12353));
#11810=SURFACE_SIDE_STYLE('',(#12354));
#11811=SURFACE_SIDE_STYLE('',(#12355));
#11812=SURFACE_SIDE_STYLE('',(#12356));
#11813=SURFACE_SIDE_STYLE('',(#12357));
#11814=SURFACE_SIDE_STYLE('',(#12358));
#11815=SURFACE_SIDE_STYLE('',(#12359));
#11816=SURFACE_SIDE_STYLE('',(#12360));
#11817=SURFACE_SIDE_STYLE('',(#12361));
#11818=SURFACE_SIDE_STYLE('',(#12362));
#11819=SURFACE_SIDE_STYLE('',(#12363));
#11820=SURFACE_SIDE_STYLE('',(#12364));
#11821=SURFACE_SIDE_STYLE('',(#12365));
#11822=SURFACE_SIDE_STYLE('',(#12366));
#11823=SURFACE_SIDE_STYLE('',(#12367));
#11824=SURFACE_SIDE_STYLE('',(#12368));
#11825=SURFACE_SIDE_STYLE('',(#12369));
#11826=SURFACE_SIDE_STYLE('',(#12370));
#11827=SURFACE_SIDE_STYLE('',(#12371));
#11828=SURFACE_SIDE_STYLE('',(#12372));
#11829=SURFACE_SIDE_STYLE('',(#12373));
#11830=SURFACE_SIDE_STYLE('',(#12374));
#11831=SURFACE_SIDE_STYLE('',(#12375));
#11832=SURFACE_SIDE_STYLE('',(#12376));
#11833=SURFACE_SIDE_STYLE('',(#12377));
#11834=SURFACE_SIDE_STYLE('',(#12378));
#11835=SURFACE_SIDE_STYLE('',(#12379));
#11836=SURFACE_SIDE_STYLE('',(#12380));
#11837=SURFACE_SIDE_STYLE('',(#12381));
#11838=SURFACE_SIDE_STYLE('',(#12382));
#11839=SURFACE_SIDE_STYLE('',(#12383));
#11840=SURFACE_SIDE_STYLE('',(#12384));
#11841=SURFACE_SIDE_STYLE('',(#12385));
#11842=SURFACE_SIDE_STYLE('',(#12386));
#11843=SURFACE_SIDE_STYLE('',(#12387));
#11844=SURFACE_SIDE_STYLE('',(#12388));
#11845=SURFACE_SIDE_STYLE('',(#12389));
#11846=SURFACE_SIDE_STYLE('',(#12390));
#11847=SURFACE_SIDE_STYLE('',(#12391));
#11848=SURFACE_SIDE_STYLE('',(#12392));
#11849=SURFACE_SIDE_STYLE('',(#12393));
#11850=SURFACE_SIDE_STYLE('',(#12394));
#11851=SURFACE_SIDE_STYLE('',(#12395));
#11852=SURFACE_SIDE_STYLE('',(#12396));
#11853=SURFACE_SIDE_STYLE('',(#12397));
#11854=SURFACE_SIDE_STYLE('',(#12398));
#11855=SURFACE_SIDE_STYLE('',(#12399));
#11856=SURFACE_SIDE_STYLE('',(#12400));
#11857=SURFACE_SIDE_STYLE('',(#12401));
#11858=SURFACE_SIDE_STYLE('',(#12402));
#11859=SURFACE_SIDE_STYLE('',(#12403));
#11860=SURFACE_SIDE_STYLE('',(#12404));
#11861=SURFACE_SIDE_STYLE('',(#12405));
#11862=SURFACE_SIDE_STYLE('',(#12406));
#11863=SURFACE_SIDE_STYLE('',(#12407));
#11864=SURFACE_SIDE_STYLE('',(#12408));
#11865=SURFACE_SIDE_STYLE('',(#12409));
#11866=SURFACE_SIDE_STYLE('',(#12410));
#11867=SURFACE_SIDE_STYLE('',(#12411));
#11868=SURFACE_SIDE_STYLE('',(#12412));
#11869=SURFACE_SIDE_STYLE('',(#12413));
#11870=SURFACE_SIDE_STYLE('',(#12414));
#11871=SURFACE_SIDE_STYLE('',(#12415));
#11872=SURFACE_SIDE_STYLE('',(#12416));
#11873=SURFACE_SIDE_STYLE('',(#12417));
#11874=SURFACE_SIDE_STYLE('',(#12418));
#11875=SURFACE_SIDE_STYLE('',(#12419));
#11876=SURFACE_SIDE_STYLE('',(#12420));
#11877=SURFACE_SIDE_STYLE('',(#12421));
#11878=SURFACE_SIDE_STYLE('',(#12422));
#11879=SURFACE_SIDE_STYLE('',(#12423));
#11880=SURFACE_SIDE_STYLE('',(#12424));
#11881=SURFACE_SIDE_STYLE('',(#12425));
#11882=SURFACE_SIDE_STYLE('',(#12426));
#11883=SURFACE_SIDE_STYLE('',(#12427));
#11884=SURFACE_SIDE_STYLE('',(#12428));
#11885=SURFACE_SIDE_STYLE('',(#12429));
#11886=SURFACE_SIDE_STYLE('',(#12430));
#11887=SURFACE_SIDE_STYLE('',(#12431));
#11888=SURFACE_SIDE_STYLE('',(#12432));
#11889=SURFACE_SIDE_STYLE('',(#12433));
#11890=SURFACE_SIDE_STYLE('',(#12434));
#11891=SURFACE_SIDE_STYLE('',(#12435));
#11892=SURFACE_SIDE_STYLE('',(#12436));
#11893=SURFACE_SIDE_STYLE('',(#12437));
#11894=SURFACE_SIDE_STYLE('',(#12438));
#11895=SURFACE_SIDE_STYLE('',(#12439));
#11896=SURFACE_SIDE_STYLE('',(#12440));
#11897=SURFACE_SIDE_STYLE('',(#12441));
#11898=SURFACE_SIDE_STYLE('',(#12442));
#11899=SURFACE_SIDE_STYLE('',(#12443));
#11900=SURFACE_SIDE_STYLE('',(#12444));
#11901=SURFACE_SIDE_STYLE('',(#12445));
#11902=SURFACE_SIDE_STYLE('',(#12446));
#11903=SURFACE_SIDE_STYLE('',(#12447));
#11904=SURFACE_SIDE_STYLE('',(#12448));
#11905=SURFACE_SIDE_STYLE('',(#12449));
#11906=SURFACE_SIDE_STYLE('',(#12450));
#11907=SURFACE_SIDE_STYLE('',(#12451));
#11908=SURFACE_SIDE_STYLE('',(#12452));
#11909=SURFACE_SIDE_STYLE('',(#12453));
#11910=SURFACE_SIDE_STYLE('',(#12454));
#11911=SURFACE_SIDE_STYLE('',(#12455));
#11912=SURFACE_SIDE_STYLE('',(#12456));
#11913=SURFACE_SIDE_STYLE('',(#12457));
#11914=SURFACE_SIDE_STYLE('',(#12458));
#11915=SURFACE_SIDE_STYLE('',(#12459));
#11916=SURFACE_SIDE_STYLE('',(#12460));
#11917=SURFACE_SIDE_STYLE('',(#12461));
#11918=SURFACE_SIDE_STYLE('',(#12462));
#11919=SURFACE_SIDE_STYLE('',(#12463));
#11920=SURFACE_SIDE_STYLE('',(#12464));
#11921=SURFACE_SIDE_STYLE('',(#12465));
#11922=SURFACE_SIDE_STYLE('',(#12466));
#11923=SURFACE_SIDE_STYLE('',(#12467));
#11924=SURFACE_SIDE_STYLE('',(#12468));
#11925=SURFACE_SIDE_STYLE('',(#12469));
#11926=SURFACE_SIDE_STYLE('',(#12470));
#11927=SURFACE_SIDE_STYLE('',(#12471));
#11928=SURFACE_SIDE_STYLE('',(#12472));
#11929=SURFACE_SIDE_STYLE('',(#12473));
#11930=SURFACE_SIDE_STYLE('',(#12474));
#11931=SURFACE_SIDE_STYLE('',(#12475));
#11932=SURFACE_SIDE_STYLE('',(#12476));
#11933=SURFACE_SIDE_STYLE('',(#12477));
#11934=SURFACE_SIDE_STYLE('',(#12478));
#11935=SURFACE_SIDE_STYLE('',(#12479));
#11936=SURFACE_SIDE_STYLE('',(#12480));
#11937=SURFACE_SIDE_STYLE('',(#12481));
#11938=SURFACE_SIDE_STYLE('',(#12482));
#11939=SURFACE_SIDE_STYLE('',(#12483));
#11940=SURFACE_SIDE_STYLE('',(#12484));
#11941=SURFACE_SIDE_STYLE('',(#12485));
#11942=SURFACE_SIDE_STYLE('',(#12486));
#11943=SURFACE_SIDE_STYLE('',(#12487));
#11944=SURFACE_SIDE_STYLE('',(#12488));
#11945=SURFACE_SIDE_STYLE('',(#12489));
#11946=SURFACE_SIDE_STYLE('',(#12490));
#11947=SURFACE_SIDE_STYLE('',(#12491));
#11948=SURFACE_SIDE_STYLE('',(#12492));
#11949=SURFACE_SIDE_STYLE('',(#12493));
#11950=SURFACE_SIDE_STYLE('',(#12494));
#11951=SURFACE_SIDE_STYLE('',(#12495));
#11952=SURFACE_SIDE_STYLE('',(#12496));
#11953=SURFACE_SIDE_STYLE('',(#12497));
#11954=SURFACE_SIDE_STYLE('',(#12498));
#11955=SURFACE_SIDE_STYLE('',(#12499));
#11956=SURFACE_SIDE_STYLE('',(#12500));
#11957=SURFACE_SIDE_STYLE('',(#12501));
#11958=SURFACE_SIDE_STYLE('',(#12502));
#11959=SURFACE_SIDE_STYLE('',(#12503));
#11960=SURFACE_SIDE_STYLE('',(#12504));
#11961=SURFACE_SIDE_STYLE('',(#12505));
#11962=SURFACE_SIDE_STYLE('',(#12506));
#11963=SURFACE_SIDE_STYLE('',(#12507));
#11964=SURFACE_SIDE_STYLE('',(#12508));
#11965=SURFACE_SIDE_STYLE('',(#12509));
#11966=SURFACE_SIDE_STYLE('',(#12510));
#11967=SURFACE_SIDE_STYLE('',(#12511));
#11968=SURFACE_SIDE_STYLE('',(#12512));
#11969=SURFACE_SIDE_STYLE('',(#12513));
#11970=SURFACE_SIDE_STYLE('',(#12514));
#11971=SURFACE_SIDE_STYLE('',(#12515));
#11972=SURFACE_SIDE_STYLE('',(#12516));
#11973=SURFACE_SIDE_STYLE('',(#12517));
#11974=SURFACE_SIDE_STYLE('',(#12518));
#11975=SURFACE_SIDE_STYLE('',(#12519));
#11976=SURFACE_SIDE_STYLE('',(#12520));
#11977=SURFACE_SIDE_STYLE('',(#12521));
#11978=SURFACE_SIDE_STYLE('',(#12522));
#11979=SURFACE_SIDE_STYLE('',(#12523));
#11980=SURFACE_SIDE_STYLE('',(#12524));
#11981=SURFACE_SIDE_STYLE('',(#12525));
#11982=SURFACE_SIDE_STYLE('',(#12526));
#11983=SURFACE_SIDE_STYLE('',(#12527));
#11984=SURFACE_SIDE_STYLE('',(#12528));
#11985=SURFACE_SIDE_STYLE('',(#12529));
#11986=SURFACE_SIDE_STYLE('',(#12530));
#11987=SURFACE_SIDE_STYLE('',(#12531));
#11988=SURFACE_SIDE_STYLE('',(#12532));
#11989=SURFACE_SIDE_STYLE('',(#12533));
#11990=SURFACE_SIDE_STYLE('',(#12534));
#11991=SURFACE_SIDE_STYLE('',(#12535));
#11992=SURFACE_SIDE_STYLE('',(#12536));
#11993=SURFACE_SIDE_STYLE('',(#12537));
#11994=SURFACE_SIDE_STYLE('',(#12538));
#11995=SURFACE_SIDE_STYLE('',(#12539));
#11996=SURFACE_SIDE_STYLE('',(#12540));
#11997=SURFACE_SIDE_STYLE('',(#12541));
#11998=SURFACE_SIDE_STYLE('',(#12542));
#11999=SURFACE_SIDE_STYLE('',(#12543));
#12000=SURFACE_SIDE_STYLE('',(#12544));
#12001=SURFACE_SIDE_STYLE('',(#12545));
#12002=SURFACE_SIDE_STYLE('',(#12546));
#12003=SURFACE_SIDE_STYLE('',(#12547));
#12004=SURFACE_SIDE_STYLE('',(#12548));
#12005=SURFACE_SIDE_STYLE('',(#12549));
#12006=SURFACE_SIDE_STYLE('',(#12550));
#12007=SURFACE_SIDE_STYLE('',(#12551));
#12008=SURFACE_SIDE_STYLE('',(#12552));
#12009=SURFACE_SIDE_STYLE('',(#12553));
#12010=SURFACE_SIDE_STYLE('',(#12554));
#12011=SURFACE_SIDE_STYLE('',(#12555));
#12012=SURFACE_SIDE_STYLE('',(#12556));
#12013=SURFACE_SIDE_STYLE('',(#12557));
#12014=SURFACE_SIDE_STYLE('',(#12558));
#12015=SURFACE_SIDE_STYLE('',(#12559));
#12016=SURFACE_SIDE_STYLE('',(#12560));
#12017=SURFACE_SIDE_STYLE('',(#12561));
#12018=SURFACE_SIDE_STYLE('',(#12562));
#12019=SURFACE_SIDE_STYLE('',(#12563));
#12020=SURFACE_SIDE_STYLE('',(#12564));
#12021=SURFACE_SIDE_STYLE('',(#12565));
#12022=SURFACE_SIDE_STYLE('',(#12566));
#12023=SURFACE_SIDE_STYLE('',(#12567));
#12024=SURFACE_SIDE_STYLE('',(#12568));
#12025=SURFACE_SIDE_STYLE('',(#12569));
#12026=SURFACE_SIDE_STYLE('',(#12570));
#12027=SURFACE_SIDE_STYLE('',(#12571));
#12028=SURFACE_SIDE_STYLE('',(#12572));
#12029=SURFACE_SIDE_STYLE('',(#12573));
#12030=SURFACE_SIDE_STYLE('',(#12574));
#12031=SURFACE_SIDE_STYLE('',(#12575));
#12032=SURFACE_SIDE_STYLE('',(#12576));
#12033=SURFACE_SIDE_STYLE('',(#12577));
#12034=SURFACE_SIDE_STYLE('',(#12578));
#12035=SURFACE_SIDE_STYLE('',(#12579));
#12036=SURFACE_SIDE_STYLE('',(#12580));
#12037=SURFACE_SIDE_STYLE('',(#12581));
#12038=SURFACE_SIDE_STYLE('',(#12582));
#12039=SURFACE_SIDE_STYLE('',(#12583));
#12040=SURFACE_SIDE_STYLE('',(#12584));
#12041=SURFACE_SIDE_STYLE('',(#12585));
#12042=SURFACE_SIDE_STYLE('',(#12586));
#12043=SURFACE_SIDE_STYLE('',(#12587));
#12044=SURFACE_SIDE_STYLE('',(#12588));
#12045=SURFACE_SIDE_STYLE('',(#12589));
#12046=SURFACE_SIDE_STYLE('',(#12590));
#12047=SURFACE_SIDE_STYLE('',(#12591));
#12048=SURFACE_SIDE_STYLE('',(#12592));
#12049=SURFACE_SIDE_STYLE('',(#12593));
#12050=SURFACE_SIDE_STYLE('',(#12594));
#12051=SURFACE_SIDE_STYLE('',(#12595));
#12052=SURFACE_SIDE_STYLE('',(#12596));
#12053=SURFACE_SIDE_STYLE('',(#12597));
#12054=SURFACE_SIDE_STYLE('',(#12598));
#12055=SURFACE_SIDE_STYLE('',(#12599));
#12056=SURFACE_SIDE_STYLE('',(#12600));
#12057=SURFACE_SIDE_STYLE('',(#12601));
#12058=SURFACE_STYLE_FILL_AREA(#12602);
#12059=SURFACE_STYLE_FILL_AREA(#12603);
#12060=SURFACE_STYLE_FILL_AREA(#12604);
#12061=SURFACE_STYLE_FILL_AREA(#12605);
#12062=SURFACE_STYLE_FILL_AREA(#12606);
#12063=SURFACE_STYLE_FILL_AREA(#12607);
#12064=SURFACE_STYLE_FILL_AREA(#12608);
#12065=SURFACE_STYLE_FILL_AREA(#12609);
#12066=SURFACE_STYLE_FILL_AREA(#12610);
#12067=SURFACE_STYLE_FILL_AREA(#12611);
#12068=SURFACE_STYLE_FILL_AREA(#12612);
#12069=SURFACE_STYLE_FILL_AREA(#12613);
#12070=SURFACE_STYLE_FILL_AREA(#12614);
#12071=SURFACE_STYLE_FILL_AREA(#12615);
#12072=SURFACE_STYLE_FILL_AREA(#12616);
#12073=SURFACE_STYLE_FILL_AREA(#12617);
#12074=SURFACE_STYLE_FILL_AREA(#12618);
#12075=SURFACE_STYLE_FILL_AREA(#12619);
#12076=SURFACE_STYLE_FILL_AREA(#12620);
#12077=SURFACE_STYLE_FILL_AREA(#12621);
#12078=SURFACE_STYLE_FILL_AREA(#12622);
#12079=SURFACE_STYLE_FILL_AREA(#12623);
#12080=SURFACE_STYLE_FILL_AREA(#12624);
#12081=SURFACE_STYLE_FILL_AREA(#12625);
#12082=SURFACE_STYLE_FILL_AREA(#12626);
#12083=SURFACE_STYLE_FILL_AREA(#12627);
#12084=SURFACE_STYLE_FILL_AREA(#12628);
#12085=SURFACE_STYLE_FILL_AREA(#12629);
#12086=SURFACE_STYLE_FILL_AREA(#12630);
#12087=SURFACE_STYLE_FILL_AREA(#12631);
#12088=SURFACE_STYLE_FILL_AREA(#12632);
#12089=SURFACE_STYLE_FILL_AREA(#12633);
#12090=SURFACE_STYLE_FILL_AREA(#12634);
#12091=SURFACE_STYLE_FILL_AREA(#12635);
#12092=SURFACE_STYLE_FILL_AREA(#12636);
#12093=SURFACE_STYLE_FILL_AREA(#12637);
#12094=SURFACE_STYLE_FILL_AREA(#12638);
#12095=SURFACE_STYLE_FILL_AREA(#12639);
#12096=SURFACE_STYLE_FILL_AREA(#12640);
#12097=SURFACE_STYLE_FILL_AREA(#12641);
#12098=SURFACE_STYLE_FILL_AREA(#12642);
#12099=SURFACE_STYLE_FILL_AREA(#12643);
#12100=SURFACE_STYLE_FILL_AREA(#12644);
#12101=SURFACE_STYLE_FILL_AREA(#12645);
#12102=SURFACE_STYLE_FILL_AREA(#12646);
#12103=SURFACE_STYLE_FILL_AREA(#12647);
#12104=SURFACE_STYLE_FILL_AREA(#12648);
#12105=SURFACE_STYLE_FILL_AREA(#12649);
#12106=SURFACE_STYLE_FILL_AREA(#12650);
#12107=SURFACE_STYLE_FILL_AREA(#12651);
#12108=SURFACE_STYLE_FILL_AREA(#12652);
#12109=SURFACE_STYLE_FILL_AREA(#12653);
#12110=SURFACE_STYLE_FILL_AREA(#12654);
#12111=SURFACE_STYLE_FILL_AREA(#12655);
#12112=SURFACE_STYLE_FILL_AREA(#12656);
#12113=SURFACE_STYLE_FILL_AREA(#12657);
#12114=SURFACE_STYLE_FILL_AREA(#12658);
#12115=SURFACE_STYLE_FILL_AREA(#12659);
#12116=SURFACE_STYLE_FILL_AREA(#12660);
#12117=SURFACE_STYLE_FILL_AREA(#12661);
#12118=SURFACE_STYLE_FILL_AREA(#12662);
#12119=SURFACE_STYLE_FILL_AREA(#12663);
#12120=SURFACE_STYLE_FILL_AREA(#12664);
#12121=SURFACE_STYLE_FILL_AREA(#12665);
#12122=SURFACE_STYLE_FILL_AREA(#12666);
#12123=SURFACE_STYLE_FILL_AREA(#12667);
#12124=SURFACE_STYLE_FILL_AREA(#12668);
#12125=SURFACE_STYLE_FILL_AREA(#12669);
#12126=SURFACE_STYLE_FILL_AREA(#12670);
#12127=SURFACE_STYLE_FILL_AREA(#12671);
#12128=SURFACE_STYLE_FILL_AREA(#12672);
#12129=SURFACE_STYLE_FILL_AREA(#12673);
#12130=SURFACE_STYLE_FILL_AREA(#12674);
#12131=SURFACE_STYLE_FILL_AREA(#12675);
#12132=SURFACE_STYLE_FILL_AREA(#12676);
#12133=SURFACE_STYLE_FILL_AREA(#12677);
#12134=SURFACE_STYLE_FILL_AREA(#12678);
#12135=SURFACE_STYLE_FILL_AREA(#12679);
#12136=SURFACE_STYLE_FILL_AREA(#12680);
#12137=SURFACE_STYLE_FILL_AREA(#12681);
#12138=SURFACE_STYLE_FILL_AREA(#12682);
#12139=SURFACE_STYLE_FILL_AREA(#12683);
#12140=SURFACE_STYLE_FILL_AREA(#12684);
#12141=SURFACE_STYLE_FILL_AREA(#12685);
#12142=SURFACE_STYLE_FILL_AREA(#12686);
#12143=SURFACE_STYLE_FILL_AREA(#12687);
#12144=SURFACE_STYLE_FILL_AREA(#12688);
#12145=SURFACE_STYLE_FILL_AREA(#12689);
#12146=SURFACE_STYLE_FILL_AREA(#12690);
#12147=SURFACE_STYLE_FILL_AREA(#12691);
#12148=SURFACE_STYLE_FILL_AREA(#12692);
#12149=SURFACE_STYLE_FILL_AREA(#12693);
#12150=SURFACE_STYLE_FILL_AREA(#12694);
#12151=SURFACE_STYLE_FILL_AREA(#12695);
#12152=SURFACE_STYLE_FILL_AREA(#12696);
#12153=SURFACE_STYLE_FILL_AREA(#12697);
#12154=SURFACE_STYLE_FILL_AREA(#12698);
#12155=SURFACE_STYLE_FILL_AREA(#12699);
#12156=SURFACE_STYLE_FILL_AREA(#12700);
#12157=SURFACE_STYLE_FILL_AREA(#12701);
#12158=SURFACE_STYLE_FILL_AREA(#12702);
#12159=SURFACE_STYLE_FILL_AREA(#12703);
#12160=SURFACE_STYLE_FILL_AREA(#12704);
#12161=SURFACE_STYLE_FILL_AREA(#12705);
#12162=SURFACE_STYLE_FILL_AREA(#12706);
#12163=SURFACE_STYLE_FILL_AREA(#12707);
#12164=SURFACE_STYLE_FILL_AREA(#12708);
#12165=SURFACE_STYLE_FILL_AREA(#12709);
#12166=SURFACE_STYLE_FILL_AREA(#12710);
#12167=SURFACE_STYLE_FILL_AREA(#12711);
#12168=SURFACE_STYLE_FILL_AREA(#12712);
#12169=SURFACE_STYLE_FILL_AREA(#12713);
#12170=SURFACE_STYLE_FILL_AREA(#12714);
#12171=SURFACE_STYLE_FILL_AREA(#12715);
#12172=SURFACE_STYLE_FILL_AREA(#12716);
#12173=SURFACE_STYLE_FILL_AREA(#12717);
#12174=SURFACE_STYLE_FILL_AREA(#12718);
#12175=SURFACE_STYLE_FILL_AREA(#12719);
#12176=SURFACE_STYLE_FILL_AREA(#12720);
#12177=SURFACE_STYLE_FILL_AREA(#12721);
#12178=SURFACE_STYLE_FILL_AREA(#12722);
#12179=SURFACE_STYLE_FILL_AREA(#12723);
#12180=SURFACE_STYLE_FILL_AREA(#12724);
#12181=SURFACE_STYLE_FILL_AREA(#12725);
#12182=SURFACE_STYLE_FILL_AREA(#12726);
#12183=SURFACE_STYLE_FILL_AREA(#12727);
#12184=SURFACE_STYLE_FILL_AREA(#12728);
#12185=SURFACE_STYLE_FILL_AREA(#12729);
#12186=SURFACE_STYLE_FILL_AREA(#12730);
#12187=SURFACE_STYLE_FILL_AREA(#12731);
#12188=SURFACE_STYLE_FILL_AREA(#12732);
#12189=SURFACE_STYLE_FILL_AREA(#12733);
#12190=SURFACE_STYLE_FILL_AREA(#12734);
#12191=SURFACE_STYLE_FILL_AREA(#12735);
#12192=SURFACE_STYLE_FILL_AREA(#12736);
#12193=SURFACE_STYLE_FILL_AREA(#12737);
#12194=SURFACE_STYLE_FILL_AREA(#12738);
#12195=SURFACE_STYLE_FILL_AREA(#12739);
#12196=SURFACE_STYLE_FILL_AREA(#12740);
#12197=SURFACE_STYLE_FILL_AREA(#12741);
#12198=SURFACE_STYLE_FILL_AREA(#12742);
#12199=SURFACE_STYLE_FILL_AREA(#12743);
#12200=SURFACE_STYLE_FILL_AREA(#12744);
#12201=SURFACE_STYLE_FILL_AREA(#12745);
#12202=SURFACE_STYLE_FILL_AREA(#12746);
#12203=SURFACE_STYLE_FILL_AREA(#12747);
#12204=SURFACE_STYLE_FILL_AREA(#12748);
#12205=SURFACE_STYLE_FILL_AREA(#12749);
#12206=SURFACE_STYLE_FILL_AREA(#12750);
#12207=SURFACE_STYLE_FILL_AREA(#12751);
#12208=SURFACE_STYLE_FILL_AREA(#12752);
#12209=SURFACE_STYLE_FILL_AREA(#12753);
#12210=SURFACE_STYLE_FILL_AREA(#12754);
#12211=SURFACE_STYLE_FILL_AREA(#12755);
#12212=SURFACE_STYLE_FILL_AREA(#12756);
#12213=SURFACE_STYLE_FILL_AREA(#12757);
#12214=SURFACE_STYLE_FILL_AREA(#12758);
#12215=SURFACE_STYLE_FILL_AREA(#12759);
#12216=SURFACE_STYLE_FILL_AREA(#12760);
#12217=SURFACE_STYLE_FILL_AREA(#12761);
#12218=SURFACE_STYLE_FILL_AREA(#12762);
#12219=SURFACE_STYLE_FILL_AREA(#12763);
#12220=SURFACE_STYLE_FILL_AREA(#12764);
#12221=SURFACE_STYLE_FILL_AREA(#12765);
#12222=SURFACE_STYLE_FILL_AREA(#12766);
#12223=SURFACE_STYLE_FILL_AREA(#12767);
#12224=SURFACE_STYLE_FILL_AREA(#12768);
#12225=SURFACE_STYLE_FILL_AREA(#12769);
#12226=SURFACE_STYLE_FILL_AREA(#12770);
#12227=SURFACE_STYLE_FILL_AREA(#12771);
#12228=SURFACE_STYLE_FILL_AREA(#12772);
#12229=SURFACE_STYLE_FILL_AREA(#12773);
#12230=SURFACE_STYLE_FILL_AREA(#12774);
#12231=SURFACE_STYLE_FILL_AREA(#12775);
#12232=SURFACE_STYLE_FILL_AREA(#12776);
#12233=SURFACE_STYLE_FILL_AREA(#12777);
#12234=SURFACE_STYLE_FILL_AREA(#12778);
#12235=SURFACE_STYLE_FILL_AREA(#12779);
#12236=SURFACE_STYLE_FILL_AREA(#12780);
#12237=SURFACE_STYLE_FILL_AREA(#12781);
#12238=SURFACE_STYLE_FILL_AREA(#12782);
#12239=SURFACE_STYLE_FILL_AREA(#12783);
#12240=SURFACE_STYLE_FILL_AREA(#12784);
#12241=SURFACE_STYLE_FILL_AREA(#12785);
#12242=SURFACE_STYLE_FILL_AREA(#12786);
#12243=SURFACE_STYLE_FILL_AREA(#12787);
#12244=SURFACE_STYLE_FILL_AREA(#12788);
#12245=SURFACE_STYLE_FILL_AREA(#12789);
#12246=SURFACE_STYLE_FILL_AREA(#12790);
#12247=SURFACE_STYLE_FILL_AREA(#12791);
#12248=SURFACE_STYLE_FILL_AREA(#12792);
#12249=SURFACE_STYLE_FILL_AREA(#12793);
#12250=SURFACE_STYLE_FILL_AREA(#12794);
#12251=SURFACE_STYLE_FILL_AREA(#12795);
#12252=SURFACE_STYLE_FILL_AREA(#12796);
#12253=SURFACE_STYLE_FILL_AREA(#12797);
#12254=SURFACE_STYLE_FILL_AREA(#12798);
#12255=SURFACE_STYLE_FILL_AREA(#12799);
#12256=SURFACE_STYLE_FILL_AREA(#12800);
#12257=SURFACE_STYLE_FILL_AREA(#12801);
#12258=SURFACE_STYLE_FILL_AREA(#12802);
#12259=SURFACE_STYLE_FILL_AREA(#12803);
#12260=SURFACE_STYLE_FILL_AREA(#12804);
#12261=SURFACE_STYLE_FILL_AREA(#12805);
#12262=SURFACE_STYLE_FILL_AREA(#12806);
#12263=SURFACE_STYLE_FILL_AREA(#12807);
#12264=SURFACE_STYLE_FILL_AREA(#12808);
#12265=SURFACE_STYLE_FILL_AREA(#12809);
#12266=SURFACE_STYLE_FILL_AREA(#12810);
#12267=SURFACE_STYLE_FILL_AREA(#12811);
#12268=SURFACE_STYLE_FILL_AREA(#12812);
#12269=SURFACE_STYLE_FILL_AREA(#12813);
#12270=SURFACE_STYLE_FILL_AREA(#12814);
#12271=SURFACE_STYLE_FILL_AREA(#12815);
#12272=SURFACE_STYLE_FILL_AREA(#12816);
#12273=SURFACE_STYLE_FILL_AREA(#12817);
#12274=SURFACE_STYLE_FILL_AREA(#12818);
#12275=SURFACE_STYLE_FILL_AREA(#12819);
#12276=SURFACE_STYLE_FILL_AREA(#12820);
#12277=SURFACE_STYLE_FILL_AREA(#12821);
#12278=SURFACE_STYLE_FILL_AREA(#12822);
#12279=SURFACE_STYLE_FILL_AREA(#12823);
#12280=SURFACE_STYLE_FILL_AREA(#12824);
#12281=SURFACE_STYLE_FILL_AREA(#12825);
#12282=SURFACE_STYLE_FILL_AREA(#12826);
#12283=SURFACE_STYLE_FILL_AREA(#12827);
#12284=SURFACE_STYLE_FILL_AREA(#12828);
#12285=SURFACE_STYLE_FILL_AREA(#12829);
#12286=SURFACE_STYLE_FILL_AREA(#12830);
#12287=SURFACE_STYLE_FILL_AREA(#12831);
#12288=SURFACE_STYLE_FILL_AREA(#12832);
#12289=SURFACE_STYLE_FILL_AREA(#12833);
#12290=SURFACE_STYLE_FILL_AREA(#12834);
#12291=SURFACE_STYLE_FILL_AREA(#12835);
#12292=SURFACE_STYLE_FILL_AREA(#12836);
#12293=SURFACE_STYLE_FILL_AREA(#12837);
#12294=SURFACE_STYLE_FILL_AREA(#12838);
#12295=SURFACE_STYLE_FILL_AREA(#12839);
#12296=SURFACE_STYLE_FILL_AREA(#12840);
#12297=SURFACE_STYLE_FILL_AREA(#12841);
#12298=SURFACE_STYLE_FILL_AREA(#12842);
#12299=SURFACE_STYLE_FILL_AREA(#12843);
#12300=SURFACE_STYLE_FILL_AREA(#12844);
#12301=SURFACE_STYLE_FILL_AREA(#12845);
#12302=SURFACE_STYLE_FILL_AREA(#12846);
#12303=SURFACE_STYLE_FILL_AREA(#12847);
#12304=SURFACE_STYLE_FILL_AREA(#12848);
#12305=SURFACE_STYLE_FILL_AREA(#12849);
#12306=SURFACE_STYLE_FILL_AREA(#12850);
#12307=SURFACE_STYLE_FILL_AREA(#12851);
#12308=SURFACE_STYLE_FILL_AREA(#12852);
#12309=SURFACE_STYLE_FILL_AREA(#12853);
#12310=SURFACE_STYLE_FILL_AREA(#12854);
#12311=SURFACE_STYLE_FILL_AREA(#12855);
#12312=SURFACE_STYLE_FILL_AREA(#12856);
#12313=SURFACE_STYLE_FILL_AREA(#12857);
#12314=SURFACE_STYLE_FILL_AREA(#12858);
#12315=SURFACE_STYLE_FILL_AREA(#12859);
#12316=SURFACE_STYLE_FILL_AREA(#12860);
#12317=SURFACE_STYLE_FILL_AREA(#12861);
#12318=SURFACE_STYLE_FILL_AREA(#12862);
#12319=SURFACE_STYLE_FILL_AREA(#12863);
#12320=SURFACE_STYLE_FILL_AREA(#12864);
#12321=SURFACE_STYLE_FILL_AREA(#12865);
#12322=SURFACE_STYLE_FILL_AREA(#12866);
#12323=SURFACE_STYLE_FILL_AREA(#12867);
#12324=SURFACE_STYLE_FILL_AREA(#12868);
#12325=SURFACE_STYLE_FILL_AREA(#12869);
#12326=SURFACE_STYLE_FILL_AREA(#12870);
#12327=SURFACE_STYLE_FILL_AREA(#12871);
#12328=SURFACE_STYLE_FILL_AREA(#12872);
#12329=SURFACE_STYLE_FILL_AREA(#12873);
#12330=SURFACE_STYLE_FILL_AREA(#12874);
#12331=SURFACE_STYLE_FILL_AREA(#12875);
#12332=SURFACE_STYLE_FILL_AREA(#12876);
#12333=SURFACE_STYLE_FILL_AREA(#12877);
#12334=SURFACE_STYLE_FILL_AREA(#12878);
#12335=SURFACE_STYLE_FILL_AREA(#12879);
#12336=SURFACE_STYLE_FILL_AREA(#12880);
#12337=SURFACE_STYLE_FILL_AREA(#12881);
#12338=SURFACE_STYLE_FILL_AREA(#12882);
#12339=SURFACE_STYLE_FILL_AREA(#12883);
#12340=SURFACE_STYLE_FILL_AREA(#12884);
#12341=SURFACE_STYLE_FILL_AREA(#12885);
#12342=SURFACE_STYLE_FILL_AREA(#12886);
#12343=SURFACE_STYLE_FILL_AREA(#12887);
#12344=SURFACE_STYLE_FILL_AREA(#12888);
#12345=SURFACE_STYLE_FILL_AREA(#12889);
#12346=SURFACE_STYLE_FILL_AREA(#12890);
#12347=SURFACE_STYLE_FILL_AREA(#12891);
#12348=SURFACE_STYLE_FILL_AREA(#12892);
#12349=SURFACE_STYLE_FILL_AREA(#12893);
#12350=SURFACE_STYLE_FILL_AREA(#12894);
#12351=SURFACE_STYLE_FILL_AREA(#12895);
#12352=SURFACE_STYLE_FILL_AREA(#12896);
#12353=SURFACE_STYLE_FILL_AREA(#12897);
#12354=SURFACE_STYLE_FILL_AREA(#12898);
#12355=SURFACE_STYLE_FILL_AREA(#12899);
#12356=SURFACE_STYLE_FILL_AREA(#12900);
#12357=SURFACE_STYLE_FILL_AREA(#12901);
#12358=SURFACE_STYLE_FILL_AREA(#12902);
#12359=SURFACE_STYLE_FILL_AREA(#12903);
#12360=SURFACE_STYLE_FILL_AREA(#12904);
#12361=SURFACE_STYLE_FILL_AREA(#12905);
#12362=SURFACE_STYLE_FILL_AREA(#12906);
#12363=SURFACE_STYLE_FILL_AREA(#12907);
#12364=SURFACE_STYLE_FILL_AREA(#12908);
#12365=SURFACE_STYLE_FILL_AREA(#12909);
#12366=SURFACE_STYLE_FILL_AREA(#12910);
#12367=SURFACE_STYLE_FILL_AREA(#12911);
#12368=SURFACE_STYLE_FILL_AREA(#12912);
#12369=SURFACE_STYLE_FILL_AREA(#12913);
#12370=SURFACE_STYLE_FILL_AREA(#12914);
#12371=SURFACE_STYLE_FILL_AREA(#12915);
#12372=SURFACE_STYLE_FILL_AREA(#12916);
#12373=SURFACE_STYLE_FILL_AREA(#12917);
#12374=SURFACE_STYLE_FILL_AREA(#12918);
#12375=SURFACE_STYLE_FILL_AREA(#12919);
#12376=SURFACE_STYLE_FILL_AREA(#12920);
#12377=SURFACE_STYLE_FILL_AREA(#12921);
#12378=SURFACE_STYLE_FILL_AREA(#12922);
#12379=SURFACE_STYLE_FILL_AREA(#12923);
#12380=SURFACE_STYLE_FILL_AREA(#12924);
#12381=SURFACE_STYLE_FILL_AREA(#12925);
#12382=SURFACE_STYLE_FILL_AREA(#12926);
#12383=SURFACE_STYLE_FILL_AREA(#12927);
#12384=SURFACE_STYLE_FILL_AREA(#12928);
#12385=SURFACE_STYLE_FILL_AREA(#12929);
#12386=SURFACE_STYLE_FILL_AREA(#12930);
#12387=SURFACE_STYLE_FILL_AREA(#12931);
#12388=SURFACE_STYLE_FILL_AREA(#12932);
#12389=SURFACE_STYLE_FILL_AREA(#12933);
#12390=SURFACE_STYLE_FILL_AREA(#12934);
#12391=SURFACE_STYLE_FILL_AREA(#12935);
#12392=SURFACE_STYLE_FILL_AREA(#12936);
#12393=SURFACE_STYLE_FILL_AREA(#12937);
#12394=SURFACE_STYLE_FILL_AREA(#12938);
#12395=SURFACE_STYLE_FILL_AREA(#12939);
#12396=SURFACE_STYLE_FILL_AREA(#12940);
#12397=SURFACE_STYLE_FILL_AREA(#12941);
#12398=SURFACE_STYLE_FILL_AREA(#12942);
#12399=SURFACE_STYLE_FILL_AREA(#12943);
#12400=SURFACE_STYLE_FILL_AREA(#12944);
#12401=SURFACE_STYLE_FILL_AREA(#12945);
#12402=SURFACE_STYLE_FILL_AREA(#12946);
#12403=SURFACE_STYLE_FILL_AREA(#12947);
#12404=SURFACE_STYLE_FILL_AREA(#12948);
#12405=SURFACE_STYLE_FILL_AREA(#12949);
#12406=SURFACE_STYLE_FILL_AREA(#12950);
#12407=SURFACE_STYLE_FILL_AREA(#12951);
#12408=SURFACE_STYLE_FILL_AREA(#12952);
#12409=SURFACE_STYLE_FILL_AREA(#12953);
#12410=SURFACE_STYLE_FILL_AREA(#12954);
#12411=SURFACE_STYLE_FILL_AREA(#12955);
#12412=SURFACE_STYLE_FILL_AREA(#12956);
#12413=SURFACE_STYLE_FILL_AREA(#12957);
#12414=SURFACE_STYLE_FILL_AREA(#12958);
#12415=SURFACE_STYLE_FILL_AREA(#12959);
#12416=SURFACE_STYLE_FILL_AREA(#12960);
#12417=SURFACE_STYLE_FILL_AREA(#12961);
#12418=SURFACE_STYLE_FILL_AREA(#12962);
#12419=SURFACE_STYLE_FILL_AREA(#12963);
#12420=SURFACE_STYLE_FILL_AREA(#12964);
#12421=SURFACE_STYLE_FILL_AREA(#12965);
#12422=SURFACE_STYLE_FILL_AREA(#12966);
#12423=SURFACE_STYLE_FILL_AREA(#12967);
#12424=SURFACE_STYLE_FILL_AREA(#12968);
#12425=SURFACE_STYLE_FILL_AREA(#12969);
#12426=SURFACE_STYLE_FILL_AREA(#12970);
#12427=SURFACE_STYLE_FILL_AREA(#12971);
#12428=SURFACE_STYLE_FILL_AREA(#12972);
#12429=SURFACE_STYLE_FILL_AREA(#12973);
#12430=SURFACE_STYLE_FILL_AREA(#12974);
#12431=SURFACE_STYLE_FILL_AREA(#12975);
#12432=SURFACE_STYLE_FILL_AREA(#12976);
#12433=SURFACE_STYLE_FILL_AREA(#12977);
#12434=SURFACE_STYLE_FILL_AREA(#12978);
#12435=SURFACE_STYLE_FILL_AREA(#12979);
#12436=SURFACE_STYLE_FILL_AREA(#12980);
#12437=SURFACE_STYLE_FILL_AREA(#12981);
#12438=SURFACE_STYLE_FILL_AREA(#12982);
#12439=SURFACE_STYLE_FILL_AREA(#12983);
#12440=SURFACE_STYLE_FILL_AREA(#12984);
#12441=SURFACE_STYLE_FILL_AREA(#12985);
#12442=SURFACE_STYLE_FILL_AREA(#12986);
#12443=SURFACE_STYLE_FILL_AREA(#12987);
#12444=SURFACE_STYLE_FILL_AREA(#12988);
#12445=SURFACE_STYLE_FILL_AREA(#12989);
#12446=SURFACE_STYLE_FILL_AREA(#12990);
#12447=SURFACE_STYLE_FILL_AREA(#12991);
#12448=SURFACE_STYLE_FILL_AREA(#12992);
#12449=SURFACE_STYLE_FILL_AREA(#12993);
#12450=SURFACE_STYLE_FILL_AREA(#12994);
#12451=SURFACE_STYLE_FILL_AREA(#12995);
#12452=SURFACE_STYLE_FILL_AREA(#12996);
#12453=SURFACE_STYLE_FILL_AREA(#12997);
#12454=SURFACE_STYLE_FILL_AREA(#12998);
#12455=SURFACE_STYLE_FILL_AREA(#12999);
#12456=SURFACE_STYLE_FILL_AREA(#13000);
#12457=SURFACE_STYLE_FILL_AREA(#13001);
#12458=SURFACE_STYLE_FILL_AREA(#13002);
#12459=SURFACE_STYLE_FILL_AREA(#13003);
#12460=SURFACE_STYLE_FILL_AREA(#13004);
#12461=SURFACE_STYLE_FILL_AREA(#13005);
#12462=SURFACE_STYLE_FILL_AREA(#13006);
#12463=SURFACE_STYLE_FILL_AREA(#13007);
#12464=SURFACE_STYLE_FILL_AREA(#13008);
#12465=SURFACE_STYLE_FILL_AREA(#13009);
#12466=SURFACE_STYLE_FILL_AREA(#13010);
#12467=SURFACE_STYLE_FILL_AREA(#13011);
#12468=SURFACE_STYLE_FILL_AREA(#13012);
#12469=SURFACE_STYLE_FILL_AREA(#13013);
#12470=SURFACE_STYLE_FILL_AREA(#13014);
#12471=SURFACE_STYLE_FILL_AREA(#13015);
#12472=SURFACE_STYLE_FILL_AREA(#13016);
#12473=SURFACE_STYLE_FILL_AREA(#13017);
#12474=SURFACE_STYLE_FILL_AREA(#13018);
#12475=SURFACE_STYLE_FILL_AREA(#13019);
#12476=SURFACE_STYLE_FILL_AREA(#13020);
#12477=SURFACE_STYLE_FILL_AREA(#13021);
#12478=SURFACE_STYLE_FILL_AREA(#13022);
#12479=SURFACE_STYLE_FILL_AREA(#13023);
#12480=SURFACE_STYLE_FILL_AREA(#13024);
#12481=SURFACE_STYLE_FILL_AREA(#13025);
#12482=SURFACE_STYLE_FILL_AREA(#13026);
#12483=SURFACE_STYLE_FILL_AREA(#13027);
#12484=SURFACE_STYLE_FILL_AREA(#13028);
#12485=SURFACE_STYLE_FILL_AREA(#13029);
#12486=SURFACE_STYLE_FILL_AREA(#13030);
#12487=SURFACE_STYLE_FILL_AREA(#13031);
#12488=SURFACE_STYLE_FILL_AREA(#13032);
#12489=SURFACE_STYLE_FILL_AREA(#13033);
#12490=SURFACE_STYLE_FILL_AREA(#13034);
#12491=SURFACE_STYLE_FILL_AREA(#13035);
#12492=SURFACE_STYLE_FILL_AREA(#13036);
#12493=SURFACE_STYLE_FILL_AREA(#13037);
#12494=SURFACE_STYLE_FILL_AREA(#13038);
#12495=SURFACE_STYLE_FILL_AREA(#13039);
#12496=SURFACE_STYLE_FILL_AREA(#13040);
#12497=SURFACE_STYLE_FILL_AREA(#13041);
#12498=SURFACE_STYLE_FILL_AREA(#13042);
#12499=SURFACE_STYLE_FILL_AREA(#13043);
#12500=SURFACE_STYLE_FILL_AREA(#13044);
#12501=SURFACE_STYLE_FILL_AREA(#13045);
#12502=SURFACE_STYLE_FILL_AREA(#13046);
#12503=SURFACE_STYLE_FILL_AREA(#13047);
#12504=SURFACE_STYLE_FILL_AREA(#13048);
#12505=SURFACE_STYLE_FILL_AREA(#13049);
#12506=SURFACE_STYLE_FILL_AREA(#13050);
#12507=SURFACE_STYLE_FILL_AREA(#13051);
#12508=SURFACE_STYLE_FILL_AREA(#13052);
#12509=SURFACE_STYLE_FILL_AREA(#13053);
#12510=SURFACE_STYLE_FILL_AREA(#13054);
#12511=SURFACE_STYLE_FILL_AREA(#13055);
#12512=SURFACE_STYLE_FILL_AREA(#13056);
#12513=SURFACE_STYLE_FILL_AREA(#13057);
#12514=SURFACE_STYLE_FILL_AREA(#13058);
#12515=SURFACE_STYLE_FILL_AREA(#13059);
#12516=SURFACE_STYLE_FILL_AREA(#13060);
#12517=SURFACE_STYLE_FILL_AREA(#13061);
#12518=SURFACE_STYLE_FILL_AREA(#13062);
#12519=SURFACE_STYLE_FILL_AREA(#13063);
#12520=SURFACE_STYLE_FILL_AREA(#13064);
#12521=SURFACE_STYLE_FILL_AREA(#13065);
#12522=SURFACE_STYLE_FILL_AREA(#13066);
#12523=SURFACE_STYLE_FILL_AREA(#13067);
#12524=SURFACE_STYLE_FILL_AREA(#13068);
#12525=SURFACE_STYLE_FILL_AREA(#13069);
#12526=SURFACE_STYLE_FILL_AREA(#13070);
#12527=SURFACE_STYLE_FILL_AREA(#13071);
#12528=SURFACE_STYLE_FILL_AREA(#13072);
#12529=SURFACE_STYLE_FILL_AREA(#13073);
#12530=SURFACE_STYLE_FILL_AREA(#13074);
#12531=SURFACE_STYLE_FILL_AREA(#13075);
#12532=SURFACE_STYLE_FILL_AREA(#13076);
#12533=SURFACE_STYLE_FILL_AREA(#13077);
#12534=SURFACE_STYLE_FILL_AREA(#13078);
#12535=SURFACE_STYLE_FILL_AREA(#13079);
#12536=SURFACE_STYLE_FILL_AREA(#13080);
#12537=SURFACE_STYLE_FILL_AREA(#13081);
#12538=SURFACE_STYLE_FILL_AREA(#13082);
#12539=SURFACE_STYLE_FILL_AREA(#13083);
#12540=SURFACE_STYLE_FILL_AREA(#13084);
#12541=SURFACE_STYLE_FILL_AREA(#13085);
#12542=SURFACE_STYLE_FILL_AREA(#13086);
#12543=SURFACE_STYLE_FILL_AREA(#13087);
#12544=SURFACE_STYLE_FILL_AREA(#13088);
#12545=SURFACE_STYLE_FILL_AREA(#13089);
#12546=SURFACE_STYLE_FILL_AREA(#13090);
#12547=SURFACE_STYLE_FILL_AREA(#13091);
#12548=SURFACE_STYLE_FILL_AREA(#13092);
#12549=SURFACE_STYLE_FILL_AREA(#13093);
#12550=SURFACE_STYLE_FILL_AREA(#13094);
#12551=SURFACE_STYLE_FILL_AREA(#13095);
#12552=SURFACE_STYLE_FILL_AREA(#13096);
#12553=SURFACE_STYLE_FILL_AREA(#13097);
#12554=SURFACE_STYLE_FILL_AREA(#13098);
#12555=SURFACE_STYLE_FILL_AREA(#13099);
#12556=SURFACE_STYLE_FILL_AREA(#13100);
#12557=SURFACE_STYLE_FILL_AREA(#13101);
#12558=SURFACE_STYLE_FILL_AREA(#13102);
#12559=SURFACE_STYLE_FILL_AREA(#13103);
#12560=SURFACE_STYLE_FILL_AREA(#13104);
#12561=SURFACE_STYLE_FILL_AREA(#13105);
#12562=SURFACE_STYLE_FILL_AREA(#13106);
#12563=SURFACE_STYLE_FILL_AREA(#13107);
#12564=SURFACE_STYLE_FILL_AREA(#13108);
#12565=SURFACE_STYLE_FILL_AREA(#13109);
#12566=SURFACE_STYLE_FILL_AREA(#13110);
#12567=SURFACE_STYLE_FILL_AREA(#13111);
#12568=SURFACE_STYLE_FILL_AREA(#13112);
#12569=SURFACE_STYLE_FILL_AREA(#13113);
#12570=SURFACE_STYLE_FILL_AREA(#13114);
#12571=SURFACE_STYLE_FILL_AREA(#13115);
#12572=SURFACE_STYLE_FILL_AREA(#13116);
#12573=SURFACE_STYLE_FILL_AREA(#13117);
#12574=SURFACE_STYLE_FILL_AREA(#13118);
#12575=SURFACE_STYLE_FILL_AREA(#13119);
#12576=SURFACE_STYLE_FILL_AREA(#13120);
#12577=SURFACE_STYLE_FILL_AREA(#13121);
#12578=SURFACE_STYLE_FILL_AREA(#13122);
#12579=SURFACE_STYLE_FILL_AREA(#13123);
#12580=SURFACE_STYLE_FILL_AREA(#13124);
#12581=SURFACE_STYLE_FILL_AREA(#13125);
#12582=SURFACE_STYLE_FILL_AREA(#13126);
#12583=SURFACE_STYLE_FILL_AREA(#13127);
#12584=SURFACE_STYLE_FILL_AREA(#13128);
#12585=SURFACE_STYLE_FILL_AREA(#13129);
#12586=SURFACE_STYLE_FILL_AREA(#13130);
#12587=SURFACE_STYLE_FILL_AREA(#13131);
#12588=SURFACE_STYLE_FILL_AREA(#13132);
#12589=SURFACE_STYLE_FILL_AREA(#13133);
#12590=SURFACE_STYLE_FILL_AREA(#13134);
#12591=SURFACE_STYLE_FILL_AREA(#13135);
#12592=SURFACE_STYLE_FILL_AREA(#13136);
#12593=SURFACE_STYLE_FILL_AREA(#13137);
#12594=SURFACE_STYLE_FILL_AREA(#13138);
#12595=SURFACE_STYLE_FILL_AREA(#13139);
#12596=SURFACE_STYLE_FILL_AREA(#13140);
#12597=SURFACE_STYLE_FILL_AREA(#13141);
#12598=SURFACE_STYLE_FILL_AREA(#13142);
#12599=SURFACE_STYLE_FILL_AREA(#13143);
#12600=SURFACE_STYLE_FILL_AREA(#13144);
#12601=SURFACE_STYLE_FILL_AREA(#13145);
#12602=FILL_AREA_STYLE('',(#13146));
#12603=FILL_AREA_STYLE('',(#13147));
#12604=FILL_AREA_STYLE('',(#13148));
#12605=FILL_AREA_STYLE('',(#13149));
#12606=FILL_AREA_STYLE('',(#13150));
#12607=FILL_AREA_STYLE('',(#13151));
#12608=FILL_AREA_STYLE('',(#13152));
#12609=FILL_AREA_STYLE('',(#13153));
#12610=FILL_AREA_STYLE('',(#13154));
#12611=FILL_AREA_STYLE('',(#13155));
#12612=FILL_AREA_STYLE('',(#13156));
#12613=FILL_AREA_STYLE('',(#13157));
#12614=FILL_AREA_STYLE('',(#13158));
#12615=FILL_AREA_STYLE('',(#13159));
#12616=FILL_AREA_STYLE('',(#13160));
#12617=FILL_AREA_STYLE('',(#13161));
#12618=FILL_AREA_STYLE('',(#13162));
#12619=FILL_AREA_STYLE('',(#13163));
#12620=FILL_AREA_STYLE('',(#13164));
#12621=FILL_AREA_STYLE('',(#13165));
#12622=FILL_AREA_STYLE('',(#13166));
#12623=FILL_AREA_STYLE('',(#13167));
#12624=FILL_AREA_STYLE('',(#13168));
#12625=FILL_AREA_STYLE('',(#13169));
#12626=FILL_AREA_STYLE('',(#13170));
#12627=FILL_AREA_STYLE('',(#13171));
#12628=FILL_AREA_STYLE('',(#13172));
#12629=FILL_AREA_STYLE('',(#13173));
#12630=FILL_AREA_STYLE('',(#13174));
#12631=FILL_AREA_STYLE('',(#13175));
#12632=FILL_AREA_STYLE('',(#13176));
#12633=FILL_AREA_STYLE('',(#13177));
#12634=FILL_AREA_STYLE('',(#13178));
#12635=FILL_AREA_STYLE('',(#13179));
#12636=FILL_AREA_STYLE('',(#13180));
#12637=FILL_AREA_STYLE('',(#13181));
#12638=FILL_AREA_STYLE('',(#13182));
#12639=FILL_AREA_STYLE('',(#13183));
#12640=FILL_AREA_STYLE('',(#13184));
#12641=FILL_AREA_STYLE('',(#13185));
#12642=FILL_AREA_STYLE('',(#13186));
#12643=FILL_AREA_STYLE('',(#13187));
#12644=FILL_AREA_STYLE('',(#13188));
#12645=FILL_AREA_STYLE('',(#13189));
#12646=FILL_AREA_STYLE('',(#13190));
#12647=FILL_AREA_STYLE('',(#13191));
#12648=FILL_AREA_STYLE('',(#13192));
#12649=FILL_AREA_STYLE('',(#13193));
#12650=FILL_AREA_STYLE('',(#13194));
#12651=FILL_AREA_STYLE('',(#13195));
#12652=FILL_AREA_STYLE('',(#13196));
#12653=FILL_AREA_STYLE('',(#13197));
#12654=FILL_AREA_STYLE('',(#13198));
#12655=FILL_AREA_STYLE('',(#13199));
#12656=FILL_AREA_STYLE('',(#13200));
#12657=FILL_AREA_STYLE('',(#13201));
#12658=FILL_AREA_STYLE('',(#13202));
#12659=FILL_AREA_STYLE('',(#13203));
#12660=FILL_AREA_STYLE('',(#13204));
#12661=FILL_AREA_STYLE('',(#13205));
#12662=FILL_AREA_STYLE('',(#13206));
#12663=FILL_AREA_STYLE('',(#13207));
#12664=FILL_AREA_STYLE('',(#13208));
#12665=FILL_AREA_STYLE('',(#13209));
#12666=FILL_AREA_STYLE('',(#13210));
#12667=FILL_AREA_STYLE('',(#13211));
#12668=FILL_AREA_STYLE('',(#13212));
#12669=FILL_AREA_STYLE('',(#13213));
#12670=FILL_AREA_STYLE('',(#13214));
#12671=FILL_AREA_STYLE('',(#13215));
#12672=FILL_AREA_STYLE('',(#13216));
#12673=FILL_AREA_STYLE('',(#13217));
#12674=FILL_AREA_STYLE('',(#13218));
#12675=FILL_AREA_STYLE('',(#13219));
#12676=FILL_AREA_STYLE('',(#13220));
#12677=FILL_AREA_STYLE('',(#13221));
#12678=FILL_AREA_STYLE('',(#13222));
#12679=FILL_AREA_STYLE('',(#13223));
#12680=FILL_AREA_STYLE('',(#13224));
#12681=FILL_AREA_STYLE('',(#13225));
#12682=FILL_AREA_STYLE('',(#13226));
#12683=FILL_AREA_STYLE('',(#13227));
#12684=FILL_AREA_STYLE('',(#13228));
#12685=FILL_AREA_STYLE('',(#13229));
#12686=FILL_AREA_STYLE('',(#13230));
#12687=FILL_AREA_STYLE('',(#13231));
#12688=FILL_AREA_STYLE('',(#13232));
#12689=FILL_AREA_STYLE('',(#13233));
#12690=FILL_AREA_STYLE('',(#13234));
#12691=FILL_AREA_STYLE('',(#13235));
#12692=FILL_AREA_STYLE('',(#13236));
#12693=FILL_AREA_STYLE('',(#13237));
#12694=FILL_AREA_STYLE('',(#13238));
#12695=FILL_AREA_STYLE('',(#13239));
#12696=FILL_AREA_STYLE('',(#13240));
#12697=FILL_AREA_STYLE('',(#13241));
#12698=FILL_AREA_STYLE('',(#13242));
#12699=FILL_AREA_STYLE('',(#13243));
#12700=FILL_AREA_STYLE('',(#13244));
#12701=FILL_AREA_STYLE('',(#13245));
#12702=FILL_AREA_STYLE('',(#13246));
#12703=FILL_AREA_STYLE('',(#13247));
#12704=FILL_AREA_STYLE('',(#13248));
#12705=FILL_AREA_STYLE('',(#13249));
#12706=FILL_AREA_STYLE('',(#13250));
#12707=FILL_AREA_STYLE('',(#13251));
#12708=FILL_AREA_STYLE('',(#13252));
#12709=FILL_AREA_STYLE('',(#13253));
#12710=FILL_AREA_STYLE('',(#13254));
#12711=FILL_AREA_STYLE('',(#13255));
#12712=FILL_AREA_STYLE('',(#13256));
#12713=FILL_AREA_STYLE('',(#13257));
#12714=FILL_AREA_STYLE('',(#13258));
#12715=FILL_AREA_STYLE('',(#13259));
#12716=FILL_AREA_STYLE('',(#13260));
#12717=FILL_AREA_STYLE('',(#13261));
#12718=FILL_AREA_STYLE('',(#13262));
#12719=FILL_AREA_STYLE('',(#13263));
#12720=FILL_AREA_STYLE('',(#13264));
#12721=FILL_AREA_STYLE('',(#13265));
#12722=FILL_AREA_STYLE('',(#13266));
#12723=FILL_AREA_STYLE('',(#13267));
#12724=FILL_AREA_STYLE('',(#13268));
#12725=FILL_AREA_STYLE('',(#13269));
#12726=FILL_AREA_STYLE('',(#13270));
#12727=FILL_AREA_STYLE('',(#13271));
#12728=FILL_AREA_STYLE('',(#13272));
#12729=FILL_AREA_STYLE('',(#13273));
#12730=FILL_AREA_STYLE('',(#13274));
#12731=FILL_AREA_STYLE('',(#13275));
#12732=FILL_AREA_STYLE('',(#13276));
#12733=FILL_AREA_STYLE('',(#13277));
#12734=FILL_AREA_STYLE('',(#13278));
#12735=FILL_AREA_STYLE('',(#13279));
#12736=FILL_AREA_STYLE('',(#13280));
#12737=FILL_AREA_STYLE('',(#13281));
#12738=FILL_AREA_STYLE('',(#13282));
#12739=FILL_AREA_STYLE('',(#13283));
#12740=FILL_AREA_STYLE('',(#13284));
#12741=FILL_AREA_STYLE('',(#13285));
#12742=FILL_AREA_STYLE('',(#13286));
#12743=FILL_AREA_STYLE('',(#13287));
#12744=FILL_AREA_STYLE('',(#13288));
#12745=FILL_AREA_STYLE('',(#13289));
#12746=FILL_AREA_STYLE('',(#13290));
#12747=FILL_AREA_STYLE('',(#13291));
#12748=FILL_AREA_STYLE('',(#13292));
#12749=FILL_AREA_STYLE('',(#13293));
#12750=FILL_AREA_STYLE('',(#13294));
#12751=FILL_AREA_STYLE('',(#13295));
#12752=FILL_AREA_STYLE('',(#13296));
#12753=FILL_AREA_STYLE('',(#13297));
#12754=FILL_AREA_STYLE('',(#13298));
#12755=FILL_AREA_STYLE('',(#13299));
#12756=FILL_AREA_STYLE('',(#13300));
#12757=FILL_AREA_STYLE('',(#13301));
#12758=FILL_AREA_STYLE('',(#13302));
#12759=FILL_AREA_STYLE('',(#13303));
#12760=FILL_AREA_STYLE('',(#13304));
#12761=FILL_AREA_STYLE('',(#13305));
#12762=FILL_AREA_STYLE('',(#13306));
#12763=FILL_AREA_STYLE('',(#13307));
#12764=FILL_AREA_STYLE('',(#13308));
#12765=FILL_AREA_STYLE('',(#13309));
#12766=FILL_AREA_STYLE('',(#13310));
#12767=FILL_AREA_STYLE('',(#13311));
#12768=FILL_AREA_STYLE('',(#13312));
#12769=FILL_AREA_STYLE('',(#13313));
#12770=FILL_AREA_STYLE('',(#13314));
#12771=FILL_AREA_STYLE('',(#13315));
#12772=FILL_AREA_STYLE('',(#13316));
#12773=FILL_AREA_STYLE('',(#13317));
#12774=FILL_AREA_STYLE('',(#13318));
#12775=FILL_AREA_STYLE('',(#13319));
#12776=FILL_AREA_STYLE('',(#13320));
#12777=FILL_AREA_STYLE('',(#13321));
#12778=FILL_AREA_STYLE('',(#13322));
#12779=FILL_AREA_STYLE('',(#13323));
#12780=FILL_AREA_STYLE('',(#13324));
#12781=FILL_AREA_STYLE('',(#13325));
#12782=FILL_AREA_STYLE('',(#13326));
#12783=FILL_AREA_STYLE('',(#13327));
#12784=FILL_AREA_STYLE('',(#13328));
#12785=FILL_AREA_STYLE('',(#13329));
#12786=FILL_AREA_STYLE('',(#13330));
#12787=FILL_AREA_STYLE('',(#13331));
#12788=FILL_AREA_STYLE('',(#13332));
#12789=FILL_AREA_STYLE('',(#13333));
#12790=FILL_AREA_STYLE('',(#13334));
#12791=FILL_AREA_STYLE('',(#13335));
#12792=FILL_AREA_STYLE('',(#13336));
#12793=FILL_AREA_STYLE('',(#13337));
#12794=FILL_AREA_STYLE('',(#13338));
#12795=FILL_AREA_STYLE('',(#13339));
#12796=FILL_AREA_STYLE('',(#13340));
#12797=FILL_AREA_STYLE('',(#13341));
#12798=FILL_AREA_STYLE('',(#13342));
#12799=FILL_AREA_STYLE('',(#13343));
#12800=FILL_AREA_STYLE('',(#13344));
#12801=FILL_AREA_STYLE('',(#13345));
#12802=FILL_AREA_STYLE('',(#13346));
#12803=FILL_AREA_STYLE('',(#13347));
#12804=FILL_AREA_STYLE('',(#13348));
#12805=FILL_AREA_STYLE('',(#13349));
#12806=FILL_AREA_STYLE('',(#13350));
#12807=FILL_AREA_STYLE('',(#13351));
#12808=FILL_AREA_STYLE('',(#13352));
#12809=FILL_AREA_STYLE('',(#13353));
#12810=FILL_AREA_STYLE('',(#13354));
#12811=FILL_AREA_STYLE('',(#13355));
#12812=FILL_AREA_STYLE('',(#13356));
#12813=FILL_AREA_STYLE('',(#13357));
#12814=FILL_AREA_STYLE('',(#13358));
#12815=FILL_AREA_STYLE('',(#13359));
#12816=FILL_AREA_STYLE('',(#13360));
#12817=FILL_AREA_STYLE('',(#13361));
#12818=FILL_AREA_STYLE('',(#13362));
#12819=FILL_AREA_STYLE('',(#13363));
#12820=FILL_AREA_STYLE('',(#13364));
#12821=FILL_AREA_STYLE('',(#13365));
#12822=FILL_AREA_STYLE('',(#13366));
#12823=FILL_AREA_STYLE('',(#13367));
#12824=FILL_AREA_STYLE('',(#13368));
#12825=FILL_AREA_STYLE('',(#13369));
#12826=FILL_AREA_STYLE('',(#13370));
#12827=FILL_AREA_STYLE('',(#13371));
#12828=FILL_AREA_STYLE('',(#13372));
#12829=FILL_AREA_STYLE('',(#13373));
#12830=FILL_AREA_STYLE('',(#13374));
#12831=FILL_AREA_STYLE('',(#13375));
#12832=FILL_AREA_STYLE('',(#13376));
#12833=FILL_AREA_STYLE('',(#13377));
#12834=FILL_AREA_STYLE('',(#13378));
#12835=FILL_AREA_STYLE('',(#13379));
#12836=FILL_AREA_STYLE('',(#13380));
#12837=FILL_AREA_STYLE('',(#13381));
#12838=FILL_AREA_STYLE('',(#13382));
#12839=FILL_AREA_STYLE('',(#13383));
#12840=FILL_AREA_STYLE('',(#13384));
#12841=FILL_AREA_STYLE('',(#13385));
#12842=FILL_AREA_STYLE('',(#13386));
#12843=FILL_AREA_STYLE('',(#13387));
#12844=FILL_AREA_STYLE('',(#13388));
#12845=FILL_AREA_STYLE('',(#13389));
#12846=FILL_AREA_STYLE('',(#13390));
#12847=FILL_AREA_STYLE('',(#13391));
#12848=FILL_AREA_STYLE('',(#13392));
#12849=FILL_AREA_STYLE('',(#13393));
#12850=FILL_AREA_STYLE('',(#13394));
#12851=FILL_AREA_STYLE('',(#13395));
#12852=FILL_AREA_STYLE('',(#13396));
#12853=FILL_AREA_STYLE('',(#13397));
#12854=FILL_AREA_STYLE('',(#13398));
#12855=FILL_AREA_STYLE('',(#13399));
#12856=FILL_AREA_STYLE('',(#13400));
#12857=FILL_AREA_STYLE('',(#13401));
#12858=FILL_AREA_STYLE('',(#13402));
#12859=FILL_AREA_STYLE('',(#13403));
#12860=FILL_AREA_STYLE('',(#13404));
#12861=FILL_AREA_STYLE('',(#13405));
#12862=FILL_AREA_STYLE('',(#13406));
#12863=FILL_AREA_STYLE('',(#13407));
#12864=FILL_AREA_STYLE('',(#13408));
#12865=FILL_AREA_STYLE('',(#13409));
#12866=FILL_AREA_STYLE('',(#13410));
#12867=FILL_AREA_STYLE('',(#13411));
#12868=FILL_AREA_STYLE('',(#13412));
#12869=FILL_AREA_STYLE('',(#13413));
#12870=FILL_AREA_STYLE('',(#13414));
#12871=FILL_AREA_STYLE('',(#13415));
#12872=FILL_AREA_STYLE('',(#13416));
#12873=FILL_AREA_STYLE('',(#13417));
#12874=FILL_AREA_STYLE('',(#13418));
#12875=FILL_AREA_STYLE('',(#13419));
#12876=FILL_AREA_STYLE('',(#13420));
#12877=FILL_AREA_STYLE('',(#13421));
#12878=FILL_AREA_STYLE('',(#13422));
#12879=FILL_AREA_STYLE('',(#13423));
#12880=FILL_AREA_STYLE('',(#13424));
#12881=FILL_AREA_STYLE('',(#13425));
#12882=FILL_AREA_STYLE('',(#13426));
#12883=FILL_AREA_STYLE('',(#13427));
#12884=FILL_AREA_STYLE('',(#13428));
#12885=FILL_AREA_STYLE('',(#13429));
#12886=FILL_AREA_STYLE('',(#13430));
#12887=FILL_AREA_STYLE('',(#13431));
#12888=FILL_AREA_STYLE('',(#13432));
#12889=FILL_AREA_STYLE('',(#13433));
#12890=FILL_AREA_STYLE('',(#13434));
#12891=FILL_AREA_STYLE('',(#13435));
#12892=FILL_AREA_STYLE('',(#13436));
#12893=FILL_AREA_STYLE('',(#13437));
#12894=FILL_AREA_STYLE('',(#13438));
#12895=FILL_AREA_STYLE('',(#13439));
#12896=FILL_AREA_STYLE('',(#13440));
#12897=FILL_AREA_STYLE('',(#13441));
#12898=FILL_AREA_STYLE('',(#13442));
#12899=FILL_AREA_STYLE('',(#13443));
#12900=FILL_AREA_STYLE('',(#13444));
#12901=FILL_AREA_STYLE('',(#13445));
#12902=FILL_AREA_STYLE('',(#13446));
#12903=FILL_AREA_STYLE('',(#13447));
#12904=FILL_AREA_STYLE('',(#13448));
#12905=FILL_AREA_STYLE('',(#13449));
#12906=FILL_AREA_STYLE('',(#13450));
#12907=FILL_AREA_STYLE('',(#13451));
#12908=FILL_AREA_STYLE('',(#13452));
#12909=FILL_AREA_STYLE('',(#13453));
#12910=FILL_AREA_STYLE('',(#13454));
#12911=FILL_AREA_STYLE('',(#13455));
#12912=FILL_AREA_STYLE('',(#13456));
#12913=FILL_AREA_STYLE('',(#13457));
#12914=FILL_AREA_STYLE('',(#13458));
#12915=FILL_AREA_STYLE('',(#13459));
#12916=FILL_AREA_STYLE('',(#13460));
#12917=FILL_AREA_STYLE('',(#13461));
#12918=FILL_AREA_STYLE('',(#13462));
#12919=FILL_AREA_STYLE('',(#13463));
#12920=FILL_AREA_STYLE('',(#13464));
#12921=FILL_AREA_STYLE('',(#13465));
#12922=FILL_AREA_STYLE('',(#13466));
#12923=FILL_AREA_STYLE('',(#13467));
#12924=FILL_AREA_STYLE('',(#13468));
#12925=FILL_AREA_STYLE('',(#13469));
#12926=FILL_AREA_STYLE('',(#13470));
#12927=FILL_AREA_STYLE('',(#13471));
#12928=FILL_AREA_STYLE('',(#13472));
#12929=FILL_AREA_STYLE('',(#13473));
#12930=FILL_AREA_STYLE('',(#13474));
#12931=FILL_AREA_STYLE('',(#13475));
#12932=FILL_AREA_STYLE('',(#13476));
#12933=FILL_AREA_STYLE('',(#13477));
#12934=FILL_AREA_STYLE('',(#13478));
#12935=FILL_AREA_STYLE('',(#13479));
#12936=FILL_AREA_STYLE('',(#13480));
#12937=FILL_AREA_STYLE('',(#13481));
#12938=FILL_AREA_STYLE('',(#13482));
#12939=FILL_AREA_STYLE('',(#13483));
#12940=FILL_AREA_STYLE('',(#13484));
#12941=FILL_AREA_STYLE('',(#13485));
#12942=FILL_AREA_STYLE('',(#13486));
#12943=FILL_AREA_STYLE('',(#13487));
#12944=FILL_AREA_STYLE('',(#13488));
#12945=FILL_AREA_STYLE('',(#13489));
#12946=FILL_AREA_STYLE('',(#13490));
#12947=FILL_AREA_STYLE('',(#13491));
#12948=FILL_AREA_STYLE('',(#13492));
#12949=FILL_AREA_STYLE('',(#13493));
#12950=FILL_AREA_STYLE('',(#13494));
#12951=FILL_AREA_STYLE('',(#13495));
#12952=FILL_AREA_STYLE('',(#13496));
#12953=FILL_AREA_STYLE('',(#13497));
#12954=FILL_AREA_STYLE('',(#13498));
#12955=FILL_AREA_STYLE('',(#13499));
#12956=FILL_AREA_STYLE('',(#13500));
#12957=FILL_AREA_STYLE('',(#13501));
#12958=FILL_AREA_STYLE('',(#13502));
#12959=FILL_AREA_STYLE('',(#13503));
#12960=FILL_AREA_STYLE('',(#13504));
#12961=FILL_AREA_STYLE('',(#13505));
#12962=FILL_AREA_STYLE('',(#13506));
#12963=FILL_AREA_STYLE('',(#13507));
#12964=FILL_AREA_STYLE('',(#13508));
#12965=FILL_AREA_STYLE('',(#13509));
#12966=FILL_AREA_STYLE('',(#13510));
#12967=FILL_AREA_STYLE('',(#13511));
#12968=FILL_AREA_STYLE('',(#13512));
#12969=FILL_AREA_STYLE('',(#13513));
#12970=FILL_AREA_STYLE('',(#13514));
#12971=FILL_AREA_STYLE('',(#13515));
#12972=FILL_AREA_STYLE('',(#13516));
#12973=FILL_AREA_STYLE('',(#13517));
#12974=FILL_AREA_STYLE('',(#13518));
#12975=FILL_AREA_STYLE('',(#13519));
#12976=FILL_AREA_STYLE('',(#13520));
#12977=FILL_AREA_STYLE('',(#13521));
#12978=FILL_AREA_STYLE('',(#13522));
#12979=FILL_AREA_STYLE('',(#13523));
#12980=FILL_AREA_STYLE('',(#13524));
#12981=FILL_AREA_STYLE('',(#13525));
#12982=FILL_AREA_STYLE('',(#13526));
#12983=FILL_AREA_STYLE('',(#13527));
#12984=FILL_AREA_STYLE('',(#13528));
#12985=FILL_AREA_STYLE('',(#13529));
#12986=FILL_AREA_STYLE('',(#13530));
#12987=FILL_AREA_STYLE('',(#13531));
#12988=FILL_AREA_STYLE('',(#13532));
#12989=FILL_AREA_STYLE('',(#13533));
#12990=FILL_AREA_STYLE('',(#13534));
#12991=FILL_AREA_STYLE('',(#13535));
#12992=FILL_AREA_STYLE('',(#13536));
#12993=FILL_AREA_STYLE('',(#13537));
#12994=FILL_AREA_STYLE('',(#13538));
#12995=FILL_AREA_STYLE('',(#13539));
#12996=FILL_AREA_STYLE('',(#13540));
#12997=FILL_AREA_STYLE('',(#13541));
#12998=FILL_AREA_STYLE('',(#13542));
#12999=FILL_AREA_STYLE('',(#13543));
#13000=FILL_AREA_STYLE('',(#13544));
#13001=FILL_AREA_STYLE('',(#13545));
#13002=FILL_AREA_STYLE('',(#13546));
#13003=FILL_AREA_STYLE('',(#13547));
#13004=FILL_AREA_STYLE('',(#13548));
#13005=FILL_AREA_STYLE('',(#13549));
#13006=FILL_AREA_STYLE('',(#13550));
#13007=FILL_AREA_STYLE('',(#13551));
#13008=FILL_AREA_STYLE('',(#13552));
#13009=FILL_AREA_STYLE('',(#13553));
#13010=FILL_AREA_STYLE('',(#13554));
#13011=FILL_AREA_STYLE('',(#13555));
#13012=FILL_AREA_STYLE('',(#13556));
#13013=FILL_AREA_STYLE('',(#13557));
#13014=FILL_AREA_STYLE('',(#13558));
#13015=FILL_AREA_STYLE('',(#13559));
#13016=FILL_AREA_STYLE('',(#13560));
#13017=FILL_AREA_STYLE('',(#13561));
#13018=FILL_AREA_STYLE('',(#13562));
#13019=FILL_AREA_STYLE('',(#13563));
#13020=FILL_AREA_STYLE('',(#13564));
#13021=FILL_AREA_STYLE('',(#13565));
#13022=FILL_AREA_STYLE('',(#13566));
#13023=FILL_AREA_STYLE('',(#13567));
#13024=FILL_AREA_STYLE('',(#13568));
#13025=FILL_AREA_STYLE('',(#13569));
#13026=FILL_AREA_STYLE('',(#13570));
#13027=FILL_AREA_STYLE('',(#13571));
#13028=FILL_AREA_STYLE('',(#13572));
#13029=FILL_AREA_STYLE('',(#13573));
#13030=FILL_AREA_STYLE('',(#13574));
#13031=FILL_AREA_STYLE('',(#13575));
#13032=FILL_AREA_STYLE('',(#13576));
#13033=FILL_AREA_STYLE('',(#13577));
#13034=FILL_AREA_STYLE('',(#13578));
#13035=FILL_AREA_STYLE('',(#13579));
#13036=FILL_AREA_STYLE('',(#13580));
#13037=FILL_AREA_STYLE('',(#13581));
#13038=FILL_AREA_STYLE('',(#13582));
#13039=FILL_AREA_STYLE('',(#13583));
#13040=FILL_AREA_STYLE('',(#13584));
#13041=FILL_AREA_STYLE('',(#13585));
#13042=FILL_AREA_STYLE('',(#13586));
#13043=FILL_AREA_STYLE('',(#13587));
#13044=FILL_AREA_STYLE('',(#13588));
#13045=FILL_AREA_STYLE('',(#13589));
#13046=FILL_AREA_STYLE('',(#13590));
#13047=FILL_AREA_STYLE('',(#13591));
#13048=FILL_AREA_STYLE('',(#13592));
#13049=FILL_AREA_STYLE('',(#13593));
#13050=FILL_AREA_STYLE('',(#13594));
#13051=FILL_AREA_STYLE('',(#13595));
#13052=FILL_AREA_STYLE('',(#13596));
#13053=FILL_AREA_STYLE('',(#13597));
#13054=FILL_AREA_STYLE('',(#13598));
#13055=FILL_AREA_STYLE('',(#13599));
#13056=FILL_AREA_STYLE('',(#13600));
#13057=FILL_AREA_STYLE('',(#13601));
#13058=FILL_AREA_STYLE('',(#13602));
#13059=FILL_AREA_STYLE('',(#13603));
#13060=FILL_AREA_STYLE('',(#13604));
#13061=FILL_AREA_STYLE('',(#13605));
#13062=FILL_AREA_STYLE('',(#13606));
#13063=FILL_AREA_STYLE('',(#13607));
#13064=FILL_AREA_STYLE('',(#13608));
#13065=FILL_AREA_STYLE('',(#13609));
#13066=FILL_AREA_STYLE('',(#13610));
#13067=FILL_AREA_STYLE('',(#13611));
#13068=FILL_AREA_STYLE('',(#13612));
#13069=FILL_AREA_STYLE('',(#13613));
#13070=FILL_AREA_STYLE('',(#13614));
#13071=FILL_AREA_STYLE('',(#13615));
#13072=FILL_AREA_STYLE('',(#13616));
#13073=FILL_AREA_STYLE('',(#13617));
#13074=FILL_AREA_STYLE('',(#13618));
#13075=FILL_AREA_STYLE('',(#13619));
#13076=FILL_AREA_STYLE('',(#13620));
#13077=FILL_AREA_STYLE('',(#13621));
#13078=FILL_AREA_STYLE('',(#13622));
#13079=FILL_AREA_STYLE('',(#13623));
#13080=FILL_AREA_STYLE('',(#13624));
#13081=FILL_AREA_STYLE('',(#13625));
#13082=FILL_AREA_STYLE('',(#13626));
#13083=FILL_AREA_STYLE('',(#13627));
#13084=FILL_AREA_STYLE('',(#13628));
#13085=FILL_AREA_STYLE('',(#13629));
#13086=FILL_AREA_STYLE('',(#13630));
#13087=FILL_AREA_STYLE('',(#13631));
#13088=FILL_AREA_STYLE('',(#13632));
#13089=FILL_AREA_STYLE('',(#13633));
#13090=FILL_AREA_STYLE('',(#13634));
#13091=FILL_AREA_STYLE('',(#13635));
#13092=FILL_AREA_STYLE('',(#13636));
#13093=FILL_AREA_STYLE('',(#13637));
#13094=FILL_AREA_STYLE('',(#13638));
#13095=FILL_AREA_STYLE('',(#13639));
#13096=FILL_AREA_STYLE('',(#13640));
#13097=FILL_AREA_STYLE('',(#13641));
#13098=FILL_AREA_STYLE('',(#13642));
#13099=FILL_AREA_STYLE('',(#13643));
#13100=FILL_AREA_STYLE('',(#13644));
#13101=FILL_AREA_STYLE('',(#13645));
#13102=FILL_AREA_STYLE('',(#13646));
#13103=FILL_AREA_STYLE('',(#13647));
#13104=FILL_AREA_STYLE('',(#13648));
#13105=FILL_AREA_STYLE('',(#13649));
#13106=FILL_AREA_STYLE('',(#13650));
#13107=FILL_AREA_STYLE('',(#13651));
#13108=FILL_AREA_STYLE('',(#13652));
#13109=FILL_AREA_STYLE('',(#13653));
#13110=FILL_AREA_STYLE('',(#13654));
#13111=FILL_AREA_STYLE('',(#13655));
#13112=FILL_AREA_STYLE('',(#13656));
#13113=FILL_AREA_STYLE('',(#13657));
#13114=FILL_AREA_STYLE('',(#13658));
#13115=FILL_AREA_STYLE('',(#13659));
#13116=FILL_AREA_STYLE('',(#13660));
#13117=FILL_AREA_STYLE('',(#13661));
#13118=FILL_AREA_STYLE('',(#13662));
#13119=FILL_AREA_STYLE('',(#13663));
#13120=FILL_AREA_STYLE('',(#13664));
#13121=FILL_AREA_STYLE('',(#13665));
#13122=FILL_AREA_STYLE('',(#13666));
#13123=FILL_AREA_STYLE('',(#13667));
#13124=FILL_AREA_STYLE('',(#13668));
#13125=FILL_AREA_STYLE('',(#13669));
#13126=FILL_AREA_STYLE('',(#13670));
#13127=FILL_AREA_STYLE('',(#13671));
#13128=FILL_AREA_STYLE('',(#13672));
#13129=FILL_AREA_STYLE('',(#13673));
#13130=FILL_AREA_STYLE('',(#13674));
#13131=FILL_AREA_STYLE('',(#13675));
#13132=FILL_AREA_STYLE('',(#13676));
#13133=FILL_AREA_STYLE('',(#13677));
#13134=FILL_AREA_STYLE('',(#13678));
#13135=FILL_AREA_STYLE('',(#13679));
#13136=FILL_AREA_STYLE('',(#13680));
#13137=FILL_AREA_STYLE('',(#13681));
#13138=FILL_AREA_STYLE('',(#13682));
#13139=FILL_AREA_STYLE('',(#13683));
#13140=FILL_AREA_STYLE('',(#13684));
#13141=FILL_AREA_STYLE('',(#13685));
#13142=FILL_AREA_STYLE('',(#13686));
#13143=FILL_AREA_STYLE('',(#13687));
#13144=FILL_AREA_STYLE('',(#13688));
#13145=FILL_AREA_STYLE('',(#13689));
#13146=FILL_AREA_STYLE_COLOUR('',#13690);
#13147=FILL_AREA_STYLE_COLOUR('',#13690);
#13148=FILL_AREA_STYLE_COLOUR('',#13690);
#13149=FILL_AREA_STYLE_COLOUR('',#13690);
#13150=FILL_AREA_STYLE_COLOUR('',#13690);
#13151=FILL_AREA_STYLE_COLOUR('',#13690);
#13152=FILL_AREA_STYLE_COLOUR('',#13690);
#13153=FILL_AREA_STYLE_COLOUR('',#13690);
#13154=FILL_AREA_STYLE_COLOUR('',#13690);
#13155=FILL_AREA_STYLE_COLOUR('',#13690);
#13156=FILL_AREA_STYLE_COLOUR('',#13690);
#13157=FILL_AREA_STYLE_COLOUR('',#13690);
#13158=FILL_AREA_STYLE_COLOUR('',#13690);
#13159=FILL_AREA_STYLE_COLOUR('',#13690);
#13160=FILL_AREA_STYLE_COLOUR('',#13690);
#13161=FILL_AREA_STYLE_COLOUR('',#13690);
#13162=FILL_AREA_STYLE_COLOUR('',#13690);
#13163=FILL_AREA_STYLE_COLOUR('',#13690);
#13164=FILL_AREA_STYLE_COLOUR('',#13690);
#13165=FILL_AREA_STYLE_COLOUR('',#13690);
#13166=FILL_AREA_STYLE_COLOUR('',#13690);
#13167=FILL_AREA_STYLE_COLOUR('',#13690);
#13168=FILL_AREA_STYLE_COLOUR('',#13690);
#13169=FILL_AREA_STYLE_COLOUR('',#13690);
#13170=FILL_AREA_STYLE_COLOUR('',#13690);
#13171=FILL_AREA_STYLE_COLOUR('',#13690);
#13172=FILL_AREA_STYLE_COLOUR('',#13690);
#13173=FILL_AREA_STYLE_COLOUR('',#13690);
#13174=FILL_AREA_STYLE_COLOUR('',#13690);
#13175=FILL_AREA_STYLE_COLOUR('',#13690);
#13176=FILL_AREA_STYLE_COLOUR('',#13690);
#13177=FILL_AREA_STYLE_COLOUR('',#13690);
#13178=FILL_AREA_STYLE_COLOUR('',#13690);
#13179=FILL_AREA_STYLE_COLOUR('',#13690);
#13180=FILL_AREA_STYLE_COLOUR('',#13690);
#13181=FILL_AREA_STYLE_COLOUR('',#13690);
#13182=FILL_AREA_STYLE_COLOUR('',#13690);
#13183=FILL_AREA_STYLE_COLOUR('',#13690);
#13184=FILL_AREA_STYLE_COLOUR('',#13690);
#13185=FILL_AREA_STYLE_COLOUR('',#13690);
#13186=FILL_AREA_STYLE_COLOUR('',#13690);
#13187=FILL_AREA_STYLE_COLOUR('',#13690);
#13188=FILL_AREA_STYLE_COLOUR('',#13690);
#13189=FILL_AREA_STYLE_COLOUR('',#13690);
#13190=FILL_AREA_STYLE_COLOUR('',#13690);
#13191=FILL_AREA_STYLE_COLOUR('',#13690);
#13192=FILL_AREA_STYLE_COLOUR('',#13690);
#13193=FILL_AREA_STYLE_COLOUR('',#13690);
#13194=FILL_AREA_STYLE_COLOUR('',#13690);
#13195=FILL_AREA_STYLE_COLOUR('',#13690);
#13196=FILL_AREA_STYLE_COLOUR('',#13690);
#13197=FILL_AREA_STYLE_COLOUR('',#13690);
#13198=FILL_AREA_STYLE_COLOUR('',#13690);
#13199=FILL_AREA_STYLE_COLOUR('',#13690);
#13200=FILL_AREA_STYLE_COLOUR('',#13690);
#13201=FILL_AREA_STYLE_COLOUR('',#13690);
#13202=FILL_AREA_STYLE_COLOUR('',#13690);
#13203=FILL_AREA_STYLE_COLOUR('',#13690);
#13204=FILL_AREA_STYLE_COLOUR('',#13690);
#13205=FILL_AREA_STYLE_COLOUR('',#13690);
#13206=FILL_AREA_STYLE_COLOUR('',#13690);
#13207=FILL_AREA_STYLE_COLOUR('',#13690);
#13208=FILL_AREA_STYLE_COLOUR('',#13690);
#13209=FILL_AREA_STYLE_COLOUR('',#13690);
#13210=FILL_AREA_STYLE_COLOUR('',#13690);
#13211=FILL_AREA_STYLE_COLOUR('',#13690);
#13212=FILL_AREA_STYLE_COLOUR('',#13690);
#13213=FILL_AREA_STYLE_COLOUR('',#13690);
#13214=FILL_AREA_STYLE_COLOUR('',#13690);
#13215=FILL_AREA_STYLE_COLOUR('',#13690);
#13216=FILL_AREA_STYLE_COLOUR('',#13690);
#13217=FILL_AREA_STYLE_COLOUR('',#13690);
#13218=FILL_AREA_STYLE_COLOUR('',#13690);
#13219=FILL_AREA_STYLE_COLOUR('',#13690);
#13220=FILL_AREA_STYLE_COLOUR('',#13690);
#13221=FILL_AREA_STYLE_COLOUR('',#13690);
#13222=FILL_AREA_STYLE_COLOUR('',#13690);
#13223=FILL_AREA_STYLE_COLOUR('',#13690);
#13224=FILL_AREA_STYLE_COLOUR('',#13690);
#13225=FILL_AREA_STYLE_COLOUR('',#13690);
#13226=FILL_AREA_STYLE_COLOUR('',#13690);
#13227=FILL_AREA_STYLE_COLOUR('',#13690);
#13228=FILL_AREA_STYLE_COLOUR('',#13690);
#13229=FILL_AREA_STYLE_COLOUR('',#13690);
#13230=FILL_AREA_STYLE_COLOUR('',#13690);
#13231=FILL_AREA_STYLE_COLOUR('',#13690);
#13232=FILL_AREA_STYLE_COLOUR('',#13690);
#13233=FILL_AREA_STYLE_COLOUR('',#13690);
#13234=FILL_AREA_STYLE_COLOUR('',#13690);
#13235=FILL_AREA_STYLE_COLOUR('',#13690);
#13236=FILL_AREA_STYLE_COLOUR('',#13690);
#13237=FILL_AREA_STYLE_COLOUR('',#13690);
#13238=FILL_AREA_STYLE_COLOUR('',#13690);
#13239=FILL_AREA_STYLE_COLOUR('',#13690);
#13240=FILL_AREA_STYLE_COLOUR('',#13690);
#13241=FILL_AREA_STYLE_COLOUR('',#13690);
#13242=FILL_AREA_STYLE_COLOUR('',#13690);
#13243=FILL_AREA_STYLE_COLOUR('',#13690);
#13244=FILL_AREA_STYLE_COLOUR('',#13690);
#13245=FILL_AREA_STYLE_COLOUR('',#13690);
#13246=FILL_AREA_STYLE_COLOUR('',#13690);
#13247=FILL_AREA_STYLE_COLOUR('',#13690);
#13248=FILL_AREA_STYLE_COLOUR('',#13690);
#13249=FILL_AREA_STYLE_COLOUR('',#13690);
#13250=FILL_AREA_STYLE_COLOUR('',#13690);
#13251=FILL_AREA_STYLE_COLOUR('',#13690);
#13252=FILL_AREA_STYLE_COLOUR('',#13690);
#13253=FILL_AREA_STYLE_COLOUR('',#13690);
#13254=FILL_AREA_STYLE_COLOUR('',#13690);
#13255=FILL_AREA_STYLE_COLOUR('',#13690);
#13256=FILL_AREA_STYLE_COLOUR('',#13690);
#13257=FILL_AREA_STYLE_COLOUR('',#13690);
#13258=FILL_AREA_STYLE_COLOUR('',#13690);
#13259=FILL_AREA_STYLE_COLOUR('',#13690);
#13260=FILL_AREA_STYLE_COLOUR('',#13690);
#13261=FILL_AREA_STYLE_COLOUR('',#13690);
#13262=FILL_AREA_STYLE_COLOUR('',#13690);
#13263=FILL_AREA_STYLE_COLOUR('',#13690);
#13264=FILL_AREA_STYLE_COLOUR('',#13690);
#13265=FILL_AREA_STYLE_COLOUR('',#13690);
#13266=FILL_AREA_STYLE_COLOUR('',#13690);
#13267=FILL_AREA_STYLE_COLOUR('',#13690);
#13268=FILL_AREA_STYLE_COLOUR('',#13690);
#13269=FILL_AREA_STYLE_COLOUR('',#13690);
#13270=FILL_AREA_STYLE_COLOUR('',#13690);
#13271=FILL_AREA_STYLE_COLOUR('',#13690);
#13272=FILL_AREA_STYLE_COLOUR('',#13690);
#13273=FILL_AREA_STYLE_COLOUR('',#13690);
#13274=FILL_AREA_STYLE_COLOUR('',#13690);
#13275=FILL_AREA_STYLE_COLOUR('',#13690);
#13276=FILL_AREA_STYLE_COLOUR('',#13690);
#13277=FILL_AREA_STYLE_COLOUR('',#13690);
#13278=FILL_AREA_STYLE_COLOUR('',#13690);
#13279=FILL_AREA_STYLE_COLOUR('',#13690);
#13280=FILL_AREA_STYLE_COLOUR('',#13690);
#13281=FILL_AREA_STYLE_COLOUR('',#13690);
#13282=FILL_AREA_STYLE_COLOUR('',#13690);
#13283=FILL_AREA_STYLE_COLOUR('',#13690);
#13284=FILL_AREA_STYLE_COLOUR('',#13690);
#13285=FILL_AREA_STYLE_COLOUR('',#13690);
#13286=FILL_AREA_STYLE_COLOUR('',#13690);
#13287=FILL_AREA_STYLE_COLOUR('',#13690);
#13288=FILL_AREA_STYLE_COLOUR('',#13690);
#13289=FILL_AREA_STYLE_COLOUR('',#13690);
#13290=FILL_AREA_STYLE_COLOUR('',#13690);
#13291=FILL_AREA_STYLE_COLOUR('',#13690);
#13292=FILL_AREA_STYLE_COLOUR('',#13690);
#13293=FILL_AREA_STYLE_COLOUR('',#13690);
#13294=FILL_AREA_STYLE_COLOUR('',#13690);
#13295=FILL_AREA_STYLE_COLOUR('',#13690);
#13296=FILL_AREA_STYLE_COLOUR('',#13690);
#13297=FILL_AREA_STYLE_COLOUR('',#13690);
#13298=FILL_AREA_STYLE_COLOUR('',#13690);
#13299=FILL_AREA_STYLE_COLOUR('',#13690);
#13300=FILL_AREA_STYLE_COLOUR('',#13690);
#13301=FILL_AREA_STYLE_COLOUR('',#13690);
#13302=FILL_AREA_STYLE_COLOUR('',#13690);
#13303=FILL_AREA_STYLE_COLOUR('',#13690);
#13304=FILL_AREA_STYLE_COLOUR('',#13690);
#13305=FILL_AREA_STYLE_COLOUR('',#13690);
#13306=FILL_AREA_STYLE_COLOUR('',#13690);
#13307=FILL_AREA_STYLE_COLOUR('',#13690);
#13308=FILL_AREA_STYLE_COLOUR('',#13690);
#13309=FILL_AREA_STYLE_COLOUR('',#13690);
#13310=FILL_AREA_STYLE_COLOUR('',#13690);
#13311=FILL_AREA_STYLE_COLOUR('',#13690);
#13312=FILL_AREA_STYLE_COLOUR('',#13690);
#13313=FILL_AREA_STYLE_COLOUR('',#13690);
#13314=FILL_AREA_STYLE_COLOUR('',#13690);
#13315=FILL_AREA_STYLE_COLOUR('',#13690);
#13316=FILL_AREA_STYLE_COLOUR('',#13690);
#13317=FILL_AREA_STYLE_COLOUR('',#13690);
#13318=FILL_AREA_STYLE_COLOUR('',#13690);
#13319=FILL_AREA_STYLE_COLOUR('',#13690);
#13320=FILL_AREA_STYLE_COLOUR('',#13690);
#13321=FILL_AREA_STYLE_COLOUR('',#13690);
#13322=FILL_AREA_STYLE_COLOUR('',#13690);
#13323=FILL_AREA_STYLE_COLOUR('',#13690);
#13324=FILL_AREA_STYLE_COLOUR('',#13690);
#13325=FILL_AREA_STYLE_COLOUR('',#13690);
#13326=FILL_AREA_STYLE_COLOUR('',#13690);
#13327=FILL_AREA_STYLE_COLOUR('',#13690);
#13328=FILL_AREA_STYLE_COLOUR('',#13690);
#13329=FILL_AREA_STYLE_COLOUR('',#13690);
#13330=FILL_AREA_STYLE_COLOUR('',#13690);
#13331=FILL_AREA_STYLE_COLOUR('',#13690);
#13332=FILL_AREA_STYLE_COLOUR('',#13690);
#13333=FILL_AREA_STYLE_COLOUR('',#13690);
#13334=FILL_AREA_STYLE_COLOUR('',#13690);
#13335=FILL_AREA_STYLE_COLOUR('',#13690);
#13336=FILL_AREA_STYLE_COLOUR('',#13690);
#13337=FILL_AREA_STYLE_COLOUR('',#13690);
#13338=FILL_AREA_STYLE_COLOUR('',#13690);
#13339=FILL_AREA_STYLE_COLOUR('',#13690);
#13340=FILL_AREA_STYLE_COLOUR('',#13690);
#13341=FILL_AREA_STYLE_COLOUR('',#13690);
#13342=FILL_AREA_STYLE_COLOUR('',#13690);
#13343=FILL_AREA_STYLE_COLOUR('',#13690);
#13344=FILL_AREA_STYLE_COLOUR('',#13690);
#13345=FILL_AREA_STYLE_COLOUR('',#13690);
#13346=FILL_AREA_STYLE_COLOUR('',#13690);
#13347=FILL_AREA_STYLE_COLOUR('',#13690);
#13348=FILL_AREA_STYLE_COLOUR('',#13690);
#13349=FILL_AREA_STYLE_COLOUR('',#13690);
#13350=FILL_AREA_STYLE_COLOUR('',#13690);
#13351=FILL_AREA_STYLE_COLOUR('',#13690);
#13352=FILL_AREA_STYLE_COLOUR('',#13690);
#13353=FILL_AREA_STYLE_COLOUR('',#13690);
#13354=FILL_AREA_STYLE_COLOUR('',#13690);
#13355=FILL_AREA_STYLE_COLOUR('',#13690);
#13356=FILL_AREA_STYLE_COLOUR('',#13690);
#13357=FILL_AREA_STYLE_COLOUR('',#13690);
#13358=FILL_AREA_STYLE_COLOUR('',#13690);
#13359=FILL_AREA_STYLE_COLOUR('',#13690);
#13360=FILL_AREA_STYLE_COLOUR('',#13690);
#13361=FILL_AREA_STYLE_COLOUR('',#13690);
#13362=FILL_AREA_STYLE_COLOUR('',#13690);
#13363=FILL_AREA_STYLE_COLOUR('',#13690);
#13364=FILL_AREA_STYLE_COLOUR('',#13690);
#13365=FILL_AREA_STYLE_COLOUR('',#13690);
#13366=FILL_AREA_STYLE_COLOUR('',#13690);
#13367=FILL_AREA_STYLE_COLOUR('',#13690);
#13368=FILL_AREA_STYLE_COLOUR('',#13690);
#13369=FILL_AREA_STYLE_COLOUR('',#13690);
#13370=FILL_AREA_STYLE_COLOUR('',#13690);
#13371=FILL_AREA_STYLE_COLOUR('',#13690);
#13372=FILL_AREA_STYLE_COLOUR('',#13690);
#13373=FILL_AREA_STYLE_COLOUR('',#13690);
#13374=FILL_AREA_STYLE_COLOUR('',#13690);
#13375=FILL_AREA_STYLE_COLOUR('',#13690);
#13376=FILL_AREA_STYLE_COLOUR('',#13690);
#13377=FILL_AREA_STYLE_COLOUR('',#13690);
#13378=FILL_AREA_STYLE_COLOUR('',#13690);
#13379=FILL_AREA_STYLE_COLOUR('',#13690);
#13380=FILL_AREA_STYLE_COLOUR('',#13690);
#13381=FILL_AREA_STYLE_COLOUR('',#13690);
#13382=FILL_AREA_STYLE_COLOUR('',#13690);
#13383=FILL_AREA_STYLE_COLOUR('',#13690);
#13384=FILL_AREA_STYLE_COLOUR('',#13690);
#13385=FILL_AREA_STYLE_COLOUR('',#13690);
#13386=FILL_AREA_STYLE_COLOUR('',#13690);
#13387=FILL_AREA_STYLE_COLOUR('',#13690);
#13388=FILL_AREA_STYLE_COLOUR('',#13690);
#13389=FILL_AREA_STYLE_COLOUR('',#13690);
#13390=FILL_AREA_STYLE_COLOUR('',#13690);
#13391=FILL_AREA_STYLE_COLOUR('',#13690);
#13392=FILL_AREA_STYLE_COLOUR('',#13690);
#13393=FILL_AREA_STYLE_COLOUR('',#13690);
#13394=FILL_AREA_STYLE_COLOUR('',#13690);
#13395=FILL_AREA_STYLE_COLOUR('',#13690);
#13396=FILL_AREA_STYLE_COLOUR('',#13690);
#13397=FILL_AREA_STYLE_COLOUR('',#13690);
#13398=FILL_AREA_STYLE_COLOUR('',#13690);
#13399=FILL_AREA_STYLE_COLOUR('',#13690);
#13400=FILL_AREA_STYLE_COLOUR('',#13690);
#13401=FILL_AREA_STYLE_COLOUR('',#13690);
#13402=FILL_AREA_STYLE_COLOUR('',#13690);
#13403=FILL_AREA_STYLE_COLOUR('',#13690);
#13404=FILL_AREA_STYLE_COLOUR('',#13690);
#13405=FILL_AREA_STYLE_COLOUR('',#13690);
#13406=FILL_AREA_STYLE_COLOUR('',#13690);
#13407=FILL_AREA_STYLE_COLOUR('',#13690);
#13408=FILL_AREA_STYLE_COLOUR('',#13690);
#13409=FILL_AREA_STYLE_COLOUR('',#13690);
#13410=FILL_AREA_STYLE_COLOUR('',#13690);
#13411=FILL_AREA_STYLE_COLOUR('',#13690);
#13412=FILL_AREA_STYLE_COLOUR('',#13690);
#13413=FILL_AREA_STYLE_COLOUR('',#13690);
#13414=FILL_AREA_STYLE_COLOUR('',#13690);
#13415=FILL_AREA_STYLE_COLOUR('',#13690);
#13416=FILL_AREA_STYLE_COLOUR('',#13690);
#13417=FILL_AREA_STYLE_COLOUR('',#13690);
#13418=FILL_AREA_STYLE_COLOUR('',#13690);
#13419=FILL_AREA_STYLE_COLOUR('',#13690);
#13420=FILL_AREA_STYLE_COLOUR('',#13690);
#13421=FILL_AREA_STYLE_COLOUR('',#13690);
#13422=FILL_AREA_STYLE_COLOUR('',#13690);
#13423=FILL_AREA_STYLE_COLOUR('',#13690);
#13424=FILL_AREA_STYLE_COLOUR('',#13690);
#13425=FILL_AREA_STYLE_COLOUR('',#13690);
#13426=FILL_AREA_STYLE_COLOUR('',#13690);
#13427=FILL_AREA_STYLE_COLOUR('',#13690);
#13428=FILL_AREA_STYLE_COLOUR('',#13690);
#13429=FILL_AREA_STYLE_COLOUR('',#13690);
#13430=FILL_AREA_STYLE_COLOUR('',#13690);
#13431=FILL_AREA_STYLE_COLOUR('',#13690);
#13432=FILL_AREA_STYLE_COLOUR('',#13690);
#13433=FILL_AREA_STYLE_COLOUR('',#13690);
#13434=FILL_AREA_STYLE_COLOUR('',#13690);
#13435=FILL_AREA_STYLE_COLOUR('',#13690);
#13436=FILL_AREA_STYLE_COLOUR('',#13690);
#13437=FILL_AREA_STYLE_COLOUR('',#13690);
#13438=FILL_AREA_STYLE_COLOUR('',#13690);
#13439=FILL_AREA_STYLE_COLOUR('',#13690);
#13440=FILL_AREA_STYLE_COLOUR('',#13690);
#13441=FILL_AREA_STYLE_COLOUR('',#13690);
#13442=FILL_AREA_STYLE_COLOUR('',#13690);
#13443=FILL_AREA_STYLE_COLOUR('',#13690);
#13444=FILL_AREA_STYLE_COLOUR('',#13690);
#13445=FILL_AREA_STYLE_COLOUR('',#13690);
#13446=FILL_AREA_STYLE_COLOUR('',#13690);
#13447=FILL_AREA_STYLE_COLOUR('',#13690);
#13448=FILL_AREA_STYLE_COLOUR('',#13690);
#13449=FILL_AREA_STYLE_COLOUR('',#13690);
#13450=FILL_AREA_STYLE_COLOUR('',#13690);
#13451=FILL_AREA_STYLE_COLOUR('',#13690);
#13452=FILL_AREA_STYLE_COLOUR('',#13690);
#13453=FILL_AREA_STYLE_COLOUR('',#13690);
#13454=FILL_AREA_STYLE_COLOUR('',#13690);
#13455=FILL_AREA_STYLE_COLOUR('',#13690);
#13456=FILL_AREA_STYLE_COLOUR('',#13690);
#13457=FILL_AREA_STYLE_COLOUR('',#13690);
#13458=FILL_AREA_STYLE_COLOUR('',#13690);
#13459=FILL_AREA_STYLE_COLOUR('',#13690);
#13460=FILL_AREA_STYLE_COLOUR('',#13690);
#13461=FILL_AREA_STYLE_COLOUR('',#13690);
#13462=FILL_AREA_STYLE_COLOUR('',#13690);
#13463=FILL_AREA_STYLE_COLOUR('',#13690);
#13464=FILL_AREA_STYLE_COLOUR('',#13690);
#13465=FILL_AREA_STYLE_COLOUR('',#13690);
#13466=FILL_AREA_STYLE_COLOUR('',#13690);
#13467=FILL_AREA_STYLE_COLOUR('',#13690);
#13468=FILL_AREA_STYLE_COLOUR('',#13690);
#13469=FILL_AREA_STYLE_COLOUR('',#13690);
#13470=FILL_AREA_STYLE_COLOUR('',#13690);
#13471=FILL_AREA_STYLE_COLOUR('',#13690);
#13472=FILL_AREA_STYLE_COLOUR('',#13690);
#13473=FILL_AREA_STYLE_COLOUR('',#13690);
#13474=FILL_AREA_STYLE_COLOUR('',#13690);
#13475=FILL_AREA_STYLE_COLOUR('',#13690);
#13476=FILL_AREA_STYLE_COLOUR('',#13690);
#13477=FILL_AREA_STYLE_COLOUR('',#13690);
#13478=FILL_AREA_STYLE_COLOUR('',#13690);
#13479=FILL_AREA_STYLE_COLOUR('',#13690);
#13480=FILL_AREA_STYLE_COLOUR('',#13690);
#13481=FILL_AREA_STYLE_COLOUR('',#13690);
#13482=FILL_AREA_STYLE_COLOUR('',#13690);
#13483=FILL_AREA_STYLE_COLOUR('',#13690);
#13484=FILL_AREA_STYLE_COLOUR('',#13690);
#13485=FILL_AREA_STYLE_COLOUR('',#13690);
#13486=FILL_AREA_STYLE_COLOUR('',#13690);
#13487=FILL_AREA_STYLE_COLOUR('',#13690);
#13488=FILL_AREA_STYLE_COLOUR('',#13690);
#13489=FILL_AREA_STYLE_COLOUR('',#13690);
#13490=FILL_AREA_STYLE_COLOUR('',#13690);
#13491=FILL_AREA_STYLE_COLOUR('',#13690);
#13492=FILL_AREA_STYLE_COLOUR('',#13690);
#13493=FILL_AREA_STYLE_COLOUR('',#13690);
#13494=FILL_AREA_STYLE_COLOUR('',#13690);
#13495=FILL_AREA_STYLE_COLOUR('',#13690);
#13496=FILL_AREA_STYLE_COLOUR('',#13690);
#13497=FILL_AREA_STYLE_COLOUR('',#13690);
#13498=FILL_AREA_STYLE_COLOUR('',#13690);
#13499=FILL_AREA_STYLE_COLOUR('',#13690);
#13500=FILL_AREA_STYLE_COLOUR('',#13690);
#13501=FILL_AREA_STYLE_COLOUR('',#13690);
#13502=FILL_AREA_STYLE_COLOUR('',#13690);
#13503=FILL_AREA_STYLE_COLOUR('',#13690);
#13504=FILL_AREA_STYLE_COLOUR('',#13690);
#13505=FILL_AREA_STYLE_COLOUR('',#13690);
#13506=FILL_AREA_STYLE_COLOUR('',#13690);
#13507=FILL_AREA_STYLE_COLOUR('',#13690);
#13508=FILL_AREA_STYLE_COLOUR('',#13690);
#13509=FILL_AREA_STYLE_COLOUR('',#13690);
#13510=FILL_AREA_STYLE_COLOUR('',#13690);
#13511=FILL_AREA_STYLE_COLOUR('',#13690);
#13512=FILL_AREA_STYLE_COLOUR('',#13690);
#13513=FILL_AREA_STYLE_COLOUR('',#13690);
#13514=FILL_AREA_STYLE_COLOUR('',#13690);
#13515=FILL_AREA_STYLE_COLOUR('',#13690);
#13516=FILL_AREA_STYLE_COLOUR('',#13690);
#13517=FILL_AREA_STYLE_COLOUR('',#13690);
#13518=FILL_AREA_STYLE_COLOUR('',#13690);
#13519=FILL_AREA_STYLE_COLOUR('',#13690);
#13520=FILL_AREA_STYLE_COLOUR('',#13690);
#13521=FILL_AREA_STYLE_COLOUR('',#13690);
#13522=FILL_AREA_STYLE_COLOUR('',#13690);
#13523=FILL_AREA_STYLE_COLOUR('',#13690);
#13524=FILL_AREA_STYLE_COLOUR('',#13690);
#13525=FILL_AREA_STYLE_COLOUR('',#13690);
#13526=FILL_AREA_STYLE_COLOUR('',#13690);
#13527=FILL_AREA_STYLE_COLOUR('',#13690);
#13528=FILL_AREA_STYLE_COLOUR('',#13690);
#13529=FILL_AREA_STYLE_COLOUR('',#13690);
#13530=FILL_AREA_STYLE_COLOUR('',#13690);
#13531=FILL_AREA_STYLE_COLOUR('',#13690);
#13532=FILL_AREA_STYLE_COLOUR('',#13690);
#13533=FILL_AREA_STYLE_COLOUR('',#13690);
#13534=FILL_AREA_STYLE_COLOUR('',#13690);
#13535=FILL_AREA_STYLE_COLOUR('',#13690);
#13536=FILL_AREA_STYLE_COLOUR('',#13690);
#13537=FILL_AREA_STYLE_COLOUR('',#13690);
#13538=FILL_AREA_STYLE_COLOUR('',#13690);
#13539=FILL_AREA_STYLE_COLOUR('',#13690);
#13540=FILL_AREA_STYLE_COLOUR('',#13690);
#13541=FILL_AREA_STYLE_COLOUR('',#13690);
#13542=FILL_AREA_STYLE_COLOUR('',#13690);
#13543=FILL_AREA_STYLE_COLOUR('',#13690);
#13544=FILL_AREA_STYLE_COLOUR('',#13690);
#13545=FILL_AREA_STYLE_COLOUR('',#13690);
#13546=FILL_AREA_STYLE_COLOUR('',#13690);
#13547=FILL_AREA_STYLE_COLOUR('',#13690);
#13548=FILL_AREA_STYLE_COLOUR('',#13690);
#13549=FILL_AREA_STYLE_COLOUR('',#13690);
#13550=FILL_AREA_STYLE_COLOUR('',#13690);
#13551=FILL_AREA_STYLE_COLOUR('',#13690);
#13552=FILL_AREA_STYLE_COLOUR('',#13690);
#13553=FILL_AREA_STYLE_COLOUR('',#13690);
#13554=FILL_AREA_STYLE_COLOUR('',#13691);
#13555=FILL_AREA_STYLE_COLOUR('',#13691);
#13556=FILL_AREA_STYLE_COLOUR('',#13691);
#13557=FILL_AREA_STYLE_COLOUR('',#13691);
#13558=FILL_AREA_STYLE_COLOUR('',#13691);
#13559=FILL_AREA_STYLE_COLOUR('',#13691);
#13560=FILL_AREA_STYLE_COLOUR('',#13691);
#13561=FILL_AREA_STYLE_COLOUR('',#13691);
#13562=FILL_AREA_STYLE_COLOUR('',#13691);
#13563=FILL_AREA_STYLE_COLOUR('',#13691);
#13564=FILL_AREA_STYLE_COLOUR('',#13691);
#13565=FILL_AREA_STYLE_COLOUR('',#13691);
#13566=FILL_AREA_STYLE_COLOUR('',#13691);
#13567=FILL_AREA_STYLE_COLOUR('',#13691);
#13568=FILL_AREA_STYLE_COLOUR('',#13691);
#13569=FILL_AREA_STYLE_COLOUR('',#13691);
#13570=FILL_AREA_STYLE_COLOUR('',#13691);
#13571=FILL_AREA_STYLE_COLOUR('',#13691);
#13572=FILL_AREA_STYLE_COLOUR('',#13691);
#13573=FILL_AREA_STYLE_COLOUR('',#13691);
#13574=FILL_AREA_STYLE_COLOUR('',#13691);
#13575=FILL_AREA_STYLE_COLOUR('',#13691);
#13576=FILL_AREA_STYLE_COLOUR('',#13691);
#13577=FILL_AREA_STYLE_COLOUR('',#13691);
#13578=FILL_AREA_STYLE_COLOUR('',#13691);
#13579=FILL_AREA_STYLE_COLOUR('',#13691);
#13580=FILL_AREA_STYLE_COLOUR('',#13691);
#13581=FILL_AREA_STYLE_COLOUR('',#13691);
#13582=FILL_AREA_STYLE_COLOUR('',#13691);
#13583=FILL_AREA_STYLE_COLOUR('',#13691);
#13584=FILL_AREA_STYLE_COLOUR('',#13691);
#13585=FILL_AREA_STYLE_COLOUR('',#13691);
#13586=FILL_AREA_STYLE_COLOUR('',#13691);
#13587=FILL_AREA_STYLE_COLOUR('',#13691);
#13588=FILL_AREA_STYLE_COLOUR('',#13691);
#13589=FILL_AREA_STYLE_COLOUR('',#13691);
#13590=FILL_AREA_STYLE_COLOUR('',#13691);
#13591=FILL_AREA_STYLE_COLOUR('',#13691);
#13592=FILL_AREA_STYLE_COLOUR('',#13691);
#13593=FILL_AREA_STYLE_COLOUR('',#13691);
#13594=FILL_AREA_STYLE_COLOUR('',#13692);
#13595=FILL_AREA_STYLE_COLOUR('',#13692);
#13596=FILL_AREA_STYLE_COLOUR('',#13692);
#13597=FILL_AREA_STYLE_COLOUR('',#13692);
#13598=FILL_AREA_STYLE_COLOUR('',#13692);
#13599=FILL_AREA_STYLE_COLOUR('',#13692);
#13600=FILL_AREA_STYLE_COLOUR('',#13692);
#13601=FILL_AREA_STYLE_COLOUR('',#13692);
#13602=FILL_AREA_STYLE_COLOUR('',#13692);
#13603=FILL_AREA_STYLE_COLOUR('',#13692);
#13604=FILL_AREA_STYLE_COLOUR('',#13692);
#13605=FILL_AREA_STYLE_COLOUR('',#13692);
#13606=FILL_AREA_STYLE_COLOUR('',#13692);
#13607=FILL_AREA_STYLE_COLOUR('',#13692);
#13608=FILL_AREA_STYLE_COLOUR('',#13692);
#13609=FILL_AREA_STYLE_COLOUR('',#13692);
#13610=FILL_AREA_STYLE_COLOUR('',#13692);
#13611=FILL_AREA_STYLE_COLOUR('',#13692);
#13612=FILL_AREA_STYLE_COLOUR('',#13692);
#13613=FILL_AREA_STYLE_COLOUR('',#13692);
#13614=FILL_AREA_STYLE_COLOUR('',#13692);
#13615=FILL_AREA_STYLE_COLOUR('',#13692);
#13616=FILL_AREA_STYLE_COLOUR('',#13692);
#13617=FILL_AREA_STYLE_COLOUR('',#13692);
#13618=FILL_AREA_STYLE_COLOUR('',#13692);
#13619=FILL_AREA_STYLE_COLOUR('',#13692);
#13620=FILL_AREA_STYLE_COLOUR('',#13692);
#13621=FILL_AREA_STYLE_COLOUR('',#13692);
#13622=FILL_AREA_STYLE_COLOUR('',#13692);
#13623=FILL_AREA_STYLE_COLOUR('',#13692);
#13624=FILL_AREA_STYLE_COLOUR('',#13692);
#13625=FILL_AREA_STYLE_COLOUR('',#13692);
#13626=FILL_AREA_STYLE_COLOUR('',#13692);
#13627=FILL_AREA_STYLE_COLOUR('',#13692);
#13628=FILL_AREA_STYLE_COLOUR('',#13692);
#13629=FILL_AREA_STYLE_COLOUR('',#13692);
#13630=FILL_AREA_STYLE_COLOUR('',#13692);
#13631=FILL_AREA_STYLE_COLOUR('',#13692);
#13632=FILL_AREA_STYLE_COLOUR('',#13692);
#13633=FILL_AREA_STYLE_COLOUR('',#13692);
#13634=FILL_AREA_STYLE_COLOUR('',#13692);
#13635=FILL_AREA_STYLE_COLOUR('',#13692);
#13636=FILL_AREA_STYLE_COLOUR('',#13692);
#13637=FILL_AREA_STYLE_COLOUR('',#13692);
#13638=FILL_AREA_STYLE_COLOUR('',#13692);
#13639=FILL_AREA_STYLE_COLOUR('',#13692);
#13640=FILL_AREA_STYLE_COLOUR('',#13692);
#13641=FILL_AREA_STYLE_COLOUR('',#13692);
#13642=FILL_AREA_STYLE_COLOUR('',#13692);
#13643=FILL_AREA_STYLE_COLOUR('',#13692);
#13644=FILL_AREA_STYLE_COLOUR('',#13692);
#13645=FILL_AREA_STYLE_COLOUR('',#13692);
#13646=FILL_AREA_STYLE_COLOUR('',#13692);
#13647=FILL_AREA_STYLE_COLOUR('',#13692);
#13648=FILL_AREA_STYLE_COLOUR('',#13692);
#13649=FILL_AREA_STYLE_COLOUR('',#13692);
#13650=FILL_AREA_STYLE_COLOUR('',#13692);
#13651=FILL_AREA_STYLE_COLOUR('',#13692);
#13652=FILL_AREA_STYLE_COLOUR('',#13692);
#13653=FILL_AREA_STYLE_COLOUR('',#13692);
#13654=FILL_AREA_STYLE_COLOUR('',#13692);
#13655=FILL_AREA_STYLE_COLOUR('',#13692);
#13656=FILL_AREA_STYLE_COLOUR('',#13692);
#13657=FILL_AREA_STYLE_COLOUR('',#13692);
#13658=FILL_AREA_STYLE_COLOUR('',#13692);
#13659=FILL_AREA_STYLE_COLOUR('',#13692);
#13660=FILL_AREA_STYLE_COLOUR('',#13692);
#13661=FILL_AREA_STYLE_COLOUR('',#13692);
#13662=FILL_AREA_STYLE_COLOUR('',#13692);
#13663=FILL_AREA_STYLE_COLOUR('',#13692);
#13664=FILL_AREA_STYLE_COLOUR('',#13692);
#13665=FILL_AREA_STYLE_COLOUR('',#13692);
#13666=FILL_AREA_STYLE_COLOUR('',#13692);
#13667=FILL_AREA_STYLE_COLOUR('',#13692);
#13668=FILL_AREA_STYLE_COLOUR('',#13692);
#13669=FILL_AREA_STYLE_COLOUR('',#13692);
#13670=FILL_AREA_STYLE_COLOUR('',#13692);
#13671=FILL_AREA_STYLE_COLOUR('',#13692);
#13672=FILL_AREA_STYLE_COLOUR('',#13692);
#13673=FILL_AREA_STYLE_COLOUR('',#13692);
#13674=FILL_AREA_STYLE_COLOUR('',#13690);
#13675=FILL_AREA_STYLE_COLOUR('',#13690);
#13676=FILL_AREA_STYLE_COLOUR('',#13690);
#13677=FILL_AREA_STYLE_COLOUR('',#13690);
#13678=FILL_AREA_STYLE_COLOUR('',#13690);
#13679=FILL_AREA_STYLE_COLOUR('',#13690);
#13680=FILL_AREA_STYLE_COLOUR('',#13690);
#13681=FILL_AREA_STYLE_COLOUR('',#13690);
#13682=FILL_AREA_STYLE_COLOUR('',#13690);
#13683=FILL_AREA_STYLE_COLOUR('',#13690);
#13684=FILL_AREA_STYLE_COLOUR('',#13690);
#13685=FILL_AREA_STYLE_COLOUR('',#13690);
#13686=FILL_AREA_STYLE_COLOUR('',#13690);
#13687=FILL_AREA_STYLE_COLOUR('',#13690);
#13688=FILL_AREA_STYLE_COLOUR('',#13690);
#13689=FILL_AREA_STYLE_COLOUR('',#13690);
#13690=COLOUR_RGB('',0.560000002384186,0.569999992847443,0.569999992847443);
#13691=COLOUR_RGB('',0.77999997138977,0.77999997138977,0.77999997138977);
#13692=COLOUR_RGB('',0.88999998569489,0.43000000715256,0.070000000298023);
#13693=ADVANCED_FACE('',(#8982,#8983,#8984,#8985),#9557,.T.);
#13694=ADVANCED_FACE('',(#8986),#9558,.T.);
#13695=ADVANCED_FACE('',(#8987),#9559,.F.);
#13696=ADVANCED_FACE('',(#8988),#9560,.F.);
#13697=ADVANCED_FACE('',(#8989),#9561,.F.);
#13698=ADVANCED_FACE('',(#8990),#9562,.F.);
#13699=ADVANCED_FACE('',(#8991),#9563,.F.);
#13700=ADVANCED_FACE('',(#8992,#8993,#8994,#8995),#9564,.F.);
#13701=ADVANCED_FACE('',(#8996),#9565,.F.);
#13702=ADVANCED_FACE('',(#8997),#9566,.F.);
#13703=ADVANCED_FACE('',(#8998),#9567,.F.);
#13704=ADVANCED_FACE('',(#8999),#9568,.F.);
#13705=ADVANCED_FACE('',(#9000),#9569,.F.);
#13706=ADVANCED_FACE('',(#9001),#9570,.F.);
#13707=ADVANCED_FACE('',(#9002),#9571,.F.);
#13708=ADVANCED_FACE('',(#9003),#9572,.F.);
#13709=ADVANCED_FACE('',(#9004),#9573,.F.);
#13710=ADVANCED_FACE('',(#9005),#9574,.F.);
#13711=ADVANCED_FACE('',(#9006),#9575,.F.);
#13712=ADVANCED_FACE('',(#9007),#9576,.T.);
#13713=ADVANCED_FACE('',(#9008),#9577,.T.);
#13714=ADVANCED_FACE('',(#9009),#9578,.T.);
#13715=ADVANCED_FACE('',(#9010),#9579,.T.);
#13716=ADVANCED_FACE('',(#9011),#9580,.F.);
#13717=ADVANCED_FACE('',(#9012),#9581,.F.);
#13718=ADVANCED_FACE('',(#9013),#9582,.T.);
#13719=ADVANCED_FACE('',(#9014),#9583,.T.);
#13720=ADVANCED_FACE('',(#9015),#9584,.T.);
#13721=ADVANCED_FACE('',(#9016),#9585,.F.);
#13722=ADVANCED_FACE('',(#9017),#9586,.F.);
#13723=ADVANCED_FACE('',(#9018),#9587,.T.);
#13724=ADVANCED_FACE('',(#9019),#9588,.T.);
#13725=ADVANCED_FACE('',(#9020),#9589,.T.);
#13726=ADVANCED_FACE('',(#9021),#9590,.F.);
#13727=ADVANCED_FACE('',(#9022),#9591,.F.);
#13728=ADVANCED_FACE('',(#9023),#9592,.T.);
#13729=ADVANCED_FACE('',(#9024),#9593,.F.);
#13730=ADVANCED_FACE('',(#9025),#45,.T.);
#13731=ADVANCED_FACE('',(#9026,#9027,#9028,#9029,#9030,#9031,#9032),#9594,
 .F.);
#13732=ADVANCED_FACE('',(#9033),#46,.T.);
#13733=ADVANCED_FACE('',(#9034,#9035,#9036,#9037,#9038,#9039,#9040),#9595,
 .F.);
#13734=ADVANCED_FACE('',(#9041),#47,.T.);
#13735=ADVANCED_FACE('',(#9042),#48,.T.);
#13736=ADVANCED_FACE('',(#9043),#9596,.T.);
#13737=ADVANCED_FACE('',(#9044),#9597,.T.);
#13738=ADVANCED_FACE('',(#9045),#49,.F.);
#13739=ADVANCED_FACE('',(#9046),#50,.T.);
#13740=ADVANCED_FACE('',(#9047),#9598,.F.);
#13741=ADVANCED_FACE('',(#9048),#9599,.F.);
#13742=ADVANCED_FACE('',(#9049),#9600,.T.);
#13743=ADVANCED_FACE('',(#9050),#51,.F.);
#13744=ADVANCED_FACE('',(#9051),#52,.T.);
#13745=ADVANCED_FACE('',(#9052,#9053),#9601,.T.);
#13746=ADVANCED_FACE('',(#9054),#53,.F.);
#13747=ADVANCED_FACE('',(#9055),#54,.T.);
#13748=ADVANCED_FACE('',(#9056),#9602,.T.);
#13749=ADVANCED_FACE('',(#9057),#55,.T.);
#13750=ADVANCED_FACE('',(#9058),#56,.F.);
#13751=ADVANCED_FACE('',(#9059,#9060),#9603,.T.);
#13752=ADVANCED_FACE('',(#9061),#57,.F.);
#13753=ADVANCED_FACE('',(#9062),#58,.T.);
#13754=ADVANCED_FACE('',(#9063),#59,.F.);
#13755=ADVANCED_FACE('',(#9064),#60,.T.);
#13756=ADVANCED_FACE('',(#9065,#9066),#9604,.T.);
#13757=ADVANCED_FACE('',(#9067),#61,.F.);
#13758=ADVANCED_FACE('',(#9068),#62,.T.);
#13759=ADVANCED_FACE('',(#9069),#9605,.T.);
#13760=ADVANCED_FACE('',(#9070),#63,.T.);
#13761=ADVANCED_FACE('',(#9071),#64,.F.);
#13762=ADVANCED_FACE('',(#9072,#9073),#9606,.T.);
#13763=ADVANCED_FACE('',(#9074),#65,.F.);
#13764=ADVANCED_FACE('',(#9075),#9607,.F.);
#13765=ADVANCED_FACE('',(#9076),#9608,.T.);
#13766=ADVANCED_FACE('',(#9077),#66,.T.);
#13767=ADVANCED_FACE('',(#9078),#9609,.T.);
#13768=ADVANCED_FACE('',(#9079),#9610,.F.);
#13769=ADVANCED_FACE('',(#9080),#9611,.T.);
#13770=ADVANCED_FACE('',(#9081),#67,.T.);
#13771=ADVANCED_FACE('',(#9082),#68,.F.);
#13772=ADVANCED_FACE('',(#9083),#9612,.T.);
#13773=ADVANCED_FACE('',(#9084),#9613,.T.);
#13774=ADVANCED_FACE('',(#9085),#69,.F.);
#13775=ADVANCED_FACE('',(#9086),#70,.T.);
#13776=ADVANCED_FACE('',(#9087,#9088),#9614,.T.);
#13777=ADVANCED_FACE('',(#9089),#71,.F.);
#13778=ADVANCED_FACE('',(#9090),#72,.T.);
#13779=ADVANCED_FACE('',(#9091),#9615,.T.);
#13780=ADVANCED_FACE('',(#9092),#73,.T.);
#13781=ADVANCED_FACE('',(#9093),#74,.F.);
#13782=ADVANCED_FACE('',(#9094,#9095),#9616,.T.);
#13783=ADVANCED_FACE('',(#9096),#75,.F.);
#13784=ADVANCED_FACE('',(#9097),#9617,.F.);
#13785=ADVANCED_FACE('',(#9098),#9618,.T.);
#13786=ADVANCED_FACE('',(#9099),#76,.T.);
#13787=ADVANCED_FACE('',(#9100),#9619,.T.);
#13788=ADVANCED_FACE('',(#9101),#9620,.F.);
#13789=ADVANCED_FACE('',(#9102),#9621,.T.);
#13790=ADVANCED_FACE('',(#9103),#77,.T.);
#13791=ADVANCED_FACE('',(#9104),#78,.F.);
#13792=ADVANCED_FACE('',(#9105),#9622,.T.);
#13793=ADVANCED_FACE('',(#9106),#9623,.T.);
#13794=ADVANCED_FACE('',(#9107),#79,.F.);
#13795=ADVANCED_FACE('',(#9108),#80,.T.);
#13796=ADVANCED_FACE('',(#9109,#9110),#9624,.T.);
#13797=ADVANCED_FACE('',(#9111),#81,.F.);
#13798=ADVANCED_FACE('',(#9112),#82,.T.);
#13799=ADVANCED_FACE('',(#9113),#9625,.T.);
#13800=ADVANCED_FACE('',(#9114),#83,.T.);
#13801=ADVANCED_FACE('',(#9115),#84,.F.);
#13802=ADVANCED_FACE('',(#9116,#9117),#9626,.T.);
#13803=ADVANCED_FACE('',(#9118),#85,.F.);
#13804=ADVANCED_FACE('',(#9119),#9627,.F.);
#13805=ADVANCED_FACE('',(#9120),#9628,.T.);
#13806=ADVANCED_FACE('',(#9121),#86,.T.);
#13807=ADVANCED_FACE('',(#9122),#9629,.T.);
#13808=ADVANCED_FACE('',(#9123),#9630,.F.);
#13809=ADVANCED_FACE('',(#9124),#9631,.T.);
#13810=ADVANCED_FACE('',(#9125),#87,.T.);
#13811=ADVANCED_FACE('',(#9126),#88,.F.);
#13812=ADVANCED_FACE('',(#9127),#9632,.T.);
#13813=ADVANCED_FACE('',(#9128),#9633,.T.);
#13814=ADVANCED_FACE('',(#9129),#9634,.F.);
#13815=ADVANCED_FACE('',(#9130),#9635,.T.);
#13816=ADVANCED_FACE('',(#9131),#89,.T.);
#13817=ADVANCED_FACE('',(#9132),#90,.F.);
#13818=ADVANCED_FACE('',(#9133),#9636,.T.);
#13819=ADVANCED_FACE('',(#9134),#91,.F.);
#13820=ADVANCED_FACE('',(#9135),#9637,.F.);
#13821=ADVANCED_FACE('',(#9136),#92,.T.);
#13822=ADVANCED_FACE('',(#9137),#93,.F.);
#13823=ADVANCED_FACE('',(#9138),#9638,.T.);
#13824=ADVANCED_FACE('',(#9139),#94,.F.);
#13825=ADVANCED_FACE('',(#9140),#95,.T.);
#13826=ADVANCED_FACE('',(#9141),#9639,.T.);
#13827=ADVANCED_FACE('',(#9142),#96,.T.);
#13828=ADVANCED_FACE('',(#9143),#97,.F.);
#13829=ADVANCED_FACE('',(#9144),#9640,.T.);
#13830=ADVANCED_FACE('',(#9145),#98,.F.);
#13831=ADVANCED_FACE('',(#9146),#99,.T.);
#13832=ADVANCED_FACE('',(#9147),#100,.F.);
#13833=ADVANCED_FACE('',(#9148),#9641,.T.);
#13834=ADVANCED_FACE('',(#9149),#101,.F.);
#13835=ADVANCED_FACE('',(#9150),#9642,.F.);
#13836=ADVANCED_FACE('',(#9151),#9643,.T.);
#13837=ADVANCED_FACE('',(#9152),#9644,.T.);
#13838=ADVANCED_FACE('',(#9153),#102,.T.);
#13839=ADVANCED_FACE('',(#9154),#9645,.F.);
#13840=ADVANCED_FACE('',(#9155),#9646,.T.);
#13841=ADVANCED_FACE('',(#9156),#103,.T.);
#13842=ADVANCED_FACE('',(#9157),#104,.F.);
#13843=ADVANCED_FACE('',(#9158),#9647,.T.);
#13844=ADVANCED_FACE('',(#9159),#105,.F.);
#13845=ADVANCED_FACE('',(#9160),#106,.T.);
#13846=ADVANCED_FACE('',(#9161),#9648,.T.);
#13847=ADVANCED_FACE('',(#9162),#107,.T.);
#13848=ADVANCED_FACE('',(#9163),#108,.F.);
#13849=ADVANCED_FACE('',(#9164),#9649,.T.);
#13850=ADVANCED_FACE('',(#9165),#109,.F.);
#13851=ADVANCED_FACE('',(#9166),#110,.T.);
#13852=ADVANCED_FACE('',(#9167),#111,.F.);
#13853=ADVANCED_FACE('',(#9168),#9650,.T.);
#13854=ADVANCED_FACE('',(#9169),#112,.F.);
#13855=ADVANCED_FACE('',(#9170),#9651,.F.);
#13856=ADVANCED_FACE('',(#9171),#9652,.T.);
#13857=ADVANCED_FACE('',(#9172),#9653,.T.);
#13858=ADVANCED_FACE('',(#9173),#113,.T.);
#13859=ADVANCED_FACE('',(#9174),#9654,.F.);
#13860=ADVANCED_FACE('',(#9175),#9655,.T.);
#13861=ADVANCED_FACE('',(#9176),#114,.T.);
#13862=ADVANCED_FACE('',(#9177),#115,.F.);
#13863=ADVANCED_FACE('',(#9178),#9656,.T.);
#13864=ADVANCED_FACE('',(#9179),#116,.F.);
#13865=ADVANCED_FACE('',(#9180),#117,.T.);
#13866=ADVANCED_FACE('',(#9181),#9657,.T.);
#13867=ADVANCED_FACE('',(#9182),#118,.T.);
#13868=ADVANCED_FACE('',(#9183),#119,.F.);
#13869=ADVANCED_FACE('',(#9184),#9658,.T.);
#13870=ADVANCED_FACE('',(#9185),#120,.F.);
#13871=ADVANCED_FACE('',(#9186),#121,.T.);
#13872=ADVANCED_FACE('',(#9187),#122,.F.);
#13873=ADVANCED_FACE('',(#9188),#9659,.T.);
#13874=ADVANCED_FACE('',(#9189),#123,.F.);
#13875=ADVANCED_FACE('',(#9190),#9660,.F.);
#13876=ADVANCED_FACE('',(#9191),#9661,.T.);
#13877=ADVANCED_FACE('',(#9192),#9662,.T.);
#13878=ADVANCED_FACE('',(#9193),#124,.T.);
#13879=ADVANCED_FACE('',(#9194),#9663,.F.);
#13880=ADVANCED_FACE('',(#9195),#9664,.T.);
#13881=ADVANCED_FACE('',(#9196),#125,.T.);
#13882=ADVANCED_FACE('',(#9197),#126,.F.);
#13883=ADVANCED_FACE('',(#9198),#9665,.T.);
#13884=ADVANCED_FACE('',(#9199),#127,.F.);
#13885=ADVANCED_FACE('',(#9200),#128,.T.);
#13886=ADVANCED_FACE('',(#9201),#9666,.T.);
#13887=ADVANCED_FACE('',(#9202),#129,.T.);
#13888=ADVANCED_FACE('',(#9203),#130,.F.);
#13889=ADVANCED_FACE('',(#9204),#9667,.T.);
#13890=ADVANCED_FACE('',(#9205),#131,.F.);
#13891=ADVANCED_FACE('',(#9206),#132,.T.);
#13892=ADVANCED_FACE('',(#9207),#133,.T.);
#13893=ADVANCED_FACE('',(#9208),#134,.F.);
#13894=ADVANCED_FACE('',(#9209),#9668,.F.);
#13895=ADVANCED_FACE('',(#9210),#135,.F.);
#13896=ADVANCED_FACE('',(#9211),#9669,.F.);
#13897=ADVANCED_FACE('',(#9212),#136,.T.);
#13898=ADVANCED_FACE('',(#9213),#9670,.F.);
#13899=ADVANCED_FACE('',(#9214),#137,.T.);
#13900=ADVANCED_FACE('',(#9215),#9671,.F.);
#13901=ADVANCED_FACE('',(#9216),#138,.T.);
#13902=ADVANCED_FACE('',(#9217),#9672,.F.);
#13903=ADVANCED_FACE('',(#9218),#139,.T.);
#13904=ADVANCED_FACE('',(#9219),#9673,.F.);
#13905=ADVANCED_FACE('',(#9220),#140,.F.);
#13906=ADVANCED_FACE('',(#9221),#9674,.F.);
#13907=ADVANCED_FACE('',(#9222),#141,.F.);
#13908=ADVANCED_FACE('',(#9223),#9675,.F.);
#13909=ADVANCED_FACE('',(#9224),#9676,.F.);
#13910=ADVANCED_FACE('',(#9225),#142,.T.);
#13911=ADVANCED_FACE('',(#9226),#9677,.T.);
#13912=ADVANCED_FACE('',(#9227),#143,.F.);
#13913=ADVANCED_FACE('',(#9228),#9678,.F.);
#13914=ADVANCED_FACE('',(#9229),#144,.F.);
#13915=ADVANCED_FACE('',(#9230),#9679,.F.);
#13916=ADVANCED_FACE('',(#9231),#145,.T.);
#13917=ADVANCED_FACE('',(#9232),#9680,.F.);
#13918=ADVANCED_FACE('',(#9233),#146,.T.);
#13919=ADVANCED_FACE('',(#9234),#9681,.F.);
#13920=ADVANCED_FACE('',(#9235),#147,.T.);
#13921=ADVANCED_FACE('',(#9236),#9682,.F.);
#13922=ADVANCED_FACE('',(#9237),#148,.T.);
#13923=ADVANCED_FACE('',(#9238),#9683,.F.);
#13924=ADVANCED_FACE('',(#9239),#149,.T.);
#13925=ADVANCED_FACE('',(#9240),#9684,.F.);
#13926=ADVANCED_FACE('',(#9241),#150,.T.);
#13927=ADVANCED_FACE('',(#9242),#9685,.F.);
#13928=ADVANCED_FACE('',(#9243),#151,.F.);
#13929=ADVANCED_FACE('',(#9244),#9686,.F.);
#13930=ADVANCED_FACE('',(#9245),#152,.F.);
#13931=ADVANCED_FACE('',(#9246),#153,.F.);
#13932=ADVANCED_FACE('',(#9247),#9687,.F.);
#13933=ADVANCED_FACE('',(#9248),#154,.F.);
#13934=ADVANCED_FACE('',(#9249),#9688,.F.);
#13935=ADVANCED_FACE('',(#9250),#155,.T.);
#13936=ADVANCED_FACE('',(#9251),#9689,.F.);
#13937=ADVANCED_FACE('',(#9252),#156,.T.);
#13938=ADVANCED_FACE('',(#9253),#9690,.F.);
#13939=ADVANCED_FACE('',(#9254),#157,.T.);
#13940=ADVANCED_FACE('',(#9255),#9691,.F.);
#13941=ADVANCED_FACE('',(#9256),#158,.T.);
#13942=ADVANCED_FACE('',(#9257),#9692,.F.);
#13943=ADVANCED_FACE('',(#9258),#159,.T.);
#13944=ADVANCED_FACE('',(#9259),#9693,.F.);
#13945=ADVANCED_FACE('',(#9260),#160,.T.);
#13946=ADVANCED_FACE('',(#9261),#9694,.F.);
#13947=ADVANCED_FACE('',(#9262),#161,.F.);
#13948=ADVANCED_FACE('',(#9263),#9695,.F.);
#13949=ADVANCED_FACE('',(#9264),#162,.F.);
#13950=ADVANCED_FACE('',(#9265),#163,.F.);
#13951=ADVANCED_FACE('',(#9266),#9696,.F.);
#13952=ADVANCED_FACE('',(#9267),#164,.F.);
#13953=ADVANCED_FACE('',(#9268),#9697,.F.);
#13954=ADVANCED_FACE('',(#9269),#165,.T.);
#13955=ADVANCED_FACE('',(#9270),#9698,.F.);
#13956=ADVANCED_FACE('',(#9271),#166,.T.);
#13957=ADVANCED_FACE('',(#9272),#9699,.F.);
#13958=ADVANCED_FACE('',(#9273),#167,.T.);
#13959=ADVANCED_FACE('',(#9274),#9700,.F.);
#13960=ADVANCED_FACE('',(#9275),#168,.T.);
#13961=ADVANCED_FACE('',(#9276),#9701,.F.);
#13962=ADVANCED_FACE('',(#9277),#169,.T.);
#13963=ADVANCED_FACE('',(#9278),#9702,.F.);
#13964=ADVANCED_FACE('',(#9279),#170,.T.);
#13965=ADVANCED_FACE('',(#9280),#9703,.F.);
#13966=ADVANCED_FACE('',(#9281),#171,.F.);
#13967=ADVANCED_FACE('',(#9282),#9704,.F.);
#13968=ADVANCED_FACE('',(#9283),#172,.F.);
#13969=ADVANCED_FACE('',(#9284,#9285),#9705,.F.);
#13970=ADVANCED_FACE('',(#9286),#9706,.T.);
#13971=ADVANCED_FACE('',(#9287),#9707,.T.);
#13972=ADVANCED_FACE('',(#9288),#173,.F.);
#13973=ADVANCED_FACE('',(#9289),#9708,.T.);
#13974=ADVANCED_FACE('',(#9290,#9291),#9709,.F.);
#13975=ADVANCED_FACE('',(#9292),#9710,.T.);
#13976=ADVANCED_FACE('',(#9293),#9711,.T.);
#13977=ADVANCED_FACE('',(#9294),#174,.F.);
#13978=ADVANCED_FACE('',(#9295),#9712,.T.);
#13979=ADVANCED_FACE('',(#9296,#9297),#9713,.F.);
#13980=ADVANCED_FACE('',(#9298),#9714,.T.);
#13981=ADVANCED_FACE('',(#9299),#9715,.T.);
#13982=ADVANCED_FACE('',(#9300),#175,.F.);
#13983=ADVANCED_FACE('',(#9301),#9716,.T.);
#13984=ADVANCED_FACE('',(#9302,#9303),#9717,.F.);
#13985=ADVANCED_FACE('',(#9304),#9718,.T.);
#13986=ADVANCED_FACE('',(#9305),#9719,.T.);
#13987=ADVANCED_FACE('',(#9306),#176,.F.);
#13988=ADVANCED_FACE('',(#9307),#9720,.T.);
#13989=ADVANCED_FACE('',(#9308),#177,.F.);
#13990=ADVANCED_FACE('',(#9309),#9721,.F.);
#13991=ADVANCED_FACE('',(#9310),#178,.F.);
#13992=ADVANCED_FACE('',(#9311),#9722,.F.);
#13993=ADVANCED_FACE('',(#9312),#179,.T.);
#13994=ADVANCED_FACE('',(#9313),#9723,.F.);
#13995=ADVANCED_FACE('',(#9314),#180,.F.);
#13996=ADVANCED_FACE('',(#9315),#9724,.F.);
#13997=ADVANCED_FACE('',(#9316),#181,.F.);
#13998=ADVANCED_FACE('',(#9317),#9725,.F.);
#13999=ADVANCED_FACE('',(#9318),#182,.F.);
#14000=ADVANCED_FACE('',(#9319),#183,.F.);
#14001=ADVANCED_FACE('',(#9320),#9726,.F.);
#14002=ADVANCED_FACE('',(#9321),#184,.T.);
#14003=ADVANCED_FACE('',(#9322),#9727,.F.);
#14004=ADVANCED_FACE('',(#9323),#9728,.T.);
#14005=ADVANCED_FACE('',(#9324),#185,.F.);
#14006=ADVANCED_FACE('',(#9325),#9729,.F.);
#14007=ADVANCED_FACE('',(#9326),#186,.F.);
#14008=ADVANCED_FACE('',(#9327),#9730,.F.);
#14009=ADVANCED_FACE('',(#9328),#187,.T.);
#14010=ADVANCED_FACE('',(#9329),#9731,.F.);
#14011=ADVANCED_FACE('',(#9330),#188,.F.);
#14012=ADVANCED_FACE('',(#9331),#9732,.F.);
#14013=ADVANCED_FACE('',(#9332),#189,.F.);
#14014=ADVANCED_FACE('',(#9333),#9733,.F.);
#14015=ADVANCED_FACE('',(#9334),#190,.F.);
#14016=ADVANCED_FACE('',(#9335),#191,.F.);
#14017=ADVANCED_FACE('',(#9336),#9734,.F.);
#14018=ADVANCED_FACE('',(#9337),#192,.T.);
#14019=ADVANCED_FACE('',(#9338),#9735,.F.);
#14020=ADVANCED_FACE('',(#9339),#9736,.T.);
#14021=ADVANCED_FACE('',(#9340),#193,.F.);
#14022=ADVANCED_FACE('',(#9341),#9737,.F.);
#14023=ADVANCED_FACE('',(#9342),#194,.F.);
#14024=ADVANCED_FACE('',(#9343),#9738,.F.);
#14025=ADVANCED_FACE('',(#9344),#195,.T.);
#14026=ADVANCED_FACE('',(#9345),#9739,.F.);
#14027=ADVANCED_FACE('',(#9346),#196,.F.);
#14028=ADVANCED_FACE('',(#9347),#9740,.F.);
#14029=ADVANCED_FACE('',(#9348),#197,.F.);
#14030=ADVANCED_FACE('',(#9349),#9741,.F.);
#14031=ADVANCED_FACE('',(#9350),#198,.F.);
#14032=ADVANCED_FACE('',(#9351),#199,.F.);
#14033=ADVANCED_FACE('',(#9352),#9742,.F.);
#14034=ADVANCED_FACE('',(#9353),#200,.T.);
#14035=ADVANCED_FACE('',(#9354),#9743,.F.);
#14036=ADVANCED_FACE('',(#9355),#9744,.T.);
#14037=ADVANCED_FACE('',(#9356),#201,.F.);
#14038=ADVANCED_FACE('',(#9357),#9745,.F.);
#14039=ADVANCED_FACE('',(#9358),#202,.F.);
#14040=ADVANCED_FACE('',(#9359),#9746,.F.);
#14041=ADVANCED_FACE('',(#9360),#203,.T.);
#14042=ADVANCED_FACE('',(#9361),#9747,.F.);
#14043=ADVANCED_FACE('',(#9362),#204,.F.);
#14044=ADVANCED_FACE('',(#9363),#9748,.F.);
#14045=ADVANCED_FACE('',(#9364),#205,.F.);
#14046=ADVANCED_FACE('',(#9365),#9749,.F.);
#14047=ADVANCED_FACE('',(#9366),#206,.F.);
#14048=ADVANCED_FACE('',(#9367),#207,.F.);
#14049=ADVANCED_FACE('',(#9368),#9750,.F.);
#14050=ADVANCED_FACE('',(#9369),#208,.T.);
#14051=ADVANCED_FACE('',(#9370),#9751,.F.);
#14052=ADVANCED_FACE('',(#9371),#9752,.T.);
#14053=ADVANCED_FACE('',(#9372),#9753,.T.);
#14054=ADVANCED_FACE('',(#9373),#9754,.T.);
#14055=ADVANCED_FACE('',(#9374),#9755,.T.);
#14056=ADVANCED_FACE('',(#9375),#9756,.T.);
#14057=ADVANCED_FACE('',(#9376),#9757,.T.);
#14058=ADVANCED_FACE('',(#9377),#9758,.T.);
#14059=ADVANCED_FACE('',(#9378),#9759,.T.);
#14060=ADVANCED_FACE('',(#9379),#9760,.T.);
#14061=ADVANCED_FACE('',(#9380),#9761,.T.);
#14062=ADVANCED_FACE('',(#9381),#9762,.T.);
#14063=ADVANCED_FACE('',(#9382),#9763,.T.);
#14064=ADVANCED_FACE('',(#9383),#9764,.T.);
#14065=ADVANCED_FACE('',(#9384),#9765,.T.);
#14066=ADVANCED_FACE('',(#9385),#9766,.T.);
#14067=ADVANCED_FACE('',(#9386),#9767,.T.);
#14068=ADVANCED_FACE('',(#9387),#9768,.T.);
#14069=ADVANCED_FACE('',(#9388),#9769,.T.);
#14070=ADVANCED_FACE('',(#9389),#9770,.T.);
#14071=ADVANCED_FACE('',(#9390),#9771,.T.);
#14072=ADVANCED_FACE('',(#9391),#9772,.T.);
#14073=ADVANCED_FACE('',(#9392),#9773,.T.);
#14074=ADVANCED_FACE('',(#9393),#9774,.T.);
#14075=ADVANCED_FACE('',(#9394),#9775,.T.);
#14076=ADVANCED_FACE('',(#9395),#9776,.T.);
#14077=ADVANCED_FACE('',(#9396),#9777,.T.);
#14078=ADVANCED_FACE('',(#9397),#9778,.T.);
#14079=ADVANCED_FACE('',(#9398),#209,.T.);
#14080=ADVANCED_FACE('',(#9399),#9779,.T.);
#14081=ADVANCED_FACE('',(#9400),#210,.F.);
#14082=ADVANCED_FACE('',(#9401),#9780,.T.);
#14083=ADVANCED_FACE('',(#9402),#211,.F.);
#14084=ADVANCED_FACE('',(#9403),#212,.T.);
#14085=ADVANCED_FACE('',(#9404),#213,.T.);
#14086=ADVANCED_FACE('',(#9405),#9781,.T.);
#14087=ADVANCED_FACE('',(#9406),#214,.T.);
#14088=ADVANCED_FACE('',(#9407),#9782,.T.);
#14089=ADVANCED_FACE('',(#9408),#215,.T.);
#14090=ADVANCED_FACE('',(#9409),#9783,.F.);
#14091=ADVANCED_FACE('',(#9410),#9784,.T.);
#14092=ADVANCED_FACE('',(#9411),#216,.T.);
#14093=ADVANCED_FACE('',(#9412),#9785,.F.);
#14094=ADVANCED_FACE('',(#9413),#9786,.T.);
#14095=ADVANCED_FACE('',(#9414),#9787,.T.);
#14096=ADVANCED_FACE('',(#9415),#9788,.F.);
#14097=ADVANCED_FACE('',(#9416),#217,.F.);
#14098=ADVANCED_FACE('',(#9417),#9789,.F.);
#14099=ADVANCED_FACE('',(#9418),#218,.F.);
#14100=ADVANCED_FACE('',(#9419),#219,.T.);
#14101=ADVANCED_FACE('',(#9420),#9790,.F.);
#14102=ADVANCED_FACE('',(#9421),#9791,.F.);
#14103=ADVANCED_FACE('',(#9422),#9792,.F.);
#14104=ADVANCED_FACE('',(#9423),#9793,.T.);
#14105=ADVANCED_FACE('',(#9424),#9794,.F.);
#14106=ADVANCED_FACE('',(#9425),#9795,.F.);
#14107=ADVANCED_FACE('',(#9426),#9796,.F.);
#14108=ADVANCED_FACE('',(#9427),#9797,.F.);
#14109=ADVANCED_FACE('',(#9428),#9798,.T.);
#14110=ADVANCED_FACE('',(#9429),#9799,.F.);
#14111=ADVANCED_FACE('',(#9430),#9800,.F.);
#14112=ADVANCED_FACE('',(#9431),#9801,.F.);
#14113=ADVANCED_FACE('',(#9432),#9802,.F.);
#14114=ADVANCED_FACE('',(#9433),#9803,.T.);
#14115=ADVANCED_FACE('',(#9434),#9804,.F.);
#14116=ADVANCED_FACE('',(#9435),#9805,.F.);
#14117=ADVANCED_FACE('',(#9436),#9806,.F.);
#14118=ADVANCED_FACE('',(#9437),#9807,.F.);
#14119=ADVANCED_FACE('',(#9438),#9808,.T.);
#14120=ADVANCED_FACE('',(#9439),#9809,.F.);
#14121=ADVANCED_FACE('',(#9440),#9810,.F.);
#14122=ADVANCED_FACE('',(#9441),#9811,.F.);
#14123=ADVANCED_FACE('',(#9442),#9812,.F.);
#14124=ADVANCED_FACE('',(#9443),#9813,.T.);
#14125=ADVANCED_FACE('',(#9444),#9814,.F.);
#14126=ADVANCED_FACE('',(#9445),#9815,.F.);
#14127=ADVANCED_FACE('',(#9446),#9816,.F.);
#14128=ADVANCED_FACE('',(#9447),#9817,.F.);
#14129=ADVANCED_FACE('',(#9448),#9818,.T.);
#14130=ADVANCED_FACE('',(#9449),#9819,.F.);
#14131=ADVANCED_FACE('',(#9450),#9820,.F.);
#14132=ADVANCED_FACE('',(#9451),#9821,.F.);
#14133=ADVANCED_FACE('',(#9452),#9822,.F.);
#14134=ADVANCED_FACE('',(#9453),#9823,.T.);
#14135=ADVANCED_FACE('',(#9454),#9824,.F.);
#14136=ADVANCED_FACE('',(#9455),#9825,.F.);
#14137=ADVANCED_FACE('',(#9456),#9826,.F.);
#14138=ADVANCED_FACE('',(#9457),#9827,.F.);
#14139=ADVANCED_FACE('',(#9458),#9828,.T.);
#14140=ADVANCED_FACE('',(#9459),#9829,.F.);
#14141=ADVANCED_FACE('',(#9460),#220,.T.);
#14142=ADVANCED_FACE('',(#9461),#9830,.F.);
#14143=ADVANCED_FACE('',(#9462),#9831,.T.);
#14144=ADVANCED_FACE('',(#9463),#9832,.F.);
#14145=ADVANCED_FACE('',(#9464),#9833,.F.);
#14146=ADVANCED_FACE('',(#9465),#221,.T.);
#14147=ADVANCED_FACE('',(#9466),#9834,.F.);
#14148=ADVANCED_FACE('',(#9467),#9835,.F.);
#14149=ADVANCED_FACE('',(#9468),#9836,.F.);
#14150=ADVANCED_FACE('',(#9469),#222,.T.);
#14151=ADVANCED_FACE('',(#9470),#9837,.F.);
#14152=ADVANCED_FACE('',(#9471),#223,.T.);
#14153=ADVANCED_FACE('',(#9472),#224,.T.);
#14154=ADVANCED_FACE('',(#9473),#225,.T.);
#14155=ADVANCED_FACE('',(#9474),#9838,.F.);
#14156=ADVANCED_FACE('',(#9475),#9839,.T.);
#14157=ADVANCED_FACE('',(#9476),#9840,.F.);
#14158=ADVANCED_FACE('',(#9477),#9841,.F.);
#14159=ADVANCED_FACE('',(#9478),#226,.T.);
#14160=ADVANCED_FACE('',(#9479),#9842,.F.);
#14161=ADVANCED_FACE('',(#9480),#9843,.F.);
#14162=ADVANCED_FACE('',(#9481),#9844,.F.);
#14163=ADVANCED_FACE('',(#9482),#227,.T.);
#14164=ADVANCED_FACE('',(#9483),#9845,.F.);
#14165=ADVANCED_FACE('',(#9484),#228,.T.);
#14166=ADVANCED_FACE('',(#9485),#229,.T.);
#14167=ADVANCED_FACE('',(#9486),#230,.T.);
#14168=ADVANCED_FACE('',(#9487),#9846,.F.);
#14169=ADVANCED_FACE('',(#9488),#9847,.T.);
#14170=ADVANCED_FACE('',(#9489),#9848,.F.);
#14171=ADVANCED_FACE('',(#9490),#9849,.F.);
#14172=ADVANCED_FACE('',(#9491),#231,.T.);
#14173=ADVANCED_FACE('',(#9492),#9850,.F.);
#14174=ADVANCED_FACE('',(#9493),#9851,.F.);
#14175=ADVANCED_FACE('',(#9494),#9852,.F.);
#14176=ADVANCED_FACE('',(#9495),#232,.T.);
#14177=ADVANCED_FACE('',(#9496),#9853,.F.);
#14178=ADVANCED_FACE('',(#9497),#233,.T.);
#14179=ADVANCED_FACE('',(#9498),#234,.T.);
#14180=ADVANCED_FACE('',(#9499),#235,.T.);
#14181=ADVANCED_FACE('',(#9500),#9854,.F.);
#14182=ADVANCED_FACE('',(#9501),#9855,.T.);
#14183=ADVANCED_FACE('',(#9502),#9856,.F.);
#14184=ADVANCED_FACE('',(#9503),#9857,.F.);
#14185=ADVANCED_FACE('',(#9504),#236,.T.);
#14186=ADVANCED_FACE('',(#9505),#9858,.F.);
#14187=ADVANCED_FACE('',(#9506),#9859,.F.);
#14188=ADVANCED_FACE('',(#9507),#9860,.F.);
#14189=ADVANCED_FACE('',(#9508),#237,.T.);
#14190=ADVANCED_FACE('',(#9509),#9861,.F.);
#14191=ADVANCED_FACE('',(#9510),#238,.T.);
#14192=ADVANCED_FACE('',(#9511),#239,.T.);
#14193=ADVANCED_FACE('',(#9512),#9862,.F.);
#14194=ADVANCED_FACE('',(#9513),#9863,.T.);
#14195=ADVANCED_FACE('',(#9514),#9864,.F.);
#14196=ADVANCED_FACE('',(#9515),#9865,.T.);
#14197=ADVANCED_FACE('',(#9516),#9866,.F.);
#14198=ADVANCED_FACE('',(#9517),#9867,.T.);
#14199=ADVANCED_FACE('',(#9518),#9868,.F.);
#14200=ADVANCED_FACE('',(#9519),#9869,.T.);
#14201=ADVANCED_FACE('',(#9520),#240,.T.);
#14202=ADVANCED_FACE('',(#9521),#241,.T.);
#14203=ADVANCED_FACE('',(#9522),#242,.T.);
#14204=ADVANCED_FACE('',(#9523),#243,.T.);
#14205=ADVANCED_FACE('',(#9524),#244,.T.);
#14206=ADVANCED_FACE('',(#9525),#245,.T.);
#14207=ADVANCED_FACE('',(#9526),#246,.T.);
#14208=ADVANCED_FACE('',(#9527),#247,.T.);
#14209=ADVANCED_FACE('',(#9528),#248,.T.);
#14210=ADVANCED_FACE('',(#9529),#249,.T.);
#14211=ADVANCED_FACE('',(#9530),#250,.T.);
#14212=ADVANCED_FACE('',(#9531),#251,.T.);
#14213=ADVANCED_FACE('',(#9532),#252,.T.);
#14214=ADVANCED_FACE('',(#9533),#253,.T.);
#14215=ADVANCED_FACE('',(#9534),#254,.T.);
#14216=ADVANCED_FACE('',(#9535),#255,.T.);
#14217=ADVANCED_FACE('',(#9536),#256,.T.);
#14218=ADVANCED_FACE('',(#9537),#257,.T.);
#14219=ADVANCED_FACE('',(#9538),#258,.T.);
#14220=ADVANCED_FACE('',(#9539),#259,.T.);
#14221=ADVANCED_FACE('',(#9540),#9870,.F.);
#14222=ADVANCED_FACE('',(#9541),#9871,.F.);
#14223=ADVANCED_FACE('',(#9542),#9872,.F.);
#14224=ADVANCED_FACE('',(#9543),#9873,.F.);
#14225=ADVANCED_FACE('',(#9544),#9874,.F.);
#14226=ADVANCED_FACE('',(#9545),#9875,.T.);
#14227=ADVANCED_FACE('',(#9546,#9547),#260,.T.);
#14228=ADVANCED_FACE('',(#9548),#9876,.T.);
#14229=ADVANCED_FACE('',(#9549),#261,.T.);
#14230=ADVANCED_FACE('',(#9550),#9877,.F.);
#14231=ADVANCED_FACE('',(#9551),#9878,.F.);
#14232=ADVANCED_FACE('',(#9552),#262,.T.);
#14233=ADVANCED_FACE('',(#9553),#9879,.F.);
#14234=ADVANCED_FACE('',(#9554),#263,.T.);
#14235=ADVANCED_FACE('',(#9555),#9880,.F.);
#14236=ADVANCED_FACE('',(#9556),#9881,.T.);
#14237=CLOSED_SHELL('',(#13693,#13694,#13695,#13696,#13697,#13698,#13699,
#13700,#13701,#13702,#13703,#13704,#13705,#13706,#13707,#13708,#13709,#13710,
#13711,#13712,#13713,#13714,#13715,#13716,#13717,#13718,#13719,#13720,#13721,
#13722,#13723,#13724,#13725,#13726,#13727,#13728,#13729,#13730,#13731,#13732,
#13733,#13734,#13735,#13736,#13737,#13738,#13739,#13740,#13741,#13742,#13743,
#13744,#13745,#13746,#13747,#13748,#13749,#13750,#13751,#13752,#13753,#13754,
#13755,#13756,#13757,#13758,#13759,#13760,#13761,#13762,#13763,#13764,#13765,
#13766,#13767,#13768,#13769,#13770,#13771,#13772,#13773,#13774,#13775,#13776,
#13777,#13778,#13779,#13780,#13781,#13782,#13783,#13784,#13785,#13786,#13787,
#13788,#13789,#13790,#13791,#13792,#13793,#13794,#13795,#13796,#13797,#13798,
#13799,#13800,#13801,#13802,#13803,#13804,#13805,#13806,#13807,#13808,#13809,
#13810,#13811,#13812,#13813,#13814,#13815,#13816,#13817,#13818,#13819,#13820,
#13821,#13822,#13823,#13824,#13825,#13826,#13827,#13828,#13829,#13830,#13831,
#13832,#13833,#13834,#13835,#13836,#13837,#13838,#13839,#13840,#13841,#13842,
#13843,#13844,#13845,#13846,#13847,#13848,#13849,#13850,#13851,#13852,#13853,
#13854,#13855,#13856,#13857,#13858,#13859,#13860,#13861,#13862,#13863,#13864,
#13865,#13866,#13867,#13868,#13869,#13870,#13871,#13872,#13873,#13874,#13875,
#13876,#13877,#13878,#13879,#13880,#13881,#13882,#13883,#13884,#13885,#13886,
#13887,#13888,#13889,#13890,#13891,#13892,#13893,#13894,#13895,#13896,#13897,
#13898,#13899,#13900,#13901,#13902,#13903,#13904,#13905,#13906,#13907,#13908,
#13909,#13910,#13911,#13912,#13913,#13914,#13915,#13916,#13917,#13918,#13919,
#13920,#13921,#13922,#13923,#13924,#13925,#13926,#13927,#13928,#13929,#13930,
#13931,#13932,#13933,#13934,#13935,#13936,#13937,#13938,#13939,#13940,#13941,
#13942,#13943,#13944,#13945,#13946,#13947,#13948,#13949,#13950,#13951,#13952,
#13953,#13954,#13955,#13956,#13957,#13958,#13959,#13960,#13961,#13962,#13963,
#13964,#13965,#13966,#13967,#13968,#13969,#13970,#13971,#13972,#13973,#13974,
#13975,#13976,#13977,#13978,#13979,#13980,#13981,#13982,#13983,#13984,#13985,
#13986,#13987,#13988,#13989,#13990,#13991,#13992,#13993,#13994,#13995,#13996,
#13997,#13998,#13999,#14000,#14001,#14002,#14003,#14004,#14005,#14006,#14007,
#14008,#14009,#14010,#14011,#14012,#14013,#14014,#14015,#14016,#14017,#14018,
#14019,#14020,#14021,#14022,#14023,#14024,#14025,#14026,#14027,#14028,#14029,
#14030,#14031,#14032,#14033,#14034,#14035,#14036,#14037,#14038,#14039,#14040,
#14041,#14042,#14043,#14044,#14045,#14046,#14047,#14048,#14049,#14050,#14051,
#14052,#14053,#14054,#14055,#14056,#14057,#14058,#14059,#14060,#14061,#14062,
#14063,#14064,#14065,#14066,#14067,#14068,#14069,#14070,#14071,#14072,#14073,
#14074,#14075,#14076,#14077,#14078,#14079,#14080,#14081,#14082,#14083,#14084,
#14085,#14086,#14087,#14088,#14089,#14090,#14091,#14092,#14093,#14094,#14095,
#14096,#14097,#14098,#14099,#14100,#14101,#14102,#14103,#14104,#14105,#14106,
#14107,#14108,#14109,#14110,#14111,#14112,#14113,#14114,#14115,#14116,#14117,
#14118,#14119,#14120,#14121,#14122,#14123,#14124,#14125,#14126,#14127,#14128,
#14129,#14130,#14131,#14132,#14133,#14134,#14135,#14136,#14137,#14138,#14139,
#14140,#14141,#14142,#14143,#14144,#14145,#14146,#14147,#14148,#14149,#14150,
#14151,#14152,#14153,#14154,#14155,#14156,#14157,#14158,#14159,#14160,#14161,
#14162,#14163,#14164,#14165,#14166,#14167,#14168,#14169,#14170,#14171,#14172,
#14173,#14174,#14175,#14176,#14177,#14178,#14179,#14180,#14181,#14182,#14183,
#14184,#14185,#14186,#14187,#14188,#14189,#14190,#14191,#14192,#14193,#14194,
#14195,#14196,#14197,#14198,#14199,#14200,#14201,#14202,#14203,#14204,#14205,
#14206,#14207,#14208,#14209,#14210,#14211,#14212,#14213,#14214,#14215,#14216,
#14217,#14218,#14219,#14220,#14221,#14222,#14223,#14224,#14225,#14226,#14227,
#14228,#14229,#14230,#14231,#14232,#14233,#14234,#14235,#14236));
#14238=MANIFOLD_SOLID_BREP('2601-3104',#14237);
#14239=SHAPE_DEFINITION_REPRESENTATION(#21387,#14240);
#14240=SHAPE_REPRESENTATION('2601-3104',(#14241),#21382);
#14241=AXIS2_PLACEMENT_3D('',#18202,#15204,#15205);
#14242=AXIS2_PLACEMENT_3D('',#18203,#15206,#15207);
#14243=AXIS2_PLACEMENT_3D('',#18204,#15208,#15209);
#14244=AXIS2_PLACEMENT_3D('',#18221,#15217,#15218);
#14245=AXIS2_PLACEMENT_3D('',#18225,#15220,#15221);
#14246=AXIS2_PLACEMENT_3D('',#18229,#15223,#15224);
#14247=AXIS2_PLACEMENT_3D('',#18233,#15226,#15227);
#14248=AXIS2_PLACEMENT_3D('',#18249,#15235,#15236);
#14249=AXIS2_PLACEMENT_3D('',#18253,#15238,#15239);
#14250=AXIS2_PLACEMENT_3D('',#18257,#15241,#15242);
#14251=AXIS2_PLACEMENT_3D('',#18260,#15244,#15245);
#14252=AXIS2_PLACEMENT_3D('',#18275,#15253,#15254);
#14253=AXIS2_PLACEMENT_3D('',#18278,#15256,#15257);
#14254=AXIS2_PLACEMENT_3D('',#18286,#15261,#15262);
#14255=AXIS2_PLACEMENT_3D('',#18289,#15264,#15265);
#14256=AXIS2_PLACEMENT_3D('',#18290,#15266,#15267);
#14257=AXIS2_PLACEMENT_3D('',#18295,#15269,#15270);
#14258=AXIS2_PLACEMENT_3D('',#18298,#15272,#15273);
#14259=AXIS2_PLACEMENT_3D('',#18304,#15276,#15277);
#14260=AXIS2_PLACEMENT_3D('',#18308,#15279,#15280);
#14261=AXIS2_PLACEMENT_3D('',#18312,#15282,#15283);
#14262=AXIS2_PLACEMENT_3D('',#18315,#15285,#15286);
#14263=AXIS2_PLACEMENT_3D('',#18316,#15287,#15288);
#14264=AXIS2_PLACEMENT_3D('',#18321,#15290,#15291);
#14265=AXIS2_PLACEMENT_3D('',#18324,#15293,#15294);
#14266=AXIS2_PLACEMENT_3D('',#18330,#15297,#15298);
#14267=AXIS2_PLACEMENT_3D('',#18338,#15302,#15303);
#14268=AXIS2_PLACEMENT_3D('',#18341,#15305,#15306);
#14269=AXIS2_PLACEMENT_3D('',#18349,#15310,#15311);
#14270=AXIS2_PLACEMENT_3D('',#18353,#15313,#15314);
#14271=AXIS2_PLACEMENT_3D('',#18357,#15316,#15317);
#14272=AXIS2_PLACEMENT_3D('',#18361,#15319,#15320);
#14273=AXIS2_PLACEMENT_3D('',#18365,#15322,#15323);
#14274=AXIS2_PLACEMENT_3D('',#18369,#15325,#15326);
#14275=AXIS2_PLACEMENT_3D('',#18373,#15328,#15329);
#14276=AXIS2_PLACEMENT_3D('',#18377,#15331,#15332);
#14277=AXIS2_PLACEMENT_3D('',#18387,#15338,#15339);
#14278=AXIS2_PLACEMENT_3D('',#18391,#15341,#15342);
#14279=AXIS2_PLACEMENT_3D('',#18395,#15344,#15345);
#14280=AXIS2_PLACEMENT_3D('',#18399,#15347,#15348);
#14281=AXIS2_PLACEMENT_3D('',#18403,#15350,#15351);
#14282=AXIS2_PLACEMENT_3D('',#18407,#15353,#15354);
#14283=AXIS2_PLACEMENT_3D('',#18411,#15356,#15357);
#14284=AXIS2_PLACEMENT_3D('',#18415,#15359,#15360);
#14285=AXIS2_PLACEMENT_3D('',#18423,#15364,#15365);
#14286=AXIS2_PLACEMENT_3D('',#18427,#15367,#15368);
#14287=AXIS2_PLACEMENT_3D('',#18431,#15370,#15371);
#14288=AXIS2_PLACEMENT_3D('',#18435,#15373,#15374);
#14289=AXIS2_PLACEMENT_3D('',#18439,#15376,#15377);
#14290=AXIS2_PLACEMENT_3D('',#18443,#15379,#15380);
#14291=AXIS2_PLACEMENT_3D('',#18447,#15382,#15383);
#14292=AXIS2_PLACEMENT_3D('',#18451,#15385,#15386);
#14293=AXIS2_PLACEMENT_3D('',#18459,#15390,#15391);
#14294=AXIS2_PLACEMENT_3D('',#18463,#15393,#15394);
#14295=AXIS2_PLACEMENT_3D('',#18467,#15396,#15397);
#14296=AXIS2_PLACEMENT_3D('',#18471,#15399,#15400);
#14297=AXIS2_PLACEMENT_3D('',#18475,#15402,#15403);
#14298=AXIS2_PLACEMENT_3D('',#18479,#15405,#15406);
#14299=AXIS2_PLACEMENT_3D('',#18483,#15408,#15409);
#14300=AXIS2_PLACEMENT_3D('',#18487,#15411,#15412);
#14301=AXIS2_PLACEMENT_3D('',#18488,#15413,#15414);
#14302=AXIS2_PLACEMENT_3D('',#18496,#15419,#15420);
#14303=AXIS2_PLACEMENT_3D('',#18504,#15425,#15426);
#14304=AXIS2_PLACEMENT_3D('',#18512,#15431,#15432);
#14305=AXIS2_PLACEMENT_3D('',#18520,#15437,#15438);
#14306=AXIS2_PLACEMENT_3D('',#18528,#15443,#15444);
#14307=AXIS2_PLACEMENT_3D('',#18536,#15449,#15450);
#14308=AXIS2_PLACEMENT_3D('',#18541,#15453,#15454);
#14309=AXIS2_PLACEMENT_3D('',#18549,#15458,#15459);
#14310=AXIS2_PLACEMENT_3D('',#18550,#15460,#15461);
#14311=AXIS2_PLACEMENT_3D('',#18558,#15466,#15467);
#14312=AXIS2_PLACEMENT_3D('',#18566,#15472,#15473);
#14313=AXIS2_PLACEMENT_3D('',#18574,#15477,#15478);
#14314=AXIS2_PLACEMENT_3D('',#18588,#15485,#15486);
#14315=AXIS2_PLACEMENT_3D('',#18600,#15493,#15494);
#14316=AXIS2_PLACEMENT_3D('',#18614,#15501,#15502);
#14317=AXIS2_PLACEMENT_3D('',#18621,#15506,#15507);
#14318=AXIS2_PLACEMENT_3D('',#18627,#15510,#15511);
#14319=AXIS2_PLACEMENT_3D('',#18631,#15513,#15514);
#14320=AXIS2_PLACEMENT_3D('',#18635,#15516,#15517);
#14321=AXIS2_PLACEMENT_3D('',#18639,#15519,#15520);
#14322=AXIS2_PLACEMENT_3D('',#18643,#15522,#15523);
#14323=AXIS2_PLACEMENT_3D('',#18647,#15525,#15526);
#14324=AXIS2_PLACEMENT_3D('',#18651,#15528,#15529);
#14325=AXIS2_PLACEMENT_3D('',#18655,#15531,#15532);
#14326=AXIS2_PLACEMENT_3D('',#18659,#15534,#15535);
#14327=AXIS2_PLACEMENT_3D('',#18663,#15537,#15538);
#14328=AXIS2_PLACEMENT_3D('',#18675,#15544,#15545);
#14329=AXIS2_PLACEMENT_3D('',#18679,#15547,#15548);
#14330=AXIS2_PLACEMENT_3D('',#18683,#15550,#15551);
#14331=AXIS2_PLACEMENT_3D('',#18687,#15553,#15554);
#14332=AXIS2_PLACEMENT_3D('',#18691,#15556,#15557);
#14333=AXIS2_PLACEMENT_3D('',#18695,#15559,#15560);
#14334=AXIS2_PLACEMENT_3D('',#18699,#15562,#15563);
#14335=AXIS2_PLACEMENT_3D('',#18703,#15565,#15566);
#14336=AXIS2_PLACEMENT_3D('',#18707,#15568,#15569);
#14337=AXIS2_PLACEMENT_3D('',#18711,#15571,#15572);
#14338=AXIS2_PLACEMENT_3D('',#18723,#15578,#15579);
#14339=AXIS2_PLACEMENT_3D('',#18727,#15581,#15582);
#14340=AXIS2_PLACEMENT_3D('',#18731,#15584,#15585);
#14341=AXIS2_PLACEMENT_3D('',#18735,#15587,#15588);
#14342=AXIS2_PLACEMENT_3D('',#18739,#15590,#15591);
#14343=AXIS2_PLACEMENT_3D('',#18743,#15593,#15594);
#14344=AXIS2_PLACEMENT_3D('',#18747,#15596,#15597);
#14345=AXIS2_PLACEMENT_3D('',#18748,#15598,#15599);
#14346=AXIS2_PLACEMENT_3D('',#18752,#15601,#15602);
#14347=AXIS2_PLACEMENT_3D('',#18756,#15604,#15605);
#14348=AXIS2_PLACEMENT_3D('',#18766,#15611,#15612);
#14349=AXIS2_PLACEMENT_3D('',#18770,#15614,#15615);
#14350=AXIS2_PLACEMENT_3D('',#18774,#15617,#15618);
#14351=AXIS2_PLACEMENT_3D('',#18778,#15620,#15621);
#14352=AXIS2_PLACEMENT_3D('',#18782,#15623,#15624);
#14353=AXIS2_PLACEMENT_3D('',#18786,#15626,#15627);
#14354=AXIS2_PLACEMENT_3D('',#18790,#15629,#15630);
#14355=AXIS2_PLACEMENT_3D('',#18794,#15632,#15633);
#14356=AXIS2_PLACEMENT_3D('',#18798,#15635,#15636);
#14357=AXIS2_PLACEMENT_3D('',#18802,#15638,#15639);
#14358=AXIS2_PLACEMENT_3D('',#18809,#15643,#15644);
#14359=AXIS2_PLACEMENT_3D('',#18812,#15646,#15647);
#14360=AXIS2_PLACEMENT_3D('',#18816,#15649,#15650);
#14361=AXIS2_PLACEMENT_3D('',#18820,#15652,#15653);
#14362=AXIS2_PLACEMENT_3D('',#18824,#15655,#15656);
#14363=AXIS2_PLACEMENT_3D('',#18827,#15658,#15659);
#14364=AXIS2_PLACEMENT_3D('',#18828,#15660,#15661);
#14365=AXIS2_PLACEMENT_3D('',#18835,#15664,#15665);
#14366=AXIS2_PLACEMENT_3D('',#18839,#15667,#15668);
#14367=AXIS2_PLACEMENT_3D('',#18842,#15670,#15671);
#14368=AXIS2_PLACEMENT_3D('',#18848,#15674,#15675);
#14369=AXIS2_PLACEMENT_3D('',#18852,#15677,#15678);
#14370=AXIS2_PLACEMENT_3D('',#18856,#15680,#15681);
#14371=AXIS2_PLACEMENT_3D('',#18857,#15682,#15683);
#14372=AXIS2_PLACEMENT_3D('',#18858,#15684,#15685);
#14373=AXIS2_PLACEMENT_3D('',#18862,#15687,#15688);
#14374=AXIS2_PLACEMENT_3D('',#18866,#15690,#15691);
#14375=AXIS2_PLACEMENT_3D('',#18870,#15693,#15694);
#14376=AXIS2_PLACEMENT_3D('',#18873,#15696,#15697);
#14377=AXIS2_PLACEMENT_3D('',#18876,#15700,#15701);
#14378=AXIS2_PLACEMENT_3D('',#18879,#15704,#15705);
#14379=AXIS2_PLACEMENT_3D('',#18885,#15708,#15709);
#14380=AXIS2_PLACEMENT_3D('',#18889,#15711,#15712);
#14381=AXIS2_PLACEMENT_3D('',#18893,#15714,#15715);
#14382=AXIS2_PLACEMENT_3D('',#18894,#15716,#15717);
#14383=AXIS2_PLACEMENT_3D('',#18895,#15718,#15719);
#14384=AXIS2_PLACEMENT_3D('',#18901,#15722,#15723);
#14385=AXIS2_PLACEMENT_3D('',#18905,#15725,#15726);
#14386=AXIS2_PLACEMENT_3D('',#18909,#15728,#15729);
#14387=AXIS2_PLACEMENT_3D('',#18912,#15731,#15732);
#14388=AXIS2_PLACEMENT_3D('',#18913,#15733,#15734);
#14389=AXIS2_PLACEMENT_3D('',#18920,#15737,#15738);
#14390=AXIS2_PLACEMENT_3D('',#18924,#15740,#15741);
#14391=AXIS2_PLACEMENT_3D('',#18927,#15743,#15744);
#14392=AXIS2_PLACEMENT_3D('',#18930,#15747,#15748);
#14393=AXIS2_PLACEMENT_3D('',#18933,#15751,#15752);
#14394=AXIS2_PLACEMENT_3D('',#18939,#15755,#15756);
#14395=AXIS2_PLACEMENT_3D('',#18943,#15758,#15759);
#14396=AXIS2_PLACEMENT_3D('',#18947,#15761,#15762);
#14397=AXIS2_PLACEMENT_3D('',#18948,#15763,#15764);
#14398=AXIS2_PLACEMENT_3D('',#18949,#15765,#15766);
#14399=AXIS2_PLACEMENT_3D('',#18955,#15769,#15770);
#14400=AXIS2_PLACEMENT_3D('',#18959,#15772,#15773);
#14401=AXIS2_PLACEMENT_3D('',#18963,#15775,#15776);
#14402=AXIS2_PLACEMENT_3D('',#18966,#15778,#15779);
#14403=AXIS2_PLACEMENT_3D('',#18967,#15780,#15781);
#14404=AXIS2_PLACEMENT_3D('',#18974,#15784,#15785);
#14405=AXIS2_PLACEMENT_3D('',#18978,#15787,#15788);
#14406=AXIS2_PLACEMENT_3D('',#18981,#15790,#15791);
#14407=AXIS2_PLACEMENT_3D('',#18984,#15794,#15795);
#14408=AXIS2_PLACEMENT_3D('',#18987,#15798,#15799);
#14409=AXIS2_PLACEMENT_3D('',#18993,#15802,#15803);
#14410=AXIS2_PLACEMENT_3D('',#18997,#15805,#15806);
#14411=AXIS2_PLACEMENT_3D('',#19001,#15808,#15809);
#14412=AXIS2_PLACEMENT_3D('',#19002,#15810,#15811);
#14413=AXIS2_PLACEMENT_3D('',#19005,#15814,#15815);
#14414=AXIS2_PLACEMENT_3D('',#19007,#15817,#15818);
#14415=AXIS2_PLACEMENT_3D('',#19067,#15850,#15851);
#14416=AXIS2_PLACEMENT_3D('',#19069,#15853,#15854);
#14417=AXIS2_PLACEMENT_3D('',#19129,#15886,#15887);
#14418=AXIS2_PLACEMENT_3D('',#19130,#15888,#15889);
#14419=AXIS2_PLACEMENT_3D('',#19131,#15890,#15891);
#14420=AXIS2_PLACEMENT_3D('',#19137,#15895,#15896);
#14421=AXIS2_PLACEMENT_3D('',#19143,#15900,#15901);
#14422=AXIS2_PLACEMENT_3D('',#19144,#15902,#15903);
#14423=AXIS2_PLACEMENT_3D('',#19148,#15905,#15906);
#14424=AXIS2_PLACEMENT_3D('',#19149,#15907,#15908);
#14425=AXIS2_PLACEMENT_3D('',#19150,#15909,#15910);
#14426=AXIS2_PLACEMENT_3D('',#19151,#15911,#15912);
#14427=AXIS2_PLACEMENT_3D('',#19152,#15913,#15914);
#14428=AXIS2_PLACEMENT_3D('',#19153,#15915,#15916);
#14429=AXIS2_PLACEMENT_3D('',#19154,#15917,#15918);
#14430=AXIS2_PLACEMENT_3D('',#19156,#15919,#15920);
#14431=AXIS2_PLACEMENT_3D('',#19160,#15922,#15923);
#14432=AXIS2_PLACEMENT_3D('',#19162,#15924,#15925);
#14433=AXIS2_PLACEMENT_3D('',#19166,#15927,#15928);
#14434=AXIS2_PLACEMENT_3D('',#19168,#15929,#15930);
#14435=AXIS2_PLACEMENT_3D('',#19172,#15932,#15933);
#14436=AXIS2_PLACEMENT_3D('',#19174,#15934,#15935);
#14437=AXIS2_PLACEMENT_3D('',#19177,#15937,#15938);
#14438=AXIS2_PLACEMENT_3D('',#19181,#15941,#15942);
#14439=AXIS2_PLACEMENT_3D('',#19182,#15943,#15944);
#14440=AXIS2_PLACEMENT_3D('',#19185,#15946,#15947);
#14441=AXIS2_PLACEMENT_3D('',#19186,#15948,#15949);
#14442=AXIS2_PLACEMENT_3D('',#19189,#15951,#15952);
#14443=AXIS2_PLACEMENT_3D('',#19201,#15959,#15960);
#14444=AXIS2_PLACEMENT_3D('',#19202,#15961,#15962);
#14445=AXIS2_PLACEMENT_3D('',#19205,#15964,#15965);
#14446=AXIS2_PLACEMENT_3D('',#19206,#15966,#15967);
#14447=AXIS2_PLACEMENT_3D('',#19209,#15969,#15970);
#14448=AXIS2_PLACEMENT_3D('',#19220,#15977,#15978);
#14449=AXIS2_PLACEMENT_3D('',#19221,#15979,#15980);
#14450=AXIS2_PLACEMENT_3D('',#19224,#15982,#15983);
#14451=AXIS2_PLACEMENT_3D('',#19225,#15984,#15985);
#14452=AXIS2_PLACEMENT_3D('',#19228,#15987,#15988);
#14453=AXIS2_PLACEMENT_3D('',#19240,#15995,#15996);
#14454=AXIS2_PLACEMENT_3D('',#19241,#15997,#15998);
#14455=AXIS2_PLACEMENT_3D('',#19244,#16000,#16001);
#14456=AXIS2_PLACEMENT_3D('',#19245,#16002,#16003);
#14457=AXIS2_PLACEMENT_3D('',#19246,#16004,#16005);
#14458=AXIS2_PLACEMENT_3D('',#19247,#16006,#16007);
#14459=AXIS2_PLACEMENT_3D('',#19252,#16009,#16010);
#14460=AXIS2_PLACEMENT_3D('',#19255,#16012,#16013);
#14461=AXIS2_PLACEMENT_3D('',#19256,#16014,#16015);
#14462=AXIS2_PLACEMENT_3D('',#19258,#16016,#16017);
#14463=AXIS2_PLACEMENT_3D('',#19261,#16019,#16020);
#14464=AXIS2_PLACEMENT_3D('',#19275,#16028,#16029);
#14465=AXIS2_PLACEMENT_3D('',#19276,#16030,#16031);
#14466=AXIS2_PLACEMENT_3D('',#19278,#16032,#16033);
#14467=AXIS2_PLACEMENT_3D('',#19281,#16035,#16036);
#14468=AXIS2_PLACEMENT_3D('',#19282,#16037,#16038);
#14469=AXIS2_PLACEMENT_3D('',#19284,#16039,#16040);
#14470=AXIS2_PLACEMENT_3D('',#19287,#16042,#16043);
#14471=AXIS2_PLACEMENT_3D('',#19293,#16047,#16048);
#14472=AXIS2_PLACEMENT_3D('',#19294,#16049,#16050);
#14473=AXIS2_PLACEMENT_3D('',#19296,#16051,#16052);
#14474=AXIS2_PLACEMENT_3D('',#19299,#16054,#16055);
#14475=AXIS2_PLACEMENT_3D('',#19300,#16056,#16057);
#14476=AXIS2_PLACEMENT_3D('',#19302,#16058,#16059);
#14477=AXIS2_PLACEMENT_3D('',#19305,#16061,#16062);
#14478=AXIS2_PLACEMENT_3D('',#19319,#16070,#16071);
#14479=AXIS2_PLACEMENT_3D('',#19320,#16072,#16073);
#14480=AXIS2_PLACEMENT_3D('',#19322,#16074,#16075);
#14481=AXIS2_PLACEMENT_3D('',#19325,#16077,#16078);
#14482=AXIS2_PLACEMENT_3D('',#19326,#16079,#16080);
#14483=AXIS2_PLACEMENT_3D('',#19328,#16082,#16083);
#14484=AXIS2_PLACEMENT_3D('',#19330,#16085,#16086);
#14485=AXIS2_PLACEMENT_3D('',#19331,#16087,#16088);
#14486=AXIS2_PLACEMENT_3D('',#19332,#16089,#16090);
#14487=AXIS2_PLACEMENT_3D('',#19333,#16091,#16092);
#14488=AXIS2_PLACEMENT_3D('',#19338,#16095,#16096);
#14489=AXIS2_PLACEMENT_3D('',#19340,#16097,#16098);
#14490=AXIS2_PLACEMENT_3D('',#19341,#16099,#16100);
#14491=AXIS2_PLACEMENT_3D('',#19342,#16101,#16102);
#14492=AXIS2_PLACEMENT_3D('',#19344,#16103,#16104);
#14493=AXIS2_PLACEMENT_3D('',#19349,#16107,#16108);
#14494=AXIS2_PLACEMENT_3D('',#19351,#16110,#16111);
#14495=AXIS2_PLACEMENT_3D('',#19353,#16113,#16114);
#14496=AXIS2_PLACEMENT_3D('',#19355,#16116,#16117);
#14497=AXIS2_PLACEMENT_3D('',#19356,#16118,#16119);
#14498=AXIS2_PLACEMENT_3D('',#19357,#16120,#16121);
#14499=AXIS2_PLACEMENT_3D('',#19362,#16123,#16124);
#14500=AXIS2_PLACEMENT_3D('',#19365,#16126,#16127);
#14501=AXIS2_PLACEMENT_3D('',#19366,#16128,#16129);
#14502=AXIS2_PLACEMENT_3D('',#19368,#16130,#16131);
#14503=AXIS2_PLACEMENT_3D('',#19371,#16133,#16134);
#14504=AXIS2_PLACEMENT_3D('',#19385,#16142,#16143);
#14505=AXIS2_PLACEMENT_3D('',#19386,#16144,#16145);
#14506=AXIS2_PLACEMENT_3D('',#19388,#16146,#16147);
#14507=AXIS2_PLACEMENT_3D('',#19391,#16149,#16150);
#14508=AXIS2_PLACEMENT_3D('',#19392,#16151,#16152);
#14509=AXIS2_PLACEMENT_3D('',#19394,#16153,#16154);
#14510=AXIS2_PLACEMENT_3D('',#19397,#16156,#16157);
#14511=AXIS2_PLACEMENT_3D('',#19403,#16161,#16162);
#14512=AXIS2_PLACEMENT_3D('',#19404,#16163,#16164);
#14513=AXIS2_PLACEMENT_3D('',#19406,#16165,#16166);
#14514=AXIS2_PLACEMENT_3D('',#19409,#16168,#16169);
#14515=AXIS2_PLACEMENT_3D('',#19410,#16170,#16171);
#14516=AXIS2_PLACEMENT_3D('',#19412,#16172,#16173);
#14517=AXIS2_PLACEMENT_3D('',#19415,#16175,#16176);
#14518=AXIS2_PLACEMENT_3D('',#19429,#16184,#16185);
#14519=AXIS2_PLACEMENT_3D('',#19430,#16186,#16187);
#14520=AXIS2_PLACEMENT_3D('',#19432,#16188,#16189);
#14521=AXIS2_PLACEMENT_3D('',#19435,#16191,#16192);
#14522=AXIS2_PLACEMENT_3D('',#19436,#16193,#16194);
#14523=AXIS2_PLACEMENT_3D('',#19438,#16196,#16197);
#14524=AXIS2_PLACEMENT_3D('',#19440,#16199,#16200);
#14525=AXIS2_PLACEMENT_3D('',#19441,#16201,#16202);
#14526=AXIS2_PLACEMENT_3D('',#19442,#16203,#16204);
#14527=AXIS2_PLACEMENT_3D('',#19443,#16205,#16206);
#14528=AXIS2_PLACEMENT_3D('',#19448,#16209,#16210);
#14529=AXIS2_PLACEMENT_3D('',#19450,#16211,#16212);
#14530=AXIS2_PLACEMENT_3D('',#19451,#16213,#16214);
#14531=AXIS2_PLACEMENT_3D('',#19452,#16215,#16216);
#14532=AXIS2_PLACEMENT_3D('',#19454,#16217,#16218);
#14533=AXIS2_PLACEMENT_3D('',#19459,#16221,#16222);
#14534=AXIS2_PLACEMENT_3D('',#19461,#16224,#16225);
#14535=AXIS2_PLACEMENT_3D('',#19463,#16227,#16228);
#14536=AXIS2_PLACEMENT_3D('',#19465,#16230,#16231);
#14537=AXIS2_PLACEMENT_3D('',#19466,#16232,#16233);
#14538=AXIS2_PLACEMENT_3D('',#19467,#16234,#16235);
#14539=AXIS2_PLACEMENT_3D('',#19472,#16237,#16238);
#14540=AXIS2_PLACEMENT_3D('',#19475,#16240,#16241);
#14541=AXIS2_PLACEMENT_3D('',#19476,#16242,#16243);
#14542=AXIS2_PLACEMENT_3D('',#19478,#16244,#16245);
#14543=AXIS2_PLACEMENT_3D('',#19481,#16247,#16248);
#14544=AXIS2_PLACEMENT_3D('',#19495,#16256,#16257);
#14545=AXIS2_PLACEMENT_3D('',#19496,#16258,#16259);
#14546=AXIS2_PLACEMENT_3D('',#19498,#16260,#16261);
#14547=AXIS2_PLACEMENT_3D('',#19501,#16263,#16264);
#14548=AXIS2_PLACEMENT_3D('',#19502,#16265,#16266);
#14549=AXIS2_PLACEMENT_3D('',#19504,#16267,#16268);
#14550=AXIS2_PLACEMENT_3D('',#19507,#16270,#16271);
#14551=AXIS2_PLACEMENT_3D('',#19513,#16275,#16276);
#14552=AXIS2_PLACEMENT_3D('',#19514,#16277,#16278);
#14553=AXIS2_PLACEMENT_3D('',#19516,#16279,#16280);
#14554=AXIS2_PLACEMENT_3D('',#19519,#16282,#16283);
#14555=AXIS2_PLACEMENT_3D('',#19520,#16284,#16285);
#14556=AXIS2_PLACEMENT_3D('',#19522,#16286,#16287);
#14557=AXIS2_PLACEMENT_3D('',#19525,#16289,#16290);
#14558=AXIS2_PLACEMENT_3D('',#19539,#16298,#16299);
#14559=AXIS2_PLACEMENT_3D('',#19540,#16300,#16301);
#14560=AXIS2_PLACEMENT_3D('',#19542,#16302,#16303);
#14561=AXIS2_PLACEMENT_3D('',#19545,#16305,#16306);
#14562=AXIS2_PLACEMENT_3D('',#19546,#16307,#16308);
#14563=AXIS2_PLACEMENT_3D('',#19548,#16310,#16311);
#14564=AXIS2_PLACEMENT_3D('',#19550,#16313,#16314);
#14565=AXIS2_PLACEMENT_3D('',#19551,#16315,#16316);
#14566=AXIS2_PLACEMENT_3D('',#19552,#16317,#16318);
#14567=AXIS2_PLACEMENT_3D('',#19553,#16319,#16320);
#14568=AXIS2_PLACEMENT_3D('',#19558,#16323,#16324);
#14569=AXIS2_PLACEMENT_3D('',#19560,#16325,#16326);
#14570=AXIS2_PLACEMENT_3D('',#19561,#16327,#16328);
#14571=AXIS2_PLACEMENT_3D('',#19562,#16329,#16330);
#14572=AXIS2_PLACEMENT_3D('',#19564,#16331,#16332);
#14573=AXIS2_PLACEMENT_3D('',#19569,#16335,#16336);
#14574=AXIS2_PLACEMENT_3D('',#19571,#16338,#16339);
#14575=AXIS2_PLACEMENT_3D('',#19573,#16341,#16342);
#14576=AXIS2_PLACEMENT_3D('',#19575,#16344,#16345);
#14577=AXIS2_PLACEMENT_3D('',#19576,#16346,#16347);
#14578=AXIS2_PLACEMENT_3D('',#19577,#16348,#16349);
#14579=AXIS2_PLACEMENT_3D('',#19579,#16350,#16351);
#14580=AXIS2_PLACEMENT_3D('',#19583,#16353,#16354);
#14581=AXIS2_PLACEMENT_3D('',#19586,#16356,#16357);
#14582=AXIS2_PLACEMENT_3D('',#19590,#16360,#16361);
#14583=AXIS2_PLACEMENT_3D('',#19591,#16362,#16363);
#14584=AXIS2_PLACEMENT_3D('',#19594,#16365,#16366);
#14585=AXIS2_PLACEMENT_3D('',#19595,#16367,#16368);
#14586=AXIS2_PLACEMENT_3D('',#19598,#16370,#16371);
#14587=AXIS2_PLACEMENT_3D('',#19602,#16374,#16375);
#14588=AXIS2_PLACEMENT_3D('',#19603,#16376,#16377);
#14589=AXIS2_PLACEMENT_3D('',#19604,#16378,#16379);
#14590=AXIS2_PLACEMENT_3D('',#19605,#16380,#16381);
#14591=AXIS2_PLACEMENT_3D('',#19607,#16382,#16383);
#14592=AXIS2_PLACEMENT_3D('',#19611,#16385,#16386);
#14593=AXIS2_PLACEMENT_3D('',#19613,#16387,#16388);
#14594=AXIS2_PLACEMENT_3D('',#19617,#16390,#16391);
#14595=AXIS2_PLACEMENT_3D('',#19619,#16392,#16393);
#14596=AXIS2_PLACEMENT_3D('',#19623,#16395,#16396);
#14597=AXIS2_PLACEMENT_3D('',#19625,#16397,#16398);
#14598=AXIS2_PLACEMENT_3D('',#19626,#16399,#16400);
#14599=AXIS2_PLACEMENT_3D('',#19627,#16401,#16402);
#14600=AXIS2_PLACEMENT_3D('',#19630,#16404,#16405);
#14601=AXIS2_PLACEMENT_3D('',#19631,#16406,#16407);
#14602=AXIS2_PLACEMENT_3D('',#19634,#16409,#16410);
#14603=AXIS2_PLACEMENT_3D('',#19638,#16413,#16414);
#14604=AXIS2_PLACEMENT_3D('',#19639,#16415,#16416);
#14605=AXIS2_PLACEMENT_3D('',#19642,#16418,#16419);
#14606=AXIS2_PLACEMENT_3D('',#19643,#16420,#16421);
#14607=AXIS2_PLACEMENT_3D('',#19646,#16423,#16424);
#14608=AXIS2_PLACEMENT_3D('',#19657,#16432,#16433);
#14609=AXIS2_PLACEMENT_3D('',#19658,#16434,#16435);
#14610=AXIS2_PLACEMENT_3D('',#19661,#16437,#16438);
#14611=AXIS2_PLACEMENT_3D('',#19662,#16439,#16440);
#14612=AXIS2_PLACEMENT_3D('',#19665,#16442,#16443);
#14613=AXIS2_PLACEMENT_3D('',#19669,#16446,#16447);
#14614=AXIS2_PLACEMENT_3D('',#19670,#16448,#16449);
#14615=AXIS2_PLACEMENT_3D('',#19673,#16451,#16452);
#14616=AXIS2_PLACEMENT_3D('',#19674,#16453,#16454);
#14617=AXIS2_PLACEMENT_3D('',#19675,#16455,#16456);
#14618=AXIS2_PLACEMENT_3D('',#19676,#16457,#16458);
#14619=AXIS2_PLACEMENT_3D('',#19681,#16460,#16461);
#14620=AXIS2_PLACEMENT_3D('',#19684,#16463,#16464);
#14621=AXIS2_PLACEMENT_3D('',#19690,#16468,#16469);
#14622=AXIS2_PLACEMENT_3D('',#19691,#16470,#16471);
#14623=AXIS2_PLACEMENT_3D('',#19693,#16472,#16473);
#14624=AXIS2_PLACEMENT_3D('',#19696,#16475,#16476);
#14625=AXIS2_PLACEMENT_3D('',#19697,#16477,#16478);
#14626=AXIS2_PLACEMENT_3D('',#19699,#16480,#16481);
#14627=AXIS2_PLACEMENT_3D('',#19701,#16483,#16484);
#14628=AXIS2_PLACEMENT_3D('',#19702,#16485,#16486);
#14629=AXIS2_PLACEMENT_3D('',#19703,#16487,#16488);
#14630=AXIS2_PLACEMENT_3D('',#19704,#16489,#16490);
#14631=AXIS2_PLACEMENT_3D('',#19705,#16491,#16492);
#14632=AXIS2_PLACEMENT_3D('',#19707,#16493,#16494);
#14633=AXIS2_PLACEMENT_3D('',#19711,#16496,#16497);
#14634=AXIS2_PLACEMENT_3D('',#19713,#16498,#16499);
#14635=AXIS2_PLACEMENT_3D('',#19717,#16501,#16502);
#14636=AXIS2_PLACEMENT_3D('',#19719,#16503,#16504);
#14637=AXIS2_PLACEMENT_3D('',#19723,#16506,#16507);
#14638=AXIS2_PLACEMENT_3D('',#19725,#16508,#16509);
#14639=AXIS2_PLACEMENT_3D('',#19726,#16510,#16511);
#14640=AXIS2_PLACEMENT_3D('',#19727,#16512,#16513);
#14641=AXIS2_PLACEMENT_3D('',#19729,#16514,#16515);
#14642=AXIS2_PLACEMENT_3D('',#19733,#16517,#16518);
#14643=AXIS2_PLACEMENT_3D('',#19735,#16519,#16520);
#14644=AXIS2_PLACEMENT_3D('',#19739,#16522,#16523);
#14645=AXIS2_PLACEMENT_3D('',#19741,#16524,#16525);
#14646=AXIS2_PLACEMENT_3D('',#19745,#16527,#16528);
#14647=AXIS2_PLACEMENT_3D('',#19747,#16529,#16530);
#14648=AXIS2_PLACEMENT_3D('',#19748,#16531,#16532);
#14649=AXIS2_PLACEMENT_3D('',#19750,#16534,#16535);
#14650=AXIS2_PLACEMENT_3D('',#19752,#16537,#16538);
#14651=AXIS2_PLACEMENT_3D('',#19754,#16540,#16541);
#14652=AXIS2_PLACEMENT_3D('',#19756,#16543,#16544);
#14653=AXIS2_PLACEMENT_3D('',#19758,#16546,#16547);
#14654=AXIS2_PLACEMENT_3D('',#19760,#16549,#16550);
#14655=AXIS2_PLACEMENT_3D('',#19762,#16552,#16553);
#14656=AXIS2_PLACEMENT_3D('',#19764,#16555,#16556);
#14657=AXIS2_PLACEMENT_3D('',#19766,#16558,#16559);
#14658=AXIS2_PLACEMENT_3D('',#19768,#16561,#16562);
#14659=AXIS2_PLACEMENT_3D('',#19769,#16563,#16564);
#14660=AXIS2_PLACEMENT_3D('',#19770,#16565,#16566);
#14661=AXIS2_PLACEMENT_3D('',#19775,#16568,#16569);
#14662=AXIS2_PLACEMENT_3D('',#19778,#16571,#16572);
#14663=AXIS2_PLACEMENT_3D('',#19784,#16576,#16577);
#14664=AXIS2_PLACEMENT_3D('',#19785,#16578,#16579);
#14665=AXIS2_PLACEMENT_3D('',#19787,#16580,#16581);
#14666=AXIS2_PLACEMENT_3D('',#19790,#16583,#16584);
#14667=AXIS2_PLACEMENT_3D('',#19791,#16585,#16586);
#14668=AXIS2_PLACEMENT_3D('',#19793,#16588,#16589);
#14669=AXIS2_PLACEMENT_3D('',#19795,#16591,#16592);
#14670=AXIS2_PLACEMENT_3D('',#19796,#16593,#16594);
#14671=AXIS2_PLACEMENT_3D('',#19797,#16595,#16596);
#14672=AXIS2_PLACEMENT_3D('',#19798,#16597,#16598);
#14673=AXIS2_PLACEMENT_3D('',#19799,#16599,#16600);
#14674=AXIS2_PLACEMENT_3D('',#19801,#16601,#16602);
#14675=AXIS2_PLACEMENT_3D('',#19805,#16604,#16605);
#14676=AXIS2_PLACEMENT_3D('',#19807,#16606,#16607);
#14677=AXIS2_PLACEMENT_3D('',#19811,#16609,#16610);
#14678=AXIS2_PLACEMENT_3D('',#19813,#16611,#16612);
#14679=AXIS2_PLACEMENT_3D('',#19817,#16614,#16615);
#14680=AXIS2_PLACEMENT_3D('',#19819,#16616,#16617);
#14681=AXIS2_PLACEMENT_3D('',#19820,#16618,#16619);
#14682=AXIS2_PLACEMENT_3D('',#19821,#16620,#16621);
#14683=AXIS2_PLACEMENT_3D('',#19823,#16622,#16623);
#14684=AXIS2_PLACEMENT_3D('',#19827,#16625,#16626);
#14685=AXIS2_PLACEMENT_3D('',#19829,#16627,#16628);
#14686=AXIS2_PLACEMENT_3D('',#19833,#16630,#16631);
#14687=AXIS2_PLACEMENT_3D('',#19835,#16632,#16633);
#14688=AXIS2_PLACEMENT_3D('',#19839,#16635,#16636);
#14689=AXIS2_PLACEMENT_3D('',#19841,#16637,#16638);
#14690=AXIS2_PLACEMENT_3D('',#19842,#16639,#16640);
#14691=AXIS2_PLACEMENT_3D('',#19844,#16642,#16643);
#14692=AXIS2_PLACEMENT_3D('',#19846,#16645,#16646);
#14693=AXIS2_PLACEMENT_3D('',#19848,#16648,#16649);
#14694=AXIS2_PLACEMENT_3D('',#19850,#16651,#16652);
#14695=AXIS2_PLACEMENT_3D('',#19852,#16654,#16655);
#14696=AXIS2_PLACEMENT_3D('',#19854,#16657,#16658);
#14697=AXIS2_PLACEMENT_3D('',#19856,#16660,#16661);
#14698=AXIS2_PLACEMENT_3D('',#19858,#16663,#16664);
#14699=AXIS2_PLACEMENT_3D('',#19860,#16666,#16667);
#14700=AXIS2_PLACEMENT_3D('',#19862,#16669,#16670);
#14701=AXIS2_PLACEMENT_3D('',#19863,#16671,#16672);
#14702=AXIS2_PLACEMENT_3D('',#19864,#16673,#16674);
#14703=AXIS2_PLACEMENT_3D('',#19869,#16676,#16677);
#14704=AXIS2_PLACEMENT_3D('',#19872,#16679,#16680);
#14705=AXIS2_PLACEMENT_3D('',#19878,#16684,#16685);
#14706=AXIS2_PLACEMENT_3D('',#19879,#16686,#16687);
#14707=AXIS2_PLACEMENT_3D('',#19881,#16688,#16689);
#14708=AXIS2_PLACEMENT_3D('',#19884,#16691,#16692);
#14709=AXIS2_PLACEMENT_3D('',#19885,#16693,#16694);
#14710=AXIS2_PLACEMENT_3D('',#19887,#16696,#16697);
#14711=AXIS2_PLACEMENT_3D('',#19889,#16699,#16700);
#14712=AXIS2_PLACEMENT_3D('',#19890,#16701,#16702);
#14713=AXIS2_PLACEMENT_3D('',#19891,#16703,#16704);
#14714=AXIS2_PLACEMENT_3D('',#19892,#16705,#16706);
#14715=AXIS2_PLACEMENT_3D('',#19893,#16707,#16708);
#14716=AXIS2_PLACEMENT_3D('',#19895,#16709,#16710);
#14717=AXIS2_PLACEMENT_3D('',#19899,#16712,#16713);
#14718=AXIS2_PLACEMENT_3D('',#19901,#16714,#16715);
#14719=AXIS2_PLACEMENT_3D('',#19905,#16717,#16718);
#14720=AXIS2_PLACEMENT_3D('',#19907,#16719,#16720);
#14721=AXIS2_PLACEMENT_3D('',#19911,#16722,#16723);
#14722=AXIS2_PLACEMENT_3D('',#19913,#16724,#16725);
#14723=AXIS2_PLACEMENT_3D('',#19914,#16726,#16727);
#14724=AXIS2_PLACEMENT_3D('',#19915,#16728,#16729);
#14725=AXIS2_PLACEMENT_3D('',#19917,#16730,#16731);
#14726=AXIS2_PLACEMENT_3D('',#19921,#16733,#16734);
#14727=AXIS2_PLACEMENT_3D('',#19923,#16735,#16736);
#14728=AXIS2_PLACEMENT_3D('',#19927,#16738,#16739);
#14729=AXIS2_PLACEMENT_3D('',#19929,#16740,#16741);
#14730=AXIS2_PLACEMENT_3D('',#19933,#16743,#16744);
#14731=AXIS2_PLACEMENT_3D('',#19935,#16745,#16746);
#14732=AXIS2_PLACEMENT_3D('',#19936,#16747,#16748);
#14733=AXIS2_PLACEMENT_3D('',#19938,#16750,#16751);
#14734=AXIS2_PLACEMENT_3D('',#19940,#16753,#16754);
#14735=AXIS2_PLACEMENT_3D('',#19942,#16756,#16757);
#14736=AXIS2_PLACEMENT_3D('',#19944,#16759,#16760);
#14737=AXIS2_PLACEMENT_3D('',#19946,#16762,#16763);
#14738=AXIS2_PLACEMENT_3D('',#19948,#16765,#16766);
#14739=AXIS2_PLACEMENT_3D('',#19950,#16768,#16769);
#14740=AXIS2_PLACEMENT_3D('',#19952,#16771,#16772);
#14741=AXIS2_PLACEMENT_3D('',#19954,#16774,#16775);
#14742=AXIS2_PLACEMENT_3D('',#19956,#16777,#16778);
#14743=AXIS2_PLACEMENT_3D('',#19957,#16779,#16780);
#14744=AXIS2_PLACEMENT_3D('',#19959,#16782,#16783);
#14745=AXIS2_PLACEMENT_3D('',#19961,#16785,#16786);
#14746=AXIS2_PLACEMENT_3D('',#19963,#16788,#16789);
#14747=AXIS2_PLACEMENT_3D('',#19965,#16791,#16792);
#14748=AXIS2_PLACEMENT_3D('',#19967,#16794,#16795);
#14749=AXIS2_PLACEMENT_3D('',#19969,#16797,#16798);
#14750=AXIS2_PLACEMENT_3D('',#19974,#16802,#16803);
#14751=AXIS2_PLACEMENT_3D('',#19976,#16805,#16806);
#14752=AXIS2_PLACEMENT_3D('',#19978,#16808,#16809);
#14753=AXIS2_PLACEMENT_3D('',#19980,#16811,#16812);
#14754=AXIS2_PLACEMENT_3D('',#19982,#16814,#16815);
#14755=AXIS2_PLACEMENT_3D('',#19984,#16817,#16818);
#14756=AXIS2_PLACEMENT_3D('',#19985,#16819,#16820);
#14757=AXIS2_PLACEMENT_3D('',#19988,#16822,#16823);
#14758=AXIS2_PLACEMENT_3D('',#19991,#16825,#16826);
#14759=AXIS2_PLACEMENT_3D('',#19995,#16829,#16830);
#14760=AXIS2_PLACEMENT_3D('',#19998,#16832,#16833);
#14761=AXIS2_PLACEMENT_3D('',#19999,#16834,#16835);
#14762=AXIS2_PLACEMENT_3D('',#20003,#16838,#16839);
#14763=AXIS2_PLACEMENT_3D('',#20005,#16841,#16842);
#14764=AXIS2_PLACEMENT_3D('',#20006,#16843,#16844);
#14765=AXIS2_PLACEMENT_3D('',#20007,#16845,#16846);
#14766=AXIS2_PLACEMENT_3D('',#20008,#16847,#16848);
#14767=AXIS2_PLACEMENT_3D('',#20010,#16850,#16851);
#14768=AXIS2_PLACEMENT_3D('',#20012,#16853,#16854);
#14769=AXIS2_PLACEMENT_3D('',#20014,#16856,#16857);
#14770=AXIS2_PLACEMENT_3D('',#20016,#16859,#16860);
#14771=AXIS2_PLACEMENT_3D('',#20018,#16862,#16863);
#14772=AXIS2_PLACEMENT_3D('',#20023,#16867,#16868);
#14773=AXIS2_PLACEMENT_3D('',#20025,#16870,#16871);
#14774=AXIS2_PLACEMENT_3D('',#20027,#16873,#16874);
#14775=AXIS2_PLACEMENT_3D('',#20029,#16876,#16877);
#14776=AXIS2_PLACEMENT_3D('',#20031,#16879,#16880);
#14777=AXIS2_PLACEMENT_3D('',#20033,#16882,#16883);
#14778=AXIS2_PLACEMENT_3D('',#20035,#16885,#16886);
#14779=AXIS2_PLACEMENT_3D('',#20037,#16888,#16889);
#14780=AXIS2_PLACEMENT_3D('',#20042,#16893,#16894);
#14781=AXIS2_PLACEMENT_3D('',#20044,#16896,#16897);
#14782=AXIS2_PLACEMENT_3D('',#20046,#16899,#16900);
#14783=AXIS2_PLACEMENT_3D('',#20048,#16902,#16903);
#14784=AXIS2_PLACEMENT_3D('',#20050,#16905,#16906);
#14785=AXIS2_PLACEMENT_3D('',#20051,#16907,#16908);
#14786=AXIS2_PLACEMENT_3D('',#20053,#16910,#16911);
#14787=AXIS2_PLACEMENT_3D('',#20055,#16913,#16914);
#14788=AXIS2_PLACEMENT_3D('',#20057,#16916,#16917);
#14789=AXIS2_PLACEMENT_3D('',#20059,#16919,#16920);
#14790=AXIS2_PLACEMENT_3D('',#20061,#16922,#16923);
#14791=AXIS2_PLACEMENT_3D('',#20066,#16927,#16928);
#14792=AXIS2_PLACEMENT_3D('',#20068,#16930,#16931);
#14793=AXIS2_PLACEMENT_3D('',#20070,#16933,#16934);
#14794=AXIS2_PLACEMENT_3D('',#20072,#16936,#16937);
#14795=AXIS2_PLACEMENT_3D('',#20074,#16939,#16940);
#14796=AXIS2_PLACEMENT_3D('',#20076,#16942,#16943);
#14797=AXIS2_PLACEMENT_3D('',#20078,#16945,#16946);
#14798=AXIS2_PLACEMENT_3D('',#20080,#16948,#16949);
#14799=AXIS2_PLACEMENT_3D('',#20085,#16953,#16954);
#14800=AXIS2_PLACEMENT_3D('',#20087,#16956,#16957);
#14801=AXIS2_PLACEMENT_3D('',#20089,#16959,#16960);
#14802=AXIS2_PLACEMENT_3D('',#20091,#16962,#16963);
#14803=AXIS2_PLACEMENT_3D('',#20093,#16965,#16966);
#14804=AXIS2_PLACEMENT_3D('',#20094,#16967,#16968);
#14805=AXIS2_PLACEMENT_3D('',#20096,#16970,#16971);
#14806=AXIS2_PLACEMENT_3D('',#20098,#16973,#16974);
#14807=AXIS2_PLACEMENT_3D('',#20100,#16976,#16977);
#14808=AXIS2_PLACEMENT_3D('',#20102,#16979,#16980);
#14809=AXIS2_PLACEMENT_3D('',#20104,#16982,#16983);
#14810=AXIS2_PLACEMENT_3D('',#20109,#16987,#16988);
#14811=AXIS2_PLACEMENT_3D('',#20111,#16990,#16991);
#14812=AXIS2_PLACEMENT_3D('',#20113,#16993,#16994);
#14813=AXIS2_PLACEMENT_3D('',#20115,#16996,#16997);
#14814=AXIS2_PLACEMENT_3D('',#20117,#16999,#17000);
#14815=AXIS2_PLACEMENT_3D('',#20119,#17002,#17003);
#14816=AXIS2_PLACEMENT_3D('',#20121,#17005,#17006);
#14817=AXIS2_PLACEMENT_3D('',#20123,#17008,#17009);
#14818=AXIS2_PLACEMENT_3D('',#20128,#17013,#17014);
#14819=AXIS2_PLACEMENT_3D('',#20130,#17016,#17017);
#14820=AXIS2_PLACEMENT_3D('',#20132,#17019,#17020);
#14821=AXIS2_PLACEMENT_3D('',#20134,#17022,#17023);
#14822=AXIS2_PLACEMENT_3D('',#20136,#17025,#17026);
#14823=AXIS2_PLACEMENT_3D('',#20137,#17027,#17028);
#14824=AXIS2_PLACEMENT_3D('',#20150,#17035,#17036);
#14825=AXIS2_PLACEMENT_3D('',#20155,#17039,#17040);
#14826=AXIS2_PLACEMENT_3D('',#20157,#17042,#17043);
#14827=AXIS2_PLACEMENT_3D('',#20159,#17045,#17046);
#14828=AXIS2_PLACEMENT_3D('',#20161,#17048,#17049);
#14829=AXIS2_PLACEMENT_3D('',#20163,#17051,#17052);
#14830=AXIS2_PLACEMENT_3D('',#20174,#17058,#17059);
#14831=AXIS2_PLACEMENT_3D('',#20179,#17062,#17063);
#14832=AXIS2_PLACEMENT_3D('',#20181,#17065,#17066);
#14833=AXIS2_PLACEMENT_3D('',#20183,#17068,#17069);
#14834=AXIS2_PLACEMENT_3D('',#20185,#17071,#17072);
#14835=AXIS2_PLACEMENT_3D('',#20186,#17073,#17074);
#14836=AXIS2_PLACEMENT_3D('',#20197,#17080,#17081);
#14837=AXIS2_PLACEMENT_3D('',#20202,#17084,#17085);
#14838=AXIS2_PLACEMENT_3D('',#20204,#17087,#17088);
#14839=AXIS2_PLACEMENT_3D('',#20206,#17090,#17091);
#14840=AXIS2_PLACEMENT_3D('',#20208,#17093,#17094);
#14841=AXIS2_PLACEMENT_3D('',#20209,#17095,#17096);
#14842=AXIS2_PLACEMENT_3D('',#20220,#17102,#17103);
#14843=AXIS2_PLACEMENT_3D('',#20225,#17106,#17107);
#14844=AXIS2_PLACEMENT_3D('',#20227,#17109,#17110);
#14845=AXIS2_PLACEMENT_3D('',#20229,#17112,#17113);
#14846=AXIS2_PLACEMENT_3D('',#20231,#17115,#17116);
#14847=AXIS2_PLACEMENT_3D('',#20232,#17117,#17118);
#14848=AXIS2_PLACEMENT_3D('',#20235,#17120,#17121);
#14849=AXIS2_PLACEMENT_3D('',#20238,#17123,#17124);
#14850=AXIS2_PLACEMENT_3D('',#20242,#17127,#17128);
#14851=AXIS2_PLACEMENT_3D('',#20245,#17130,#17131);
#14852=AXIS2_PLACEMENT_3D('',#20246,#17132,#17133);
#14853=AXIS2_PLACEMENT_3D('',#20250,#17136,#17137);
#14854=AXIS2_PLACEMENT_3D('',#20253,#17139,#17140);
#14855=AXIS2_PLACEMENT_3D('',#20254,#17141,#17142);
#14856=AXIS2_PLACEMENT_3D('',#20258,#17145,#17146);
#14857=AXIS2_PLACEMENT_3D('',#20261,#17148,#17149);
#14858=AXIS2_PLACEMENT_3D('',#20262,#17150,#17151);
#14859=AXIS2_PLACEMENT_3D('',#20266,#17154,#17155);
#14860=AXIS2_PLACEMENT_3D('',#20269,#17157,#17158);
#14861=AXIS2_PLACEMENT_3D('',#20270,#17159,#17160);
#14862=AXIS2_PLACEMENT_3D('',#20274,#17163,#17164);
#14863=AXIS2_PLACEMENT_3D('',#20275,#17165,#17166);
#14864=AXIS2_PLACEMENT_3D('',#20276,#17167,#17168);
#14865=AXIS2_PLACEMENT_3D('',#20279,#17170,#17171);
#14866=AXIS2_PLACEMENT_3D('',#20280,#17172,#17173);
#14867=AXIS2_PLACEMENT_3D('',#20284,#17176,#17177);
#14868=AXIS2_PLACEMENT_3D('',#20287,#17179,#17180);
#14869=AXIS2_PLACEMENT_3D('',#20288,#17181,#17182);
#14870=AXIS2_PLACEMENT_3D('',#20290,#17184,#17185);
#14871=AXIS2_PLACEMENT_3D('',#20296,#17189,#17190);
#14872=AXIS2_PLACEMENT_3D('',#20299,#17192,#17193);
#14873=AXIS2_PLACEMENT_3D('',#20302,#17195,#17196);
#14874=AXIS2_PLACEMENT_3D('',#20306,#17199,#17200);
#14875=AXIS2_PLACEMENT_3D('',#20309,#17202,#17203);
#14876=AXIS2_PLACEMENT_3D('',#20310,#17204,#17205);
#14877=AXIS2_PLACEMENT_3D('',#20314,#17208,#17209);
#14878=AXIS2_PLACEMENT_3D('',#20317,#17211,#17212);
#14879=AXIS2_PLACEMENT_3D('',#20318,#17213,#17214);
#14880=AXIS2_PLACEMENT_3D('',#20322,#17217,#17218);
#14881=AXIS2_PLACEMENT_3D('',#20325,#17220,#17221);
#14882=AXIS2_PLACEMENT_3D('',#20326,#17222,#17223);
#14883=AXIS2_PLACEMENT_3D('',#20330,#17226,#17227);
#14884=AXIS2_PLACEMENT_3D('',#20333,#17229,#17230);
#14885=AXIS2_PLACEMENT_3D('',#20334,#17231,#17232);
#14886=AXIS2_PLACEMENT_3D('',#20338,#17235,#17236);
#14887=AXIS2_PLACEMENT_3D('',#20339,#17237,#17238);
#14888=AXIS2_PLACEMENT_3D('',#20340,#17239,#17240);
#14889=AXIS2_PLACEMENT_3D('',#20343,#17242,#17243);
#14890=AXIS2_PLACEMENT_3D('',#20344,#17244,#17245);
#14891=AXIS2_PLACEMENT_3D('',#20348,#17248,#17249);
#14892=AXIS2_PLACEMENT_3D('',#20351,#17251,#17252);
#14893=AXIS2_PLACEMENT_3D('',#20352,#17253,#17254);
#14894=AXIS2_PLACEMENT_3D('',#20354,#17256,#17257);
#14895=AXIS2_PLACEMENT_3D('',#20360,#17261,#17262);
#14896=AXIS2_PLACEMENT_3D('',#20363,#17264,#17265);
#14897=AXIS2_PLACEMENT_3D('',#20366,#17267,#17268);
#14898=AXIS2_PLACEMENT_3D('',#20370,#17271,#17272);
#14899=AXIS2_PLACEMENT_3D('',#20373,#17274,#17275);
#14900=AXIS2_PLACEMENT_3D('',#20374,#17276,#17277);
#14901=AXIS2_PLACEMENT_3D('',#20378,#17280,#17281);
#14902=AXIS2_PLACEMENT_3D('',#20381,#17283,#17284);
#14903=AXIS2_PLACEMENT_3D('',#20382,#17285,#17286);
#14904=AXIS2_PLACEMENT_3D('',#20386,#17289,#17290);
#14905=AXIS2_PLACEMENT_3D('',#20389,#17292,#17293);
#14906=AXIS2_PLACEMENT_3D('',#20390,#17294,#17295);
#14907=AXIS2_PLACEMENT_3D('',#20394,#17298,#17299);
#14908=AXIS2_PLACEMENT_3D('',#20397,#17301,#17302);
#14909=AXIS2_PLACEMENT_3D('',#20398,#17303,#17304);
#14910=AXIS2_PLACEMENT_3D('',#20402,#17307,#17308);
#14911=AXIS2_PLACEMENT_3D('',#20403,#17309,#17310);
#14912=AXIS2_PLACEMENT_3D('',#20404,#17311,#17312);
#14913=AXIS2_PLACEMENT_3D('',#20407,#17314,#17315);
#14914=AXIS2_PLACEMENT_3D('',#20408,#17316,#17317);
#14915=AXIS2_PLACEMENT_3D('',#20412,#17320,#17321);
#14916=AXIS2_PLACEMENT_3D('',#20415,#17323,#17324);
#14917=AXIS2_PLACEMENT_3D('',#20416,#17325,#17326);
#14918=AXIS2_PLACEMENT_3D('',#20418,#17328,#17329);
#14919=AXIS2_PLACEMENT_3D('',#20424,#17333,#17334);
#14920=AXIS2_PLACEMENT_3D('',#20427,#17336,#17337);
#14921=AXIS2_PLACEMENT_3D('',#20430,#17339,#17340);
#14922=AXIS2_PLACEMENT_3D('',#20434,#17343,#17344);
#14923=AXIS2_PLACEMENT_3D('',#20437,#17346,#17347);
#14924=AXIS2_PLACEMENT_3D('',#20438,#17348,#17349);
#14925=AXIS2_PLACEMENT_3D('',#20442,#17352,#17353);
#14926=AXIS2_PLACEMENT_3D('',#20445,#17355,#17356);
#14927=AXIS2_PLACEMENT_3D('',#20446,#17357,#17358);
#14928=AXIS2_PLACEMENT_3D('',#20450,#17361,#17362);
#14929=AXIS2_PLACEMENT_3D('',#20453,#17364,#17365);
#14930=AXIS2_PLACEMENT_3D('',#20454,#17366,#17367);
#14931=AXIS2_PLACEMENT_3D('',#20458,#17370,#17371);
#14932=AXIS2_PLACEMENT_3D('',#20461,#17373,#17374);
#14933=AXIS2_PLACEMENT_3D('',#20462,#17375,#17376);
#14934=AXIS2_PLACEMENT_3D('',#20466,#17379,#17380);
#14935=AXIS2_PLACEMENT_3D('',#20467,#17381,#17382);
#14936=AXIS2_PLACEMENT_3D('',#20468,#17383,#17384);
#14937=AXIS2_PLACEMENT_3D('',#20471,#17386,#17387);
#14938=AXIS2_PLACEMENT_3D('',#20472,#17388,#17389);
#14939=AXIS2_PLACEMENT_3D('',#20476,#17392,#17393);
#14940=AXIS2_PLACEMENT_3D('',#20479,#17395,#17396);
#14941=AXIS2_PLACEMENT_3D('',#20480,#17397,#17398);
#14942=AXIS2_PLACEMENT_3D('',#20482,#17400,#17401);
#14943=AXIS2_PLACEMENT_3D('',#20488,#17405,#17406);
#14944=AXIS2_PLACEMENT_3D('',#20492,#17409,#17410);
#14945=AXIS2_PLACEMENT_3D('',#20496,#17413,#17414);
#14946=AXIS2_PLACEMENT_3D('',#20498,#17416,#17417);
#14947=AXIS2_PLACEMENT_3D('',#20500,#17419,#17420);
#14948=AXIS2_PLACEMENT_3D('',#20504,#17423,#17424);
#14949=AXIS2_PLACEMENT_3D('',#20508,#17427,#17428);
#14950=AXIS2_PLACEMENT_3D('',#20510,#17430,#17431);
#14951=AXIS2_PLACEMENT_3D('',#20512,#17433,#17434);
#14952=AXIS2_PLACEMENT_3D('',#20513,#17435,#17436);
#14953=AXIS2_PLACEMENT_3D('',#20517,#17439,#17440);
#14954=AXIS2_PLACEMENT_3D('',#20521,#17443,#17444);
#14955=AXIS2_PLACEMENT_3D('',#20523,#17446,#17447);
#14956=AXIS2_PLACEMENT_3D('',#20525,#17449,#17450);
#14957=AXIS2_PLACEMENT_3D('',#20526,#17451,#17452);
#14958=AXIS2_PLACEMENT_3D('',#20530,#17455,#17456);
#14959=AXIS2_PLACEMENT_3D('',#20534,#17459,#17460);
#14960=AXIS2_PLACEMENT_3D('',#20536,#17462,#17463);
#14961=AXIS2_PLACEMENT_3D('',#20538,#17465,#17466);
#14962=AXIS2_PLACEMENT_3D('',#20539,#17467,#17468);
#14963=AXIS2_PLACEMENT_3D('',#20541,#17470,#17471);
#14964=AXIS2_PLACEMENT_3D('',#20544,#17473,#17474);
#14965=AXIS2_PLACEMENT_3D('',#20548,#17476,#17477);
#14966=AXIS2_PLACEMENT_3D('',#20549,#17478,#17479);
#14967=AXIS2_PLACEMENT_3D('',#20550,#17480,#17481);
#14968=AXIS2_PLACEMENT_3D('',#20551,#17482,#17483);
#14969=AXIS2_PLACEMENT_3D('',#20552,#17484,#17485);
#14970=AXIS2_PLACEMENT_3D('',#20566,#17493,#17494);
#14971=AXIS2_PLACEMENT_3D('',#20567,#17495,#17496);
#14972=AXIS2_PLACEMENT_3D('',#20568,#17497,#17498);
#14973=AXIS2_PLACEMENT_3D('',#20571,#17500,#17501);
#14974=AXIS2_PLACEMENT_3D('',#20575,#17504,#17505);
#14975=AXIS2_PLACEMENT_3D('',#20576,#17506,#17507);
#14976=AXIS2_PLACEMENT_3D('',#20579,#17509,#17510);
#14977=AXIS2_PLACEMENT_3D('',#20583,#17513,#17514);
#14978=AXIS2_PLACEMENT_3D('',#20584,#17515,#17516);
#14979=AXIS2_PLACEMENT_3D('',#20585,#17517,#17518);
#14980=AXIS2_PLACEMENT_3D('',#20586,#17519,#17520);
#14981=AXIS2_PLACEMENT_3D('',#20587,#17521,#17522);
#14982=AXIS2_PLACEMENT_3D('',#20588,#17523,#17524);
#14983=AXIS2_PLACEMENT_3D('',#20591,#17526,#17527);
#14984=AXIS2_PLACEMENT_3D('',#20596,#17531,#17532);
#14985=AXIS2_PLACEMENT_3D('',#20597,#17533,#17534);
#14986=AXIS2_PLACEMENT_3D('',#20600,#17536,#17537);
#14987=AXIS2_PLACEMENT_3D('',#20608,#17542,#17543);
#14988=AXIS2_PLACEMENT_3D('',#20610,#17544,#17545);
#14989=AXIS2_PLACEMENT_3D('',#20614,#17547,#17548);
#14990=AXIS2_PLACEMENT_3D('',#20615,#17549,#17550);
#14991=AXIS2_PLACEMENT_3D('',#20616,#17551,#17552);
#14992=AXIS2_PLACEMENT_3D('',#20618,#17553,#17554);
#14993=AXIS2_PLACEMENT_3D('',#20623,#17555,#17556);
#14994=AXIS2_PLACEMENT_3D('',#20624,#17557,#17558);
#14995=AXIS2_PLACEMENT_3D('',#20625,#17559,#17560);
#14996=AXIS2_PLACEMENT_3D('',#20626,#17561,#17562);
#14997=AXIS2_PLACEMENT_3D('',#20629,#17564,#17565);
#14998=AXIS2_PLACEMENT_3D('',#20631,#17567,#17568);
#14999=AXIS2_PLACEMENT_3D('',#20632,#17569,#17570);
#15000=AXIS2_PLACEMENT_3D('',#20635,#17572,#17573);
#15001=AXIS2_PLACEMENT_3D('',#20639,#17575,#17576);
#15002=AXIS2_PLACEMENT_3D('',#20641,#17577,#17578);
#15003=AXIS2_PLACEMENT_3D('',#20642,#17579,#17580);
#15004=AXIS2_PLACEMENT_3D('',#20644,#17582,#17583);
#15005=AXIS2_PLACEMENT_3D('',#20646,#17585,#17586);
#15006=AXIS2_PLACEMENT_3D('',#20648,#17588,#17589);
#15007=AXIS2_PLACEMENT_3D('',#20650,#17591,#17592);
#15008=AXIS2_PLACEMENT_3D('',#20651,#17593,#17594);
#15009=AXIS2_PLACEMENT_3D('',#20657,#17598,#17599);
#15010=AXIS2_PLACEMENT_3D('',#20663,#17603,#17604);
#15011=AXIS2_PLACEMENT_3D('',#20666,#17607,#17608);
#15012=AXIS2_PLACEMENT_3D('',#20667,#17609,#17610);
#15013=AXIS2_PLACEMENT_3D('',#20668,#17611,#17612);
#15014=AXIS2_PLACEMENT_3D('',#20674,#17616,#17617);
#15015=AXIS2_PLACEMENT_3D('',#20680,#17621,#17622);
#15016=AXIS2_PLACEMENT_3D('',#20683,#17625,#17626);
#15017=AXIS2_PLACEMENT_3D('',#20684,#17627,#17628);
#15018=AXIS2_PLACEMENT_3D('',#20685,#17629,#17630);
#15019=AXIS2_PLACEMENT_3D('',#20691,#17634,#17635);
#15020=AXIS2_PLACEMENT_3D('',#20697,#17639,#17640);
#15021=AXIS2_PLACEMENT_3D('',#20700,#17643,#17644);
#15022=AXIS2_PLACEMENT_3D('',#20701,#17645,#17646);
#15023=AXIS2_PLACEMENT_3D('',#20702,#17647,#17648);
#15024=AXIS2_PLACEMENT_3D('',#20708,#17652,#17653);
#15025=AXIS2_PLACEMENT_3D('',#20714,#17657,#17658);
#15026=AXIS2_PLACEMENT_3D('',#20717,#17661,#17662);
#15027=AXIS2_PLACEMENT_3D('',#20718,#17663,#17664);
#15028=AXIS2_PLACEMENT_3D('',#20719,#17665,#17666);
#15029=AXIS2_PLACEMENT_3D('',#20725,#17670,#17671);
#15030=AXIS2_PLACEMENT_3D('',#20731,#17675,#17676);
#15031=AXIS2_PLACEMENT_3D('',#20734,#17679,#17680);
#15032=AXIS2_PLACEMENT_3D('',#20735,#17681,#17682);
#15033=AXIS2_PLACEMENT_3D('',#20736,#17683,#17684);
#15034=AXIS2_PLACEMENT_3D('',#20742,#17688,#17689);
#15035=AXIS2_PLACEMENT_3D('',#20748,#17693,#17694);
#15036=AXIS2_PLACEMENT_3D('',#20751,#17697,#17698);
#15037=AXIS2_PLACEMENT_3D('',#20752,#17699,#17700);
#15038=AXIS2_PLACEMENT_3D('',#20753,#17701,#17702);
#15039=AXIS2_PLACEMENT_3D('',#20759,#17706,#17707);
#15040=AXIS2_PLACEMENT_3D('',#20765,#17711,#17712);
#15041=AXIS2_PLACEMENT_3D('',#20768,#17715,#17716);
#15042=AXIS2_PLACEMENT_3D('',#20769,#17717,#17718);
#15043=AXIS2_PLACEMENT_3D('',#20770,#17719,#17720);
#15044=AXIS2_PLACEMENT_3D('',#20776,#17724,#17725);
#15045=AXIS2_PLACEMENT_3D('',#20782,#17729,#17730);
#15046=AXIS2_PLACEMENT_3D('',#20785,#17733,#17734);
#15047=AXIS2_PLACEMENT_3D('',#20786,#17735,#17736);
#15048=AXIS2_PLACEMENT_3D('',#20787,#17737,#17738);
#15049=AXIS2_PLACEMENT_3D('',#20788,#17739,#17740);
#15050=AXIS2_PLACEMENT_3D('',#20790,#17741,#17742);
#15051=AXIS2_PLACEMENT_3D('',#20793,#17744,#17745);
#15052=AXIS2_PLACEMENT_3D('',#20799,#17749,#17750);
#15053=AXIS2_PLACEMENT_3D('',#20806,#17754,#17755);
#15054=AXIS2_PLACEMENT_3D('',#20809,#17757,#17758);
#15055=AXIS2_PLACEMENT_3D('',#20816,#17762,#17763);
#15056=AXIS2_PLACEMENT_3D('',#20819,#17765,#17766);
#15057=AXIS2_PLACEMENT_3D('',#20823,#17768,#17769);
#15058=AXIS2_PLACEMENT_3D('',#20825,#17770,#17771);
#15059=AXIS2_PLACEMENT_3D('',#20829,#17773,#17774);
#15060=AXIS2_PLACEMENT_3D('',#20831,#17775,#17776);
#15061=AXIS2_PLACEMENT_3D('',#20838,#17781,#17782);
#15062=AXIS2_PLACEMENT_3D('',#20840,#17784,#17785);
#15063=AXIS2_PLACEMENT_3D('',#20841,#17786,#17787);
#15064=AXIS2_PLACEMENT_3D('',#20843,#17789,#17790);
#15065=AXIS2_PLACEMENT_3D('',#20849,#17794,#17795);
#15066=AXIS2_PLACEMENT_3D('',#20850,#17796,#17797);
#15067=AXIS2_PLACEMENT_3D('',#20854,#17799,#17800);
#15068=AXIS2_PLACEMENT_3D('',#20855,#17801,#17802);
#15069=AXIS2_PLACEMENT_3D('',#20856,#17803,#17804);
#15070=AXIS2_PLACEMENT_3D('',#20859,#17805,#17806);
#15071=AXIS2_PLACEMENT_3D('',#20864,#17809,#17810);
#15072=AXIS2_PLACEMENT_3D('',#20866,#17811,#17812);
#15073=AXIS2_PLACEMENT_3D('',#20869,#17814,#17815);
#15074=AXIS2_PLACEMENT_3D('',#20889,#17816,#17817);
#15075=AXIS2_PLACEMENT_3D('',#20909,#17818,#17819);
#15076=AXIS2_PLACEMENT_3D('',#20910,#17820,#17821);
#15077=AXIS2_PLACEMENT_3D('',#20912,#17822,#17823);
#15078=AXIS2_PLACEMENT_3D('',#20915,#17825,#17826);
#15079=AXIS2_PLACEMENT_3D('',#20921,#17830,#17831);
#15080=AXIS2_PLACEMENT_3D('',#20928,#17835,#17836);
#15081=AXIS2_PLACEMENT_3D('',#20931,#17838,#17839);
#15082=AXIS2_PLACEMENT_3D('',#20938,#17843,#17844);
#15083=AXIS2_PLACEMENT_3D('',#20941,#17846,#17847);
#15084=AXIS2_PLACEMENT_3D('',#20945,#17849,#17850);
#15085=AXIS2_PLACEMENT_3D('',#20947,#17851,#17852);
#15086=AXIS2_PLACEMENT_3D('',#20951,#17854,#17855);
#15087=AXIS2_PLACEMENT_3D('',#20953,#17856,#17857);
#15088=AXIS2_PLACEMENT_3D('',#20960,#17862,#17863);
#15089=AXIS2_PLACEMENT_3D('',#20962,#17865,#17866);
#15090=AXIS2_PLACEMENT_3D('',#20963,#17867,#17868);
#15091=AXIS2_PLACEMENT_3D('',#20965,#17870,#17871);
#15092=AXIS2_PLACEMENT_3D('',#20971,#17875,#17876);
#15093=AXIS2_PLACEMENT_3D('',#20972,#17877,#17878);
#15094=AXIS2_PLACEMENT_3D('',#20976,#17880,#17881);
#15095=AXIS2_PLACEMENT_3D('',#20977,#17882,#17883);
#15096=AXIS2_PLACEMENT_3D('',#20978,#17884,#17885);
#15097=AXIS2_PLACEMENT_3D('',#20981,#17886,#17887);
#15098=AXIS2_PLACEMENT_3D('',#20986,#17890,#17891);
#15099=AXIS2_PLACEMENT_3D('',#20988,#17892,#17893);
#15100=AXIS2_PLACEMENT_3D('',#20991,#17895,#17896);
#15101=AXIS2_PLACEMENT_3D('',#21011,#17897,#17898);
#15102=AXIS2_PLACEMENT_3D('',#21031,#17899,#17900);
#15103=AXIS2_PLACEMENT_3D('',#21032,#17901,#17902);
#15104=AXIS2_PLACEMENT_3D('',#21034,#17903,#17904);
#15105=AXIS2_PLACEMENT_3D('',#21037,#17906,#17907);
#15106=AXIS2_PLACEMENT_3D('',#21043,#17911,#17912);
#15107=AXIS2_PLACEMENT_3D('',#21050,#17916,#17917);
#15108=AXIS2_PLACEMENT_3D('',#21053,#17919,#17920);
#15109=AXIS2_PLACEMENT_3D('',#21060,#17924,#17925);
#15110=AXIS2_PLACEMENT_3D('',#21063,#17927,#17928);
#15111=AXIS2_PLACEMENT_3D('',#21067,#17930,#17931);
#15112=AXIS2_PLACEMENT_3D('',#21069,#17932,#17933);
#15113=AXIS2_PLACEMENT_3D('',#21073,#17935,#17936);
#15114=AXIS2_PLACEMENT_3D('',#21075,#17937,#17938);
#15115=AXIS2_PLACEMENT_3D('',#21082,#17943,#17944);
#15116=AXIS2_PLACEMENT_3D('',#21084,#17946,#17947);
#15117=AXIS2_PLACEMENT_3D('',#21085,#17948,#17949);
#15118=AXIS2_PLACEMENT_3D('',#21087,#17951,#17952);
#15119=AXIS2_PLACEMENT_3D('',#21093,#17956,#17957);
#15120=AXIS2_PLACEMENT_3D('',#21094,#17958,#17959);
#15121=AXIS2_PLACEMENT_3D('',#21098,#17961,#17962);
#15122=AXIS2_PLACEMENT_3D('',#21099,#17963,#17964);
#15123=AXIS2_PLACEMENT_3D('',#21100,#17965,#17966);
#15124=AXIS2_PLACEMENT_3D('',#21103,#17967,#17968);
#15125=AXIS2_PLACEMENT_3D('',#21108,#17971,#17972);
#15126=AXIS2_PLACEMENT_3D('',#21110,#17973,#17974);
#15127=AXIS2_PLACEMENT_3D('',#21113,#17976,#17977);
#15128=AXIS2_PLACEMENT_3D('',#21133,#17978,#17979);
#15129=AXIS2_PLACEMENT_3D('',#21153,#17980,#17981);
#15130=AXIS2_PLACEMENT_3D('',#21154,#17982,#17983);
#15131=AXIS2_PLACEMENT_3D('',#21156,#17984,#17985);
#15132=AXIS2_PLACEMENT_3D('',#21159,#17987,#17988);
#15133=AXIS2_PLACEMENT_3D('',#21165,#17992,#17993);
#15134=AXIS2_PLACEMENT_3D('',#21172,#17997,#17998);
#15135=AXIS2_PLACEMENT_3D('',#21175,#18000,#18001);
#15136=AXIS2_PLACEMENT_3D('',#21182,#18005,#18006);
#15137=AXIS2_PLACEMENT_3D('',#21185,#18008,#18009);
#15138=AXIS2_PLACEMENT_3D('',#21189,#18011,#18012);
#15139=AXIS2_PLACEMENT_3D('',#21191,#18013,#18014);
#15140=AXIS2_PLACEMENT_3D('',#21195,#18016,#18017);
#15141=AXIS2_PLACEMENT_3D('',#21197,#18018,#18019);
#15142=AXIS2_PLACEMENT_3D('',#21204,#18024,#18025);
#15143=AXIS2_PLACEMENT_3D('',#21206,#18027,#18028);
#15144=AXIS2_PLACEMENT_3D('',#21207,#18029,#18030);
#15145=AXIS2_PLACEMENT_3D('',#21209,#18032,#18033);
#15146=AXIS2_PLACEMENT_3D('',#21215,#18037,#18038);
#15147=AXIS2_PLACEMENT_3D('',#21216,#18039,#18040);
#15148=AXIS2_PLACEMENT_3D('',#21220,#18042,#18043);
#15149=AXIS2_PLACEMENT_3D('',#21221,#18044,#18045);
#15150=AXIS2_PLACEMENT_3D('',#21222,#18046,#18047);
#15151=AXIS2_PLACEMENT_3D('',#21225,#18048,#18049);
#15152=AXIS2_PLACEMENT_3D('',#21230,#18052,#18053);
#15153=AXIS2_PLACEMENT_3D('',#21232,#18054,#18055);
#15154=AXIS2_PLACEMENT_3D('',#21235,#18057,#18058);
#15155=AXIS2_PLACEMENT_3D('',#21255,#18059,#18060);
#15156=AXIS2_PLACEMENT_3D('',#21275,#18061,#18062);
#15157=AXIS2_PLACEMENT_3D('',#21277,#18064,#18065);
#15158=AXIS2_PLACEMENT_3D('',#21279,#18067,#18068);
#15159=AXIS2_PLACEMENT_3D('',#21281,#18070,#18071);
#15160=AXIS2_PLACEMENT_3D('',#21283,#18073,#18074);
#15161=AXIS2_PLACEMENT_3D('',#21285,#18076,#18077);
#15162=AXIS2_PLACEMENT_3D('',#21287,#18079,#18080);
#15163=AXIS2_PLACEMENT_3D('',#21289,#18082,#18083);
#15164=AXIS2_PLACEMENT_3D('',#21291,#18085,#18086);
#15165=AXIS2_PLACEMENT_3D('',#21294,#18089,#18090);
#15166=AXIS2_PLACEMENT_3D('',#21296,#18092,#18093);
#15167=AXIS2_PLACEMENT_3D('',#21298,#18095,#18096);
#15168=AXIS2_PLACEMENT_3D('',#21299,#18097,#18098);
#15169=AXIS2_PLACEMENT_3D('',#21300,#18099,#18100);
#15170=AXIS2_PLACEMENT_3D('',#21303,#18103,#18104);
#15171=AXIS2_PLACEMENT_3D('',#21305,#18106,#18107);
#15172=AXIS2_PLACEMENT_3D('',#21307,#18109,#18110);
#15173=AXIS2_PLACEMENT_3D('',#21308,#18111,#18112);
#15174=AXIS2_PLACEMENT_3D('',#21309,#18113,#18114);
#15175=AXIS2_PLACEMENT_3D('',#21312,#18117,#18118);
#15176=AXIS2_PLACEMENT_3D('',#21314,#18120,#18121);
#15177=AXIS2_PLACEMENT_3D('',#21316,#18123,#18124);
#15178=AXIS2_PLACEMENT_3D('',#21317,#18125,#18126);
#15179=AXIS2_PLACEMENT_3D('',#21318,#18127,#18128);
#15180=AXIS2_PLACEMENT_3D('',#21321,#18131,#18132);
#15181=AXIS2_PLACEMENT_3D('',#21323,#18134,#18135);
#15182=AXIS2_PLACEMENT_3D('',#21325,#18137,#18138);
#15183=AXIS2_PLACEMENT_3D('',#21326,#18139,#18140);
#15184=AXIS2_PLACEMENT_3D('',#21327,#18141,#18142);
#15185=AXIS2_PLACEMENT_3D('',#21333,#18146,#18147);
#15186=AXIS2_PLACEMENT_3D('',#21337,#18150,#18151);
#15187=AXIS2_PLACEMENT_3D('',#21341,#18154,#18155);
#15188=AXIS2_PLACEMENT_3D('',#21345,#18158,#18159);
#15189=AXIS2_PLACEMENT_3D('',#21347,#18161,#18162);
#15190=AXIS2_PLACEMENT_3D('',#21348,#18163,#18164);
#15191=AXIS2_PLACEMENT_3D('',#21349,#18165,#18166);
#15192=AXIS2_PLACEMENT_3D('',#21351,#18167,#18168);
#15193=AXIS2_PLACEMENT_3D('',#21352,#18169,#18170);
#15194=AXIS2_PLACEMENT_3D('',#21355,#18172,#18173);
#15195=AXIS2_PLACEMENT_3D('',#21358,#18175,#18176);
#15196=AXIS2_PLACEMENT_3D('',#21362,#18179,#18180);
#15197=AXIS2_PLACEMENT_3D('',#21366,#18183,#18184);
#15198=AXIS2_PLACEMENT_3D('',#21369,#18186,#18187);
#15199=AXIS2_PLACEMENT_3D('',#21370,#18188,#18189);
#15200=AXIS2_PLACEMENT_3D('',#21374,#18192,#18193);
#15201=AXIS2_PLACEMENT_3D('',#21377,#18195,#18196);
#15202=AXIS2_PLACEMENT_3D('',#21378,#18197,#18198);
#15203=AXIS2_PLACEMENT_3D('',#21380,#18200,#18201);
#15204=DIRECTION('',(0.,0.,1.));
#15205=DIRECTION('',(1.,0.,0.));
#15206=DIRECTION('',(0.,0.,1.));
#15207=DIRECTION('',(1.,0.,0.));
#15208=DIRECTION('',(0.,0.,1.));
#15209=DIRECTION('',(1.,0.,0.));
#15210=DIRECTION('',(0.,1.,0.));
#15211=DIRECTION('',(-1.,0.,0.));
#15212=DIRECTION('',(0.,1.,0.));
#15213=DIRECTION('',(-0.642787609686539,-0.766044443118978,0.));
#15214=DIRECTION('',(0.,1.,0.));
#15215=DIRECTION('',(-1.,0.,0.));
#15216=DIRECTION('',(0.,-1.,0.));
#15217=DIRECTION('',(0.,0.,1.));
#15218=DIRECTION('',(1.,0.,0.));
#15219=DIRECTION('',(1.,0.,0.));
#15220=DIRECTION('',(0.,0.,1.));
#15221=DIRECTION('',(1.,0.,0.));
#15222=DIRECTION('',(0.,1.,0.));
#15223=DIRECTION('',(0.,0.,1.));
#15224=DIRECTION('',(1.,0.,0.));
#15225=DIRECTION('',(-1.,0.,0.));
#15226=DIRECTION('',(0.,0.,1.));
#15227=DIRECTION('',(1.,0.,0.));
#15228=DIRECTION('',(-0.642787609686539,-0.766044443118978,0.));
#15229=DIRECTION('',(0.,-1.,0.));
#15230=DIRECTION('',(-0.887640310405506,0.460537381048723,0.));
#15231=DIRECTION('',(-1.,0.,0.));
#15232=DIRECTION('',(-2.03287907341032E-16,1.,0.));
#15233=DIRECTION('',(1.,0.,0.));
#15234=DIRECTION('',(0.,-1.,0.));
#15235=DIRECTION('',(0.,0.,1.));
#15236=DIRECTION('',(1.,0.,0.));
#15237=DIRECTION('',(-0.707106781186546,-0.707106781186549,0.));
#15238=DIRECTION('',(0.,0.,1.));
#15239=DIRECTION('',(1.,0.,0.));
#15240=DIRECTION('',(0.,1.,0.));
#15241=DIRECTION('',(0.,0.,1.));
#15242=DIRECTION('',(1.,0.,0.));
#15243=DIRECTION('',(1.,0.,0.));
#15244=DIRECTION('',(-1.,0.,0.));
#15245=DIRECTION('',(0.,0.,1.));
#15246=DIRECTION('',(0.,0.,-1.));
#15247=DIRECTION('',(0.,1.,0.));
#15248=DIRECTION('',(0.,0.,1.));
#15249=DIRECTION('',(0.,-1.,0.));
#15250=DIRECTION('',(0.,0.,1.));
#15251=DIRECTION('',(0.,-1.,0.));
#15252=DIRECTION('',(0.,-1.,0.));
#15253=DIRECTION('',(0.,0.,1.));
#15254=DIRECTION('',(1.,0.,0.));
#15255=DIRECTION('',(-1.,0.,0.));
#15256=DIRECTION('',(0.,0.,1.));
#15257=DIRECTION('',(1.,0.,0.));
#15258=DIRECTION('',(1.,0.,0.));
#15259=DIRECTION('',(0.,-1.,0.));
#15260=DIRECTION('',(1.,0.,0.));
#15261=DIRECTION('',(0.,0.,1.));
#15262=DIRECTION('',(1.,0.,0.));
#15263=DIRECTION('',(0.,-1.,0.));
#15264=DIRECTION('',(0.,0.,1.));
#15265=DIRECTION('',(1.,0.,0.));
#15266=DIRECTION('',(0.,0.,1.));
#15267=DIRECTION('',(1.,0.,0.));
#15268=DIRECTION('',(1.,0.,0.));
#15269=DIRECTION('',(0.,0.,1.));
#15270=DIRECTION('',(1.,0.,0.));
#15271=DIRECTION('',(1.,0.,0.));
#15272=DIRECTION('',(0.,0.,1.));
#15273=DIRECTION('',(1.,0.,0.));
#15274=DIRECTION('',(1.85287530258025E-15,1.,0.));
#15275=DIRECTION('',(1.,0.,0.));
#15276=DIRECTION('',(0.,0.,1.));
#15277=DIRECTION('',(1.,0.,0.));
#15278=DIRECTION('',(0.,1.,0.));
#15279=DIRECTION('',(0.,0.,1.));
#15280=DIRECTION('',(1.,0.,0.));
#15281=DIRECTION('',(0.,1.,0.));
#15282=DIRECTION('',(0.,0.,1.));
#15283=DIRECTION('',(1.,0.,0.));
#15284=DIRECTION('',(1.,0.,0.));
#15285=DIRECTION('',(0.,0.,1.));
#15286=DIRECTION('',(1.,0.,0.));
#15287=DIRECTION('',(0.,0.,1.));
#15288=DIRECTION('',(1.,0.,0.));
#15289=DIRECTION('',(0.,1.,0.));
#15290=DIRECTION('',(0.,0.,1.));
#15291=DIRECTION('',(1.,0.,0.));
#15292=DIRECTION('',(0.,1.,0.));
#15293=DIRECTION('',(0.,0.,1.));
#15294=DIRECTION('',(1.,0.,0.));
#15295=DIRECTION('',(-1.,0.,0.));
#15296=DIRECTION('',(0.,1.,0.));
#15297=DIRECTION('',(0.,0.,1.));
#15298=DIRECTION('',(1.,0.,0.));
#15299=DIRECTION('',(-1.,0.,0.));
#15300=DIRECTION('',(0.371390676354103,0.928476690885259,0.));
#15301=DIRECTION('',(-1.,0.,0.));
#15302=DIRECTION('',(0.,0.,1.));
#15303=DIRECTION('',(1.,0.,0.));
#15304=DIRECTION('',(0.,1.,0.));
#15305=DIRECTION('',(0.,-1.,0.));
#15306=DIRECTION('',(0.,0.,-1.));
#15307=DIRECTION('',(0.,0.,-1.));
#15308=DIRECTION('',(-1.,0.,0.));
#15309=DIRECTION('',(0.,0.,-1.));
#15310=DIRECTION('',(0.,1.,0.));
#15311=DIRECTION('',(1.,0.,0.));
#15312=DIRECTION('',(0.,0.,-1.));
#15313=DIRECTION('',(0.,1.,0.));
#15314=DIRECTION('',(1.,0.,0.));
#15315=DIRECTION('',(1.,0.,0.));
#15316=DIRECTION('',(0.,1.,0.));
#15317=DIRECTION('',(1.,0.,0.));
#15318=DIRECTION('',(0.,0.,1.));
#15319=DIRECTION('',(0.,1.,0.));
#15320=DIRECTION('',(1.,0.,0.));
#15321=DIRECTION('',(1.,0.,0.));
#15322=DIRECTION('',(0.,1.,0.));
#15323=DIRECTION('',(1.,0.,0.));
#15324=DIRECTION('',(0.,0.,1.));
#15325=DIRECTION('',(0.,1.,0.));
#15326=DIRECTION('',(1.,0.,0.));
#15327=DIRECTION('',(-1.,0.,0.));
#15328=DIRECTION('',(0.,1.,0.));
#15329=DIRECTION('',(1.,0.,0.));
#15330=DIRECTION('',(0.,0.,1.));
#15331=DIRECTION('',(0.,1.,0.));
#15332=DIRECTION('',(1.,0.,0.));
#15333=DIRECTION('',(0.,0.,-1.));
#15334=DIRECTION('',(-1.,0.,0.));
#15335=DIRECTION('',(0.,0.,-1.));
#15336=DIRECTION('',(0.,0.,-1.));
#15337=DIRECTION('',(0.,0.,-1.));
#15338=DIRECTION('',(0.,1.,0.));
#15339=DIRECTION('',(1.,0.,0.));
#15340=DIRECTION('',(0.,0.,-1.));
#15341=DIRECTION('',(0.,1.,0.));
#15342=DIRECTION('',(1.,0.,0.));
#15343=DIRECTION('',(1.,0.,0.));
#15344=DIRECTION('',(0.,1.,0.));
#15345=DIRECTION('',(1.,0.,0.));
#15346=DIRECTION('',(0.,0.,1.));
#15347=DIRECTION('',(0.,1.,0.));
#15348=DIRECTION('',(1.,0.,0.));
#15349=DIRECTION('',(1.,0.,0.));
#15350=DIRECTION('',(0.,1.,0.));
#15351=DIRECTION('',(1.,0.,0.));
#15352=DIRECTION('',(0.,0.,1.));
#15353=DIRECTION('',(0.,1.,0.));
#15354=DIRECTION('',(1.,0.,0.));
#15355=DIRECTION('',(-1.,0.,0.));
#15356=DIRECTION('',(0.,1.,0.));
#15357=DIRECTION('',(1.,0.,0.));
#15358=DIRECTION('',(0.,0.,1.));
#15359=DIRECTION('',(0.,1.,0.));
#15360=DIRECTION('',(1.,0.,0.));
#15361=DIRECTION('',(0.,0.,-1.));
#15362=DIRECTION('',(-1.,0.,0.));
#15363=DIRECTION('',(0.,0.,-1.));
#15364=DIRECTION('',(0.,1.,0.));
#15365=DIRECTION('',(1.,0.,0.));
#15366=DIRECTION('',(0.,0.,-1.));
#15367=DIRECTION('',(0.,1.,0.));
#15368=DIRECTION('',(1.,0.,0.));
#15369=DIRECTION('',(1.,0.,0.));
#15370=DIRECTION('',(0.,1.,0.));
#15371=DIRECTION('',(1.,0.,0.));
#15372=DIRECTION('',(0.,0.,1.));
#15373=DIRECTION('',(0.,1.,0.));
#15374=DIRECTION('',(1.,0.,0.));
#15375=DIRECTION('',(1.,0.,0.));
#15376=DIRECTION('',(0.,1.,0.));
#15377=DIRECTION('',(1.,0.,0.));
#15378=DIRECTION('',(0.,0.,1.));
#15379=DIRECTION('',(0.,1.,0.));
#15380=DIRECTION('',(1.,0.,0.));
#15381=DIRECTION('',(-1.,0.,0.));
#15382=DIRECTION('',(0.,1.,0.));
#15383=DIRECTION('',(1.,0.,0.));
#15384=DIRECTION('',(0.,0.,1.));
#15385=DIRECTION('',(0.,1.,0.));
#15386=DIRECTION('',(1.,0.,0.));
#15387=DIRECTION('',(0.,0.,-1.));
#15388=DIRECTION('',(-1.,0.,0.));
#15389=DIRECTION('',(0.,0.,-1.));
#15390=DIRECTION('',(0.,1.,0.));
#15391=DIRECTION('',(1.,0.,0.));
#15392=DIRECTION('',(0.,0.,-1.));
#15393=DIRECTION('',(0.,1.,0.));
#15394=DIRECTION('',(1.,0.,0.));
#15395=DIRECTION('',(1.,0.,0.));
#15396=DIRECTION('',(0.,1.,0.));
#15397=DIRECTION('',(1.,0.,0.));
#15398=DIRECTION('',(0.,0.,1.));
#15399=DIRECTION('',(0.,1.,0.));
#15400=DIRECTION('',(1.,0.,0.));
#15401=DIRECTION('',(1.,0.,0.));
#15402=DIRECTION('',(0.,1.,0.));
#15403=DIRECTION('',(1.,0.,0.));
#15404=DIRECTION('',(0.,0.,1.));
#15405=DIRECTION('',(0.,1.,0.));
#15406=DIRECTION('',(1.,0.,0.));
#15407=DIRECTION('',(-1.,0.,0.));
#15408=DIRECTION('',(0.,1.,0.));
#15409=DIRECTION('',(1.,0.,0.));
#15410=DIRECTION('',(0.,0.,1.));
#15411=DIRECTION('',(0.,1.,0.));
#15412=DIRECTION('',(1.,0.,0.));
#15413=DIRECTION('',(0.,0.,-1.));
#15414=DIRECTION('',(-1.,0.,0.));
#15415=DIRECTION('',(0.371390676354104,-0.928476690885259,0.));
#15416=DIRECTION('',(0.,1.,0.));
#15417=DIRECTION('',(-1.,0.,0.));
#15418=DIRECTION('',(0.,-1.,0.));
#15419=DIRECTION('',(0.,0.,-1.));
#15420=DIRECTION('',(-1.,0.,0.));
#15421=DIRECTION('',(5.42101086242752E-17,1.,0.));
#15422=DIRECTION('',(-1.,0.,0.));
#15423=DIRECTION('',(0.,1.,0.));
#15424=DIRECTION('',(0.371390676354103,0.92847669088526,0.));
#15425=DIRECTION('',(0.,0.,-1.));
#15426=DIRECTION('',(-1.,0.,0.));
#15427=DIRECTION('',(0.371390676354104,-0.928476690885259,0.));
#15428=DIRECTION('',(0.,1.,0.));
#15429=DIRECTION('',(-1.,0.,0.));
#15430=DIRECTION('',(0.,-1.,0.));
#15431=DIRECTION('',(0.,0.,-1.));
#15432=DIRECTION('',(-1.,0.,0.));
#15433=DIRECTION('',(5.42101086242752E-17,1.,0.));
#15434=DIRECTION('',(-1.,0.,0.));
#15435=DIRECTION('',(0.,1.,0.));
#15436=DIRECTION('',(0.371390676354103,0.92847669088526,0.));
#15437=DIRECTION('',(0.,0.,-1.));
#15438=DIRECTION('',(-1.,0.,0.));
#15439=DIRECTION('',(0.371390676354104,-0.928476690885259,0.));
#15440=DIRECTION('',(0.,1.,0.));
#15441=DIRECTION('',(-1.,0.,0.));
#15442=DIRECTION('',(0.,-1.,0.));
#15443=DIRECTION('',(0.,0.,-1.));
#15444=DIRECTION('',(-1.,0.,0.));
#15445=DIRECTION('',(5.42101086242752E-17,1.,0.));
#15446=DIRECTION('',(-1.,0.,0.));
#15447=DIRECTION('',(0.,1.,0.));
#15448=DIRECTION('',(0.371390676354103,0.92847669088526,0.));
#15449=DIRECTION('',(0.,0.,1.));
#15450=DIRECTION('',(1.,0.,0.));
#15451=DIRECTION('',(0.371390676354104,-0.928476690885259,0.));
#15452=DIRECTION('',(-1.,0.,0.));
#15453=DIRECTION('',(0.,0.,1.));
#15454=DIRECTION('',(1.,0.,0.));
#15455=DIRECTION('',(-0.642787609686539,-0.766044443118978,0.));
#15456=DIRECTION('',(0.,1.,0.));
#15457=DIRECTION('',(-0.642787609686539,-0.766044443118978,0.));
#15458=DIRECTION('',(0.,0.,1.));
#15459=DIRECTION('',(1.,0.,0.));
#15460=DIRECTION('',(0.,0.,-1.));
#15461=DIRECTION('',(-1.,0.,0.));
#15462=DIRECTION('',(0.371390676354104,-0.928476690885259,0.));
#15463=DIRECTION('',(0.,1.,0.));
#15464=DIRECTION('',(-1.,0.,0.));
#15465=DIRECTION('',(0.,-1.,0.));
#15466=DIRECTION('',(0.,0.,-1.));
#15467=DIRECTION('',(-1.,0.,0.));
#15468=DIRECTION('',(5.42101086242752E-17,1.,0.));
#15469=DIRECTION('',(-1.,0.,0.));
#15470=DIRECTION('',(0.,1.,0.));
#15471=DIRECTION('',(0.371390676354103,0.92847669088526,0.));
#15472=DIRECTION('',(1.,0.,0.));
#15473=DIRECTION('',(0.,0.,-1.));
#15474=DIRECTION('',(0.,-1.,0.));
#15475=DIRECTION('',(0.,0.,-1.));
#15476=DIRECTION('',(0.,-1.,0.));
#15477=DIRECTION('',(1.,0.,0.));
#15478=DIRECTION('',(0.,0.,-1.));
#15479=DIRECTION('',(0.,0.,-1.));
#15480=DIRECTION('',(0.,1.,0.));
#15481=DIRECTION('',(0.,0.,1.));
#15482=DIRECTION('',(0.,-1.,0.));
#15483=DIRECTION('',(0.,0.,-1.));
#15484=DIRECTION('',(0.,-1.,0.));
#15485=DIRECTION('',(1.,0.,0.));
#15486=DIRECTION('',(0.,0.,-1.));
#15487=DIRECTION('',(0.,0.,-1.));
#15488=DIRECTION('',(0.,0.,-1.));
#15489=DIRECTION('',(0.,0.,1.));
#15490=DIRECTION('',(0.,-1.,0.));
#15491=DIRECTION('',(0.,0.,-1.));
#15492=DIRECTION('',(0.,-1.,0.));
#15493=DIRECTION('',(1.,0.,0.));
#15494=DIRECTION('',(0.,0.,-1.));
#15495=DIRECTION('',(0.,0.,-1.));
#15496=DIRECTION('',(0.,1.,0.));
#15497=DIRECTION('',(0.,0.,1.));
#15498=DIRECTION('',(0.,-1.,0.));
#15499=DIRECTION('',(0.,0.,-1.));
#15500=DIRECTION('',(0.,-1.,0.));
#15501=DIRECTION('',(1.,0.,0.));
#15502=DIRECTION('',(0.,0.,-1.));
#15503=DIRECTION('',(0.,0.,-1.));
#15504=DIRECTION('',(0.,1.,0.));
#15505=DIRECTION('',(0.,0.,1.));
#15506=DIRECTION('',(0.766044443118978,-0.642787609686539,0.));
#15507=DIRECTION('',(0.642787609686539,0.766044443118978,0.));
#15508=DIRECTION('',(0.642787609686539,0.766044443118978,0.));
#15509=DIRECTION('',(0.,0.,1.));
#15510=DIRECTION('',(0.766044443118978,-0.642787609686539,0.));
#15511=DIRECTION('',(0.642787609686539,0.766044443118978,0.));
#15512=DIRECTION('',(-0.642787609686539,-0.766044443118978,0.));
#15513=DIRECTION('',(0.766044443118978,-0.642787609686539,0.));
#15514=DIRECTION('',(0.642787609686539,0.766044443118978,0.));
#15515=DIRECTION('',(-0.394660016502716,-0.470337492520402,-0.789320033005432));
#15516=DIRECTION('',(0.766044443118978,-0.642787609686539,0.));
#15517=DIRECTION('',(0.642787609686539,0.766044443118978,0.));
#15518=DIRECTION('',(-0.642787609686539,-0.766044443118978,0.));
#15519=DIRECTION('',(0.766044443118978,-0.642787609686539,0.));
#15520=DIRECTION('',(0.642787609686539,0.766044443118978,0.));
#15521=DIRECTION('',(-0.566618068910783,-0.67526911925322,0.47218172409232));
#15522=DIRECTION('',(0.766044443118978,-0.642787609686539,0.));
#15523=DIRECTION('',(0.642787609686539,0.766044443118978,0.));
#15524=DIRECTION('',(0.,0.,1.));
#15525=DIRECTION('',(0.766044443118978,-0.642787609686539,0.));
#15526=DIRECTION('',(0.642787609686539,0.766044443118978,0.));
#15527=DIRECTION('',(0.566618068910783,0.67526911925322,0.47218172409232));
#15528=DIRECTION('',(0.766044443118978,-0.642787609686539,0.));
#15529=DIRECTION('',(0.642787609686539,0.766044443118978,0.));
#15530=DIRECTION('',(0.642787609686539,0.766044443118978,0.));
#15531=DIRECTION('',(0.766044443118978,-0.642787609686539,0.));
#15532=DIRECTION('',(0.642787609686539,0.766044443118978,0.));
#15533=DIRECTION('',(0.394660016502716,0.470337492520402,-0.789320033005432));
#15534=DIRECTION('',(0.766044443118978,-0.642787609686539,0.));
#15535=DIRECTION('',(0.642787609686539,0.766044443118978,0.));
#15536=DIRECTION('',(0.642787609686539,0.766044443118978,0.));
#15537=DIRECTION('',(0.766044443118978,-0.642787609686539,0.));
#15538=DIRECTION('',(0.642787609686539,0.766044443118978,0.));
#15539=DIRECTION('',(0.,0.,1.));
#15540=DIRECTION('',(-0.642787609686539,-0.766044443118978,0.));
#15541=DIRECTION('',(0.,0.,1.));
#15542=DIRECTION('',(0.642787609686539,0.766044443118978,0.));
#15543=DIRECTION('',(0.,0.,1.));
#15544=DIRECTION('',(0.766044443118978,-0.642787609686539,0.));
#15545=DIRECTION('',(0.642787609686539,0.766044443118978,0.));
#15546=DIRECTION('',(-0.642787609686539,-0.766044443118978,0.));
#15547=DIRECTION('',(0.766044443118978,-0.642787609686539,0.));
#15548=DIRECTION('',(0.642787609686539,0.766044443118978,0.));
#15549=DIRECTION('',(-0.394660016502716,-0.470337492520402,-0.789320033005432));
#15550=DIRECTION('',(0.766044443118978,-0.642787609686539,0.));
#15551=DIRECTION('',(0.642787609686539,0.766044443118978,0.));
#15552=DIRECTION('',(-0.642787609686539,-0.766044443118978,0.));
#15553=DIRECTION('',(0.766044443118978,-0.642787609686539,0.));
#15554=DIRECTION('',(0.642787609686539,0.766044443118978,0.));
#15555=DIRECTION('',(-0.566618068910783,-0.67526911925322,0.47218172409232));
#15556=DIRECTION('',(0.766044443118978,-0.642787609686539,0.));
#15557=DIRECTION('',(0.642787609686539,0.766044443118978,0.));
#15558=DIRECTION('',(0.,0.,1.));
#15559=DIRECTION('',(0.766044443118978,-0.642787609686539,0.));
#15560=DIRECTION('',(0.642787609686539,0.766044443118978,0.));
#15561=DIRECTION('',(0.566618068910783,0.67526911925322,0.47218172409232));
#15562=DIRECTION('',(0.766044443118978,-0.642787609686539,0.));
#15563=DIRECTION('',(0.642787609686539,0.766044443118978,0.));
#15564=DIRECTION('',(0.642787609686539,0.766044443118978,0.));
#15565=DIRECTION('',(0.766044443118978,-0.642787609686539,0.));
#15566=DIRECTION('',(0.642787609686539,0.766044443118978,0.));
#15567=DIRECTION('',(0.394660016502716,0.470337492520402,-0.789320033005432));
#15568=DIRECTION('',(0.766044443118978,-0.642787609686539,0.));
#15569=DIRECTION('',(0.642787609686539,0.766044443118978,0.));
#15570=DIRECTION('',(0.642787609686539,0.766044443118978,0.));
#15571=DIRECTION('',(0.766044443118978,-0.642787609686539,0.));
#15572=DIRECTION('',(0.642787609686539,0.766044443118978,0.));
#15573=DIRECTION('',(0.,0.,1.));
#15574=DIRECTION('',(-0.642787609686539,-0.766044443118978,0.));
#15575=DIRECTION('',(0.,0.,1.));
#15576=DIRECTION('',(0.642787609686539,0.766044443118978,0.));
#15577=DIRECTION('',(0.,0.,1.));
#15578=DIRECTION('',(0.766044443118978,-0.642787609686539,0.));
#15579=DIRECTION('',(0.642787609686539,0.766044443118978,0.));
#15580=DIRECTION('',(-0.642787609686539,-0.766044443118978,0.));
#15581=DIRECTION('',(0.766044443118978,-0.642787609686539,0.));
#15582=DIRECTION('',(0.642787609686539,0.766044443118978,0.));
#15583=DIRECTION('',(-0.394660016502716,-0.470337492520402,-0.789320033005432));
#15584=DIRECTION('',(0.766044443118978,-0.642787609686539,0.));
#15585=DIRECTION('',(0.642787609686539,0.766044443118978,0.));
#15586=DIRECTION('',(-0.642787609686539,-0.766044443118978,0.));
#15587=DIRECTION('',(0.766044443118978,-0.642787609686539,0.));
#15588=DIRECTION('',(0.642787609686539,0.766044443118978,0.));
#15589=DIRECTION('',(-0.566618068910783,-0.67526911925322,0.47218172409232));
#15590=DIRECTION('',(0.766044443118978,-0.642787609686539,0.));
#15591=DIRECTION('',(0.642787609686539,0.766044443118978,0.));
#15592=DIRECTION('',(0.,0.,1.));
#15593=DIRECTION('',(0.766044443118978,-0.642787609686539,0.));
#15594=DIRECTION('',(0.642787609686539,0.766044443118978,0.));
#15595=DIRECTION('',(0.566618068910783,0.67526911925322,0.47218172409232));
#15596=DIRECTION('',(0.766044443118978,-0.642787609686539,0.));
#15597=DIRECTION('',(0.642787609686539,0.766044443118978,0.));
#15598=DIRECTION('',(0.766044443118978,-0.642787609686539,0.));
#15599=DIRECTION('',(0.642787609686539,0.766044443118978,0.));
#15600=DIRECTION('',(0.394660016502716,0.470337492520402,-0.789320033005432));
#15601=DIRECTION('',(0.766044443118978,-0.642787609686539,0.));
#15602=DIRECTION('',(0.642787609686539,0.766044443118978,0.));
#15603=DIRECTION('',(0.642787609686539,0.766044443118978,0.));
#15604=DIRECTION('',(0.766044443118978,-0.642787609686539,0.));
#15605=DIRECTION('',(0.642787609686539,0.766044443118978,0.));
#15606=DIRECTION('',(0.,0.,1.));
#15607=DIRECTION('',(0.,0.,-1.));
#15608=DIRECTION('',(0.,0.,1.));
#15609=DIRECTION('',(0.642787609686539,0.766044443118978,0.));
#15610=DIRECTION('',(0.,0.,1.));
#15611=DIRECTION('',(0.766044443118978,-0.642787609686539,0.));
#15612=DIRECTION('',(0.642787609686539,0.766044443118978,0.));
#15613=DIRECTION('',(-0.642787609686539,-0.766044443118978,0.));
#15614=DIRECTION('',(0.766044443118978,-0.642787609686539,0.));
#15615=DIRECTION('',(0.642787609686539,0.766044443118978,0.));
#15616=DIRECTION('',(-0.394660016502716,-0.470337492520402,-0.789320033005432));
#15617=DIRECTION('',(0.766044443118978,-0.642787609686539,0.));
#15618=DIRECTION('',(0.642787609686539,0.766044443118978,0.));
#15619=DIRECTION('',(-0.642787609686539,-0.766044443118978,0.));
#15620=DIRECTION('',(0.766044443118978,-0.642787609686539,0.));
#15621=DIRECTION('',(0.642787609686539,0.766044443118978,0.));
#15622=DIRECTION('',(-0.566618068910783,-0.67526911925322,0.47218172409232));
#15623=DIRECTION('',(0.766044443118978,-0.642787609686539,0.));
#15624=DIRECTION('',(0.642787609686539,0.766044443118978,0.));
#15625=DIRECTION('',(0.,0.,1.));
#15626=DIRECTION('',(0.766044443118978,-0.642787609686539,0.));
#15627=DIRECTION('',(0.642787609686539,0.766044443118978,0.));
#15628=DIRECTION('',(0.566618068910783,0.67526911925322,0.47218172409232));
#15629=DIRECTION('',(0.766044443118978,-0.642787609686539,0.));
#15630=DIRECTION('',(0.642787609686539,0.766044443118978,0.));
#15631=DIRECTION('',(0.642787609686539,0.766044443118978,0.));
#15632=DIRECTION('',(0.766044443118978,-0.642787609686539,0.));
#15633=DIRECTION('',(0.642787609686539,0.766044443118978,0.));
#15634=DIRECTION('',(0.394660016502716,0.470337492520402,-0.789320033005432));
#15635=DIRECTION('',(0.766044443118978,-0.642787609686539,0.));
#15636=DIRECTION('',(0.642787609686539,0.766044443118978,0.));
#15637=DIRECTION('',(0.642787609686539,0.766044443118978,0.));
#15638=DIRECTION('',(0.766044443118978,-0.642787609686539,0.));
#15639=DIRECTION('',(0.642787609686539,0.766044443118978,0.));
#15640=DIRECTION('',(0.,0.,1.));
#15641=DIRECTION('',(-0.642787609686539,-0.766044443118978,0.));
#15642=DIRECTION('',(0.,0.,1.));
#15643=DIRECTION('',(0.,1.,0.));
#15644=DIRECTION('',(0.,0.,1.));
#15645=DIRECTION('',(1.,0.,0.));
#15646=DIRECTION('',(0.,1.,0.));
#15647=DIRECTION('',(1.,0.,0.));
#15648=DIRECTION('',(-0.768221279597375,0.,-0.64018439966448));
#15649=DIRECTION('',(0.,1.,0.));
#15650=DIRECTION('',(1.,0.,0.));
#15651=DIRECTION('',(0.,0.,-1.));
#15652=DIRECTION('',(0.,1.,0.));
#15653=DIRECTION('',(1.,0.,0.));
#15654=DIRECTION('',(0.768221279597375,0.,-0.64018439966448));
#15655=DIRECTION('',(0.,1.,0.));
#15656=DIRECTION('',(1.,0.,0.));
#15657=DIRECTION('',(-1.,0.,0.));
#15658=DIRECTION('',(0.,1.,0.));
#15659=DIRECTION('',(0.,0.,1.));
#15660=DIRECTION('',(0.,1.,0.));
#15661=DIRECTION('',(1.,0.,0.));
#15662=DIRECTION('',(1.,0.,0.));
#15663=DIRECTION('',(0.,0.,-1.));
#15664=DIRECTION('',(0.,1.,0.));
#15665=DIRECTION('',(1.,0.,0.));
#15666=DIRECTION('',(-1.,0.,0.));
#15667=DIRECTION('',(0.,1.,0.));
#15668=DIRECTION('',(1.,0.,0.));
#15669=DIRECTION('',(-0.447213595499958,0.,0.894427190999916));
#15670=DIRECTION('',(0.,1.,0.));
#15671=DIRECTION('',(0.,0.,1.));
#15672=DIRECTION('',(0.,0.,-1.));
#15673=DIRECTION('',(-1.,0.,0.));
#15674=DIRECTION('',(0.,1.,0.));
#15675=DIRECTION('',(1.,0.,0.));
#15676=DIRECTION('',(0.447213595499958,0.,0.894427190999916));
#15677=DIRECTION('',(0.,1.,0.));
#15678=DIRECTION('',(1.,0.,0.));
#15679=DIRECTION('',(1.,0.,0.));
#15680=DIRECTION('',(0.,1.,0.));
#15681=DIRECTION('',(1.,0.,0.));
#15682=DIRECTION('',(0.,1.,0.));
#15683=DIRECTION('',(0.,0.,1.));
#15684=DIRECTION('',(0.,1.,0.));
#15685=DIRECTION('',(1.,0.,0.));
#15686=DIRECTION('',(-1.,0.,0.));
#15687=DIRECTION('',(0.,1.,0.));
#15688=DIRECTION('',(1.,0.,0.));
#15689=DIRECTION('',(-0.768221279597375,0.,-0.64018439966448));
#15690=DIRECTION('',(0.,1.,0.));
#15691=DIRECTION('',(1.,0.,0.));
#15692=DIRECTION('',(0.,0.,-1.));
#15693=DIRECTION('',(0.,1.,0.));
#15694=DIRECTION('',(1.,0.,0.));
#15695=DIRECTION('',(0.768221279597375,0.,-0.64018439966448));
#15696=DIRECTION('',(1.,0.,0.));
#15697=DIRECTION('',(0.,0.,-1.));
#15698=DIRECTION('',(0.,1.,0.));
#15699=DIRECTION('',(0.,1.,0.));
#15700=DIRECTION('',(1.,0.,0.));
#15701=DIRECTION('',(0.,0.,-1.));
#15702=DIRECTION('',(0.,-1.,0.));
#15703=DIRECTION('',(0.,1.,0.));
#15704=DIRECTION('',(0.,1.,0.));
#15705=DIRECTION('',(0.,0.,1.));
#15706=DIRECTION('',(0.,0.,-1.));
#15707=DIRECTION('',(-1.,0.,0.));
#15708=DIRECTION('',(0.,1.,0.));
#15709=DIRECTION('',(1.,0.,0.));
#15710=DIRECTION('',(0.447213595499958,0.,0.894427190999916));
#15711=DIRECTION('',(0.,1.,0.));
#15712=DIRECTION('',(1.,0.,0.));
#15713=DIRECTION('',(1.,0.,0.));
#15714=DIRECTION('',(0.,1.,0.));
#15715=DIRECTION('',(1.,0.,0.));
#15716=DIRECTION('',(0.,1.,0.));
#15717=DIRECTION('',(0.,0.,1.));
#15718=DIRECTION('',(0.,1.,0.));
#15719=DIRECTION('',(1.,0.,0.));
#15720=DIRECTION('',(-1.,0.,0.));
#15721=DIRECTION('',(1.,0.,0.));
#15722=DIRECTION('',(0.,1.,0.));
#15723=DIRECTION('',(1.,0.,0.));
#15724=DIRECTION('',(-0.768221279597375,0.,-0.64018439966448));
#15725=DIRECTION('',(0.,1.,0.));
#15726=DIRECTION('',(1.,0.,0.));
#15727=DIRECTION('',(0.,0.,-1.));
#15728=DIRECTION('',(0.,1.,0.));
#15729=DIRECTION('',(1.,0.,0.));
#15730=DIRECTION('',(0.768221279597375,0.,-0.64018439966448));
#15731=DIRECTION('',(0.,1.,0.));
#15732=DIRECTION('',(0.,0.,1.));
#15733=DIRECTION('',(0.,1.,0.));
#15734=DIRECTION('',(1.,0.,0.));
#15735=DIRECTION('',(1.,0.,0.));
#15736=DIRECTION('',(0.,0.,-1.));
#15737=DIRECTION('',(0.,1.,0.));
#15738=DIRECTION('',(1.,0.,0.));
#15739=DIRECTION('',(-1.,0.,0.));
#15740=DIRECTION('',(0.,1.,0.));
#15741=DIRECTION('',(1.,0.,0.));
#15742=DIRECTION('',(-0.447213595499958,0.,0.894427190999916));
#15743=DIRECTION('',(1.,0.,0.));
#15744=DIRECTION('',(0.,0.,-1.));
#15745=DIRECTION('',(0.,-1.,0.));
#15746=DIRECTION('',(0.,1.,0.));
#15747=DIRECTION('',(1.,0.,0.));
#15748=DIRECTION('',(0.,0.,-1.));
#15749=DIRECTION('',(0.,1.,0.));
#15750=DIRECTION('',(0.,1.,0.));
#15751=DIRECTION('',(0.,1.,0.));
#15752=DIRECTION('',(0.,0.,1.));
#15753=DIRECTION('',(0.,0.,-1.));
#15754=DIRECTION('',(-1.,0.,0.));
#15755=DIRECTION('',(0.,1.,0.));
#15756=DIRECTION('',(1.,0.,0.));
#15757=DIRECTION('',(0.447213595499958,0.,0.894427190999916));
#15758=DIRECTION('',(0.,1.,0.));
#15759=DIRECTION('',(1.,0.,0.));
#15760=DIRECTION('',(1.,0.,0.));
#15761=DIRECTION('',(0.,1.,0.));
#15762=DIRECTION('',(1.,0.,0.));
#15763=DIRECTION('',(0.,1.,0.));
#15764=DIRECTION('',(0.,0.,1.));
#15765=DIRECTION('',(0.,1.,0.));
#15766=DIRECTION('',(1.,0.,0.));
#15767=DIRECTION('',(-1.,0.,0.));
#15768=DIRECTION('',(1.,0.,0.));
#15769=DIRECTION('',(0.,1.,0.));
#15770=DIRECTION('',(1.,0.,0.));
#15771=DIRECTION('',(-0.768221279597375,0.,-0.64018439966448));
#15772=DIRECTION('',(0.,1.,0.));
#15773=DIRECTION('',(1.,0.,0.));
#15774=DIRECTION('',(0.,0.,-1.));
#15775=DIRECTION('',(0.,1.,0.));
#15776=DIRECTION('',(1.,0.,0.));
#15777=DIRECTION('',(0.768221279597375,0.,-0.64018439966448));
#15778=DIRECTION('',(0.,1.,0.));
#15779=DIRECTION('',(0.,0.,1.));
#15780=DIRECTION('',(0.,1.,0.));
#15781=DIRECTION('',(1.,0.,0.));
#15782=DIRECTION('',(1.,0.,0.));
#15783=DIRECTION('',(0.,0.,-1.));
#15784=DIRECTION('',(0.,1.,0.));
#15785=DIRECTION('',(1.,0.,0.));
#15786=DIRECTION('',(-1.,0.,0.));
#15787=DIRECTION('',(0.,1.,0.));
#15788=DIRECTION('',(1.,0.,0.));
#15789=DIRECTION('',(-0.447213595499958,0.,0.894427190999916));
#15790=DIRECTION('',(1.,0.,0.));
#15791=DIRECTION('',(0.,0.,-1.));
#15792=DIRECTION('',(0.,-1.,0.));
#15793=DIRECTION('',(0.,1.,0.));
#15794=DIRECTION('',(1.,0.,0.));
#15795=DIRECTION('',(0.,0.,-1.));
#15796=DIRECTION('',(0.,1.,0.));
#15797=DIRECTION('',(0.,1.,0.));
#15798=DIRECTION('',(0.,1.,0.));
#15799=DIRECTION('',(0.,0.,1.));
#15800=DIRECTION('',(0.,0.,-1.));
#15801=DIRECTION('',(-1.,0.,0.));
#15802=DIRECTION('',(0.,1.,0.));
#15803=DIRECTION('',(1.,0.,0.));
#15804=DIRECTION('',(0.447213595499958,0.,0.894427190999916));
#15805=DIRECTION('',(0.,1.,0.));
#15806=DIRECTION('',(1.,0.,0.));
#15807=DIRECTION('',(1.,0.,0.));
#15808=DIRECTION('',(0.,1.,0.));
#15809=DIRECTION('',(1.,0.,0.));
#15810=DIRECTION('',(1.,0.,0.));
#15811=DIRECTION('',(0.,0.,-1.));
#15812=DIRECTION('',(0.,1.,0.));
#15813=DIRECTION('',(0.,1.,0.));
#15814=DIRECTION('',(0.,0.,-1.));
#15815=DIRECTION('',(-1.,0.,0.));
#15816=DIRECTION('',(0.,0.,-1.));
#15817=DIRECTION('',(0.,1.,0.));
#15818=DIRECTION('',(0.,0.,1.));
#15819=DIRECTION('',(0.,0.,-1.));
#15820=DIRECTION('',(1.,0.,0.));
#15821=DIRECTION('',(0.,0.,-1.));
#15822=DIRECTION('',(1.,0.,0.));
#15823=DIRECTION('',(0.,0.,-1.));
#15824=DIRECTION('',(1.,0.,0.));
#15825=DIRECTION('',(0.,0.,-1.));
#15826=DIRECTION('',(1.,0.,0.));
#15827=DIRECTION('',(0.,0.,-1.));
#15828=DIRECTION('',(1.,0.,0.));
#15829=DIRECTION('',(0.,0.,-1.));
#15830=DIRECTION('',(1.,0.,0.));
#15831=DIRECTION('',(0.,0.,-1.));
#15832=DIRECTION('',(1.,0.,0.));
#15833=DIRECTION('',(0.,0.,-1.));
#15834=DIRECTION('',(1.,0.,0.));
#15835=DIRECTION('',(0.,0.,-1.));
#15836=DIRECTION('',(1.,0.,0.));
#15837=DIRECTION('',(0.,0.,-1.));
#15838=DIRECTION('',(1.,0.,0.));
#15839=DIRECTION('',(0.,0.,-1.));
#15840=DIRECTION('',(1.,0.,0.));
#15841=DIRECTION('',(0.,0.,-1.));
#15842=DIRECTION('',(1.,0.,0.));
#15843=DIRECTION('',(0.,0.,-1.));
#15844=DIRECTION('',(1.,0.,0.));
#15845=DIRECTION('',(0.,0.,-1.));
#15846=DIRECTION('',(0.,0.,-1.));
#15847=DIRECTION('',(1.,0.,0.));
#15848=DIRECTION('',(0.,0.,-1.));
#15849=DIRECTION('',(0.,0.,-1.));
#15850=DIRECTION('',(0.,0.,-1.));
#15851=DIRECTION('',(-1.,0.,0.));
#15852=DIRECTION('',(0.,0.,-1.));
#15853=DIRECTION('',(-1.,0.,0.));
#15854=DIRECTION('',(0.,0.,1.));
#15855=DIRECTION('',(0.,0.,-1.));
#15856=DIRECTION('',(0.,1.,0.));
#15857=DIRECTION('',(0.,0.,-1.));
#15858=DIRECTION('',(0.,1.,0.));
#15859=DIRECTION('',(0.,0.,-1.));
#15860=DIRECTION('',(0.,1.,0.));
#15861=DIRECTION('',(0.,0.,-1.));
#15862=DIRECTION('',(0.,1.,0.));
#15863=DIRECTION('',(0.,0.,-1.));
#15864=DIRECTION('',(0.,1.,0.));
#15865=DIRECTION('',(0.,0.,-1.));
#15866=DIRECTION('',(0.,1.,0.));
#15867=DIRECTION('',(0.,0.,-1.));
#15868=DIRECTION('',(0.,1.,0.));
#15869=DIRECTION('',(0.,0.,-1.));
#15870=DIRECTION('',(0.,1.,0.));
#15871=DIRECTION('',(0.,0.,-1.));
#15872=DIRECTION('',(0.,1.,0.));
#15873=DIRECTION('',(0.,0.,-1.));
#15874=DIRECTION('',(0.,1.,0.));
#15875=DIRECTION('',(0.,0.,-1.));
#15876=DIRECTION('',(0.,1.,0.));
#15877=DIRECTION('',(0.,0.,-1.));
#15878=DIRECTION('',(0.,1.,0.));
#15879=DIRECTION('',(0.,0.,-1.));
#15880=DIRECTION('',(0.,1.,0.));
#15881=DIRECTION('',(0.,0.,-1.));
#15882=DIRECTION('',(0.,0.,-1.));
#15883=DIRECTION('',(0.,1.,0.));
#15884=DIRECTION('',(0.,0.,-1.));
#15885=DIRECTION('',(0.,0.,-1.));
#15886=DIRECTION('',(0.,0.,-1.));
#15887=DIRECTION('',(-1.,0.,0.));
#15888=DIRECTION('',(0.,0.,-1.));
#15889=DIRECTION('',(-1.,0.,0.));
#15890=DIRECTION('',(1.,0.,0.));
#15891=DIRECTION('',(0.,0.,-1.));
#15892=DIRECTION('',(0.,-1.,0.));
#15893=DIRECTION('',(0.,0.,-1.));
#15894=DIRECTION('',(0.,-1.,0.));
#15895=DIRECTION('',(0.,-1.,0.));
#15896=DIRECTION('',(0.,0.,-1.));
#15897=DIRECTION('',(-1.,0.,0.));
#15898=DIRECTION('',(0.,0.,-1.));
#15899=DIRECTION('',(-1.,0.,0.));
#15900=DIRECTION('',(0.,0.,-1.));
#15901=DIRECTION('',(-1.,0.,0.));
#15902=DIRECTION('',(0.,0.,1.));
#15903=DIRECTION('',(1.,0.,0.));
#15904=DIRECTION('',(0.,0.,-1.));
#15905=DIRECTION('',(0.,0.,1.));
#15906=DIRECTION('',(1.,0.,0.));
#15907=DIRECTION('',(0.,0.,-1.));
#15908=DIRECTION('',(-1.,0.,0.));
#15909=DIRECTION('',(0.,0.,1.));
#15910=DIRECTION('',(1.,0.,0.));
#15911=DIRECTION('',(0.,0.,1.));
#15912=DIRECTION('',(1.,0.,0.));
#15913=DIRECTION('',(0.,0.,1.));
#15914=DIRECTION('',(1.,0.,0.));
#15915=DIRECTION('',(0.,0.,1.));
#15916=DIRECTION('',(1.,0.,0.));
#15917=DIRECTION('',(0.,0.,1.));
#15918=DIRECTION('',(1.,0.,0.));
#15919=DIRECTION('',(0.,0.,1.));
#15920=DIRECTION('',(1.,0.,0.));
#15921=DIRECTION('',(-1.,0.,0.));
#15922=DIRECTION('',(0.,0.,1.));
#15923=DIRECTION('',(1.,0.,0.));
#15924=DIRECTION('',(0.,0.,1.));
#15925=DIRECTION('',(1.,0.,0.));
#15926=DIRECTION('',(-1.,0.,0.));
#15927=DIRECTION('',(0.,0.,1.));
#15928=DIRECTION('',(1.,0.,0.));
#15929=DIRECTION('',(0.,0.,1.));
#15930=DIRECTION('',(1.,0.,0.));
#15931=DIRECTION('',(-1.,0.,0.));
#15932=DIRECTION('',(0.,0.,1.));
#15933=DIRECTION('',(1.,0.,0.));
#15934=DIRECTION('',(0.,0.,1.));
#15935=DIRECTION('',(1.,0.,0.));
#15936=DIRECTION('',(1.85287530258025E-15,1.,0.));
#15937=DIRECTION('',(-1.,1.85287530258025E-15,0.));
#15938=DIRECTION('',(-1.85287530258025E-15,-1.,0.));
#15939=DIRECTION('',(0.,0.,-1.));
#15940=DIRECTION('',(1.85287530258025E-15,1.,0.));
#15941=DIRECTION('',(0.,0.,-1.));
#15942=DIRECTION('',(-1.,0.,0.));
#15943=DIRECTION('',(0.,0.,1.));
#15944=DIRECTION('',(1.,0.,0.));
#15945=DIRECTION('',(0.,0.,-1.));
#15946=DIRECTION('',(0.,0.,-1.));
#15947=DIRECTION('',(-1.,0.,0.));
#15948=DIRECTION('',(0.,0.,1.));
#15949=DIRECTION('',(1.,0.,0.));
#15950=DIRECTION('',(0.,0.,-1.));
#15951=DIRECTION('',(0.,-1.,0.));
#15952=DIRECTION('',(0.,0.,-1.));
#15953=DIRECTION('',(0.,-2.16840434497101E-16,1.));
#15954=DIRECTION('',(-1.,0.,0.));
#15955=DIRECTION('',(0.,-2.16840434497101E-16,1.));
#15956=DIRECTION('',(-1.,0.,0.));
#15957=DIRECTION('',(-1.,0.,0.));
#15958=DIRECTION('',(0.,0.,-1.));
#15959=DIRECTION('',(0.,0.,-1.));
#15960=DIRECTION('',(-1.,0.,0.));
#15961=DIRECTION('',(0.,0.,1.));
#15962=DIRECTION('',(1.,0.,0.));
#15963=DIRECTION('',(0.,0.,-1.));
#15964=DIRECTION('',(0.,0.,-1.));
#15965=DIRECTION('',(-1.,0.,0.));
#15966=DIRECTION('',(0.,0.,1.));
#15967=DIRECTION('',(1.,0.,0.));
#15968=DIRECTION('',(0.,0.,-1.));
#15969=DIRECTION('',(0.,-1.,0.));
#15970=DIRECTION('',(0.,0.,-1.));
#15971=DIRECTION('',(0.,0.,-1.));
#15972=DIRECTION('',(1.,0.,0.));
#15973=DIRECTION('',(0.,0.,1.));
#15974=DIRECTION('',(1.,0.,0.));
#15975=DIRECTION('',(0.,0.,1.));
#15976=DIRECTION('',(1.,0.,0.));
#15977=DIRECTION('',(0.,0.,-1.));
#15978=DIRECTION('',(-1.,0.,0.));
#15979=DIRECTION('',(0.,0.,1.));
#15980=DIRECTION('',(1.,0.,0.));
#15981=DIRECTION('',(0.,0.,-1.));
#15982=DIRECTION('',(0.,0.,-1.));
#15983=DIRECTION('',(-1.,0.,0.));
#15984=DIRECTION('',(0.,0.,1.));
#15985=DIRECTION('',(1.,0.,0.));
#15986=DIRECTION('',(0.,0.,-1.));
#15987=DIRECTION('',(0.,-1.,0.));
#15988=DIRECTION('',(0.,0.,-1.));
#15989=DIRECTION('',(0.,-2.16840434497101E-16,1.));
#15990=DIRECTION('',(-1.,0.,0.));
#15991=DIRECTION('',(0.,-2.16840434497101E-16,1.));
#15992=DIRECTION('',(-1.,0.,0.));
#15993=DIRECTION('',(-1.,0.,0.));
#15994=DIRECTION('',(0.,0.,-1.));
#15995=DIRECTION('',(0.,0.,-1.));
#15996=DIRECTION('',(-1.,0.,0.));
#15997=DIRECTION('',(0.,0.,1.));
#15998=DIRECTION('',(1.,0.,0.));
#15999=DIRECTION('',(0.,0.,-1.));
#16000=DIRECTION('',(0.,0.,-1.));
#16001=DIRECTION('',(-1.,0.,0.));
#16002=DIRECTION('',(0.,0.,1.));
#16003=DIRECTION('',(1.,0.,0.));
#16004=DIRECTION('',(0.,0.,-1.));
#16005=DIRECTION('',(-1.,0.,0.));
#16006=DIRECTION('',(0.,0.,1.));
#16007=DIRECTION('',(1.,0.,0.));
#16008=DIRECTION('',(0.,0.,-1.));
#16009=DIRECTION('',(0.,0.,1.));
#16010=DIRECTION('',(1.,0.,0.));
#16011=DIRECTION('',(0.,0.,-1.));
#16012=DIRECTION('',(0.,0.,-1.));
#16013=DIRECTION('',(-1.,0.,0.));
#16014=DIRECTION('',(0.,0.,1.));
#16015=DIRECTION('',(1.,0.,0.));
#16016=DIRECTION('',(0.,0.,1.));
#16017=DIRECTION('',(1.,0.,0.));
#16018=DIRECTION('',(0.,0.,-1.));
#16019=DIRECTION('',(0.,-1.,0.));
#16020=DIRECTION('',(0.,0.,-1.));
#16021=DIRECTION('',(0.,-2.16840434497101E-16,1.));
#16022=DIRECTION('',(-1.,0.,0.));
#16023=DIRECTION('',(0.,-2.16840434497101E-16,1.));
#16024=DIRECTION('',(-1.,0.,0.));
#16025=DIRECTION('',(-1.,0.,0.));
#16026=DIRECTION('',(-1.,0.,0.));
#16027=DIRECTION('',(0.,0.,-1.));
#16028=DIRECTION('',(0.,0.,-1.));
#16029=DIRECTION('',(-1.,0.,0.));
#16030=DIRECTION('',(0.,0.,1.));
#16031=DIRECTION('',(1.,0.,0.));
#16032=DIRECTION('',(0.,0.,1.));
#16033=DIRECTION('',(1.,0.,0.));
#16034=DIRECTION('',(0.,0.,-1.));
#16035=DIRECTION('',(0.,0.,-1.));
#16036=DIRECTION('',(-1.,0.,0.));
#16037=DIRECTION('',(0.,0.,1.));
#16038=DIRECTION('',(1.,0.,0.));
#16039=DIRECTION('',(0.,0.,1.));
#16040=DIRECTION('',(1.,0.,0.));
#16041=DIRECTION('',(0.,0.,-1.));
#16042=DIRECTION('',(0.,-1.,0.));
#16043=DIRECTION('',(0.,0.,-1.));
#16044=DIRECTION('',(-1.,0.,0.));
#16045=DIRECTION('',(-1.,0.,0.));
#16046=DIRECTION('',(0.,0.,-1.));
#16047=DIRECTION('',(0.,0.,-1.));
#16048=DIRECTION('',(-1.,0.,0.));
#16049=DIRECTION('',(0.,0.,1.));
#16050=DIRECTION('',(1.,0.,0.));
#16051=DIRECTION('',(0.,0.,1.));
#16052=DIRECTION('',(1.,0.,0.));
#16053=DIRECTION('',(0.,0.,-1.));
#16054=DIRECTION('',(0.,0.,-1.));
#16055=DIRECTION('',(-1.,0.,0.));
#16056=DIRECTION('',(0.,0.,1.));
#16057=DIRECTION('',(1.,0.,0.));
#16058=DIRECTION('',(0.,0.,1.));
#16059=DIRECTION('',(1.,0.,0.));
#16060=DIRECTION('',(0.,0.,-1.));
#16061=DIRECTION('',(0.,-1.,0.));
#16062=DIRECTION('',(0.,0.,-1.));
#16063=DIRECTION('',(0.,-2.16840434497101E-16,1.));
#16064=DIRECTION('',(-1.,0.,0.));
#16065=DIRECTION('',(0.,-2.16840434497101E-16,1.));
#16066=DIRECTION('',(-1.,0.,0.));
#16067=DIRECTION('',(-1.,0.,0.));
#16068=DIRECTION('',(-1.,0.,0.));
#16069=DIRECTION('',(0.,0.,-1.));
#16070=DIRECTION('',(0.,0.,-1.));
#16071=DIRECTION('',(-1.,0.,0.));
#16072=DIRECTION('',(0.,0.,1.));
#16073=DIRECTION('',(1.,0.,0.));
#16074=DIRECTION('',(0.,0.,1.));
#16075=DIRECTION('',(1.,0.,0.));
#16076=DIRECTION('',(0.,0.,-1.));
#16077=DIRECTION('',(0.,0.,1.));
#16078=DIRECTION('',(1.,0.,0.));
#16079=DIRECTION('',(0.,0.,1.));
#16080=DIRECTION('',(1.,0.,0.));
#16081=DIRECTION('',(1.85287530258025E-15,1.,0.));
#16082=DIRECTION('',(0.,0.,1.));
#16083=DIRECTION('',(1.,0.,0.));
#16084=DIRECTION('',(1.85287530258025E-15,1.,0.));
#16085=DIRECTION('',(0.,0.,1.));
#16086=DIRECTION('',(1.,0.,0.));
#16087=DIRECTION('',(0.,0.,-1.));
#16088=DIRECTION('',(-1.,0.,0.));
#16089=DIRECTION('',(-1.,1.85287530258025E-15,0.));
#16090=DIRECTION('',(-1.85287530258025E-15,-1.,0.));
#16091=DIRECTION('',(0.,0.,1.));
#16092=DIRECTION('',(1.,0.,0.));
#16093=DIRECTION('',(0.,-1.,0.));
#16094=DIRECTION('',(-1.,0.,0.));
#16095=DIRECTION('',(0.,0.,1.));
#16096=DIRECTION('',(1.,0.,0.));
#16097=DIRECTION('',(0.,0.,1.));
#16098=DIRECTION('',(1.,0.,0.));
#16099=DIRECTION('',(0.,0.,1.));
#16100=DIRECTION('',(1.,0.,0.));
#16101=DIRECTION('',(0.,0.,1.));
#16102=DIRECTION('',(1.,0.,0.));
#16103=DIRECTION('',(0.,0.,1.));
#16104=DIRECTION('',(1.,0.,0.));
#16105=DIRECTION('',(-1.,0.,0.));
#16106=DIRECTION('',(0.,-1.,0.));
#16107=DIRECTION('',(0.,0.,-1.));
#16108=DIRECTION('',(-1.,0.,0.));
#16109=DIRECTION('',(0.,0.,-1.));
#16110=DIRECTION('',(0.,0.,-1.));
#16111=DIRECTION('',(-1.,0.,0.));
#16112=DIRECTION('',(0.,0.,-1.));
#16113=DIRECTION('',(0.,-1.,0.));
#16114=DIRECTION('',(0.,0.,-1.));
#16115=DIRECTION('',(0.,0.,-1.));
#16116=DIRECTION('',(1.,0.,0.));
#16117=DIRECTION('',(0.,0.,-1.));
#16118=DIRECTION('',(0.,0.,-1.));
#16119=DIRECTION('',(-1.,0.,0.));
#16120=DIRECTION('',(0.,0.,1.));
#16121=DIRECTION('',(1.,0.,0.));
#16122=DIRECTION('',(0.,0.,-1.));
#16123=DIRECTION('',(0.,0.,1.));
#16124=DIRECTION('',(1.,0.,0.));
#16125=DIRECTION('',(0.,0.,-1.));
#16126=DIRECTION('',(0.,0.,-1.));
#16127=DIRECTION('',(-1.,0.,0.));
#16128=DIRECTION('',(0.,0.,1.));
#16129=DIRECTION('',(1.,0.,0.));
#16130=DIRECTION('',(0.,0.,1.));
#16131=DIRECTION('',(1.,0.,0.));
#16132=DIRECTION('',(0.,0.,-1.));
#16133=DIRECTION('',(0.,-1.,0.));
#16134=DIRECTION('',(0.,0.,-1.));
#16135=DIRECTION('',(0.,-2.16840434497101E-16,1.));
#16136=DIRECTION('',(-1.,0.,0.));
#16137=DIRECTION('',(0.,-2.16840434497101E-16,1.));
#16138=DIRECTION('',(-1.,0.,0.));
#16139=DIRECTION('',(-1.,0.,0.));
#16140=DIRECTION('',(-1.,0.,0.));
#16141=DIRECTION('',(0.,0.,-1.));
#16142=DIRECTION('',(0.,0.,-1.));
#16143=DIRECTION('',(-1.,0.,0.));
#16144=DIRECTION('',(0.,0.,1.));
#16145=DIRECTION('',(1.,0.,0.));
#16146=DIRECTION('',(0.,0.,1.));
#16147=DIRECTION('',(1.,0.,0.));
#16148=DIRECTION('',(0.,0.,-1.));
#16149=DIRECTION('',(0.,0.,-1.));
#16150=DIRECTION('',(-1.,0.,0.));
#16151=DIRECTION('',(0.,0.,1.));
#16152=DIRECTION('',(1.,0.,0.));
#16153=DIRECTION('',(0.,0.,1.));
#16154=DIRECTION('',(1.,0.,0.));
#16155=DIRECTION('',(0.,0.,-1.));
#16156=DIRECTION('',(0.,-1.,0.));
#16157=DIRECTION('',(0.,0.,-1.));
#16158=DIRECTION('',(-1.,0.,0.));
#16159=DIRECTION('',(-1.,0.,0.));
#16160=DIRECTION('',(0.,0.,-1.));
#16161=DIRECTION('',(0.,0.,-1.));
#16162=DIRECTION('',(-1.,0.,0.));
#16163=DIRECTION('',(0.,0.,1.));
#16164=DIRECTION('',(1.,0.,0.));
#16165=DIRECTION('',(0.,0.,1.));
#16166=DIRECTION('',(1.,0.,0.));
#16167=DIRECTION('',(0.,0.,-1.));
#16168=DIRECTION('',(0.,0.,-1.));
#16169=DIRECTION('',(-1.,0.,0.));
#16170=DIRECTION('',(0.,0.,1.));
#16171=DIRECTION('',(1.,0.,0.));
#16172=DIRECTION('',(0.,0.,1.));
#16173=DIRECTION('',(1.,0.,0.));
#16174=DIRECTION('',(0.,0.,-1.));
#16175=DIRECTION('',(0.,-1.,0.));
#16176=DIRECTION('',(0.,0.,-1.));
#16177=DIRECTION('',(0.,-2.16840434497101E-16,1.));
#16178=DIRECTION('',(-1.,0.,0.));
#16179=DIRECTION('',(0.,-2.16840434497101E-16,1.));
#16180=DIRECTION('',(-1.,0.,0.));
#16181=DIRECTION('',(-1.,0.,0.));
#16182=DIRECTION('',(-1.,0.,0.));
#16183=DIRECTION('',(0.,0.,-1.));
#16184=DIRECTION('',(0.,0.,-1.));
#16185=DIRECTION('',(-1.,0.,0.));
#16186=DIRECTION('',(0.,0.,1.));
#16187=DIRECTION('',(1.,0.,0.));
#16188=DIRECTION('',(0.,0.,1.));
#16189=DIRECTION('',(1.,0.,0.));
#16190=DIRECTION('',(0.,0.,-1.));
#16191=DIRECTION('',(0.,0.,1.));
#16192=DIRECTION('',(1.,0.,0.));
#16193=DIRECTION('',(0.,0.,1.));
#16194=DIRECTION('',(1.,0.,0.));
#16195=DIRECTION('',(1.85287530258025E-15,1.,0.));
#16196=DIRECTION('',(0.,0.,1.));
#16197=DIRECTION('',(1.,0.,0.));
#16198=DIRECTION('',(1.85287530258025E-15,1.,0.));
#16199=DIRECTION('',(0.,0.,1.));
#16200=DIRECTION('',(1.,0.,0.));
#16201=DIRECTION('',(0.,0.,-1.));
#16202=DIRECTION('',(-1.,0.,0.));
#16203=DIRECTION('',(-1.,1.85287530258025E-15,0.));
#16204=DIRECTION('',(-1.85287530258025E-15,-1.,0.));
#16205=DIRECTION('',(0.,0.,1.));
#16206=DIRECTION('',(1.,0.,0.));
#16207=DIRECTION('',(0.,-1.,0.));
#16208=DIRECTION('',(-1.,0.,0.));
#16209=DIRECTION('',(0.,0.,1.));
#16210=DIRECTION('',(1.,0.,0.));
#16211=DIRECTION('',(0.,0.,1.));
#16212=DIRECTION('',(1.,0.,0.));
#16213=DIRECTION('',(0.,0.,1.));
#16214=DIRECTION('',(1.,0.,0.));
#16215=DIRECTION('',(0.,0.,1.));
#16216=DIRECTION('',(1.,0.,0.));
#16217=DIRECTION('',(0.,0.,1.));
#16218=DIRECTION('',(1.,0.,0.));
#16219=DIRECTION('',(-1.,0.,0.));
#16220=DIRECTION('',(0.,-1.,0.));
#16221=DIRECTION('',(0.,0.,-1.));
#16222=DIRECTION('',(-1.,0.,0.));
#16223=DIRECTION('',(0.,0.,-1.));
#16224=DIRECTION('',(0.,0.,-1.));
#16225=DIRECTION('',(-1.,0.,0.));
#16226=DIRECTION('',(0.,0.,-1.));
#16227=DIRECTION('',(0.,-1.,0.));
#16228=DIRECTION('',(0.,0.,-1.));
#16229=DIRECTION('',(0.,0.,-1.));
#16230=DIRECTION('',(1.,0.,0.));
#16231=DIRECTION('',(0.,0.,-1.));
#16232=DIRECTION('',(0.,0.,-1.));
#16233=DIRECTION('',(-1.,0.,0.));
#16234=DIRECTION('',(0.,0.,1.));
#16235=DIRECTION('',(1.,0.,0.));
#16236=DIRECTION('',(0.,0.,-1.));
#16237=DIRECTION('',(0.,0.,1.));
#16238=DIRECTION('',(1.,0.,0.));
#16239=DIRECTION('',(0.,0.,-1.));
#16240=DIRECTION('',(0.,0.,-1.));
#16241=DIRECTION('',(-1.,0.,0.));
#16242=DIRECTION('',(0.,0.,1.));
#16243=DIRECTION('',(1.,0.,0.));
#16244=DIRECTION('',(0.,0.,1.));
#16245=DIRECTION('',(1.,0.,0.));
#16246=DIRECTION('',(0.,0.,-1.));
#16247=DIRECTION('',(0.,-1.,0.));
#16248=DIRECTION('',(0.,0.,-1.));
#16249=DIRECTION('',(0.,-2.16840434497101E-16,1.));
#16250=DIRECTION('',(-1.,0.,0.));
#16251=DIRECTION('',(0.,-2.16840434497101E-16,1.));
#16252=DIRECTION('',(-1.,0.,0.));
#16253=DIRECTION('',(-1.,0.,0.));
#16254=DIRECTION('',(-1.,0.,0.));
#16255=DIRECTION('',(0.,0.,-1.));
#16256=DIRECTION('',(0.,0.,-1.));
#16257=DIRECTION('',(-1.,0.,0.));
#16258=DIRECTION('',(0.,0.,1.));
#16259=DIRECTION('',(1.,0.,0.));
#16260=DIRECTION('',(0.,0.,1.));
#16261=DIRECTION('',(1.,0.,0.));
#16262=DIRECTION('',(0.,0.,-1.));
#16263=DIRECTION('',(0.,0.,-1.));
#16264=DIRECTION('',(-1.,0.,0.));
#16265=DIRECTION('',(0.,0.,1.));
#16266=DIRECTION('',(1.,0.,0.));
#16267=DIRECTION('',(0.,0.,1.));
#16268=DIRECTION('',(1.,0.,0.));
#16269=DIRECTION('',(0.,0.,-1.));
#16270=DIRECTION('',(0.,-1.,0.));
#16271=DIRECTION('',(0.,0.,-1.));
#16272=DIRECTION('',(-1.,0.,0.));
#16273=DIRECTION('',(-1.,0.,0.));
#16274=DIRECTION('',(0.,0.,-1.));
#16275=DIRECTION('',(0.,0.,-1.));
#16276=DIRECTION('',(-1.,0.,0.));
#16277=DIRECTION('',(0.,0.,1.));
#16278=DIRECTION('',(1.,0.,0.));
#16279=DIRECTION('',(0.,0.,1.));
#16280=DIRECTION('',(1.,0.,0.));
#16281=DIRECTION('',(0.,0.,-1.));
#16282=DIRECTION('',(0.,0.,-1.));
#16283=DIRECTION('',(-1.,0.,0.));
#16284=DIRECTION('',(0.,0.,1.));
#16285=DIRECTION('',(1.,0.,0.));
#16286=DIRECTION('',(0.,0.,1.));
#16287=DIRECTION('',(1.,0.,0.));
#16288=DIRECTION('',(0.,0.,-1.));
#16289=DIRECTION('',(0.,-1.,0.));
#16290=DIRECTION('',(0.,0.,-1.));
#16291=DIRECTION('',(0.,-2.16840434497101E-16,1.));
#16292=DIRECTION('',(-1.,0.,0.));
#16293=DIRECTION('',(0.,-2.16840434497101E-16,1.));
#16294=DIRECTION('',(-1.,0.,0.));
#16295=DIRECTION('',(-1.,0.,0.));
#16296=DIRECTION('',(-1.,0.,0.));
#16297=DIRECTION('',(0.,0.,-1.));
#16298=DIRECTION('',(0.,0.,-1.));
#16299=DIRECTION('',(-1.,0.,0.));
#16300=DIRECTION('',(0.,0.,1.));
#16301=DIRECTION('',(1.,0.,0.));
#16302=DIRECTION('',(0.,0.,1.));
#16303=DIRECTION('',(1.,0.,0.));
#16304=DIRECTION('',(0.,0.,-1.));
#16305=DIRECTION('',(0.,0.,1.));
#16306=DIRECTION('',(1.,0.,0.));
#16307=DIRECTION('',(0.,0.,1.));
#16308=DIRECTION('',(1.,0.,0.));
#16309=DIRECTION('',(1.85287530258025E-15,1.,0.));
#16310=DIRECTION('',(0.,0.,1.));
#16311=DIRECTION('',(1.,0.,0.));
#16312=DIRECTION('',(1.85287530258025E-15,1.,0.));
#16313=DIRECTION('',(0.,0.,1.));
#16314=DIRECTION('',(1.,0.,0.));
#16315=DIRECTION('',(0.,0.,-1.));
#16316=DIRECTION('',(-1.,0.,0.));
#16317=DIRECTION('',(-1.,1.85287530258025E-15,0.));
#16318=DIRECTION('',(-1.85287530258025E-15,-1.,0.));
#16319=DIRECTION('',(0.,0.,1.));
#16320=DIRECTION('',(1.,0.,0.));
#16321=DIRECTION('',(0.,-1.,0.));
#16322=DIRECTION('',(-1.,0.,0.));
#16323=DIRECTION('',(0.,0.,1.));
#16324=DIRECTION('',(1.,0.,0.));
#16325=DIRECTION('',(0.,0.,1.));
#16326=DIRECTION('',(1.,0.,0.));
#16327=DIRECTION('',(0.,0.,1.));
#16328=DIRECTION('',(1.,0.,0.));
#16329=DIRECTION('',(0.,0.,1.));
#16330=DIRECTION('',(1.,0.,0.));
#16331=DIRECTION('',(0.,0.,1.));
#16332=DIRECTION('',(1.,0.,0.));
#16333=DIRECTION('',(-1.,0.,0.));
#16334=DIRECTION('',(0.,-1.,0.));
#16335=DIRECTION('',(0.,0.,-1.));
#16336=DIRECTION('',(-1.,0.,0.));
#16337=DIRECTION('',(0.,0.,-1.));
#16338=DIRECTION('',(0.,0.,-1.));
#16339=DIRECTION('',(-1.,0.,0.));
#16340=DIRECTION('',(0.,0.,-1.));
#16341=DIRECTION('',(0.,-1.,0.));
#16342=DIRECTION('',(0.,0.,-1.));
#16343=DIRECTION('',(0.,0.,-1.));
#16344=DIRECTION('',(1.,0.,0.));
#16345=DIRECTION('',(0.,0.,-1.));
#16346=DIRECTION('',(0.,0.,1.));
#16347=DIRECTION('',(1.,0.,0.));
#16348=DIRECTION('',(0.,0.,1.));
#16349=DIRECTION('',(1.,0.,0.));
#16350=DIRECTION('',(0.,0.,1.));
#16351=DIRECTION('',(1.,0.,0.));
#16352=DIRECTION('',(0.,-1.,0.));
#16353=DIRECTION('',(0.,0.,1.));
#16354=DIRECTION('',(1.,0.,0.));
#16355=DIRECTION('',(-1.,0.,0.));
#16356=DIRECTION('',(0.,-1.,0.));
#16357=DIRECTION('',(0.,0.,-1.));
#16358=DIRECTION('',(0.,0.,-1.));
#16359=DIRECTION('',(-1.,0.,0.));
#16360=DIRECTION('',(0.,0.,-1.));
#16361=DIRECTION('',(-1.,0.,0.));
#16362=DIRECTION('',(0.,0.,1.));
#16363=DIRECTION('',(1.,0.,0.));
#16364=DIRECTION('',(0.,0.,-1.));
#16365=DIRECTION('',(0.,0.,-1.));
#16366=DIRECTION('',(-1.,0.,0.));
#16367=DIRECTION('',(0.,0.,1.));
#16368=DIRECTION('',(1.,0.,0.));
#16369=DIRECTION('',(0.,0.,-1.));
#16370=DIRECTION('',(1.,0.,0.));
#16371=DIRECTION('',(0.,0.,-1.));
#16372=DIRECTION('',(0.,-1.,0.));
#16373=DIRECTION('',(0.,0.,-1.));
#16374=DIRECTION('',(0.,0.,-1.));
#16375=DIRECTION('',(-1.,0.,0.));
#16376=DIRECTION('',(0.,0.,1.));
#16377=DIRECTION('',(1.,0.,0.));
#16378=DIRECTION('',(0.,0.,1.));
#16379=DIRECTION('',(1.,0.,0.));
#16380=DIRECTION('',(0.,0.,1.));
#16381=DIRECTION('',(1.,0.,0.));
#16382=DIRECTION('',(0.,0.,1.));
#16383=DIRECTION('',(1.,0.,0.));
#16384=DIRECTION('',(0.,-1.,0.));
#16385=DIRECTION('',(0.,0.,1.));
#16386=DIRECTION('',(1.,0.,0.));
#16387=DIRECTION('',(0.,0.,1.));
#16388=DIRECTION('',(1.,0.,0.));
#16389=DIRECTION('',(0.,-1.,0.));
#16390=DIRECTION('',(0.,0.,1.));
#16391=DIRECTION('',(1.,0.,0.));
#16392=DIRECTION('',(0.,0.,1.));
#16393=DIRECTION('',(1.,0.,0.));
#16394=DIRECTION('',(0.,-1.,0.));
#16395=DIRECTION('',(0.,0.,1.));
#16396=DIRECTION('',(1.,0.,0.));
#16397=DIRECTION('',(0.,0.,1.));
#16398=DIRECTION('',(1.,0.,0.));
#16399=DIRECTION('',(0.,0.,-1.));
#16400=DIRECTION('',(-1.,0.,0.));
#16401=DIRECTION('',(0.,0.,1.));
#16402=DIRECTION('',(1.,0.,0.));
#16403=DIRECTION('',(0.,0.,-1.));
#16404=DIRECTION('',(0.,0.,-1.));
#16405=DIRECTION('',(-1.,0.,0.));
#16406=DIRECTION('',(0.,0.,1.));
#16407=DIRECTION('',(1.,0.,0.));
#16408=DIRECTION('',(0.,0.,-1.));
#16409=DIRECTION('',(1.,0.,0.));
#16410=DIRECTION('',(0.,0.,-1.));
#16411=DIRECTION('',(0.,-1.,0.));
#16412=DIRECTION('',(0.,0.,-1.));
#16413=DIRECTION('',(0.,0.,-1.));
#16414=DIRECTION('',(-1.,0.,0.));
#16415=DIRECTION('',(0.,0.,1.));
#16416=DIRECTION('',(1.,0.,0.));
#16417=DIRECTION('',(0.,0.,-1.));
#16418=DIRECTION('',(0.,0.,-1.));
#16419=DIRECTION('',(-1.,0.,0.));
#16420=DIRECTION('',(0.,0.,1.));
#16421=DIRECTION('',(1.,0.,0.));
#16422=DIRECTION('',(0.,0.,-1.));
#16423=DIRECTION('',(1.,0.,0.));
#16424=DIRECTION('',(0.,0.,-1.));
#16425=DIRECTION('',(0.,0.,-1.));
#16426=DIRECTION('',(0.,1.,0.));
#16427=DIRECTION('',(0.,0.,1.));
#16428=DIRECTION('',(0.,1.,0.));
#16429=DIRECTION('',(0.,0.,1.));
#16430=DIRECTION('',(0.,1.,0.));
#16431=DIRECTION('',(0.,1.,0.));
#16432=DIRECTION('',(0.,0.,-1.));
#16433=DIRECTION('',(-1.,0.,0.));
#16434=DIRECTION('',(0.,0.,1.));
#16435=DIRECTION('',(1.,0.,0.));
#16436=DIRECTION('',(0.,0.,-1.));
#16437=DIRECTION('',(0.,0.,-1.));
#16438=DIRECTION('',(-1.,0.,0.));
#16439=DIRECTION('',(0.,0.,1.));
#16440=DIRECTION('',(1.,0.,0.));
#16441=DIRECTION('',(0.,0.,-1.));
#16442=DIRECTION('',(1.,0.,0.));
#16443=DIRECTION('',(0.,0.,-1.));
#16444=DIRECTION('',(0.,-1.,0.));
#16445=DIRECTION('',(0.,0.,-1.));
#16446=DIRECTION('',(0.,0.,-1.));
#16447=DIRECTION('',(-1.,0.,0.));
#16448=DIRECTION('',(0.,0.,1.));
#16449=DIRECTION('',(1.,0.,0.));
#16450=DIRECTION('',(0.,0.,-1.));
#16451=DIRECTION('',(0.,0.,-1.));
#16452=DIRECTION('',(-1.,0.,0.));
#16453=DIRECTION('',(0.,0.,1.));
#16454=DIRECTION('',(1.,0.,0.));
#16455=DIRECTION('',(0.,0.,-1.));
#16456=DIRECTION('',(-1.,0.,0.));
#16457=DIRECTION('',(0.,0.,1.));
#16458=DIRECTION('',(1.,0.,0.));
#16459=DIRECTION('',(0.,0.,-1.));
#16460=DIRECTION('',(0.,0.,1.));
#16461=DIRECTION('',(1.,0.,0.));
#16462=DIRECTION('',(0.,0.,-1.));
#16463=DIRECTION('',(1.,0.,0.));
#16464=DIRECTION('',(0.,0.,-1.));
#16465=DIRECTION('',(0.,-1.,0.));
#16466=DIRECTION('',(0.,-1.,0.));
#16467=DIRECTION('',(0.,0.,-1.));
#16468=DIRECTION('',(0.,0.,-1.));
#16469=DIRECTION('',(-1.,0.,0.));
#16470=DIRECTION('',(0.,0.,1.));
#16471=DIRECTION('',(1.,0.,0.));
#16472=DIRECTION('',(0.,0.,1.));
#16473=DIRECTION('',(1.,0.,0.));
#16474=DIRECTION('',(0.,0.,-1.));
#16475=DIRECTION('',(0.,0.,1.));
#16476=DIRECTION('',(1.,0.,0.));
#16477=DIRECTION('',(0.,0.,1.));
#16478=DIRECTION('',(1.,0.,0.));
#16479=DIRECTION('',(-1.,0.,0.));
#16480=DIRECTION('',(0.,0.,1.));
#16481=DIRECTION('',(1.,0.,0.));
#16482=DIRECTION('',(-1.,0.,0.));
#16483=DIRECTION('',(0.,0.,1.));
#16484=DIRECTION('',(1.,0.,0.));
#16485=DIRECTION('',(0.,-1.,0.));
#16486=DIRECTION('',(0.,0.,-1.));
#16487=DIRECTION('',(0.,0.,-1.));
#16488=DIRECTION('',(-1.,0.,0.));
#16489=DIRECTION('',(0.,0.,1.));
#16490=DIRECTION('',(1.,0.,0.));
#16491=DIRECTION('',(0.,0.,1.));
#16492=DIRECTION('',(1.,0.,0.));
#16493=DIRECTION('',(0.,0.,1.));
#16494=DIRECTION('',(1.,0.,0.));
#16495=DIRECTION('',(0.,-1.,0.));
#16496=DIRECTION('',(0.,0.,1.));
#16497=DIRECTION('',(1.,0.,0.));
#16498=DIRECTION('',(0.,0.,1.));
#16499=DIRECTION('',(1.,0.,0.));
#16500=DIRECTION('',(0.,-1.,0.));
#16501=DIRECTION('',(0.,0.,1.));
#16502=DIRECTION('',(1.,0.,0.));
#16503=DIRECTION('',(0.,0.,1.));
#16504=DIRECTION('',(1.,0.,0.));
#16505=DIRECTION('',(0.,-1.,0.));
#16506=DIRECTION('',(0.,0.,1.));
#16507=DIRECTION('',(1.,0.,0.));
#16508=DIRECTION('',(0.,0.,1.));
#16509=DIRECTION('',(1.,0.,0.));
#16510=DIRECTION('',(0.,0.,1.));
#16511=DIRECTION('',(1.,0.,0.));
#16512=DIRECTION('',(0.,0.,1.));
#16513=DIRECTION('',(1.,0.,0.));
#16514=DIRECTION('',(0.,0.,1.));
#16515=DIRECTION('',(1.,0.,0.));
#16516=DIRECTION('',(0.,-1.,0.));
#16517=DIRECTION('',(0.,0.,1.));
#16518=DIRECTION('',(1.,0.,0.));
#16519=DIRECTION('',(0.,0.,1.));
#16520=DIRECTION('',(1.,0.,0.));
#16521=DIRECTION('',(0.,-1.,0.));
#16522=DIRECTION('',(0.,0.,1.));
#16523=DIRECTION('',(1.,0.,0.));
#16524=DIRECTION('',(0.,0.,1.));
#16525=DIRECTION('',(1.,0.,0.));
#16526=DIRECTION('',(0.,-1.,0.));
#16527=DIRECTION('',(0.,0.,1.));
#16528=DIRECTION('',(1.,0.,0.));
#16529=DIRECTION('',(0.,0.,1.));
#16530=DIRECTION('',(1.,0.,0.));
#16531=DIRECTION('',(0.,0.,-1.));
#16532=DIRECTION('',(-1.,0.,0.));
#16533=DIRECTION('',(0.,0.,-1.));
#16534=DIRECTION('',(0.,0.,-1.));
#16535=DIRECTION('',(-1.,0.,0.));
#16536=DIRECTION('',(0.,0.,-1.));
#16537=DIRECTION('',(1.,0.,0.));
#16538=DIRECTION('',(0.,0.,-1.));
#16539=DIRECTION('',(0.,0.,-1.));
#16540=DIRECTION('',(0.,0.,-1.));
#16541=DIRECTION('',(-1.,0.,0.));
#16542=DIRECTION('',(0.,0.,-1.));
#16543=DIRECTION('',(0.,0.,-1.));
#16544=DIRECTION('',(-1.,0.,0.));
#16545=DIRECTION('',(0.,0.,-1.));
#16546=DIRECTION('',(1.,0.,0.));
#16547=DIRECTION('',(0.,0.,-1.));
#16548=DIRECTION('',(0.,0.,-1.));
#16549=DIRECTION('',(0.,0.,-1.));
#16550=DIRECTION('',(-1.,0.,0.));
#16551=DIRECTION('',(0.,0.,-1.));
#16552=DIRECTION('',(0.,0.,-1.));
#16553=DIRECTION('',(-1.,0.,0.));
#16554=DIRECTION('',(0.,0.,-1.));
#16555=DIRECTION('',(1.,0.,0.));
#16556=DIRECTION('',(0.,0.,-1.));
#16557=DIRECTION('',(0.,0.,-1.));
#16558=DIRECTION('',(0.,0.,-1.));
#16559=DIRECTION('',(-1.,0.,0.));
#16560=DIRECTION('',(0.,0.,-1.));
#16561=DIRECTION('',(0.,0.,-1.));
#16562=DIRECTION('',(-1.,0.,0.));
#16563=DIRECTION('',(0.,0.,-1.));
#16564=DIRECTION('',(-1.,0.,0.));
#16565=DIRECTION('',(0.,0.,1.));
#16566=DIRECTION('',(1.,0.,0.));
#16567=DIRECTION('',(0.,0.,-1.));
#16568=DIRECTION('',(0.,0.,1.));
#16569=DIRECTION('',(1.,0.,0.));
#16570=DIRECTION('',(0.,0.,-1.));
#16571=DIRECTION('',(1.,0.,0.));
#16572=DIRECTION('',(0.,0.,-1.));
#16573=DIRECTION('',(0.,-1.,0.));
#16574=DIRECTION('',(0.,-1.,0.));
#16575=DIRECTION('',(0.,0.,-1.));
#16576=DIRECTION('',(0.,0.,-1.));
#16577=DIRECTION('',(-1.,0.,0.));
#16578=DIRECTION('',(0.,0.,1.));
#16579=DIRECTION('',(1.,0.,0.));
#16580=DIRECTION('',(0.,0.,1.));
#16581=DIRECTION('',(1.,0.,0.));
#16582=DIRECTION('',(0.,0.,-1.));
#16583=DIRECTION('',(0.,0.,1.));
#16584=DIRECTION('',(1.,0.,0.));
#16585=DIRECTION('',(0.,0.,1.));
#16586=DIRECTION('',(1.,0.,0.));
#16587=DIRECTION('',(-1.,0.,0.));
#16588=DIRECTION('',(0.,0.,1.));
#16589=DIRECTION('',(1.,0.,0.));
#16590=DIRECTION('',(-1.,0.,0.));
#16591=DIRECTION('',(0.,0.,1.));
#16592=DIRECTION('',(1.,0.,0.));
#16593=DIRECTION('',(0.,-1.,0.));
#16594=DIRECTION('',(0.,0.,-1.));
#16595=DIRECTION('',(0.,0.,-1.));
#16596=DIRECTION('',(-1.,0.,0.));
#16597=DIRECTION('',(0.,0.,1.));
#16598=DIRECTION('',(1.,0.,0.));
#16599=DIRECTION('',(0.,0.,1.));
#16600=DIRECTION('',(1.,0.,0.));
#16601=DIRECTION('',(0.,0.,1.));
#16602=DIRECTION('',(1.,0.,0.));
#16603=DIRECTION('',(0.,-1.,0.));
#16604=DIRECTION('',(0.,0.,1.));
#16605=DIRECTION('',(1.,0.,0.));
#16606=DIRECTION('',(0.,0.,1.));
#16607=DIRECTION('',(1.,0.,0.));
#16608=DIRECTION('',(0.,-1.,0.));
#16609=DIRECTION('',(0.,0.,1.));
#16610=DIRECTION('',(1.,0.,0.));
#16611=DIRECTION('',(0.,0.,1.));
#16612=DIRECTION('',(1.,0.,0.));
#16613=DIRECTION('',(0.,-1.,0.));
#16614=DIRECTION('',(0.,0.,1.));
#16615=DIRECTION('',(1.,0.,0.));
#16616=DIRECTION('',(0.,0.,1.));
#16617=DIRECTION('',(1.,0.,0.));
#16618=DIRECTION('',(0.,0.,1.));
#16619=DIRECTION('',(1.,0.,0.));
#16620=DIRECTION('',(0.,0.,1.));
#16621=DIRECTION('',(1.,0.,0.));
#16622=DIRECTION('',(0.,0.,1.));
#16623=DIRECTION('',(1.,0.,0.));
#16624=DIRECTION('',(0.,-1.,0.));
#16625=DIRECTION('',(0.,0.,1.));
#16626=DIRECTION('',(1.,0.,0.));
#16627=DIRECTION('',(0.,0.,1.));
#16628=DIRECTION('',(1.,0.,0.));
#16629=DIRECTION('',(0.,-1.,0.));
#16630=DIRECTION('',(0.,0.,1.));
#16631=DIRECTION('',(1.,0.,0.));
#16632=DIRECTION('',(0.,0.,1.));
#16633=DIRECTION('',(1.,0.,0.));
#16634=DIRECTION('',(0.,-1.,0.));
#16635=DIRECTION('',(0.,0.,1.));
#16636=DIRECTION('',(1.,0.,0.));
#16637=DIRECTION('',(0.,0.,1.));
#16638=DIRECTION('',(1.,0.,0.));
#16639=DIRECTION('',(0.,0.,-1.));
#16640=DIRECTION('',(-1.,0.,0.));
#16641=DIRECTION('',(0.,0.,-1.));
#16642=DIRECTION('',(0.,0.,-1.));
#16643=DIRECTION('',(-1.,0.,0.));
#16644=DIRECTION('',(0.,0.,-1.));
#16645=DIRECTION('',(1.,0.,0.));
#16646=DIRECTION('',(0.,0.,-1.));
#16647=DIRECTION('',(0.,0.,-1.));
#16648=DIRECTION('',(0.,0.,-1.));
#16649=DIRECTION('',(-1.,0.,0.));
#16650=DIRECTION('',(0.,0.,-1.));
#16651=DIRECTION('',(0.,0.,-1.));
#16652=DIRECTION('',(-1.,0.,0.));
#16653=DIRECTION('',(0.,0.,-1.));
#16654=DIRECTION('',(1.,0.,0.));
#16655=DIRECTION('',(0.,0.,-1.));
#16656=DIRECTION('',(0.,0.,-1.));
#16657=DIRECTION('',(0.,0.,-1.));
#16658=DIRECTION('',(-1.,0.,0.));
#16659=DIRECTION('',(0.,0.,-1.));
#16660=DIRECTION('',(0.,0.,-1.));
#16661=DIRECTION('',(-1.,0.,0.));
#16662=DIRECTION('',(0.,0.,-1.));
#16663=DIRECTION('',(1.,0.,0.));
#16664=DIRECTION('',(0.,0.,-1.));
#16665=DIRECTION('',(0.,0.,-1.));
#16666=DIRECTION('',(0.,0.,-1.));
#16667=DIRECTION('',(-1.,0.,0.));
#16668=DIRECTION('',(0.,0.,-1.));
#16669=DIRECTION('',(0.,0.,-1.));
#16670=DIRECTION('',(-1.,0.,0.));
#16671=DIRECTION('',(0.,0.,-1.));
#16672=DIRECTION('',(-1.,0.,0.));
#16673=DIRECTION('',(0.,0.,1.));
#16674=DIRECTION('',(1.,0.,0.));
#16675=DIRECTION('',(0.,0.,-1.));
#16676=DIRECTION('',(0.,0.,1.));
#16677=DIRECTION('',(1.,0.,0.));
#16678=DIRECTION('',(0.,0.,-1.));
#16679=DIRECTION('',(1.,0.,0.));
#16680=DIRECTION('',(0.,0.,-1.));
#16681=DIRECTION('',(0.,-1.,0.));
#16682=DIRECTION('',(0.,-1.,0.));
#16683=DIRECTION('',(0.,0.,-1.));
#16684=DIRECTION('',(0.,0.,-1.));
#16685=DIRECTION('',(-1.,0.,0.));
#16686=DIRECTION('',(0.,0.,1.));
#16687=DIRECTION('',(1.,0.,0.));
#16688=DIRECTION('',(0.,0.,1.));
#16689=DIRECTION('',(1.,0.,0.));
#16690=DIRECTION('',(0.,0.,-1.));
#16691=DIRECTION('',(0.,0.,1.));
#16692=DIRECTION('',(1.,0.,0.));
#16693=DIRECTION('',(0.,0.,1.));
#16694=DIRECTION('',(1.,0.,0.));
#16695=DIRECTION('',(-1.,0.,0.));
#16696=DIRECTION('',(0.,0.,1.));
#16697=DIRECTION('',(1.,0.,0.));
#16698=DIRECTION('',(-1.,0.,0.));
#16699=DIRECTION('',(0.,0.,1.));
#16700=DIRECTION('',(1.,0.,0.));
#16701=DIRECTION('',(0.,-1.,0.));
#16702=DIRECTION('',(0.,0.,-1.));
#16703=DIRECTION('',(0.,0.,-1.));
#16704=DIRECTION('',(-1.,0.,0.));
#16705=DIRECTION('',(0.,0.,1.));
#16706=DIRECTION('',(1.,0.,0.));
#16707=DIRECTION('',(0.,0.,1.));
#16708=DIRECTION('',(1.,0.,0.));
#16709=DIRECTION('',(0.,0.,1.));
#16710=DIRECTION('',(1.,0.,0.));
#16711=DIRECTION('',(0.,-1.,0.));
#16712=DIRECTION('',(0.,0.,1.));
#16713=DIRECTION('',(1.,0.,0.));
#16714=DIRECTION('',(0.,0.,1.));
#16715=DIRECTION('',(1.,0.,0.));
#16716=DIRECTION('',(0.,-1.,0.));
#16717=DIRECTION('',(0.,0.,1.));
#16718=DIRECTION('',(1.,0.,0.));
#16719=DIRECTION('',(0.,0.,1.));
#16720=DIRECTION('',(1.,0.,0.));
#16721=DIRECTION('',(0.,-1.,0.));
#16722=DIRECTION('',(0.,0.,1.));
#16723=DIRECTION('',(1.,0.,0.));
#16724=DIRECTION('',(0.,0.,1.));
#16725=DIRECTION('',(1.,0.,0.));
#16726=DIRECTION('',(0.,0.,1.));
#16727=DIRECTION('',(1.,0.,0.));
#16728=DIRECTION('',(0.,0.,1.));
#16729=DIRECTION('',(1.,0.,0.));
#16730=DIRECTION('',(0.,0.,1.));
#16731=DIRECTION('',(1.,0.,0.));
#16732=DIRECTION('',(0.,-1.,0.));
#16733=DIRECTION('',(0.,0.,1.));
#16734=DIRECTION('',(1.,0.,0.));
#16735=DIRECTION('',(0.,0.,1.));
#16736=DIRECTION('',(1.,0.,0.));
#16737=DIRECTION('',(0.,-1.,0.));
#16738=DIRECTION('',(0.,0.,1.));
#16739=DIRECTION('',(1.,0.,0.));
#16740=DIRECTION('',(0.,0.,1.));
#16741=DIRECTION('',(1.,0.,0.));
#16742=DIRECTION('',(0.,-1.,0.));
#16743=DIRECTION('',(0.,0.,1.));
#16744=DIRECTION('',(1.,0.,0.));
#16745=DIRECTION('',(0.,0.,1.));
#16746=DIRECTION('',(1.,0.,0.));
#16747=DIRECTION('',(0.,0.,-1.));
#16748=DIRECTION('',(-1.,0.,0.));
#16749=DIRECTION('',(0.,0.,-1.));
#16750=DIRECTION('',(0.,0.,-1.));
#16751=DIRECTION('',(-1.,0.,0.));
#16752=DIRECTION('',(0.,0.,-1.));
#16753=DIRECTION('',(1.,0.,0.));
#16754=DIRECTION('',(0.,0.,-1.));
#16755=DIRECTION('',(0.,0.,-1.));
#16756=DIRECTION('',(0.,0.,-1.));
#16757=DIRECTION('',(-1.,0.,0.));
#16758=DIRECTION('',(0.,0.,-1.));
#16759=DIRECTION('',(0.,0.,-1.));
#16760=DIRECTION('',(-1.,0.,0.));
#16761=DIRECTION('',(0.,0.,-1.));
#16762=DIRECTION('',(1.,0.,0.));
#16763=DIRECTION('',(0.,0.,-1.));
#16764=DIRECTION('',(0.,0.,-1.));
#16765=DIRECTION('',(0.,0.,-1.));
#16766=DIRECTION('',(-1.,0.,0.));
#16767=DIRECTION('',(0.,0.,-1.));
#16768=DIRECTION('',(0.,0.,-1.));
#16769=DIRECTION('',(-1.,0.,0.));
#16770=DIRECTION('',(0.,0.,-1.));
#16771=DIRECTION('',(1.,0.,0.));
#16772=DIRECTION('',(0.,0.,-1.));
#16773=DIRECTION('',(0.,0.,-1.));
#16774=DIRECTION('',(0.,0.,-1.));
#16775=DIRECTION('',(-1.,0.,0.));
#16776=DIRECTION('',(0.,0.,-1.));
#16777=DIRECTION('',(0.,0.,-1.));
#16778=DIRECTION('',(-1.,0.,0.));
#16779=DIRECTION('',(0.,1.,0.));
#16780=DIRECTION('',(0.,0.,1.));
#16781=DIRECTION('',(0.,1.,0.));
#16782=DIRECTION('',(0.,1.,0.));
#16783=DIRECTION('',(0.,0.,1.));
#16784=DIRECTION('',(0.,1.,0.));
#16785=DIRECTION('',(0.,0.,1.));
#16786=DIRECTION('',(1.,0.,0.));
#16787=DIRECTION('',(0.,1.,0.));
#16788=DIRECTION('',(0.,1.,0.));
#16789=DIRECTION('',(0.,0.,1.));
#16790=DIRECTION('',(0.,1.,0.));
#16791=DIRECTION('',(-0.894427190999916,0.,0.447213595499958));
#16792=DIRECTION('',(0.447213595499958,0.,0.894427190999916));
#16793=DIRECTION('',(0.,1.,0.));
#16794=DIRECTION('',(0.,1.,0.));
#16795=DIRECTION('',(0.,0.,1.));
#16796=DIRECTION('',(0.,1.,0.));
#16797=DIRECTION('',(0.,0.,1.));
#16798=DIRECTION('',(1.,0.,0.));
#16799=DIRECTION('',(0.,-1.,0.));
#16800=DIRECTION('',(-1.,0.,0.));
#16801=DIRECTION('',(0.,1.,0.));
#16802=DIRECTION('',(0.,1.,0.));
#16803=DIRECTION('',(0.,0.,1.));
#16804=DIRECTION('',(0.,1.,0.));
#16805=DIRECTION('',(0.640184399664481,0.,0.768221279597375));
#16806=DIRECTION('',(0.768221279597375,0.,-0.640184399664481));
#16807=DIRECTION('',(0.,1.,0.));
#16808=DIRECTION('',(0.,1.,0.));
#16809=DIRECTION('',(0.,0.,1.));
#16810=DIRECTION('',(0.,1.,0.));
#16811=DIRECTION('',(1.,0.,0.));
#16812=DIRECTION('',(0.,0.,-1.));
#16813=DIRECTION('',(0.,1.,0.));
#16814=DIRECTION('',(0.,1.,0.));
#16815=DIRECTION('',(0.,0.,1.));
#16816=DIRECTION('',(0.,1.,0.));
#16817=DIRECTION('',(0.640184399664481,0.,-0.768221279597375));
#16818=DIRECTION('',(-0.768221279597375,0.,-0.640184399664481));
#16819=DIRECTION('',(0.,1.,0.));
#16820=DIRECTION('',(0.,0.,1.));
#16821=DIRECTION('',(0.,1.,0.));
#16822=DIRECTION('',(0.,1.,0.));
#16823=DIRECTION('',(1.,0.,0.));
#16824=DIRECTION('',(0.,1.,0.));
#16825=DIRECTION('',(0.,0.,-1.));
#16826=DIRECTION('',(-1.,0.,0.));
#16827=DIRECTION('',(0.,1.,0.));
#16828=DIRECTION('',(-1.,0.,0.));
#16829=DIRECTION('',(0.,1.,0.));
#16830=DIRECTION('',(0.,0.,1.));
#16831=DIRECTION('',(0.,1.,0.));
#16832=DIRECTION('',(0.,1.,0.));
#16833=DIRECTION('',(1.,0.,0.));
#16834=DIRECTION('',(-0.894427190999916,0.,-0.447213595499958));
#16835=DIRECTION('',(-0.447213595499958,0.,0.894427190999916));
#16836=DIRECTION('',(0.,1.,0.));
#16837=DIRECTION('',(-0.447213595499958,0.,0.894427190999916));
#16838=DIRECTION('',(1.,0.,0.));
#16839=DIRECTION('',(0.,0.,-1.));
#16840=DIRECTION('',(0.,0.,-1.));
#16841=DIRECTION('',(0.,1.,0.));
#16842=DIRECTION('',(0.,0.,1.));
#16843=DIRECTION('',(0.,1.,0.));
#16844=DIRECTION('',(1.,0.,0.));
#16845=DIRECTION('',(0.,1.,0.));
#16846=DIRECTION('',(0.,0.,1.));
#16847=DIRECTION('',(0.,1.,0.));
#16848=DIRECTION('',(0.,0.,1.));
#16849=DIRECTION('',(0.,1.,0.));
#16850=DIRECTION('',(0.,0.,-1.));
#16851=DIRECTION('',(-1.,0.,0.));
#16852=DIRECTION('',(0.,1.,0.));
#16853=DIRECTION('',(0.,1.,0.));
#16854=DIRECTION('',(0.,0.,1.));
#16855=DIRECTION('',(0.,1.,0.));
#16856=DIRECTION('',(-0.894427190999916,0.,-0.447213595499958));
#16857=DIRECTION('',(-0.447213595499958,0.,0.894427190999916));
#16858=DIRECTION('',(0.,1.,0.));
#16859=DIRECTION('',(0.,1.,0.));
#16860=DIRECTION('',(0.,0.,1.));
#16861=DIRECTION('',(0.,1.,0.));
#16862=DIRECTION('',(0.,0.,-1.));
#16863=DIRECTION('',(-1.,0.,0.));
#16864=DIRECTION('',(0.,1.,0.));
#16865=DIRECTION('',(-1.,0.,0.));
#16866=DIRECTION('',(0.,1.,0.));
#16867=DIRECTION('',(0.,1.,0.));
#16868=DIRECTION('',(0.,0.,1.));
#16869=DIRECTION('',(0.,1.,0.));
#16870=DIRECTION('',(0.640184399664481,0.,-0.768221279597375));
#16871=DIRECTION('',(-0.768221279597375,0.,-0.640184399664481));
#16872=DIRECTION('',(0.,1.,0.));
#16873=DIRECTION('',(0.,1.,0.));
#16874=DIRECTION('',(0.,0.,1.));
#16875=DIRECTION('',(0.,1.,0.));
#16876=DIRECTION('',(1.,0.,0.));
#16877=DIRECTION('',(0.,0.,-1.));
#16878=DIRECTION('',(0.,1.,0.));
#16879=DIRECTION('',(0.,1.,0.));
#16880=DIRECTION('',(0.,0.,1.));
#16881=DIRECTION('',(0.,1.,0.));
#16882=DIRECTION('',(0.640184399664481,0.,0.768221279597375));
#16883=DIRECTION('',(0.768221279597375,0.,-0.640184399664481));
#16884=DIRECTION('',(0.,1.,0.));
#16885=DIRECTION('',(0.,1.,0.));
#16886=DIRECTION('',(0.,0.,1.));
#16887=DIRECTION('',(0.,1.,0.));
#16888=DIRECTION('',(0.,0.,1.));
#16889=DIRECTION('',(1.,0.,0.));
#16890=DIRECTION('',(0.,1.,0.));
#16891=DIRECTION('',(0.,-1.,0.));
#16892=DIRECTION('',(-1.,0.,0.));
#16893=DIRECTION('',(0.,1.,0.));
#16894=DIRECTION('',(0.,0.,1.));
#16895=DIRECTION('',(0.,1.,0.));
#16896=DIRECTION('',(-0.894427190999916,0.,0.447213595499958));
#16897=DIRECTION('',(0.447213595499958,0.,0.894427190999916));
#16898=DIRECTION('',(0.,1.,0.));
#16899=DIRECTION('',(0.,1.,0.));
#16900=DIRECTION('',(0.,0.,1.));
#16901=DIRECTION('',(0.,1.,0.));
#16902=DIRECTION('',(0.,0.,1.));
#16903=DIRECTION('',(1.,0.,0.));
#16904=DIRECTION('',(0.,1.,0.));
#16905=DIRECTION('',(0.,1.,0.));
#16906=DIRECTION('',(0.,0.,1.));
#16907=DIRECTION('',(0.,1.,0.));
#16908=DIRECTION('',(0.,0.,1.));
#16909=DIRECTION('',(0.,1.,0.));
#16910=DIRECTION('',(0.,0.,-1.));
#16911=DIRECTION('',(-1.,0.,0.));
#16912=DIRECTION('',(0.,1.,0.));
#16913=DIRECTION('',(0.,1.,0.));
#16914=DIRECTION('',(0.,0.,1.));
#16915=DIRECTION('',(0.,1.,0.));
#16916=DIRECTION('',(-0.894427190999916,0.,-0.447213595499958));
#16917=DIRECTION('',(-0.447213595499958,0.,0.894427190999916));
#16918=DIRECTION('',(0.,1.,0.));
#16919=DIRECTION('',(0.,1.,0.));
#16920=DIRECTION('',(0.,0.,1.));
#16921=DIRECTION('',(0.,1.,0.));
#16922=DIRECTION('',(0.,0.,-1.));
#16923=DIRECTION('',(-1.,0.,0.));
#16924=DIRECTION('',(0.,1.,0.));
#16925=DIRECTION('',(-1.,0.,0.));
#16926=DIRECTION('',(0.,1.,0.));
#16927=DIRECTION('',(0.,1.,0.));
#16928=DIRECTION('',(0.,0.,1.));
#16929=DIRECTION('',(0.,1.,0.));
#16930=DIRECTION('',(0.640184399664481,0.,-0.768221279597375));
#16931=DIRECTION('',(-0.768221279597375,0.,-0.640184399664481));
#16932=DIRECTION('',(0.,1.,0.));
#16933=DIRECTION('',(0.,1.,0.));
#16934=DIRECTION('',(0.,0.,1.));
#16935=DIRECTION('',(0.,1.,0.));
#16936=DIRECTION('',(1.,0.,0.));
#16937=DIRECTION('',(0.,0.,-1.));
#16938=DIRECTION('',(0.,1.,0.));
#16939=DIRECTION('',(0.,1.,0.));
#16940=DIRECTION('',(0.,0.,1.));
#16941=DIRECTION('',(0.,1.,0.));
#16942=DIRECTION('',(0.640184399664481,0.,0.768221279597375));
#16943=DIRECTION('',(0.768221279597375,0.,-0.640184399664481));
#16944=DIRECTION('',(0.,1.,0.));
#16945=DIRECTION('',(0.,1.,0.));
#16946=DIRECTION('',(0.,0.,1.));
#16947=DIRECTION('',(0.,1.,0.));
#16948=DIRECTION('',(0.,0.,1.));
#16949=DIRECTION('',(1.,0.,0.));
#16950=DIRECTION('',(0.,1.,0.));
#16951=DIRECTION('',(0.,-1.,0.));
#16952=DIRECTION('',(-1.,0.,0.));
#16953=DIRECTION('',(0.,1.,0.));
#16954=DIRECTION('',(0.,0.,1.));
#16955=DIRECTION('',(0.,1.,0.));
#16956=DIRECTION('',(-0.894427190999916,0.,0.447213595499958));
#16957=DIRECTION('',(0.447213595499958,0.,0.894427190999916));
#16958=DIRECTION('',(0.,1.,0.));
#16959=DIRECTION('',(0.,1.,0.));
#16960=DIRECTION('',(0.,0.,1.));
#16961=DIRECTION('',(0.,1.,0.));
#16962=DIRECTION('',(0.,0.,1.));
#16963=DIRECTION('',(1.,0.,0.));
#16964=DIRECTION('',(0.,1.,0.));
#16965=DIRECTION('',(0.,1.,0.));
#16966=DIRECTION('',(0.,0.,1.));
#16967=DIRECTION('',(0.,1.,0.));
#16968=DIRECTION('',(0.,0.,1.));
#16969=DIRECTION('',(0.,1.,0.));
#16970=DIRECTION('',(0.,0.,-1.));
#16971=DIRECTION('',(-1.,0.,0.));
#16972=DIRECTION('',(0.,1.,0.));
#16973=DIRECTION('',(0.,1.,0.));
#16974=DIRECTION('',(0.,0.,1.));
#16975=DIRECTION('',(0.,1.,0.));
#16976=DIRECTION('',(-0.894427190999916,0.,-0.447213595499958));
#16977=DIRECTION('',(-0.447213595499958,0.,0.894427190999916));
#16978=DIRECTION('',(0.,1.,0.));
#16979=DIRECTION('',(0.,1.,0.));
#16980=DIRECTION('',(0.,0.,1.));
#16981=DIRECTION('',(0.,1.,0.));
#16982=DIRECTION('',(0.,0.,-1.));
#16983=DIRECTION('',(-1.,0.,0.));
#16984=DIRECTION('',(0.,1.,0.));
#16985=DIRECTION('',(-1.,0.,0.));
#16986=DIRECTION('',(0.,1.,0.));
#16987=DIRECTION('',(0.,1.,0.));
#16988=DIRECTION('',(0.,0.,1.));
#16989=DIRECTION('',(0.,1.,0.));
#16990=DIRECTION('',(0.640184399664481,0.,-0.768221279597375));
#16991=DIRECTION('',(-0.768221279597375,0.,-0.640184399664481));
#16992=DIRECTION('',(0.,1.,0.));
#16993=DIRECTION('',(0.,1.,0.));
#16994=DIRECTION('',(0.,0.,1.));
#16995=DIRECTION('',(0.,1.,0.));
#16996=DIRECTION('',(1.,0.,0.));
#16997=DIRECTION('',(0.,0.,-1.));
#16998=DIRECTION('',(0.,1.,0.));
#16999=DIRECTION('',(0.,1.,0.));
#17000=DIRECTION('',(0.,0.,1.));
#17001=DIRECTION('',(0.,1.,0.));
#17002=DIRECTION('',(0.640184399664481,0.,0.768221279597375));
#17003=DIRECTION('',(0.768221279597375,0.,-0.640184399664481));
#17004=DIRECTION('',(0.,1.,0.));
#17005=DIRECTION('',(0.,1.,0.));
#17006=DIRECTION('',(0.,0.,1.));
#17007=DIRECTION('',(0.,1.,0.));
#17008=DIRECTION('',(0.,0.,1.));
#17009=DIRECTION('',(1.,0.,0.));
#17010=DIRECTION('',(0.,1.,0.));
#17011=DIRECTION('',(0.,-1.,0.));
#17012=DIRECTION('',(-1.,0.,0.));
#17013=DIRECTION('',(0.,1.,0.));
#17014=DIRECTION('',(0.,0.,1.));
#17015=DIRECTION('',(0.,1.,0.));
#17016=DIRECTION('',(-0.894427190999916,0.,0.447213595499958));
#17017=DIRECTION('',(0.447213595499958,0.,0.894427190999916));
#17018=DIRECTION('',(0.,1.,0.));
#17019=DIRECTION('',(0.,1.,0.));
#17020=DIRECTION('',(0.,0.,1.));
#17021=DIRECTION('',(0.,1.,0.));
#17022=DIRECTION('',(0.,0.,1.));
#17023=DIRECTION('',(1.,0.,0.));
#17024=DIRECTION('',(0.,1.,0.));
#17025=DIRECTION('',(0.,1.,0.));
#17026=DIRECTION('',(0.,0.,1.));
#17027=DIRECTION('',(1.,0.,0.));
#17028=DIRECTION('',(0.,0.,-1.));
#17029=DIRECTION('',(0.,0.,-1.));
#17030=DIRECTION('',(0.,-1.,0.));
#17031=DIRECTION('',(0.,0.,-1.));
#17032=DIRECTION('',(0.,-1.,0.));
#17033=DIRECTION('',(0.,1.,0.));
#17034=DIRECTION('',(0.,0.,-1.));
#17035=DIRECTION('',(1.,0.,0.));
#17036=DIRECTION('',(0.,0.,-1.));
#17037=DIRECTION('',(0.,-1.,0.));
#17038=DIRECTION('',(0.,0.,-1.));
#17039=DIRECTION('',(0.,1.,0.));
#17040=DIRECTION('',(0.,0.,1.));
#17041=DIRECTION('',(-1.,0.,0.));
#17042=DIRECTION('',(0.,0.,-1.));
#17043=DIRECTION('',(-1.,0.,0.));
#17044=DIRECTION('',(-1.,0.,0.));
#17045=DIRECTION('',(-1.,0.,0.));
#17046=DIRECTION('',(0.,0.,1.));
#17047=DIRECTION('',(-1.,0.,0.));
#17048=DIRECTION('',(0.,1.,0.));
#17049=DIRECTION('',(0.,0.,1.));
#17050=DIRECTION('',(-1.,0.,0.));
#17051=DIRECTION('',(1.,0.,0.));
#17052=DIRECTION('',(0.,0.,-1.));
#17053=DIRECTION('',(0.,0.,-1.));
#17054=DIRECTION('',(0.,-1.,0.));
#17055=DIRECTION('',(0.,0.,-1.));
#17056=DIRECTION('',(0.,-1.,0.));
#17057=DIRECTION('',(0.,0.,-1.));
#17058=DIRECTION('',(1.,0.,0.));
#17059=DIRECTION('',(0.,0.,-1.));
#17060=DIRECTION('',(0.,-1.,0.));
#17061=DIRECTION('',(0.,0.,-1.));
#17062=DIRECTION('',(0.,1.,0.));
#17063=DIRECTION('',(0.,0.,1.));
#17064=DIRECTION('',(-1.,0.,0.));
#17065=DIRECTION('',(0.,0.,-1.));
#17066=DIRECTION('',(-1.,0.,0.));
#17067=DIRECTION('',(-1.,0.,0.));
#17068=DIRECTION('',(-1.,0.,0.));
#17069=DIRECTION('',(0.,0.,1.));
#17070=DIRECTION('',(-1.,0.,0.));
#17071=DIRECTION('',(0.,1.,0.));
#17072=DIRECTION('',(0.,0.,1.));
#17073=DIRECTION('',(1.,0.,0.));
#17074=DIRECTION('',(0.,0.,-1.));
#17075=DIRECTION('',(0.,0.,-1.));
#17076=DIRECTION('',(0.,-1.,0.));
#17077=DIRECTION('',(0.,0.,-1.));
#17078=DIRECTION('',(0.,-1.,0.));
#17079=DIRECTION('',(0.,0.,-1.));
#17080=DIRECTION('',(1.,0.,0.));
#17081=DIRECTION('',(0.,0.,-1.));
#17082=DIRECTION('',(0.,-1.,0.));
#17083=DIRECTION('',(0.,0.,-1.));
#17084=DIRECTION('',(0.,1.,0.));
#17085=DIRECTION('',(0.,0.,1.));
#17086=DIRECTION('',(-1.,0.,0.));
#17087=DIRECTION('',(0.,0.,-1.));
#17088=DIRECTION('',(-1.,0.,0.));
#17089=DIRECTION('',(-1.,0.,0.));
#17090=DIRECTION('',(-1.,0.,0.));
#17091=DIRECTION('',(0.,0.,1.));
#17092=DIRECTION('',(-1.,0.,0.));
#17093=DIRECTION('',(0.,1.,0.));
#17094=DIRECTION('',(0.,0.,1.));
#17095=DIRECTION('',(1.,0.,0.));
#17096=DIRECTION('',(0.,0.,-1.));
#17097=DIRECTION('',(0.,0.,-1.));
#17098=DIRECTION('',(0.,-1.,0.));
#17099=DIRECTION('',(0.,0.,-1.));
#17100=DIRECTION('',(0.,-1.,0.));
#17101=DIRECTION('',(0.,0.,-1.));
#17102=DIRECTION('',(1.,0.,0.));
#17103=DIRECTION('',(0.,0.,-1.));
#17104=DIRECTION('',(0.,-1.,0.));
#17105=DIRECTION('',(0.,0.,-1.));
#17106=DIRECTION('',(0.,1.,0.));
#17107=DIRECTION('',(0.,0.,1.));
#17108=DIRECTION('',(-1.,0.,0.));
#17109=DIRECTION('',(0.,0.,-1.));
#17110=DIRECTION('',(-1.,0.,0.));
#17111=DIRECTION('',(-1.,0.,0.));
#17112=DIRECTION('',(-1.,0.,0.));
#17113=DIRECTION('',(0.,0.,1.));
#17114=DIRECTION('',(-1.,0.,0.));
#17115=DIRECTION('',(0.,1.,0.));
#17116=DIRECTION('',(0.,0.,1.));
#17117=DIRECTION('',(0.,1.,0.));
#17118=DIRECTION('',(0.,0.,1.));
#17119=DIRECTION('',(0.,1.,0.));
#17120=DIRECTION('',(0.,1.,0.));
#17121=DIRECTION('',(1.,0.,0.));
#17122=DIRECTION('',(0.,1.,0.));
#17123=DIRECTION('',(-1.,0.,0.));
#17124=DIRECTION('',(0.,0.,1.));
#17125=DIRECTION('',(0.,1.,0.));
#17126=DIRECTION('',(0.,0.,1.));
#17127=DIRECTION('',(0.,1.,0.));
#17128=DIRECTION('',(0.,0.,1.));
#17129=DIRECTION('',(0.,1.,0.));
#17130=DIRECTION('',(0.,1.,0.));
#17131=DIRECTION('',(1.,0.,0.));
#17132=DIRECTION('',(0.,0.,1.));
#17133=DIRECTION('',(1.,0.,0.));
#17134=DIRECTION('',(0.,1.,0.));
#17135=DIRECTION('',(1.,0.,0.));
#17136=DIRECTION('',(0.,1.,0.));
#17137=DIRECTION('',(0.,0.,1.));
#17138=DIRECTION('',(0.,1.,0.));
#17139=DIRECTION('',(0.,1.,0.));
#17140=DIRECTION('',(1.,0.,0.));
#17141=DIRECTION('',(-1.,0.,0.));
#17142=DIRECTION('',(0.,0.,1.));
#17143=DIRECTION('',(0.,1.,0.));
#17144=DIRECTION('',(0.,0.,1.));
#17145=DIRECTION('',(0.,1.,0.));
#17146=DIRECTION('',(0.,0.,1.));
#17147=DIRECTION('',(0.,1.,0.));
#17148=DIRECTION('',(0.,1.,0.));
#17149=DIRECTION('',(1.,0.,0.));
#17150=DIRECTION('',(0.,0.,1.));
#17151=DIRECTION('',(1.,0.,0.));
#17152=DIRECTION('',(0.,1.,0.));
#17153=DIRECTION('',(1.,0.,0.));
#17154=DIRECTION('',(0.,1.,0.));
#17155=DIRECTION('',(0.,0.,1.));
#17156=DIRECTION('',(0.,1.,0.));
#17157=DIRECTION('',(0.,1.,0.));
#17158=DIRECTION('',(1.,0.,0.));
#17159=DIRECTION('',(1.,0.,0.));
#17160=DIRECTION('',(0.,0.,-1.));
#17161=DIRECTION('',(0.,1.,0.));
#17162=DIRECTION('',(0.,0.,-1.));
#17163=DIRECTION('',(0.,1.,0.));
#17164=DIRECTION('',(0.,0.,1.));
#17165=DIRECTION('',(0.,1.,0.));
#17166=DIRECTION('',(1.,0.,0.));
#17167=DIRECTION('',(0.,1.,0.));
#17168=DIRECTION('',(0.,0.,1.));
#17169=DIRECTION('',(0.,1.,0.));
#17170=DIRECTION('',(0.,1.,0.));
#17171=DIRECTION('',(1.,0.,0.));
#17172=DIRECTION('',(-1.,0.,0.));
#17173=DIRECTION('',(0.,0.,1.));
#17174=DIRECTION('',(0.,1.,0.));
#17175=DIRECTION('',(0.,0.,1.));
#17176=DIRECTION('',(0.,1.,0.));
#17177=DIRECTION('',(0.,0.,1.));
#17178=DIRECTION('',(0.,1.,0.));
#17179=DIRECTION('',(0.,1.,0.));
#17180=DIRECTION('',(1.,0.,0.));
#17181=DIRECTION('',(0.,0.,-1.));
#17182=DIRECTION('',(-1.,0.,0.));
#17183=DIRECTION('',(-1.,0.,0.));
#17184=DIRECTION('',(0.,1.,0.));
#17185=DIRECTION('',(0.,0.,1.));
#17186=DIRECTION('',(0.,0.,-1.));
#17187=DIRECTION('',(1.,0.,0.));
#17188=DIRECTION('',(0.,0.,-1.));
#17189=DIRECTION('',(0.,1.,0.));
#17190=DIRECTION('',(0.,0.,1.));
#17191=DIRECTION('',(0.,1.,0.));
#17192=DIRECTION('',(0.,1.,0.));
#17193=DIRECTION('',(1.,0.,0.));
#17194=DIRECTION('',(0.,1.,0.));
#17195=DIRECTION('',(-1.,0.,0.));
#17196=DIRECTION('',(0.,0.,1.));
#17197=DIRECTION('',(0.,1.,0.));
#17198=DIRECTION('',(0.,0.,1.));
#17199=DIRECTION('',(0.,1.,0.));
#17200=DIRECTION('',(0.,0.,1.));
#17201=DIRECTION('',(0.,1.,0.));
#17202=DIRECTION('',(0.,1.,0.));
#17203=DIRECTION('',(1.,0.,0.));
#17204=DIRECTION('',(0.,0.,1.));
#17205=DIRECTION('',(1.,0.,0.));
#17206=DIRECTION('',(0.,1.,0.));
#17207=DIRECTION('',(1.,0.,0.));
#17208=DIRECTION('',(0.,1.,0.));
#17209=DIRECTION('',(0.,0.,1.));
#17210=DIRECTION('',(0.,1.,0.));
#17211=DIRECTION('',(0.,1.,0.));
#17212=DIRECTION('',(1.,0.,0.));
#17213=DIRECTION('',(-1.,0.,0.));
#17214=DIRECTION('',(0.,0.,1.));
#17215=DIRECTION('',(0.,1.,0.));
#17216=DIRECTION('',(0.,0.,1.));
#17217=DIRECTION('',(0.,1.,0.));
#17218=DIRECTION('',(0.,0.,1.));
#17219=DIRECTION('',(0.,1.,0.));
#17220=DIRECTION('',(0.,1.,0.));
#17221=DIRECTION('',(1.,0.,0.));
#17222=DIRECTION('',(0.,0.,1.));
#17223=DIRECTION('',(1.,0.,0.));
#17224=DIRECTION('',(0.,1.,0.));
#17225=DIRECTION('',(1.,0.,0.));
#17226=DIRECTION('',(0.,1.,0.));
#17227=DIRECTION('',(0.,0.,1.));
#17228=DIRECTION('',(0.,1.,0.));
#17229=DIRECTION('',(0.,1.,0.));
#17230=DIRECTION('',(1.,0.,0.));
#17231=DIRECTION('',(1.,0.,0.));
#17232=DIRECTION('',(0.,0.,-1.));
#17233=DIRECTION('',(0.,1.,0.));
#17234=DIRECTION('',(0.,0.,-1.));
#17235=DIRECTION('',(0.,1.,0.));
#17236=DIRECTION('',(0.,0.,1.));
#17237=DIRECTION('',(0.,1.,0.));
#17238=DIRECTION('',(1.,0.,0.));
#17239=DIRECTION('',(0.,1.,0.));
#17240=DIRECTION('',(0.,0.,1.));
#17241=DIRECTION('',(0.,1.,0.));
#17242=DIRECTION('',(0.,1.,0.));
#17243=DIRECTION('',(1.,0.,0.));
#17244=DIRECTION('',(-1.,0.,0.));
#17245=DIRECTION('',(0.,0.,1.));
#17246=DIRECTION('',(0.,1.,0.));
#17247=DIRECTION('',(0.,0.,1.));
#17248=DIRECTION('',(0.,1.,0.));
#17249=DIRECTION('',(0.,0.,1.));
#17250=DIRECTION('',(0.,1.,0.));
#17251=DIRECTION('',(0.,1.,0.));
#17252=DIRECTION('',(1.,0.,0.));
#17253=DIRECTION('',(0.,0.,-1.));
#17254=DIRECTION('',(-1.,0.,0.));
#17255=DIRECTION('',(-1.,0.,0.));
#17256=DIRECTION('',(0.,1.,0.));
#17257=DIRECTION('',(0.,0.,1.));
#17258=DIRECTION('',(0.,0.,-1.));
#17259=DIRECTION('',(1.,0.,0.));
#17260=DIRECTION('',(0.,0.,-1.));
#17261=DIRECTION('',(0.,1.,0.));
#17262=DIRECTION('',(0.,0.,1.));
#17263=DIRECTION('',(0.,1.,0.));
#17264=DIRECTION('',(0.,1.,0.));
#17265=DIRECTION('',(1.,0.,0.));
#17266=DIRECTION('',(0.,1.,0.));
#17267=DIRECTION('',(-1.,0.,0.));
#17268=DIRECTION('',(0.,0.,1.));
#17269=DIRECTION('',(0.,1.,0.));
#17270=DIRECTION('',(0.,0.,1.));
#17271=DIRECTION('',(0.,1.,0.));
#17272=DIRECTION('',(0.,0.,1.));
#17273=DIRECTION('',(0.,1.,0.));
#17274=DIRECTION('',(0.,1.,0.));
#17275=DIRECTION('',(1.,0.,0.));
#17276=DIRECTION('',(0.,0.,1.));
#17277=DIRECTION('',(1.,0.,0.));
#17278=DIRECTION('',(0.,1.,0.));
#17279=DIRECTION('',(1.,0.,0.));
#17280=DIRECTION('',(0.,1.,0.));
#17281=DIRECTION('',(0.,0.,1.));
#17282=DIRECTION('',(0.,1.,0.));
#17283=DIRECTION('',(0.,1.,0.));
#17284=DIRECTION('',(1.,0.,0.));
#17285=DIRECTION('',(-1.,0.,0.));
#17286=DIRECTION('',(0.,0.,1.));
#17287=DIRECTION('',(0.,1.,0.));
#17288=DIRECTION('',(0.,0.,1.));
#17289=DIRECTION('',(0.,1.,0.));
#17290=DIRECTION('',(0.,0.,1.));
#17291=DIRECTION('',(0.,1.,0.));
#17292=DIRECTION('',(0.,1.,0.));
#17293=DIRECTION('',(1.,0.,0.));
#17294=DIRECTION('',(0.,0.,1.));
#17295=DIRECTION('',(1.,0.,0.));
#17296=DIRECTION('',(0.,1.,0.));
#17297=DIRECTION('',(1.,0.,0.));
#17298=DIRECTION('',(0.,1.,0.));
#17299=DIRECTION('',(0.,0.,1.));
#17300=DIRECTION('',(0.,1.,0.));
#17301=DIRECTION('',(0.,1.,0.));
#17302=DIRECTION('',(1.,0.,0.));
#17303=DIRECTION('',(1.,0.,0.));
#17304=DIRECTION('',(0.,0.,-1.));
#17305=DIRECTION('',(0.,1.,0.));
#17306=DIRECTION('',(0.,0.,-1.));
#17307=DIRECTION('',(0.,1.,0.));
#17308=DIRECTION('',(0.,0.,1.));
#17309=DIRECTION('',(0.,1.,0.));
#17310=DIRECTION('',(1.,0.,0.));
#17311=DIRECTION('',(0.,1.,0.));
#17312=DIRECTION('',(0.,0.,1.));
#17313=DIRECTION('',(0.,1.,0.));
#17314=DIRECTION('',(0.,1.,0.));
#17315=DIRECTION('',(1.,0.,0.));
#17316=DIRECTION('',(-1.,0.,0.));
#17317=DIRECTION('',(0.,0.,1.));
#17318=DIRECTION('',(0.,1.,0.));
#17319=DIRECTION('',(0.,0.,1.));
#17320=DIRECTION('',(0.,1.,0.));
#17321=DIRECTION('',(0.,0.,1.));
#17322=DIRECTION('',(0.,1.,0.));
#17323=DIRECTION('',(0.,1.,0.));
#17324=DIRECTION('',(1.,0.,0.));
#17325=DIRECTION('',(0.,0.,-1.));
#17326=DIRECTION('',(-1.,0.,0.));
#17327=DIRECTION('',(-1.,0.,0.));
#17328=DIRECTION('',(0.,1.,0.));
#17329=DIRECTION('',(0.,0.,1.));
#17330=DIRECTION('',(0.,0.,-1.));
#17331=DIRECTION('',(1.,0.,0.));
#17332=DIRECTION('',(0.,0.,-1.));
#17333=DIRECTION('',(0.,1.,0.));
#17334=DIRECTION('',(0.,0.,1.));
#17335=DIRECTION('',(0.,1.,0.));
#17336=DIRECTION('',(0.,1.,0.));
#17337=DIRECTION('',(1.,0.,0.));
#17338=DIRECTION('',(0.,1.,0.));
#17339=DIRECTION('',(-1.,0.,0.));
#17340=DIRECTION('',(0.,0.,1.));
#17341=DIRECTION('',(0.,1.,0.));
#17342=DIRECTION('',(0.,0.,1.));
#17343=DIRECTION('',(0.,1.,0.));
#17344=DIRECTION('',(0.,0.,1.));
#17345=DIRECTION('',(0.,1.,0.));
#17346=DIRECTION('',(0.,1.,0.));
#17347=DIRECTION('',(1.,0.,0.));
#17348=DIRECTION('',(0.,0.,1.));
#17349=DIRECTION('',(1.,0.,0.));
#17350=DIRECTION('',(0.,1.,0.));
#17351=DIRECTION('',(1.,0.,0.));
#17352=DIRECTION('',(0.,1.,0.));
#17353=DIRECTION('',(0.,0.,1.));
#17354=DIRECTION('',(0.,1.,0.));
#17355=DIRECTION('',(0.,1.,0.));
#17356=DIRECTION('',(1.,0.,0.));
#17357=DIRECTION('',(-1.,0.,0.));
#17358=DIRECTION('',(0.,0.,1.));
#17359=DIRECTION('',(0.,1.,0.));
#17360=DIRECTION('',(0.,0.,1.));
#17361=DIRECTION('',(0.,1.,0.));
#17362=DIRECTION('',(0.,0.,1.));
#17363=DIRECTION('',(0.,1.,0.));
#17364=DIRECTION('',(0.,1.,0.));
#17365=DIRECTION('',(1.,0.,0.));
#17366=DIRECTION('',(0.,0.,1.));
#17367=DIRECTION('',(1.,0.,0.));
#17368=DIRECTION('',(0.,1.,0.));
#17369=DIRECTION('',(1.,0.,0.));
#17370=DIRECTION('',(0.,1.,0.));
#17371=DIRECTION('',(0.,0.,1.));
#17372=DIRECTION('',(0.,1.,0.));
#17373=DIRECTION('',(0.,1.,0.));
#17374=DIRECTION('',(1.,0.,0.));
#17375=DIRECTION('',(1.,0.,0.));
#17376=DIRECTION('',(0.,0.,-1.));
#17377=DIRECTION('',(0.,1.,0.));
#17378=DIRECTION('',(0.,0.,-1.));
#17379=DIRECTION('',(0.,1.,0.));
#17380=DIRECTION('',(0.,0.,1.));
#17381=DIRECTION('',(0.,1.,0.));
#17382=DIRECTION('',(1.,0.,0.));
#17383=DIRECTION('',(0.,1.,0.));
#17384=DIRECTION('',(0.,0.,1.));
#17385=DIRECTION('',(0.,1.,0.));
#17386=DIRECTION('',(0.,1.,0.));
#17387=DIRECTION('',(1.,0.,0.));
#17388=DIRECTION('',(-1.,0.,0.));
#17389=DIRECTION('',(0.,0.,1.));
#17390=DIRECTION('',(0.,1.,0.));
#17391=DIRECTION('',(0.,0.,1.));
#17392=DIRECTION('',(0.,1.,0.));
#17393=DIRECTION('',(0.,0.,1.));
#17394=DIRECTION('',(0.,1.,0.));
#17395=DIRECTION('',(0.,1.,0.));
#17396=DIRECTION('',(1.,0.,0.));
#17397=DIRECTION('',(0.,0.,-1.));
#17398=DIRECTION('',(-1.,0.,0.));
#17399=DIRECTION('',(-1.,0.,0.));
#17400=DIRECTION('',(0.,1.,0.));
#17401=DIRECTION('',(0.,0.,1.));
#17402=DIRECTION('',(0.,0.,-1.));
#17403=DIRECTION('',(1.,0.,0.));
#17404=DIRECTION('',(0.,0.,-1.));
#17405=DIRECTION('',(-0.92847669088526,0.371390676354103,0.));
#17406=DIRECTION('',(-0.371390676354103,-0.92847669088526,0.));
#17407=DIRECTION('',(0.371390676354103,0.928476690885259,0.));
#17408=DIRECTION('',(0.,0.,-1.));
#17409=DIRECTION('',(0.92847669088526,0.371390676354104,0.));
#17410=DIRECTION('',(-0.371390676354104,0.928476690885259,0.));
#17411=DIRECTION('',(0.,0.,-1.));
#17412=DIRECTION('',(0.371390676354104,-0.928476690885259,0.));
#17413=DIRECTION('',(1.,0.,0.));
#17414=DIRECTION('',(0.,0.,-1.));
#17415=DIRECTION('',(0.,-1.,0.));
#17416=DIRECTION('',(-1.,5.42101086242752E-17,0.));
#17417=DIRECTION('',(-5.42101086242752E-17,-1.,0.));
#17418=DIRECTION('',(5.42101086242752E-17,1.,0.));
#17419=DIRECTION('',(-0.92847669088526,0.371390676354103,0.));
#17420=DIRECTION('',(-0.371390676354103,-0.92847669088526,0.));
#17421=DIRECTION('',(0.371390676354103,0.928476690885259,0.));
#17422=DIRECTION('',(0.,0.,-1.));
#17423=DIRECTION('',(0.92847669088526,0.371390676354104,0.));
#17424=DIRECTION('',(-0.371390676354104,0.928476690885259,0.));
#17425=DIRECTION('',(0.,0.,-1.));
#17426=DIRECTION('',(0.371390676354104,-0.928476690885259,0.));
#17427=DIRECTION('',(1.,0.,0.));
#17428=DIRECTION('',(0.,0.,-1.));
#17429=DIRECTION('',(0.,-1.,0.));
#17430=DIRECTION('',(-1.,5.42101086242752E-17,0.));
#17431=DIRECTION('',(-5.42101086242752E-17,-1.,0.));
#17432=DIRECTION('',(5.42101086242752E-17,1.,0.));
#17433=DIRECTION('',(0.,0.,1.));
#17434=DIRECTION('',(1.,0.,0.));
#17435=DIRECTION('',(-0.92847669088526,0.371390676354103,0.));
#17436=DIRECTION('',(-0.371390676354103,-0.92847669088526,0.));
#17437=DIRECTION('',(0.371390676354103,0.928476690885259,0.));
#17438=DIRECTION('',(0.,0.,-1.));
#17439=DIRECTION('',(0.92847669088526,0.371390676354104,0.));
#17440=DIRECTION('',(-0.371390676354104,0.928476690885259,0.));
#17441=DIRECTION('',(0.,0.,-1.));
#17442=DIRECTION('',(0.371390676354104,-0.928476690885259,0.));
#17443=DIRECTION('',(1.,0.,0.));
#17444=DIRECTION('',(0.,0.,-1.));
#17445=DIRECTION('',(0.,-1.,0.));
#17446=DIRECTION('',(-1.,5.42101086242752E-17,0.));
#17447=DIRECTION('',(-5.42101086242752E-17,-1.,0.));
#17448=DIRECTION('',(5.42101086242752E-17,1.,0.));
#17449=DIRECTION('',(0.,0.,1.));
#17450=DIRECTION('',(1.,0.,0.));
#17451=DIRECTION('',(-0.92847669088526,0.371390676354103,0.));
#17452=DIRECTION('',(-0.371390676354103,-0.92847669088526,0.));
#17453=DIRECTION('',(0.371390676354103,0.928476690885259,0.));
#17454=DIRECTION('',(0.,0.,-1.));
#17455=DIRECTION('',(0.92847669088526,0.371390676354104,0.));
#17456=DIRECTION('',(-0.371390676354104,0.928476690885259,0.));
#17457=DIRECTION('',(0.,0.,-1.));
#17458=DIRECTION('',(0.371390676354104,-0.928476690885259,0.));
#17459=DIRECTION('',(1.,0.,0.));
#17460=DIRECTION('',(0.,0.,-1.));
#17461=DIRECTION('',(0.,-1.,0.));
#17462=DIRECTION('',(-1.,5.42101086242752E-17,0.));
#17463=DIRECTION('',(-5.42101086242752E-17,-1.,0.));
#17464=DIRECTION('',(5.42101086242752E-17,1.,0.));
#17465=DIRECTION('',(0.,0.,1.));
#17466=DIRECTION('',(1.,0.,0.));
#17467=DIRECTION('',(0.,0.,1.));
#17468=DIRECTION('',(1.,0.,0.));
#17469=DIRECTION('',(1.,0.,0.));
#17470=DIRECTION('',(0.,0.,1.));
#17471=DIRECTION('',(1.,0.,0.));
#17472=DIRECTION('',(1.,0.,0.));
#17473=DIRECTION('',(0.,0.,1.));
#17474=DIRECTION('',(1.,0.,0.));
#17475=DIRECTION('',(1.,0.,0.));
#17476=DIRECTION('',(0.,0.,1.));
#17477=DIRECTION('',(1.,0.,0.));
#17478=DIRECTION('',(0.,0.,1.));
#17479=DIRECTION('',(1.,0.,0.));
#17480=DIRECTION('',(0.,0.,1.));
#17481=DIRECTION('',(1.,0.,0.));
#17482=DIRECTION('',(0.,0.,1.));
#17483=DIRECTION('',(1.,0.,0.));
#17484=DIRECTION('',(0.,0.,1.));
#17485=DIRECTION('',(1.,0.,0.));
#17486=DIRECTION('',(0.,1.,0.));
#17487=DIRECTION('',(-1.,0.,0.));
#17488=DIRECTION('',(0.,1.,0.));
#17489=DIRECTION('',(-0.642787609686539,-0.766044443118978,0.));
#17490=DIRECTION('',(0.,1.,0.));
#17491=DIRECTION('',(-1.,0.,0.));
#17492=DIRECTION('',(-0.642787609686539,-0.766044443118978,0.));
#17493=DIRECTION('',(0.,0.,1.));
#17494=DIRECTION('',(1.,0.,0.));
#17495=DIRECTION('',(0.,0.,1.));
#17496=DIRECTION('',(1.,0.,0.));
#17497=DIRECTION('',(0.,0.,1.));
#17498=DIRECTION('',(1.,0.,0.));
#17499=DIRECTION('',(0.,0.,1.));
#17500=DIRECTION('',(0.,-1.,0.));
#17501=DIRECTION('',(0.,0.,-1.));
#17502=DIRECTION('',(1.,0.,0.));
#17503=DIRECTION('',(0.,0.,1.));
#17504=DIRECTION('',(0.,0.,1.));
#17505=DIRECTION('',(1.,0.,0.));
#17506=DIRECTION('',(0.,0.,1.));
#17507=DIRECTION('',(1.,0.,0.));
#17508=DIRECTION('',(0.,0.,1.));
#17509=DIRECTION('',(0.,-1.,0.));
#17510=DIRECTION('',(0.,0.,-1.));
#17511=DIRECTION('',(1.,0.,0.));
#17512=DIRECTION('',(0.,0.,1.));
#17513=DIRECTION('',(0.,0.,1.));
#17514=DIRECTION('',(1.,0.,0.));
#17515=DIRECTION('',(0.,0.,1.));
#17516=DIRECTION('',(1.,0.,0.));
#17517=DIRECTION('',(0.,0.,1.));
#17518=DIRECTION('',(1.,0.,0.));
#17519=DIRECTION('',(0.,0.,1.));
#17520=DIRECTION('',(1.,0.,0.));
#17521=DIRECTION('',(0.,0.,1.));
#17522=DIRECTION('',(1.,0.,0.));
#17523=DIRECTION('',(0.,0.,1.));
#17524=DIRECTION('',(1.,0.,0.));
#17525=DIRECTION('',(0.,0.,1.));
#17526=DIRECTION('',(0.,1.,0.));
#17527=DIRECTION('',(0.,0.,1.));
#17528=DIRECTION('',(-1.,0.,0.));
#17529=DIRECTION('',(0.,0.,1.));
#17530=DIRECTION('',(-1.,0.,0.));
#17531=DIRECTION('',(0.,0.,1.));
#17532=DIRECTION('',(1.,0.,0.));
#17533=DIRECTION('',(0.,0.,1.));
#17534=DIRECTION('',(1.,0.,0.));
#17535=DIRECTION('',(0.,0.,1.));
#17536=DIRECTION('',(-0.766044443118978,0.642787609686539,0.));
#17537=DIRECTION('',(-0.642787609686539,-0.766044443118978,0.));
#17538=DIRECTION('',(0.,0.,-1.));
#17539=DIRECTION('',(-0.642787609686539,-0.766044443118978,0.));
#17540=DIRECTION('',(0.,0.,1.));
#17541=DIRECTION('',(-0.588525521645933,-0.701377404754923,-0.402128644180729));
#17542=DIRECTION('',(-0.766044443118978,0.642787609686539,0.));
#17543=DIRECTION('',(0.642787609686539,0.766044443118978,0.));
#17544=DIRECTION('',(-0.766044443118978,0.642787609686539,0.));
#17545=DIRECTION('',(0.642787609686539,0.766044443118978,0.));
#17546=DIRECTION('',(-0.642787609686539,-0.766044443118978,0.));
#17547=DIRECTION('',(-0.766044443118978,0.642787609686539,0.));
#17548=DIRECTION('',(0.642787609686539,0.766044443118978,0.));
#17549=DIRECTION('',(0.,0.,1.));
#17550=DIRECTION('',(1.,0.,0.));
#17551=DIRECTION('',(0.564161371551651,0.,-0.825664548620661));
#17552=DIRECTION('',(0.825664548620661,0.,0.564161371551651));
#17553=DIRECTION('',(0.,0.,1.));
#17554=DIRECTION('',(1.,0.,0.));
#17555=DIRECTION('',(0.,0.,1.));
#17556=DIRECTION('',(1.,0.,0.));
#17557=DIRECTION('',(0.,0.,1.));
#17558=DIRECTION('',(1.,0.,0.));
#17559=DIRECTION('',(0.,1.,0.));
#17560=DIRECTION('',(0.,0.,1.));
#17561=DIRECTION('',(0.,1.,0.));
#17562=DIRECTION('',(1.,0.,0.));
#17563=DIRECTION('',(0.,1.,0.));
#17564=DIRECTION('',(0.564161371551651,0.,-0.825664548620661));
#17565=DIRECTION('',(-0.825664548620661,0.,-0.564161371551651));
#17566=DIRECTION('',(-0.825664548620661,0.,-0.564161371551651));
#17567=DIRECTION('',(0.,1.,0.));
#17568=DIRECTION('',(0.,0.,1.));
#17569=DIRECTION('',(0.,1.,0.));
#17570=DIRECTION('',(0.,0.,1.));
#17571=DIRECTION('',(0.,0.,-1.));
#17572=DIRECTION('',(0.,1.,0.));
#17573=DIRECTION('',(1.,0.,0.));
#17574=DIRECTION('',(-1.,0.,0.));
#17575=DIRECTION('',(0.,1.,0.));
#17576=DIRECTION('',(1.,0.,0.));
#17577=DIRECTION('',(0.,1.,0.));
#17578=DIRECTION('',(1.,0.,0.));
#17579=DIRECTION('',(1.,0.,0.));
#17580=DIRECTION('',(0.,0.,-1.));
#17581=DIRECTION('',(0.,1.,0.));
#17582=DIRECTION('',(0.,1.,0.));
#17583=DIRECTION('',(0.,0.,1.));
#17584=DIRECTION('',(0.,1.,0.));
#17585=DIRECTION('',(0.,0.,-1.));
#17586=DIRECTION('',(-1.,0.,0.));
#17587=DIRECTION('',(0.,1.,0.));
#17588=DIRECTION('',(0.,1.,0.));
#17589=DIRECTION('',(0.,0.,1.));
#17590=DIRECTION('',(0.,1.,0.));
#17591=DIRECTION('',(0.,1.,0.));
#17592=DIRECTION('',(0.,0.,1.));
#17593=DIRECTION('',(0.,0.,-1.));
#17594=DIRECTION('',(-1.,0.,0.));
#17595=DIRECTION('',(0.,-1.,0.));
#17596=DIRECTION('',(-1.,0.,0.));
#17597=DIRECTION('',(0.,-1.,0.));
#17598=DIRECTION('',(0.,1.,0.));
#17599=DIRECTION('',(0.,0.,1.));
#17600=DIRECTION('',(0.,0.,-1.));
#17601=DIRECTION('',(-1.,0.,0.));
#17602=DIRECTION('',(0.,0.,-1.));
#17603=DIRECTION('',(0.,0.,1.));
#17604=DIRECTION('',(1.,0.,0.));
#17605=DIRECTION('',(0.,1.,0.));
#17606=DIRECTION('',(0.,1.,0.));
#17607=DIRECTION('',(1.,0.,0.));
#17608=DIRECTION('',(0.,0.,-1.));
#17609=DIRECTION('',(1.,0.,0.));
#17610=DIRECTION('',(0.,0.,-1.));
#17611=DIRECTION('',(0.,0.,-1.));
#17612=DIRECTION('',(-1.,0.,0.));
#17613=DIRECTION('',(0.,-1.,0.));
#17614=DIRECTION('',(-1.,0.,0.));
#17615=DIRECTION('',(0.,-1.,0.));
#17616=DIRECTION('',(0.,1.,0.));
#17617=DIRECTION('',(0.,0.,1.));
#17618=DIRECTION('',(0.,0.,-1.));
#17619=DIRECTION('',(-1.,0.,0.));
#17620=DIRECTION('',(0.,0.,-1.));
#17621=DIRECTION('',(0.,0.,1.));
#17622=DIRECTION('',(1.,0.,0.));
#17623=DIRECTION('',(0.,1.,0.));
#17624=DIRECTION('',(0.,1.,0.));
#17625=DIRECTION('',(1.,0.,0.));
#17626=DIRECTION('',(0.,0.,-1.));
#17627=DIRECTION('',(1.,0.,0.));
#17628=DIRECTION('',(0.,0.,-1.));
#17629=DIRECTION('',(0.,0.,-1.));
#17630=DIRECTION('',(-1.,0.,0.));
#17631=DIRECTION('',(0.,-1.,0.));
#17632=DIRECTION('',(-1.,0.,0.));
#17633=DIRECTION('',(0.,-1.,0.));
#17634=DIRECTION('',(0.,1.,0.));
#17635=DIRECTION('',(0.,0.,1.));
#17636=DIRECTION('',(0.,0.,-1.));
#17637=DIRECTION('',(-1.,0.,0.));
#17638=DIRECTION('',(0.,0.,-1.));
#17639=DIRECTION('',(0.,0.,1.));
#17640=DIRECTION('',(1.,0.,0.));
#17641=DIRECTION('',(0.,1.,0.));
#17642=DIRECTION('',(0.,1.,0.));
#17643=DIRECTION('',(1.,0.,0.));
#17644=DIRECTION('',(0.,0.,-1.));
#17645=DIRECTION('',(1.,0.,0.));
#17646=DIRECTION('',(0.,0.,-1.));
#17647=DIRECTION('',(0.,0.,-1.));
#17648=DIRECTION('',(-1.,0.,0.));
#17649=DIRECTION('',(0.,-1.,0.));
#17650=DIRECTION('',(-1.,0.,0.));
#17651=DIRECTION('',(0.,-1.,0.));
#17652=DIRECTION('',(0.,1.,0.));
#17653=DIRECTION('',(0.,0.,1.));
#17654=DIRECTION('',(0.,0.,-1.));
#17655=DIRECTION('',(-1.,0.,0.));
#17656=DIRECTION('',(0.,0.,-1.));
#17657=DIRECTION('',(0.,0.,1.));
#17658=DIRECTION('',(1.,0.,0.));
#17659=DIRECTION('',(0.,1.,0.));
#17660=DIRECTION('',(0.,1.,0.));
#17661=DIRECTION('',(1.,0.,0.));
#17662=DIRECTION('',(0.,0.,-1.));
#17663=DIRECTION('',(1.,0.,0.));
#17664=DIRECTION('',(0.,0.,-1.));
#17665=DIRECTION('',(0.,0.,-1.));
#17666=DIRECTION('',(-1.,0.,0.));
#17667=DIRECTION('',(0.,-1.,0.));
#17668=DIRECTION('',(-1.,0.,0.));
#17669=DIRECTION('',(0.,-1.,0.));
#17670=DIRECTION('',(0.,1.,0.));
#17671=DIRECTION('',(0.,0.,1.));
#17672=DIRECTION('',(0.,0.,-1.));
#17673=DIRECTION('',(-1.,0.,0.));
#17674=DIRECTION('',(0.,0.,-1.));
#17675=DIRECTION('',(0.,0.,1.));
#17676=DIRECTION('',(1.,0.,0.));
#17677=DIRECTION('',(0.,1.,0.));
#17678=DIRECTION('',(0.,1.,0.));
#17679=DIRECTION('',(1.,0.,0.));
#17680=DIRECTION('',(0.,0.,-1.));
#17681=DIRECTION('',(1.,0.,0.));
#17682=DIRECTION('',(0.,0.,-1.));
#17683=DIRECTION('',(0.,0.,-1.));
#17684=DIRECTION('',(-1.,0.,0.));
#17685=DIRECTION('',(0.,-1.,0.));
#17686=DIRECTION('',(-1.,0.,0.));
#17687=DIRECTION('',(0.,-1.,0.));
#17688=DIRECTION('',(0.,1.,0.));
#17689=DIRECTION('',(0.,0.,1.));
#17690=DIRECTION('',(0.,0.,-1.));
#17691=DIRECTION('',(-1.,0.,0.));
#17692=DIRECTION('',(0.,0.,-1.));
#17693=DIRECTION('',(0.,0.,1.));
#17694=DIRECTION('',(1.,0.,0.));
#17695=DIRECTION('',(0.,1.,0.));
#17696=DIRECTION('',(0.,1.,0.));
#17697=DIRECTION('',(1.,0.,0.));
#17698=DIRECTION('',(0.,0.,-1.));
#17699=DIRECTION('',(1.,0.,0.));
#17700=DIRECTION('',(0.,0.,-1.));
#17701=DIRECTION('',(0.,0.,-1.));
#17702=DIRECTION('',(-1.,0.,0.));
#17703=DIRECTION('',(0.,-1.,0.));
#17704=DIRECTION('',(-1.,0.,0.));
#17705=DIRECTION('',(0.,-1.,0.));
#17706=DIRECTION('',(0.,1.,0.));
#17707=DIRECTION('',(0.,0.,1.));
#17708=DIRECTION('',(0.,0.,-1.));
#17709=DIRECTION('',(-1.,0.,0.));
#17710=DIRECTION('',(0.,0.,-1.));
#17711=DIRECTION('',(0.,0.,1.));
#17712=DIRECTION('',(1.,0.,0.));
#17713=DIRECTION('',(0.,1.,0.));
#17714=DIRECTION('',(0.,1.,0.));
#17715=DIRECTION('',(1.,0.,0.));
#17716=DIRECTION('',(0.,0.,-1.));
#17717=DIRECTION('',(1.,0.,0.));
#17718=DIRECTION('',(0.,0.,-1.));
#17719=DIRECTION('',(0.,0.,-1.));
#17720=DIRECTION('',(-1.,0.,0.));
#17721=DIRECTION('',(0.,-1.,0.));
#17722=DIRECTION('',(-1.,0.,0.));
#17723=DIRECTION('',(0.,-1.,0.));
#17724=DIRECTION('',(0.,1.,0.));
#17725=DIRECTION('',(0.,0.,1.));
#17726=DIRECTION('',(0.,0.,-1.));
#17727=DIRECTION('',(-1.,0.,0.));
#17728=DIRECTION('',(0.,0.,-1.));
#17729=DIRECTION('',(0.,0.,1.));
#17730=DIRECTION('',(1.,0.,0.));
#17731=DIRECTION('',(0.,1.,0.));
#17732=DIRECTION('',(0.,1.,0.));
#17733=DIRECTION('',(1.,0.,0.));
#17734=DIRECTION('',(0.,0.,-1.));
#17735=DIRECTION('',(1.,0.,0.));
#17736=DIRECTION('',(0.,0.,-1.));
#17737=DIRECTION('',(0.,0.,-1.));
#17738=DIRECTION('',(-1.,0.,0.));
#17739=DIRECTION('',(0.,0.,1.));
#17740=DIRECTION('',(1.,0.,0.));
#17741=DIRECTION('',(0.,0.,1.));
#17742=DIRECTION('',(1.,0.,0.));
#17743=DIRECTION('',(0.,0.,-1.));
#17744=DIRECTION('',(0.,-1.,0.));
#17745=DIRECTION('',(0.,0.,-1.));
#17746=DIRECTION('',(-1.,0.,0.));
#17747=DIRECTION('',(-1.,0.,0.));
#17748=DIRECTION('',(0.,0.,-1.));
#17749=DIRECTION('',(0.,0.,1.));
#17750=DIRECTION('',(1.,0.,0.));
#17751=DIRECTION('',(0.,1.,0.));
#17752=DIRECTION('',(-0.642787609686539,-0.766044443118978,0.));
#17753=DIRECTION('',(0.,-1.,0.));
#17754=DIRECTION('',(0.,0.,1.));
#17755=DIRECTION('',(1.,0.,0.));
#17756=DIRECTION('',(0.46947156278589,-0.882947592858927,0.));
#17757=DIRECTION('',(0.,0.,1.));
#17758=DIRECTION('',(1.,0.,0.));
#17759=DIRECTION('',(-0.642787609686539,-0.766044443118978,0.));
#17760=DIRECTION('',(0.,1.,0.));
#17761=DIRECTION('',(0.46947156278589,-0.882947592858927,0.));
#17762=DIRECTION('',(0.,0.,1.));
#17763=DIRECTION('',(1.,0.,0.));
#17764=DIRECTION('',(0.,-1.,0.));
#17765=DIRECTION('',(1.,0.,0.));
#17766=DIRECTION('',(0.,0.,-1.));
#17767=DIRECTION('',(0.,-1.,0.));
#17768=DIRECTION('',(1.,0.,0.));
#17769=DIRECTION('',(0.,0.,-1.));
#17770=DIRECTION('',(1.,0.,0.));
#17771=DIRECTION('',(0.,0.,-1.));
#17772=DIRECTION('',(0.,0.,-1.));
#17773=DIRECTION('',(1.,0.,0.));
#17774=DIRECTION('',(0.,0.,-1.));
#17775=DIRECTION('',(1.,0.,0.));
#17776=DIRECTION('',(0.,0.,-1.));
#17777=DIRECTION('',(0.,-1.,0.));
#17778=DIRECTION('',(0.,0.,-1.));
#17779=DIRECTION('',(0.,0.,-1.));
#17780=DIRECTION('',(0.,0.,-1.));
#17781=DIRECTION('',(0.,0.,-1.));
#17782=DIRECTION('',(-1.,0.,0.));
#17783=DIRECTION('',(0.,0.,-1.));
#17784=DIRECTION('',(0.882947592858927,0.46947156278589,0.));
#17785=DIRECTION('',(-0.46947156278589,0.882947592858927,0.));
#17786=DIRECTION('',(-1.,0.,0.));
#17787=DIRECTION('',(0.,0.,1.));
#17788=DIRECTION('',(0.,0.,-1.));
#17789=DIRECTION('',(-0.766044443118979,0.642787609686538,0.));
#17790=DIRECTION('',(-0.642787609686538,-0.766044443118979,0.));
#17791=DIRECTION('',(0.642787609686539,0.766044443118978,0.));
#17792=DIRECTION('',(0.,0.,-1.));
#17793=DIRECTION('',(0.642787609686539,0.766044443118978,0.));
#17794=DIRECTION('',(0.,0.,-1.));
#17795=DIRECTION('',(-1.,0.,0.));
#17796=DIRECTION('',(0.,0.,1.));
#17797=DIRECTION('',(1.,0.,0.));
#17798=DIRECTION('',(0.,0.,-1.));
#17799=DIRECTION('',(0.,0.,1.));
#17800=DIRECTION('',(1.,0.,0.));
#17801=DIRECTION('',(-0.927510407402615,-0.373797330327325,0.));
#17802=DIRECTION('',(0.373797330327325,-0.927510407402615,0.));
#17803=DIRECTION('',(-0.927510407402615,-0.373797330327325,0.));
#17804=DIRECTION('',(-0.373797330327325,0.927510407402615,0.));
#17805=DIRECTION('',(-0.927510407402615,-0.373797330327325,0.));
#17806=DIRECTION('',(-0.373797330327325,0.927510407402615,0.));
#17807=DIRECTION('',(-0.373797330327325,0.927510407402615,0.));
#17808=DIRECTION('',(-0.373797330327325,0.927510407402615,0.));
#17809=DIRECTION('',(-0.927510407402615,-0.373797330327325,0.));
#17810=DIRECTION('',(-0.373797330327325,0.927510407402615,0.));
#17811=DIRECTION('',(-0.927510407402615,-0.373797330327325,0.));
#17812=DIRECTION('',(-0.373797330327325,0.927510407402615,0.));
#17813=DIRECTION('',(0.,0.,-1.));
#17814=DIRECTION('',(0.,0.,-1.));
#17815=DIRECTION('',(-1.,0.,0.));
#17816=DIRECTION('',(0.,0.,-1.));
#17817=DIRECTION('',(-1.,0.,0.));
#17818=DIRECTION('',(0.,0.,-1.));
#17819=DIRECTION('',(-1.,0.,0.));
#17820=DIRECTION('',(0.,0.,1.));
#17821=DIRECTION('',(1.,0.,0.));
#17822=DIRECTION('',(0.,0.,1.));
#17823=DIRECTION('',(1.,0.,0.));
#17824=DIRECTION('',(0.,0.,-1.));
#17825=DIRECTION('',(0.,-1.,0.));
#17826=DIRECTION('',(0.,0.,-1.));
#17827=DIRECTION('',(-1.,0.,0.));
#17828=DIRECTION('',(-1.,0.,0.));
#17829=DIRECTION('',(0.,0.,-1.));
#17830=DIRECTION('',(0.,0.,1.));
#17831=DIRECTION('',(1.,0.,0.));
#17832=DIRECTION('',(0.,1.,0.));
#17833=DIRECTION('',(-0.642787609686539,-0.766044443118978,0.));
#17834=DIRECTION('',(0.,-1.,0.));
#17835=DIRECTION('',(0.,0.,1.));
#17836=DIRECTION('',(1.,0.,0.));
#17837=DIRECTION('',(0.46947156278589,-0.882947592858927,0.));
#17838=DIRECTION('',(0.,0.,1.));
#17839=DIRECTION('',(1.,0.,0.));
#17840=DIRECTION('',(-0.642787609686539,-0.766044443118978,0.));
#17841=DIRECTION('',(0.,1.,0.));
#17842=DIRECTION('',(0.46947156278589,-0.882947592858927,0.));
#17843=DIRECTION('',(0.,0.,1.));
#17844=DIRECTION('',(1.,0.,0.));
#17845=DIRECTION('',(0.,-1.,0.));
#17846=DIRECTION('',(1.,0.,0.));
#17847=DIRECTION('',(0.,0.,-1.));
#17848=DIRECTION('',(0.,-1.,0.));
#17849=DIRECTION('',(1.,0.,0.));
#17850=DIRECTION('',(0.,0.,-1.));
#17851=DIRECTION('',(1.,0.,0.));
#17852=DIRECTION('',(0.,0.,-1.));
#17853=DIRECTION('',(0.,0.,-1.));
#17854=DIRECTION('',(1.,0.,0.));
#17855=DIRECTION('',(0.,0.,-1.));
#17856=DIRECTION('',(1.,0.,0.));
#17857=DIRECTION('',(0.,0.,-1.));
#17858=DIRECTION('',(0.,-1.,0.));
#17859=DIRECTION('',(0.,0.,-1.));
#17860=DIRECTION('',(0.,0.,-1.));
#17861=DIRECTION('',(0.,0.,-1.));
#17862=DIRECTION('',(0.,0.,-1.));
#17863=DIRECTION('',(-1.,0.,0.));
#17864=DIRECTION('',(0.,0.,-1.));
#17865=DIRECTION('',(0.882947592858927,0.46947156278589,0.));
#17866=DIRECTION('',(-0.46947156278589,0.882947592858927,0.));
#17867=DIRECTION('',(-1.,0.,0.));
#17868=DIRECTION('',(0.,0.,1.));
#17869=DIRECTION('',(0.,0.,-1.));
#17870=DIRECTION('',(-0.766044443118979,0.642787609686538,0.));
#17871=DIRECTION('',(-0.642787609686538,-0.766044443118979,0.));
#17872=DIRECTION('',(0.642787609686539,0.766044443118978,0.));
#17873=DIRECTION('',(0.,0.,-1.));
#17874=DIRECTION('',(0.642787609686539,0.766044443118978,0.));
#17875=DIRECTION('',(0.,0.,-1.));
#17876=DIRECTION('',(-1.,0.,0.));
#17877=DIRECTION('',(0.,0.,1.));
#17878=DIRECTION('',(1.,0.,0.));
#17879=DIRECTION('',(0.,0.,-1.));
#17880=DIRECTION('',(0.,0.,1.));
#17881=DIRECTION('',(1.,0.,0.));
#17882=DIRECTION('',(-0.927510407402615,-0.373797330327325,0.));
#17883=DIRECTION('',(0.373797330327325,-0.927510407402615,0.));
#17884=DIRECTION('',(-0.927510407402615,-0.373797330327325,0.));
#17885=DIRECTION('',(-0.373797330327325,0.927510407402615,0.));
#17886=DIRECTION('',(-0.927510407402615,-0.373797330327325,0.));
#17887=DIRECTION('',(-0.373797330327325,0.927510407402615,0.));
#17888=DIRECTION('',(-0.373797330327325,0.927510407402615,0.));
#17889=DIRECTION('',(-0.373797330327325,0.927510407402615,0.));
#17890=DIRECTION('',(-0.927510407402615,-0.373797330327325,0.));
#17891=DIRECTION('',(-0.373797330327325,0.927510407402615,0.));
#17892=DIRECTION('',(-0.927510407402615,-0.373797330327325,0.));
#17893=DIRECTION('',(-0.373797330327325,0.927510407402615,0.));
#17894=DIRECTION('',(0.,0.,-1.));
#17895=DIRECTION('',(0.,0.,-1.));
#17896=DIRECTION('',(-1.,0.,0.));
#17897=DIRECTION('',(0.,0.,-1.));
#17898=DIRECTION('',(-1.,0.,0.));
#17899=DIRECTION('',(0.,0.,-1.));
#17900=DIRECTION('',(-1.,0.,0.));
#17901=DIRECTION('',(0.,0.,1.));
#17902=DIRECTION('',(1.,0.,0.));
#17903=DIRECTION('',(0.,0.,1.));
#17904=DIRECTION('',(1.,0.,0.));
#17905=DIRECTION('',(0.,0.,-1.));
#17906=DIRECTION('',(0.,-1.,0.));
#17907=DIRECTION('',(0.,0.,-1.));
#17908=DIRECTION('',(-1.,0.,0.));
#17909=DIRECTION('',(-1.,0.,0.));
#17910=DIRECTION('',(0.,0.,-1.));
#17911=DIRECTION('',(0.,0.,1.));
#17912=DIRECTION('',(1.,0.,0.));
#17913=DIRECTION('',(0.,1.,0.));
#17914=DIRECTION('',(-0.642787609686539,-0.766044443118978,0.));
#17915=DIRECTION('',(0.,-1.,0.));
#17916=DIRECTION('',(0.,0.,1.));
#17917=DIRECTION('',(1.,0.,0.));
#17918=DIRECTION('',(0.46947156278589,-0.882947592858927,0.));
#17919=DIRECTION('',(0.,0.,1.));
#17920=DIRECTION('',(1.,0.,0.));
#17921=DIRECTION('',(-0.642787609686539,-0.766044443118978,0.));
#17922=DIRECTION('',(0.,1.,0.));
#17923=DIRECTION('',(0.46947156278589,-0.882947592858927,0.));
#17924=DIRECTION('',(0.,0.,1.));
#17925=DIRECTION('',(1.,0.,0.));
#17926=DIRECTION('',(0.,-1.,0.));
#17927=DIRECTION('',(1.,0.,0.));
#17928=DIRECTION('',(0.,0.,-1.));
#17929=DIRECTION('',(0.,-1.,0.));
#17930=DIRECTION('',(1.,0.,0.));
#17931=DIRECTION('',(0.,0.,-1.));
#17932=DIRECTION('',(1.,0.,0.));
#17933=DIRECTION('',(0.,0.,-1.));
#17934=DIRECTION('',(0.,0.,-1.));
#17935=DIRECTION('',(1.,0.,0.));
#17936=DIRECTION('',(0.,0.,-1.));
#17937=DIRECTION('',(1.,0.,0.));
#17938=DIRECTION('',(0.,0.,-1.));
#17939=DIRECTION('',(0.,-1.,0.));
#17940=DIRECTION('',(0.,0.,-1.));
#17941=DIRECTION('',(0.,0.,-1.));
#17942=DIRECTION('',(0.,0.,-1.));
#17943=DIRECTION('',(0.,0.,-1.));
#17944=DIRECTION('',(-1.,0.,0.));
#17945=DIRECTION('',(0.,0.,-1.));
#17946=DIRECTION('',(0.882947592858927,0.46947156278589,0.));
#17947=DIRECTION('',(-0.46947156278589,0.882947592858927,0.));
#17948=DIRECTION('',(-1.,0.,0.));
#17949=DIRECTION('',(0.,0.,1.));
#17950=DIRECTION('',(0.,0.,-1.));
#17951=DIRECTION('',(-0.766044443118979,0.642787609686538,0.));
#17952=DIRECTION('',(-0.642787609686538,-0.766044443118979,0.));
#17953=DIRECTION('',(0.642787609686539,0.766044443118978,0.));
#17954=DIRECTION('',(0.,0.,-1.));
#17955=DIRECTION('',(0.642787609686539,0.766044443118978,0.));
#17956=DIRECTION('',(0.,0.,-1.));
#17957=DIRECTION('',(-1.,0.,0.));
#17958=DIRECTION('',(0.,0.,1.));
#17959=DIRECTION('',(1.,0.,0.));
#17960=DIRECTION('',(0.,0.,-1.));
#17961=DIRECTION('',(0.,0.,1.));
#17962=DIRECTION('',(1.,0.,0.));
#17963=DIRECTION('',(-0.927510407402615,-0.373797330327325,0.));
#17964=DIRECTION('',(0.373797330327325,-0.927510407402615,0.));
#17965=DIRECTION('',(-0.927510407402615,-0.373797330327325,0.));
#17966=DIRECTION('',(-0.373797330327325,0.927510407402615,0.));
#17967=DIRECTION('',(-0.927510407402615,-0.373797330327325,0.));
#17968=DIRECTION('',(-0.373797330327325,0.927510407402615,0.));
#17969=DIRECTION('',(-0.373797330327325,0.927510407402615,0.));
#17970=DIRECTION('',(-0.373797330327325,0.927510407402615,0.));
#17971=DIRECTION('',(-0.927510407402615,-0.373797330327325,0.));
#17972=DIRECTION('',(-0.373797330327325,0.927510407402615,0.));
#17973=DIRECTION('',(-0.927510407402615,-0.373797330327325,0.));
#17974=DIRECTION('',(-0.373797330327325,0.927510407402615,0.));
#17975=DIRECTION('',(0.,0.,-1.));
#17976=DIRECTION('',(0.,0.,-1.));
#17977=DIRECTION('',(-1.,0.,0.));
#17978=DIRECTION('',(0.,0.,-1.));
#17979=DIRECTION('',(-1.,0.,0.));
#17980=DIRECTION('',(0.,0.,-1.));
#17981=DIRECTION('',(-1.,0.,0.));
#17982=DIRECTION('',(0.,0.,1.));
#17983=DIRECTION('',(1.,0.,0.));
#17984=DIRECTION('',(0.,0.,1.));
#17985=DIRECTION('',(1.,0.,0.));
#17986=DIRECTION('',(0.,0.,-1.));
#17987=DIRECTION('',(0.,-1.,0.));
#17988=DIRECTION('',(0.,0.,-1.));
#17989=DIRECTION('',(-1.,0.,0.));
#17990=DIRECTION('',(-1.,0.,0.));
#17991=DIRECTION('',(0.,0.,-1.));
#17992=DIRECTION('',(0.,0.,1.));
#17993=DIRECTION('',(1.,0.,0.));
#17994=DIRECTION('',(0.,1.,0.));
#17995=DIRECTION('',(-0.642787609686539,-0.766044443118978,0.));
#17996=DIRECTION('',(0.,-1.,0.));
#17997=DIRECTION('',(0.,0.,1.));
#17998=DIRECTION('',(1.,0.,0.));
#17999=DIRECTION('',(0.46947156278589,-0.882947592858927,0.));
#18000=DIRECTION('',(0.,0.,1.));
#18001=DIRECTION('',(1.,0.,0.));
#18002=DIRECTION('',(-0.642787609686539,-0.766044443118978,0.));
#18003=DIRECTION('',(0.,1.,0.));
#18004=DIRECTION('',(0.46947156278589,-0.882947592858927,0.));
#18005=DIRECTION('',(0.,0.,1.));
#18006=DIRECTION('',(1.,0.,0.));
#18007=DIRECTION('',(0.,-1.,0.));
#18008=DIRECTION('',(1.,0.,0.));
#18009=DIRECTION('',(0.,0.,-1.));
#18010=DIRECTION('',(0.,-1.,0.));
#18011=DIRECTION('',(1.,0.,0.));
#18012=DIRECTION('',(0.,0.,-1.));
#18013=DIRECTION('',(1.,0.,0.));
#18014=DIRECTION('',(0.,0.,-1.));
#18015=DIRECTION('',(0.,0.,-1.));
#18016=DIRECTION('',(1.,0.,0.));
#18017=DIRECTION('',(0.,0.,-1.));
#18018=DIRECTION('',(1.,0.,0.));
#18019=DIRECTION('',(0.,0.,-1.));
#18020=DIRECTION('',(0.,-1.,0.));
#18021=DIRECTION('',(0.,0.,-1.));
#18022=DIRECTION('',(0.,0.,-1.));
#18023=DIRECTION('',(0.,0.,-1.));
#18024=DIRECTION('',(0.,0.,-1.));
#18025=DIRECTION('',(-1.,0.,0.));
#18026=DIRECTION('',(0.,0.,-1.));
#18027=DIRECTION('',(0.882947592858927,0.46947156278589,0.));
#18028=DIRECTION('',(-0.46947156278589,0.882947592858927,0.));
#18029=DIRECTION('',(-1.,0.,0.));
#18030=DIRECTION('',(0.,0.,1.));
#18031=DIRECTION('',(0.,0.,-1.));
#18032=DIRECTION('',(-0.766044443118979,0.642787609686538,0.));
#18033=DIRECTION('',(-0.642787609686538,-0.766044443118979,0.));
#18034=DIRECTION('',(0.642787609686539,0.766044443118978,0.));
#18035=DIRECTION('',(0.,0.,-1.));
#18036=DIRECTION('',(0.642787609686539,0.766044443118978,0.));
#18037=DIRECTION('',(0.,0.,-1.));
#18038=DIRECTION('',(-1.,0.,0.));
#18039=DIRECTION('',(0.,0.,1.));
#18040=DIRECTION('',(1.,0.,0.));
#18041=DIRECTION('',(0.,0.,-1.));
#18042=DIRECTION('',(0.,0.,1.));
#18043=DIRECTION('',(1.,0.,0.));
#18044=DIRECTION('',(-0.927510407402615,-0.373797330327325,0.));
#18045=DIRECTION('',(0.373797330327325,-0.927510407402615,0.));
#18046=DIRECTION('',(-0.927510407402615,-0.373797330327325,0.));
#18047=DIRECTION('',(-0.373797330327325,0.927510407402615,0.));
#18048=DIRECTION('',(-0.927510407402615,-0.373797330327325,0.));
#18049=DIRECTION('',(-0.373797330327325,0.927510407402615,0.));
#18050=DIRECTION('',(-0.373797330327325,0.927510407402615,0.));
#18051=DIRECTION('',(-0.373797330327325,0.927510407402615,0.));
#18052=DIRECTION('',(-0.927510407402615,-0.373797330327325,0.));
#18053=DIRECTION('',(-0.373797330327325,0.927510407402615,0.));
#18054=DIRECTION('',(-0.927510407402615,-0.373797330327325,0.));
#18055=DIRECTION('',(-0.373797330327325,0.927510407402615,0.));
#18056=DIRECTION('',(0.,0.,-1.));
#18057=DIRECTION('',(0.,0.,-1.));
#18058=DIRECTION('',(-1.,0.,0.));
#18059=DIRECTION('',(0.,0.,-1.));
#18060=DIRECTION('',(-1.,0.,0.));
#18061=DIRECTION('',(0.,0.,1.));
#18062=DIRECTION('',(1.,0.,0.));
#18063=DIRECTION('',(-1.,0.,0.));
#18064=DIRECTION('',(0.,0.,1.));
#18065=DIRECTION('',(1.,0.,0.));
#18066=DIRECTION('',(-1.,0.,0.));
#18067=DIRECTION('',(0.,0.,1.));
#18068=DIRECTION('',(1.,0.,0.));
#18069=DIRECTION('',(-1.,0.,0.));
#18070=DIRECTION('',(0.,0.,1.));
#18071=DIRECTION('',(1.,0.,0.));
#18072=DIRECTION('',(-1.,0.,0.));
#18073=DIRECTION('',(0.,0.,1.));
#18074=DIRECTION('',(1.,0.,0.));
#18075=DIRECTION('',(-1.,0.,0.));
#18076=DIRECTION('',(0.,0.,1.));
#18077=DIRECTION('',(1.,0.,0.));
#18078=DIRECTION('',(-1.,0.,0.));
#18079=DIRECTION('',(0.,0.,1.));
#18080=DIRECTION('',(1.,0.,0.));
#18081=DIRECTION('',(-1.,0.,0.));
#18082=DIRECTION('',(0.,0.,1.));
#18083=DIRECTION('',(1.,0.,0.));
#18084=DIRECTION('',(-1.,0.,0.));
#18085=DIRECTION('',(-1.,0.,0.));
#18086=DIRECTION('',(0.,0.,1.));
#18087=DIRECTION('',(-1.,0.,0.));
#18088=DIRECTION('',(-1.,0.,0.));
#18089=DIRECTION('',(-1.,0.,0.));
#18090=DIRECTION('',(0.,0.,1.));
#18091=DIRECTION('',(-1.,0.,0.));
#18092=DIRECTION('',(-1.,0.,0.));
#18093=DIRECTION('',(0.,0.,1.));
#18094=DIRECTION('',(-1.,0.,0.));
#18095=DIRECTION('',(-1.,0.,0.));
#18096=DIRECTION('',(0.,0.,1.));
#18097=DIRECTION('',(-1.,0.,0.));
#18098=DIRECTION('',(0.,0.,1.));
#18099=DIRECTION('',(-1.,0.,0.));
#18100=DIRECTION('',(0.,0.,1.));
#18101=DIRECTION('',(-1.,0.,0.));
#18102=DIRECTION('',(-1.,0.,0.));
#18103=DIRECTION('',(-1.,0.,0.));
#18104=DIRECTION('',(0.,0.,1.));
#18105=DIRECTION('',(-1.,0.,0.));
#18106=DIRECTION('',(-1.,0.,0.));
#18107=DIRECTION('',(0.,0.,1.));
#18108=DIRECTION('',(-1.,0.,0.));
#18109=DIRECTION('',(-1.,0.,0.));
#18110=DIRECTION('',(0.,0.,1.));
#18111=DIRECTION('',(-1.,0.,0.));
#18112=DIRECTION('',(0.,0.,1.));
#18113=DIRECTION('',(-1.,0.,0.));
#18114=DIRECTION('',(0.,0.,1.));
#18115=DIRECTION('',(-1.,0.,0.));
#18116=DIRECTION('',(-1.,0.,0.));
#18117=DIRECTION('',(-1.,0.,0.));
#18118=DIRECTION('',(0.,0.,1.));
#18119=DIRECTION('',(-1.,0.,0.));
#18120=DIRECTION('',(-1.,0.,0.));
#18121=DIRECTION('',(0.,0.,1.));
#18122=DIRECTION('',(-1.,0.,0.));
#18123=DIRECTION('',(-1.,0.,0.));
#18124=DIRECTION('',(0.,0.,1.));
#18125=DIRECTION('',(-1.,0.,0.));
#18126=DIRECTION('',(0.,0.,1.));
#18127=DIRECTION('',(-1.,0.,0.));
#18128=DIRECTION('',(0.,0.,1.));
#18129=DIRECTION('',(-1.,0.,0.));
#18130=DIRECTION('',(-1.,0.,0.));
#18131=DIRECTION('',(-1.,0.,0.));
#18132=DIRECTION('',(0.,0.,1.));
#18133=DIRECTION('',(-1.,0.,0.));
#18134=DIRECTION('',(-1.,0.,0.));
#18135=DIRECTION('',(0.,0.,1.));
#18136=DIRECTION('',(-1.,0.,0.));
#18137=DIRECTION('',(-1.,0.,0.));
#18138=DIRECTION('',(0.,0.,1.));
#18139=DIRECTION('',(-1.,0.,0.));
#18140=DIRECTION('',(0.,0.,1.));
#18141=DIRECTION('',(-0.460537381048723,-0.887640310405506,0.));
#18142=DIRECTION('',(0.887640310405506,-0.460537381048723,0.));
#18143=DIRECTION('',(0.,0.,-1.));
#18144=DIRECTION('',(-0.887640310405506,0.460537381048723,0.));
#18145=DIRECTION('',(0.,0.,-1.));
#18146=DIRECTION('',(1.,0.,0.));
#18147=DIRECTION('',(0.,0.,-1.));
#18148=DIRECTION('',(0.,0.,-1.));
#18149=DIRECTION('',(0.,-1.,0.));
#18150=DIRECTION('',(0.,1.,0.));
#18151=DIRECTION('',(0.,0.,1.));
#18152=DIRECTION('',(0.,0.,-1.));
#18153=DIRECTION('',(1.,0.,0.));
#18154=DIRECTION('',(-1.,-2.03287907341032E-16,0.));
#18155=DIRECTION('',(2.03287907341032E-16,-1.,0.));
#18156=DIRECTION('',(0.,0.,-1.));
#18157=DIRECTION('',(-2.03287907341032E-16,1.,0.));
#18158=DIRECTION('',(0.,-1.,0.));
#18159=DIRECTION('',(0.,0.,-1.));
#18160=DIRECTION('',(-1.,0.,0.));
#18161=DIRECTION('',(0.,0.,1.));
#18162=DIRECTION('',(1.,0.,0.));
#18163=DIRECTION('',(0.,0.,-1.));
#18164=DIRECTION('',(-1.,0.,0.));
#18165=DIRECTION('',(0.,0.,1.));
#18166=DIRECTION('',(1.,0.,0.));
#18167=DIRECTION('',(0.,0.,1.));
#18168=DIRECTION('',(1.,0.,0.));
#18169=DIRECTION('',(0.,0.,-1.));
#18170=DIRECTION('',(-1.,0.,0.));
#18171=DIRECTION('',(0.,0.,-1.));
#18172=DIRECTION('',(0.,0.,1.));
#18173=DIRECTION('',(1.,0.,0.));
#18174=DIRECTION('',(0.,0.,-1.));
#18175=DIRECTION('',(1.,0.,0.));
#18176=DIRECTION('',(0.,0.,-1.));
#18177=DIRECTION('',(0.,0.,-1.));
#18178=DIRECTION('',(0.,-1.,0.));
#18179=DIRECTION('',(0.,1.,0.));
#18180=DIRECTION('',(0.,0.,1.));
#18181=DIRECTION('',(0.,0.,-1.));
#18182=DIRECTION('',(1.,0.,0.));
#18183=DIRECTION('',(0.,0.,-1.));
#18184=DIRECTION('',(-1.,0.,0.));
#18185=DIRECTION('',(0.,0.,-1.));
#18186=DIRECTION('',(0.,0.,1.));
#18187=DIRECTION('',(1.,0.,0.));
#18188=DIRECTION('',(-1.,0.,0.));
#18189=DIRECTION('',(0.,0.,1.));
#18190=DIRECTION('',(0.,0.,-1.));
#18191=DIRECTION('',(0.,1.,0.));
#18192=DIRECTION('',(0.,0.,-1.));
#18193=DIRECTION('',(-1.,0.,0.));
#18194=DIRECTION('',(0.,0.,-1.));
#18195=DIRECTION('',(0.,0.,1.));
#18196=DIRECTION('',(1.,0.,0.));
#18197=DIRECTION('',(0.707106781186549,-0.707106781186547,0.));
#18198=DIRECTION('',(0.707106781186546,0.707106781186549,0.));
#18199=DIRECTION('',(-0.707106781186546,-0.707106781186549,0.));
#18200=DIRECTION('',(0.,0.,1.));
#18201=DIRECTION('',(1.,0.,0.));
#18202=CARTESIAN_POINT('',(0.,0.,0.));
#18203=CARTESIAN_POINT('',(-10.15,0.300000000000002,14.));
#18204=CARTESIAN_POINT('',(-7.4,5.4,14.));
#18205=CARTESIAN_POINT('',(-6.95,5.4,14.));
#18206=CARTESIAN_POINT('',(-9.45,0.300000000000002,14.));
#18207=CARTESIAN_POINT('',(-9.45,8.9,14.));
#18208=CARTESIAN_POINT('',(-9.45,11.9973174555522,14.));
#18209=CARTESIAN_POINT('',(-10.15,8.9,14.));
#18210=CARTESIAN_POINT('',(-10.0427050983125,8.9,14.));
#18211=CARTESIAN_POINT('',(-10.0427050983125,8.9,14.));
#18212=CARTESIAN_POINT('',(-10.0427050983125,11.2909590252894,14.));
#18213=CARTESIAN_POINT('',(-7.43992103548919,14.392836282906,14.));
#18214=CARTESIAN_POINT('',(-10.0456925097228,11.2873987670085,14.));
#18215=CARTESIAN_POINT('',(-10.0456925097228,8.9,14.));
#18216=CARTESIAN_POINT('',(-10.0456925097228,8.9,14.));
#18217=CARTESIAN_POINT('',(-10.15,8.9,14.));
#18218=CARTESIAN_POINT('',(-10.45,8.9,14.));
#18219=CARTESIAN_POINT('',(-10.45,10.8055638629579,14.));
#18220=CARTESIAN_POINT('',(-10.45,0.300000000000001,14.));
#18221=CARTESIAN_POINT('',(-10.15,0.300000000000002,14.));
#18222=CARTESIAN_POINT('',(-10.15,4.87890977618477E-16,14.));
#18223=CARTESIAN_POINT('',(-10.15,0.,14.));
#18224=CARTESIAN_POINT('',(2.,0.,14.));
#18225=CARTESIAN_POINT('',(2.,0.3,14.));
#18226=CARTESIAN_POINT('',(2.3,0.3,14.));
#18227=CARTESIAN_POINT('',(2.3,0.3,14.));
#18228=CARTESIAN_POINT('',(2.3,14.2,14.));
#18229=CARTESIAN_POINT('',(2.,14.2,14.));
#18230=CARTESIAN_POINT('',(2.,14.5,14.));
#18231=CARTESIAN_POINT('',(2.,14.5,14.));
#18232=CARTESIAN_POINT('',(-7.2101077025535,14.5,14.));
#18233=CARTESIAN_POINT('',(-7.21010770255349,14.2,14.));
#18234=CARTESIAN_POINT('',(-7.4399210354892,14.392836282906,14.));
#18235=CARTESIAN_POINT('',(-7.43992103548919,14.392836282906,14.));
#18236=CARTESIAN_POINT('',(-2.35,9.1839,14.));
#18237=CARTESIAN_POINT('',(-2.35,9.1839,14.));
#18238=CARTESIAN_POINT('',(-2.35,7.45,14.));
#18239=CARTESIAN_POINT('',(-0.55,8.25,14.));
#18240=CARTESIAN_POINT('',(-0.55,8.25,14.));
#18241=CARTESIAN_POINT('',(0.2,8.25,14.));
#18242=CARTESIAN_POINT('',(0.200000000000001,8.25,14.));
#18243=CARTESIAN_POINT('',(0.2,7.45,14.));
#18244=CARTESIAN_POINT('',(0.2,7.45,14.));
#18245=CARTESIAN_POINT('',(-2.35,7.45,14.));
#18246=CARTESIAN_POINT('',(-5.85,4.24939033455901,14.));
#18247=CARTESIAN_POINT('',(-5.85,4.24939033455901,14.));
#18248=CARTESIAN_POINT('',(-5.85,3.45,14.));
#18249=CARTESIAN_POINT('',(-4.25,4.24939033455901,14.));
#18250=CARTESIAN_POINT('',(-5.38137084989848,5.38076118445749,14.));
#18251=CARTESIAN_POINT('',(-5.10606601717798,5.65606601717798,14.));
#18252=CARTESIAN_POINT('',(-5.10606601717798,5.65606601717798,14.));
#18253=CARTESIAN_POINT('',(-5.,5.55,14.));
#18254=CARTESIAN_POINT('',(-4.85,5.55,14.));
#18255=CARTESIAN_POINT('',(-4.85,3.95,14.));
#18256=CARTESIAN_POINT('',(-4.85,3.95,14.));
#18257=CARTESIAN_POINT('',(-5.35,3.95,14.));
#18258=CARTESIAN_POINT('',(-5.35,3.45,14.));
#18259=CARTESIAN_POINT('',(-5.85,3.45,14.));
#18260=CARTESIAN_POINT('',(-10.35,10.7751358315672,-1.5));
#18261=CARTESIAN_POINT('',(-10.35,8.9,-1.5));
#18262=CARTESIAN_POINT('',(-10.35,8.9,0.));
#18263=CARTESIAN_POINT('',(-10.35,8.9,-0.25));
#18264=CARTESIAN_POINT('',(-10.35,8.9,-0.25));
#18265=CARTESIAN_POINT('',(-10.35,10.7751358315672,-0.25));
#18266=CARTESIAN_POINT('',(-10.35,10.7751358315672,-1.5));
#18267=CARTESIAN_POINT('',(-10.35,10.7751358315672,-1.5));
#18268=CARTESIAN_POINT('',(-10.35,10.7751358315672,-1.5));
#18269=CARTESIAN_POINT('',(-10.35,0.400000000000001,-1.5));
#18270=CARTESIAN_POINT('',(-10.35,0.400000000000001,-1.5));
#18271=CARTESIAN_POINT('',(-10.35,0.400000000000001,0.));
#18272=CARTESIAN_POINT('',(-10.35,10.7751358315672,0.));
#18273=CARTESIAN_POINT('',(-10.35,2.15,0.));
#18274=CARTESIAN_POINT('',(-10.35,10.7751358315672,0.));
#18275=CARTESIAN_POINT('',(-10.15,0.300000000000002,0.));
#18276=CARTESIAN_POINT('',(-8.6,2.15,0.));
#18277=CARTESIAN_POINT('',(-10.45,2.15,0.));
#18278=CARTESIAN_POINT('',(-10.05,0.400000000000002,0.));
#18279=CARTESIAN_POINT('',(-10.05,0.1,0.));
#18280=CARTESIAN_POINT('',(-10.05,0.1,0.));
#18281=CARTESIAN_POINT('',(-9.85,0.0999999999999998,0.));
#18282=CARTESIAN_POINT('',(-9.85,1.2,0.));
#18283=CARTESIAN_POINT('',(-9.85,0.,0.));
#18284=CARTESIAN_POINT('',(-10.15,0.,0.));
#18285=CARTESIAN_POINT('',(-10.15,4.87890977618477E-16,0.));
#18286=CARTESIAN_POINT('',(-10.15,0.300000000000002,0.));
#18287=CARTESIAN_POINT('',(-10.45,0.300000000000001,0.));
#18288=CARTESIAN_POINT('',(-10.45,10.8055638629579,0.));
#18289=CARTESIAN_POINT('',(-10.15,0.300000000000002,0.));
#18290=CARTESIAN_POINT('',(-7.69999999999999,1.1,0.));
#18291=CARTESIAN_POINT('',(-8.45,0.1,0.));
#18292=CARTESIAN_POINT('',(-8.2937171043519,0.,0.));
#18293=CARTESIAN_POINT('',(-10.05,0.1,0.));
#18294=CARTESIAN_POINT('',(-6.95,0.1,0.));
#18295=CARTESIAN_POINT('',(-7.7,1.1,0.));
#18296=CARTESIAN_POINT('',(-7.1062828956481,0.,0.));
#18297=CARTESIAN_POINT('',(-10.15,0.,0.));
#18298=CARTESIAN_POINT('',(-10.15,0.300000000000002,0.));
#18299=CARTESIAN_POINT('',(1.5,0.,0.));
#18300=CARTESIAN_POINT('',(1.5,0.,0.));
#18301=CARTESIAN_POINT('',(1.5,0.1,0.));
#18302=CARTESIAN_POINT('',(-4.5,0.1,0.));
#18303=CARTESIAN_POINT('',(1.9,0.1,0.));
#18304=CARTESIAN_POINT('',(1.9,0.4,0.));
#18305=CARTESIAN_POINT('',(2.2,0.4,0.));
#18306=CARTESIAN_POINT('',(2.2,0.4,0.));
#18307=CARTESIAN_POINT('',(2.2,1.93588989435407,0.));
#18308=CARTESIAN_POINT('',(1.3,1.5,0.));
#18309=CARTESIAN_POINT('',(2.3,1.5,0.));
#18310=CARTESIAN_POINT('',(2.3,0.3,0.));
#18311=CARTESIAN_POINT('',(2.3,0.3,0.));
#18312=CARTESIAN_POINT('',(2.,0.3,0.));
#18313=CARTESIAN_POINT('',(2.,0.,0.));
#18314=CARTESIAN_POINT('',(-10.15,0.,0.));
#18315=CARTESIAN_POINT('',(-10.15,0.300000000000002,0.));
#18316=CARTESIAN_POINT('',(1.4,10.85,0.));
#18317=CARTESIAN_POINT('',(2.2,9.88953136438507,0.));
#18318=CARTESIAN_POINT('',(2.3,9.98253242135513,0.));
#18319=CARTESIAN_POINT('',(2.2,0.4,0.));
#18320=CARTESIAN_POINT('',(2.2,11.8104686356149,0.));
#18321=CARTESIAN_POINT('',(1.4,10.85,0.));
#18322=CARTESIAN_POINT('',(2.3,11.7174675786449,0.));
#18323=CARTESIAN_POINT('',(2.3,0.3,0.));
#18324=CARTESIAN_POINT('',(-10.15,0.300000000000002,0.));
#18325=CARTESIAN_POINT('',(2.3,13.9,0.));
#18326=CARTESIAN_POINT('',(2.3,13.9,0.));
#18327=CARTESIAN_POINT('',(2.2,13.9,0.));
#18328=CARTESIAN_POINT('',(2.2,0.4,0.));
#18329=CARTESIAN_POINT('',(2.2,14.1,0.));
#18330=CARTESIAN_POINT('',(1.9,14.1,0.));
#18331=CARTESIAN_POINT('',(1.9,14.4,0.));
#18332=CARTESIAN_POINT('',(1.9,14.4,0.));
#18333=CARTESIAN_POINT('',(0.0600000000000009,14.4,0.));
#18334=CARTESIAN_POINT('',(-0.1,14.,0.));
#18335=CARTESIAN_POINT('',(0.1,14.5,0.));
#18336=CARTESIAN_POINT('',(2.,14.5,0.));
#18337=CARTESIAN_POINT('',(2.,14.5,0.));
#18338=CARTESIAN_POINT('',(2.,14.2,0.));
#18339=CARTESIAN_POINT('',(2.3,14.2,0.));
#18340=CARTESIAN_POINT('',(2.3,0.3,0.));
#18341=CARTESIAN_POINT('',(2.,14.5,14.));
#18342=CARTESIAN_POINT('',(-2.3,14.5,7.3));
#18343=CARTESIAN_POINT('',(-2.3,14.5,7.2));
#18344=CARTESIAN_POINT('',(-2.3,14.5,7.));
#18345=CARTESIAN_POINT('',(0.1,14.5,7.));
#18346=CARTESIAN_POINT('',(0.1,14.5,7.));
#18347=CARTESIAN_POINT('',(0.1,14.5,7.3));
#18348=CARTESIAN_POINT('',(0.1,14.5,7.2));
#18349=CARTESIAN_POINT('',(0.0999999999999998,14.5,7.8));
#18350=CARTESIAN_POINT('',(0.7,14.5,7.8));
#18351=CARTESIAN_POINT('',(0.7,14.5,9.5));
#18352=CARTESIAN_POINT('',(0.7,14.5,9.5));
#18353=CARTESIAN_POINT('',(0.0999999999999995,14.5,9.5));
#18354=CARTESIAN_POINT('',(0.1,14.5,10.1));
#18355=CARTESIAN_POINT('',(-2.3,14.5,10.1));
#18356=CARTESIAN_POINT('',(-2.3,14.5,10.1));
#18357=CARTESIAN_POINT('',(-2.3,14.5,9.5));
#18358=CARTESIAN_POINT('',(-2.9,14.5,9.5));
#18359=CARTESIAN_POINT('',(-2.9,14.5,9.4));
#18360=CARTESIAN_POINT('',(-2.9,14.5,9.4));
#18361=CARTESIAN_POINT('',(-3.05,14.5,9.4));
#18362=CARTESIAN_POINT('',(-3.05,14.5,9.25));
#18363=CARTESIAN_POINT('',(-4.1,14.5,9.25));
#18364=CARTESIAN_POINT('',(-4.1,14.5,9.25));
#18365=CARTESIAN_POINT('',(-4.1,14.5,8.95));
#18366=CARTESIAN_POINT('',(-4.4,14.5,8.95));
#18367=CARTESIAN_POINT('',(-4.4,14.5,8.35));
#18368=CARTESIAN_POINT('',(-4.4,14.5,8.35));
#18369=CARTESIAN_POINT('',(-4.1,14.5,8.35));
#18370=CARTESIAN_POINT('',(-4.1,14.5,8.05));
#18371=CARTESIAN_POINT('',(-3.05,14.5,8.05));
#18372=CARTESIAN_POINT('',(-3.05,14.5,8.05));
#18373=CARTESIAN_POINT('',(-3.05,14.5,7.9));
#18374=CARTESIAN_POINT('',(-2.9,14.5,7.9));
#18375=CARTESIAN_POINT('',(-2.9,14.5,7.8));
#18376=CARTESIAN_POINT('',(-2.9,14.5,7.8));
#18377=CARTESIAN_POINT('',(-2.3,14.5,7.8));
#18378=CARTESIAN_POINT('',(-2.3,14.5,0.3));
#18379=CARTESIAN_POINT('',(-2.3,14.5,0.2));
#18380=CARTESIAN_POINT('',(-2.3,14.5,0.));
#18381=CARTESIAN_POINT('',(2.,14.5,0.));
#18382=CARTESIAN_POINT('',(-7.2101077025535,14.5,0.));
#18383=CARTESIAN_POINT('',(-7.2101077025535,14.5,14.));
#18384=CARTESIAN_POINT('',(2.,14.5,14.));
#18385=CARTESIAN_POINT('',(0.1,14.5,0.3));
#18386=CARTESIAN_POINT('',(0.1,14.5,0.2));
#18387=CARTESIAN_POINT('',(0.0999999999999998,14.5,0.8));
#18388=CARTESIAN_POINT('',(0.7,14.5,0.8));
#18389=CARTESIAN_POINT('',(0.7,14.5,2.5));
#18390=CARTESIAN_POINT('',(0.7,14.5,2.5));
#18391=CARTESIAN_POINT('',(0.0999999999999995,14.5,2.5));
#18392=CARTESIAN_POINT('',(0.1,14.5,3.1));
#18393=CARTESIAN_POINT('',(-2.3,14.5,3.1));
#18394=CARTESIAN_POINT('',(-2.3,14.5,3.1));
#18395=CARTESIAN_POINT('',(-2.3,14.5,2.5));
#18396=CARTESIAN_POINT('',(-2.9,14.5,2.5));
#18397=CARTESIAN_POINT('',(-2.9,14.5,2.4));
#18398=CARTESIAN_POINT('',(-2.9,14.5,2.4));
#18399=CARTESIAN_POINT('',(-3.05,14.5,2.4));
#18400=CARTESIAN_POINT('',(-3.05,14.5,2.25));
#18401=CARTESIAN_POINT('',(-4.1,14.5,2.25));
#18402=CARTESIAN_POINT('',(-4.1,14.5,2.25));
#18403=CARTESIAN_POINT('',(-4.1,14.5,1.95));
#18404=CARTESIAN_POINT('',(-4.4,14.5,1.95));
#18405=CARTESIAN_POINT('',(-4.4,14.5,1.35));
#18406=CARTESIAN_POINT('',(-4.4,14.5,1.35));
#18407=CARTESIAN_POINT('',(-4.1,14.5,1.35));
#18408=CARTESIAN_POINT('',(-4.1,14.5,1.05));
#18409=CARTESIAN_POINT('',(-3.05,14.5,1.05));
#18410=CARTESIAN_POINT('',(-3.05,14.5,1.05));
#18411=CARTESIAN_POINT('',(-3.05,14.5,0.9));
#18412=CARTESIAN_POINT('',(-2.9,14.5,0.9));
#18413=CARTESIAN_POINT('',(-2.9,14.5,0.8));
#18414=CARTESIAN_POINT('',(-2.9,14.5,0.8));
#18415=CARTESIAN_POINT('',(-2.3,14.5,0.799999999999999));
#18416=CARTESIAN_POINT('',(-2.3,14.5,10.8));
#18417=CARTESIAN_POINT('',(-2.3,14.5,10.7));
#18418=CARTESIAN_POINT('',(-2.3,14.5,10.5));
#18419=CARTESIAN_POINT('',(0.1,14.5,10.5));
#18420=CARTESIAN_POINT('',(0.1,14.5,10.5));
#18421=CARTESIAN_POINT('',(0.1,14.5,10.8));
#18422=CARTESIAN_POINT('',(0.1,14.5,10.7));
#18423=CARTESIAN_POINT('',(0.0999999999999998,14.5,11.3));
#18424=CARTESIAN_POINT('',(0.7,14.5,11.3));
#18425=CARTESIAN_POINT('',(0.7,14.5,13.));
#18426=CARTESIAN_POINT('',(0.7,14.5,13.));
#18427=CARTESIAN_POINT('',(0.0999999999999995,14.5,13.));
#18428=CARTESIAN_POINT('',(0.1,14.5,13.6));
#18429=CARTESIAN_POINT('',(-2.3,14.5,13.6));
#18430=CARTESIAN_POINT('',(-2.3,14.5,13.6));
#18431=CARTESIAN_POINT('',(-2.3,14.5,13.));
#18432=CARTESIAN_POINT('',(-2.9,14.5,13.));
#18433=CARTESIAN_POINT('',(-2.9,14.5,12.9));
#18434=CARTESIAN_POINT('',(-2.9,14.5,12.9));
#18435=CARTESIAN_POINT('',(-3.05,14.5,12.9));
#18436=CARTESIAN_POINT('',(-3.05,14.5,12.75));
#18437=CARTESIAN_POINT('',(-4.1,14.5,12.75));
#18438=CARTESIAN_POINT('',(-4.1,14.5,12.75));
#18439=CARTESIAN_POINT('',(-4.1,14.5,12.45));
#18440=CARTESIAN_POINT('',(-4.4,14.5,12.45));
#18441=CARTESIAN_POINT('',(-4.4,14.5,11.85));
#18442=CARTESIAN_POINT('',(-4.4,14.5,11.85));
#18443=CARTESIAN_POINT('',(-4.1,14.5,11.85));
#18444=CARTESIAN_POINT('',(-4.1,14.5,11.55));
#18445=CARTESIAN_POINT('',(-3.05,14.5,11.55));
#18446=CARTESIAN_POINT('',(-3.05,14.5,11.55));
#18447=CARTESIAN_POINT('',(-3.05,14.5,11.4));
#18448=CARTESIAN_POINT('',(-2.9,14.5,11.4));
#18449=CARTESIAN_POINT('',(-2.9,14.5,11.3));
#18450=CARTESIAN_POINT('',(-2.9,14.5,11.3));
#18451=CARTESIAN_POINT('',(-2.3,14.5,11.3));
#18452=CARTESIAN_POINT('',(-2.3,14.5,3.8));
#18453=CARTESIAN_POINT('',(-2.3,14.5,3.7));
#18454=CARTESIAN_POINT('',(-2.3,14.5,3.5));
#18455=CARTESIAN_POINT('',(0.1,14.5,3.5));
#18456=CARTESIAN_POINT('',(0.1,14.5,3.5));
#18457=CARTESIAN_POINT('',(0.1,14.5,3.8));
#18458=CARTESIAN_POINT('',(0.1,14.5,3.7));
#18459=CARTESIAN_POINT('',(0.0999999999999998,14.5,4.3));
#18460=CARTESIAN_POINT('',(0.7,14.5,4.3));
#18461=CARTESIAN_POINT('',(0.7,14.5,6.));
#18462=CARTESIAN_POINT('',(0.7,14.5,6.));
#18463=CARTESIAN_POINT('',(0.0999999999999995,14.5,6.));
#18464=CARTESIAN_POINT('',(0.1,14.5,6.6));
#18465=CARTESIAN_POINT('',(-2.3,14.5,6.6));
#18466=CARTESIAN_POINT('',(-2.3,14.5,6.6));
#18467=CARTESIAN_POINT('',(-2.3,14.5,6.));
#18468=CARTESIAN_POINT('',(-2.9,14.5,6.));
#18469=CARTESIAN_POINT('',(-2.9,14.5,5.9));
#18470=CARTESIAN_POINT('',(-2.9,14.5,5.9));
#18471=CARTESIAN_POINT('',(-3.05,14.5,5.9));
#18472=CARTESIAN_POINT('',(-3.05,14.5,5.75));
#18473=CARTESIAN_POINT('',(-4.1,14.5,5.75));
#18474=CARTESIAN_POINT('',(-4.1,14.5,5.75));
#18475=CARTESIAN_POINT('',(-4.1,14.5,5.45));
#18476=CARTESIAN_POINT('',(-4.4,14.5,5.45));
#18477=CARTESIAN_POINT('',(-4.4,14.5,4.85));
#18478=CARTESIAN_POINT('',(-4.4,14.5,4.85));
#18479=CARTESIAN_POINT('',(-4.1,14.5,4.85));
#18480=CARTESIAN_POINT('',(-4.1,14.5,4.55));
#18481=CARTESIAN_POINT('',(-3.05,14.5,4.55));
#18482=CARTESIAN_POINT('',(-3.05,14.5,4.55));
#18483=CARTESIAN_POINT('',(-3.05,14.5,4.4));
#18484=CARTESIAN_POINT('',(-2.9,14.5,4.4));
#18485=CARTESIAN_POINT('',(-2.9,14.5,4.3));
#18486=CARTESIAN_POINT('',(-2.9,14.5,4.3));
#18487=CARTESIAN_POINT('',(-2.3,14.5,4.3));
#18488=CARTESIAN_POINT('',(0.1,12.5,10.7));
#18489=CARTESIAN_POINT('',(-1.27931034482759,11.948275862069,10.7));
#18490=CARTESIAN_POINT('',(-2.1,14.,10.7));
#18491=CARTESIAN_POINT('',(-2.3,12.5,10.7));
#18492=CARTESIAN_POINT('',(-2.3,12.5,10.7));
#18493=CARTESIAN_POINT('',(0.1,12.5,10.7));
#18494=CARTESIAN_POINT('',(-2.1,12.5,10.7));
#18495=CARTESIAN_POINT('',(-2.1,12.5,10.7));
#18496=CARTESIAN_POINT('',(0.1,12.5,10.7));
#18497=CARTESIAN_POINT('',(-0.1,12.5,10.7));
#18498=CARTESIAN_POINT('',(-0.1,12.5,10.7));
#18499=CARTESIAN_POINT('',(-0.1,14.,10.7));
#18500=CARTESIAN_POINT('',(0.1,12.5,10.7));
#18501=CARTESIAN_POINT('',(0.0999999999999999,12.5,10.7));
#18502=CARTESIAN_POINT('',(0.0999999999999999,12.5,10.7));
#18503=CARTESIAN_POINT('',(-0.589655172413793,12.7758620689655,10.7));
#18504=CARTESIAN_POINT('',(0.1,12.5,7.2));
#18505=CARTESIAN_POINT('',(-1.27931034482759,11.948275862069,7.2));
#18506=CARTESIAN_POINT('',(-2.1,14.,7.2));
#18507=CARTESIAN_POINT('',(-2.3,12.5,7.2));
#18508=CARTESIAN_POINT('',(-2.3,12.5,7.2));
#18509=CARTESIAN_POINT('',(0.1,12.5,7.2));
#18510=CARTESIAN_POINT('',(-2.1,12.5,7.2));
#18511=CARTESIAN_POINT('',(-2.1,12.5,7.2));
#18512=CARTESIAN_POINT('',(0.1,12.5,7.2));
#18513=CARTESIAN_POINT('',(-0.1,12.5,7.2));
#18514=CARTESIAN_POINT('',(-0.1,12.5,7.2));
#18515=CARTESIAN_POINT('',(-0.1,14.,7.2));
#18516=CARTESIAN_POINT('',(0.1,12.5,7.2));
#18517=CARTESIAN_POINT('',(0.0999999999999999,12.5,7.2));
#18518=CARTESIAN_POINT('',(0.0999999999999999,12.5,7.2));
#18519=CARTESIAN_POINT('',(-0.589655172413793,12.7758620689655,7.2));
#18520=CARTESIAN_POINT('',(0.1,12.5,3.7));
#18521=CARTESIAN_POINT('',(-1.27931034482759,11.948275862069,3.7));
#18522=CARTESIAN_POINT('',(-2.1,14.,3.7));
#18523=CARTESIAN_POINT('',(-2.3,12.5,3.7));
#18524=CARTESIAN_POINT('',(-2.3,12.5,3.7));
#18525=CARTESIAN_POINT('',(0.1,12.5,3.7));
#18526=CARTESIAN_POINT('',(-2.1,12.5,3.7));
#18527=CARTESIAN_POINT('',(-2.1,12.5,3.7));
#18528=CARTESIAN_POINT('',(0.1,12.5,3.7));
#18529=CARTESIAN_POINT('',(-0.1,12.5,3.7));
#18530=CARTESIAN_POINT('',(-0.1,12.5,3.7));
#18531=CARTESIAN_POINT('',(-0.1,14.,3.7));
#18532=CARTESIAN_POINT('',(0.1,12.5,3.7));
#18533=CARTESIAN_POINT('',(0.0999999999999999,12.5,3.7));
#18534=CARTESIAN_POINT('',(0.0999999999999999,12.5,3.7));
#18535=CARTESIAN_POINT('',(-0.589655172413793,12.7758620689655,3.7));
#18536=CARTESIAN_POINT('',(-10.15,0.300000000000002,0.));
#18537=CARTESIAN_POINT('',(-2.3,14.5,0.));
#18538=CARTESIAN_POINT('',(-2.26,14.4,0.));
#18539=CARTESIAN_POINT('',(1.9,14.4,0.));
#18540=CARTESIAN_POINT('',(-7.2601077025535,14.4,0.));
#18541=CARTESIAN_POINT('',(-7.26010770255349,14.1,0.));
#18542=CARTESIAN_POINT('',(-7.48992103548919,14.292836282906,0.));
#18543=CARTESIAN_POINT('',(-7.48992103548919,14.292836282906,0.));
#18544=CARTESIAN_POINT('',(-8.6,12.969895688887,0.));
#18545=CARTESIAN_POINT('',(-8.6,2.15,0.));
#18546=CARTESIAN_POINT('',(-8.6,13.0103080092572,0.));
#18547=CARTESIAN_POINT('',(-7.43992103548919,14.392836282906,0.));
#18548=CARTESIAN_POINT('',(-7.4399210354892,14.392836282906,0.));
#18549=CARTESIAN_POINT('',(-7.21010770255349,14.2,0.));
#18550=CARTESIAN_POINT('',(0.1,12.5,0.2));
#18551=CARTESIAN_POINT('',(-1.27931034482759,11.948275862069,0.2));
#18552=CARTESIAN_POINT('',(-2.1,14.,0.2));
#18553=CARTESIAN_POINT('',(-2.3,12.5,0.2));
#18554=CARTESIAN_POINT('',(-2.3,12.5,0.2));
#18555=CARTESIAN_POINT('',(0.1,12.5,0.2));
#18556=CARTESIAN_POINT('',(-2.1,12.5,0.2));
#18557=CARTESIAN_POINT('',(-2.1,12.5,0.2));
#18558=CARTESIAN_POINT('',(0.1,12.5,0.2));
#18559=CARTESIAN_POINT('',(-0.1,12.5,0.2));
#18560=CARTESIAN_POINT('',(-0.1,12.5,0.2));
#18561=CARTESIAN_POINT('',(-0.1,14.,0.2));
#18562=CARTESIAN_POINT('',(0.1,12.5,0.2));
#18563=CARTESIAN_POINT('',(0.0999999999999999,12.5,0.2));
#18564=CARTESIAN_POINT('',(0.0999999999999999,12.5,0.2));
#18565=CARTESIAN_POINT('',(-0.589655172413793,12.7758620689655,0.2));
#18566=CARTESIAN_POINT('',(-10.45,10.8055638629579,14.));
#18567=CARTESIAN_POINT('',(-10.45,14.5,6.2));
#18568=CARTESIAN_POINT('',(-10.45,8.9,6.2));
#18569=CARTESIAN_POINT('',(-10.45,3.45,6.2));
#18570=CARTESIAN_POINT('',(-10.45,3.45,6.2));
#18571=CARTESIAN_POINT('',(-10.45,3.45,4.6));
#18572=CARTESIAN_POINT('',(-10.45,3.45,4.6));
#18573=CARTESIAN_POINT('',(-10.45,2.45,4.6));
#18574=CARTESIAN_POINT('',(-10.45,2.45,4.3));
#18575=CARTESIAN_POINT('',(-10.45,2.15,4.3));
#18576=CARTESIAN_POINT('',(-10.45,2.15,4.3));
#18577=CARTESIAN_POINT('',(-10.45,2.15,3.5));
#18578=CARTESIAN_POINT('',(-10.45,2.15,3.5));
#18579=CARTESIAN_POINT('',(-10.45,8.9,3.5));
#18580=CARTESIAN_POINT('',(-10.45,8.9,14.));
#18581=CARTESIAN_POINT('',(-10.45,8.9,2.7));
#18582=CARTESIAN_POINT('',(-10.45,14.5,2.7));
#18583=CARTESIAN_POINT('',(-10.45,3.45,2.7));
#18584=CARTESIAN_POINT('',(-10.45,3.45,2.7));
#18585=CARTESIAN_POINT('',(-10.45,3.45,1.1));
#18586=CARTESIAN_POINT('',(-10.45,3.45,1.1));
#18587=CARTESIAN_POINT('',(-10.45,2.45,1.1));
#18588=CARTESIAN_POINT('',(-10.45,2.45,0.800000000000001));
#18589=CARTESIAN_POINT('',(-10.45,2.15,0.8));
#18590=CARTESIAN_POINT('',(-10.45,2.15,0.8));
#18591=CARTESIAN_POINT('',(-10.45,0.300000000000001,14.));
#18592=CARTESIAN_POINT('',(-10.45,8.9,14.));
#18593=CARTESIAN_POINT('',(-10.45,8.9,13.2));
#18594=CARTESIAN_POINT('',(-10.45,14.5,13.2));
#18595=CARTESIAN_POINT('',(-10.45,3.45,13.2));
#18596=CARTESIAN_POINT('',(-10.45,3.45,13.2));
#18597=CARTESIAN_POINT('',(-10.45,3.45,11.6));
#18598=CARTESIAN_POINT('',(-10.45,3.45,11.6));
#18599=CARTESIAN_POINT('',(-10.45,2.45,11.6));
#18600=CARTESIAN_POINT('',(-10.45,2.45,11.3));
#18601=CARTESIAN_POINT('',(-10.45,2.15,11.3));
#18602=CARTESIAN_POINT('',(-10.45,2.15,11.3));
#18603=CARTESIAN_POINT('',(-10.45,2.15,10.5));
#18604=CARTESIAN_POINT('',(-10.45,2.15,10.5));
#18605=CARTESIAN_POINT('',(-10.45,8.9,10.5));
#18606=CARTESIAN_POINT('',(-10.45,8.9,14.));
#18607=CARTESIAN_POINT('',(-10.45,8.9,9.7));
#18608=CARTESIAN_POINT('',(-10.45,14.5,9.7));
#18609=CARTESIAN_POINT('',(-10.45,3.45,9.7));
#18610=CARTESIAN_POINT('',(-10.45,3.45,9.7));
#18611=CARTESIAN_POINT('',(-10.45,3.45,8.1));
#18612=CARTESIAN_POINT('',(-10.45,3.45,8.1));
#18613=CARTESIAN_POINT('',(-10.45,2.45,8.1));
#18614=CARTESIAN_POINT('',(-10.45,2.45,7.8));
#18615=CARTESIAN_POINT('',(-10.45,2.15,7.8));
#18616=CARTESIAN_POINT('',(-10.45,2.15,7.8));
#18617=CARTESIAN_POINT('',(-10.45,2.15,7.));
#18618=CARTESIAN_POINT('',(-10.45,2.15,7.));
#18619=CARTESIAN_POINT('',(-10.45,8.9,7.));
#18620=CARTESIAN_POINT('',(-10.45,8.9,14.));
#18621=CARTESIAN_POINT('',(-7.43992103548919,14.392836282906,14.));
#18622=CARTESIAN_POINT('',(-7.43992103548919,14.392836282906,6.2));
#18623=CARTESIAN_POINT('',(-9.45,11.9973174555522,6.2));
#18624=CARTESIAN_POINT('',(-8.6,13.0103080092572,6.2));
#18625=CARTESIAN_POINT('',(-9.45,11.9973174555522,14.));
#18626=CARTESIAN_POINT('',(-9.45,11.9973174555522,6.25));
#18627=CARTESIAN_POINT('',(-9.6,11.818554416663,6.25));
#18628=CARTESIAN_POINT('',(-9.6,11.818554416663,6.4));
#18629=CARTESIAN_POINT('',(-7.43992103548919,14.392836282906,6.4));
#18630=CARTESIAN_POINT('',(-9.75729490168752,11.6310976524802,6.4));
#18631=CARTESIAN_POINT('',(-9.75729490168753,11.6310976524802,6.25000000000001));
#18632=CARTESIAN_POINT('',(-9.89145898033751,11.471207129752,6.31708203932499));
#18633=CARTESIAN_POINT('',(-6.57396393328141,15.4248437704946,12.9520721334372));
#18634=CARTESIAN_POINT('',(-9.9085410196625,11.4508495480176,6.282917960675));
#18635=CARTESIAN_POINT('',(-10.0427050983125,11.2909590252894,6.34999999999999));
#18636=CARTESIAN_POINT('',(-10.0427050983125,11.2909590252894,6.2));
#18637=CARTESIAN_POINT('',(-7.43992103548919,14.392836282906,6.2));
#18638=CARTESIAN_POINT('',(-10.0456925097228,11.2873987670085,6.2));
#18639=CARTESIAN_POINT('',(-10.0456925097228,11.2873987670085,6.35));
#18640=CARTESIAN_POINT('',(-10.1417201696725,11.1729574582751,6.2347668080604));
#18641=CARTESIAN_POINT('',(-10.1198647194804,11.1990037695592,6.21655393290036));
#18642=CARTESIAN_POINT('',(-10.3460276599497,10.9294732727434,6.40502304995806));
#18643=CARTESIAN_POINT('',(-10.25,11.0439145814768,6.52025624189767));
#18644=CARTESIAN_POINT('',(-10.4,10.8651515425877,6.52025624189766));
#18645=CARTESIAN_POINT('',(-10.4,10.8651515425877,14.));
#18646=CARTESIAN_POINT('',(-10.4,10.8651515425877,6.67974375810234));
#18647=CARTESIAN_POINT('',(-10.25,11.0439145814768,6.67974375810233));
#18648=CARTESIAN_POINT('',(-10.3460276599497,10.9294732727434,6.79497695004194));
#18649=CARTESIAN_POINT('',(-6.16017360861414,15.9179798764975,10.2831886594882));
#18650=CARTESIAN_POINT('',(-10.1417201696725,11.1729574582751,6.9652331919396));
#18651=CARTESIAN_POINT('',(-10.0456925097228,11.2873987670085,6.85000000000003));
#18652=CARTESIAN_POINT('',(-10.0456925097228,11.2873987670085,7.));
#18653=CARTESIAN_POINT('',(-7.43992103548919,14.392836282906,7.));
#18654=CARTESIAN_POINT('',(-10.0427050983125,11.2909590252894,7.));
#18655=CARTESIAN_POINT('',(-10.0427050983125,11.2909590252894,6.85));
#18656=CARTESIAN_POINT('',(-9.9085410196625,11.4508495480176,6.917082039325));
#18657=CARTESIAN_POINT('',(-11.1843571806088,9.9303910547201,9.46871436121752));
#18658=CARTESIAN_POINT('',(-9.8914589803375,11.471207129752,6.882917960675));
#18659=CARTESIAN_POINT('',(-9.75729490168752,11.6310976524802,6.95));
#18660=CARTESIAN_POINT('',(-9.75729490168752,11.6310976524802,6.8));
#18661=CARTESIAN_POINT('',(-7.43992103548919,14.392836282906,6.8));
#18662=CARTESIAN_POINT('',(-9.6,11.818554416663,6.8));
#18663=CARTESIAN_POINT('',(-9.6,11.818554416663,6.95));
#18664=CARTESIAN_POINT('',(-9.45,11.9973174555522,6.95));
#18665=CARTESIAN_POINT('',(-9.45,11.9973174555522,14.));
#18666=CARTESIAN_POINT('',(-9.45,11.9973174555522,7.));
#18667=CARTESIAN_POINT('',(-7.43992103548919,14.392836282906,7.));
#18668=CARTESIAN_POINT('',(-8.6,13.0103080092572,7.));
#18669=CARTESIAN_POINT('',(-8.6,13.0103080092572,14.));
#18670=CARTESIAN_POINT('',(-8.6,13.0103080092572,9.7));
#18671=CARTESIAN_POINT('',(-7.43992103548919,14.392836282906,9.7));
#18672=CARTESIAN_POINT('',(-9.45,11.9973174555522,9.7));
#18673=CARTESIAN_POINT('',(-9.45,11.9973174555522,14.));
#18674=CARTESIAN_POINT('',(-9.45,11.9973174555522,9.75));
#18675=CARTESIAN_POINT('',(-9.6,11.818554416663,9.75));
#18676=CARTESIAN_POINT('',(-9.6,11.818554416663,9.9));
#18677=CARTESIAN_POINT('',(-7.43992103548919,14.392836282906,9.9));
#18678=CARTESIAN_POINT('',(-9.75729490168752,11.6310976524802,9.9));
#18679=CARTESIAN_POINT('',(-9.75729490168753,11.6310976524802,9.75000000000001));
#18680=CARTESIAN_POINT('',(-9.89145898033751,11.471207129752,9.81708203932499));
#18681=CARTESIAN_POINT('',(-7.66425963366288,14.1254799525749,14.2714807326742));
#18682=CARTESIAN_POINT('',(-9.9085410196625,11.4508495480176,9.78291796067501));
#18683=CARTESIAN_POINT('',(-10.0427050983125,11.2909590252894,9.84999999999999));
#18684=CARTESIAN_POINT('',(-10.0427050983125,11.2909590252894,9.7));
#18685=CARTESIAN_POINT('',(-7.43992103548919,14.392836282906,9.7));
#18686=CARTESIAN_POINT('',(-10.0456925097228,11.2873987670085,9.7));
#18687=CARTESIAN_POINT('',(-10.0456925097228,11.2873987670085,9.85));
#18688=CARTESIAN_POINT('',(-10.1417201696725,11.1729574582751,9.7347668080604));
#18689=CARTESIAN_POINT('',(-9.18345128109989,12.3149778489028,8.93620940091657));
#18690=CARTESIAN_POINT('',(-10.3460276599497,10.9294732727434,9.90502304995806));
#18691=CARTESIAN_POINT('',(-10.25,11.0439145814768,10.0202562418977));
#18692=CARTESIAN_POINT('',(-10.4,10.8651515425877,10.0202562418977));
#18693=CARTESIAN_POINT('',(-10.4,10.8651515425877,14.));
#18694=CARTESIAN_POINT('',(-10.4,10.8651515425877,10.1797437581023));
#18695=CARTESIAN_POINT('',(-10.25,11.0439145814768,10.1797437581023));
#18696=CARTESIAN_POINT('',(-10.3460276599497,10.9294732727434,10.2949769500419));
#18697=CARTESIAN_POINT('',(-7.09658704699468,14.802005797154,13.0028441275044));
#18698=CARTESIAN_POINT('',(-10.1417201696725,11.1729574582751,10.4652331919396));
#18699=CARTESIAN_POINT('',(-10.0456925097228,11.2873987670085,10.35));
#18700=CARTESIAN_POINT('',(-10.0456925097228,11.2873987670085,10.5));
#18701=CARTESIAN_POINT('',(-7.43992103548919,14.392836282906,10.5));
#18702=CARTESIAN_POINT('',(-10.0427050983125,11.2909590252894,10.5));
#18703=CARTESIAN_POINT('',(-10.0427050983125,11.2909590252894,10.35));
#18704=CARTESIAN_POINT('',(-9.9085410196625,11.4508495480176,10.417082039325));
#18705=CARTESIAN_POINT('',(-10.0940614802273,11.2297548726397,10.7881229604546));
#18706=CARTESIAN_POINT('',(-9.8914589803375,11.471207129752,10.382917960675));
#18707=CARTESIAN_POINT('',(-9.75729490168752,11.6310976524802,10.45));
#18708=CARTESIAN_POINT('',(-9.75729490168752,11.6310976524802,10.3));
#18709=CARTESIAN_POINT('',(-7.43992103548919,14.392836282906,10.3));
#18710=CARTESIAN_POINT('',(-9.6,11.818554416663,10.3));
#18711=CARTESIAN_POINT('',(-9.6,11.818554416663,10.45));
#18712=CARTESIAN_POINT('',(-9.45,11.9973174555522,10.45));
#18713=CARTESIAN_POINT('',(-9.45,11.9973174555522,14.));
#18714=CARTESIAN_POINT('',(-9.45,11.9973174555522,10.5));
#18715=CARTESIAN_POINT('',(-7.43992103548919,14.392836282906,10.5));
#18716=CARTESIAN_POINT('',(-8.6,13.0103080092572,10.5));
#18717=CARTESIAN_POINT('',(-8.6,13.0103080092572,14.));
#18718=CARTESIAN_POINT('',(-8.6,13.0103080092572,13.2));
#18719=CARTESIAN_POINT('',(-7.43992103548919,14.392836282906,13.2));
#18720=CARTESIAN_POINT('',(-9.45,11.9973174555522,13.2));
#18721=CARTESIAN_POINT('',(-9.45,11.9973174555522,14.));
#18722=CARTESIAN_POINT('',(-9.45,11.9973174555522,13.25));
#18723=CARTESIAN_POINT('',(-9.6,11.818554416663,13.25));
#18724=CARTESIAN_POINT('',(-9.6,11.818554416663,13.4));
#18725=CARTESIAN_POINT('',(-7.43992103548919,14.392836282906,13.4));
#18726=CARTESIAN_POINT('',(-9.75729490168752,11.6310976524802,13.4));
#18727=CARTESIAN_POINT('',(-9.75729490168753,11.6310976524802,13.25));
#18728=CARTESIAN_POINT('',(-9.89145898033751,11.471207129752,13.317082039325));
#18729=CARTESIAN_POINT('',(-8.75455533404435,12.8261161346553,15.5908893319113));
#18730=CARTESIAN_POINT('',(-9.9085410196625,11.4508495480176,13.282917960675));
#18731=CARTESIAN_POINT('',(-10.0427050983125,11.2909590252894,13.35));
#18732=CARTESIAN_POINT('',(-10.0427050983125,11.2909590252894,13.2));
#18733=CARTESIAN_POINT('',(-7.43992103548919,14.392836282906,13.2));
#18734=CARTESIAN_POINT('',(-10.0456925097228,11.2873987670085,13.2));
#18735=CARTESIAN_POINT('',(-10.0456925097228,11.2873987670085,13.35));
#18736=CARTESIAN_POINT('',(-10.1417201696725,11.1729574582751,13.2347668080604));
#18737=CARTESIAN_POINT('',(-8.24703784271935,13.4309519282463,11.6558648689328));
#18738=CARTESIAN_POINT('',(-10.3460276599497,10.9294732727434,13.4050230499581));
#18739=CARTESIAN_POINT('',(-10.25,11.0439145814768,13.5202562418977));
#18740=CARTESIAN_POINT('',(-10.4,10.8651515425877,13.5202562418977));
#18741=CARTESIAN_POINT('',(-10.4,10.8651515425877,14.));
#18742=CARTESIAN_POINT('',(-10.4,10.8651515425877,13.6797437581023));
#18743=CARTESIAN_POINT('',(-10.25,11.0439145814768,13.6797437581023));
#18744=CARTESIAN_POINT('',(-10.3460276599497,10.9294732727434,13.7949769500419));
#18745=CARTESIAN_POINT('',(-8.03300048537522,13.6860317178105,15.7224995955207));
#18746=CARTESIAN_POINT('',(-10.1417201696725,11.1729574582751,13.9652331919396));
#18747=CARTESIAN_POINT('',(-10.0456925097228,11.2873987670085,13.85));
#18748=CARTESIAN_POINT('',(-10.0427050983125,11.2909590252894,13.85));
#18749=CARTESIAN_POINT('',(-9.9085410196625,11.4508495480176,13.917082039325));
#18750=CARTESIAN_POINT('',(-9.00376577984582,12.5291186905594,12.1075315596916));
#18751=CARTESIAN_POINT('',(-9.8914589803375,11.471207129752,13.882917960675));
#18752=CARTESIAN_POINT('',(-9.75729490168752,11.6310976524802,13.95));
#18753=CARTESIAN_POINT('',(-9.75729490168752,11.6310976524802,13.8));
#18754=CARTESIAN_POINT('',(-7.43992103548919,14.392836282906,13.8));
#18755=CARTESIAN_POINT('',(-9.6,11.818554416663,13.8));
#18756=CARTESIAN_POINT('',(-9.6,11.818554416663,13.95));
#18757=CARTESIAN_POINT('',(-9.45,11.9973174555522,13.95));
#18758=CARTESIAN_POINT('',(-9.45,11.9973174555522,14.));
#18759=CARTESIAN_POINT('',(-7.4399210354892,14.392836282906,14.));
#18760=CARTESIAN_POINT('',(-8.6,13.0103080092572,14.));
#18761=CARTESIAN_POINT('',(-8.6,13.0103080092572,2.7));
#18762=CARTESIAN_POINT('',(-7.43992103548919,14.392836282906,2.7));
#18763=CARTESIAN_POINT('',(-9.45,11.9973174555522,2.7));
#18764=CARTESIAN_POINT('',(-9.45,11.9973174555522,14.));
#18765=CARTESIAN_POINT('',(-9.45,11.9973174555522,2.75));
#18766=CARTESIAN_POINT('',(-9.6,11.818554416663,2.75));
#18767=CARTESIAN_POINT('',(-9.6,11.818554416663,2.9));
#18768=CARTESIAN_POINT('',(-7.43992103548919,14.392836282906,2.9));
#18769=CARTESIAN_POINT('',(-9.75729490168752,11.6310976524802,2.9));
#18770=CARTESIAN_POINT('',(-9.75729490168753,11.6310976524802,2.75000000000001));
#18771=CARTESIAN_POINT('',(-9.89145898033751,11.471207129752,2.81708203932499));
#18772=CARTESIAN_POINT('',(-5.48366823289994,16.7242075884142,11.6326635342001));
#18773=CARTESIAN_POINT('',(-9.9085410196625,11.4508495480176,2.782917960675));
#18774=CARTESIAN_POINT('',(-10.0427050983125,11.2909590252894,2.84999999999999));
#18775=CARTESIAN_POINT('',(-10.0427050983125,11.2909590252894,2.7));
#18776=CARTESIAN_POINT('',(-7.43992103548919,14.392836282906,2.7));
#18777=CARTESIAN_POINT('',(-10.0456925097228,11.2873987670085,2.7));
#18778=CARTESIAN_POINT('',(-10.0456925097228,11.2873987670085,2.84999999999999));
#18779=CARTESIAN_POINT('',(-10.1417201696725,11.1729574582751,2.73476680806039));
#18780=CARTESIAN_POINT('',(-11.056278157861,10.0830296902157,3.49689846488414));
#18781=CARTESIAN_POINT('',(-10.3460276599497,10.9294732727434,2.90502304995806));
#18782=CARTESIAN_POINT('',(-10.25,11.0439145814768,3.02025624189767));
#18783=CARTESIAN_POINT('',(-10.4,10.8651515425877,3.02025624189766));
#18784=CARTESIAN_POINT('',(-10.4,10.8651515425877,14.));
#18785=CARTESIAN_POINT('',(-10.4,10.8651515425877,3.17974375810233));
#18786=CARTESIAN_POINT('',(-10.25,11.0439145814768,3.17974375810233));
#18787=CARTESIAN_POINT('',(-10.3460276599497,10.9294732727434,3.29497695004194));
#18788=CARTESIAN_POINT('',(-5.2237601702336,17.033953955841,7.56353319147201));
#18789=CARTESIAN_POINT('',(-10.1417201696725,11.1729574582751,3.4652331919396));
#18790=CARTESIAN_POINT('',(-10.0456925097228,11.2873987670085,3.35000000000003));
#18791=CARTESIAN_POINT('',(-10.0456925097228,11.2873987670085,3.5));
#18792=CARTESIAN_POINT('',(-7.43992103548919,14.392836282906,3.5));
#18793=CARTESIAN_POINT('',(-10.0427050983125,11.2909590252894,3.5));
#18794=CARTESIAN_POINT('',(-10.0427050983125,11.2909590252894,3.35));
#18795=CARTESIAN_POINT('',(-9.9085410196625,11.4508495480176,3.417082039325));
#18796=CARTESIAN_POINT('',(-12.2746528809902,8.63102723680046,8.14930576198046));
#18797=CARTESIAN_POINT('',(-9.8914589803375,11.471207129752,3.382917960675));
#18798=CARTESIAN_POINT('',(-9.75729490168752,11.6310976524802,3.45));
#18799=CARTESIAN_POINT('',(-9.75729490168752,11.6310976524802,3.3));
#18800=CARTESIAN_POINT('',(-7.43992103548919,14.392836282906,3.3));
#18801=CARTESIAN_POINT('',(-9.6,11.818554416663,3.3));
#18802=CARTESIAN_POINT('',(-9.6,11.818554416663,3.45));
#18803=CARTESIAN_POINT('',(-9.45,11.9973174555522,3.45));
#18804=CARTESIAN_POINT('',(-9.45,11.9973174555522,14.));
#18805=CARTESIAN_POINT('',(-9.45,11.9973174555522,3.5));
#18806=CARTESIAN_POINT('',(-7.43992103548919,14.392836282906,3.5));
#18807=CARTESIAN_POINT('',(-8.6,13.0103080092572,3.5));
#18808=CARTESIAN_POINT('',(-8.6,13.0103080092572,14.));
#18809=CARTESIAN_POINT('',(-9.6,8.9,3.45));
#18810=CARTESIAN_POINT('',(-9.6,8.9,3.5));
#18811=CARTESIAN_POINT('',(-10.0456925097228,8.9,3.5));
#18812=CARTESIAN_POINT('',(-10.0456925097228,8.9,3.35000000000003));
#18813=CARTESIAN_POINT('',(-10.1417201696725,8.9,3.4652331919396));
#18814=CARTESIAN_POINT('',(-10.1417201696725,8.9,3.4652331919396));
#18815=CARTESIAN_POINT('',(-10.3460276599497,8.9,3.29497695004194));
#18816=CARTESIAN_POINT('',(-10.25,8.9,3.17974375810233));
#18817=CARTESIAN_POINT('',(-10.4,8.9,3.17974375810233));
#18818=CARTESIAN_POINT('',(-10.4,8.9,3.17974375810233));
#18819=CARTESIAN_POINT('',(-10.4,8.9,3.02025624189766));
#18820=CARTESIAN_POINT('',(-10.25,8.9,3.02025624189767));
#18821=CARTESIAN_POINT('',(-10.3460276599497,8.9,2.90502304995806));
#18822=CARTESIAN_POINT('',(-10.3460276599497,8.9,2.90502304995806));
#18823=CARTESIAN_POINT('',(-10.1417201696725,8.9,2.73476680806039));
#18824=CARTESIAN_POINT('',(-10.0456925097228,8.9,2.84999999999999));
#18825=CARTESIAN_POINT('',(-10.0456925097228,8.9,2.7));
#18826=CARTESIAN_POINT('',(-9.6,8.9,2.7));
#18827=CARTESIAN_POINT('',(-9.6,8.9,3.45));
#18828=CARTESIAN_POINT('',(-10.0427050983125,8.9,3.35));
#18829=CARTESIAN_POINT('',(-10.0427050983125,8.9,3.5));
#18830=CARTESIAN_POINT('',(-9.9085410196625,8.9,3.417082039325));
#18831=CARTESIAN_POINT('',(-9.6,8.9,3.5));
#18832=CARTESIAN_POINT('',(-9.45,8.9,3.5));
#18833=CARTESIAN_POINT('',(-9.45,8.9,4.));
#18834=CARTESIAN_POINT('',(-9.45,8.9,3.45));
#18835=CARTESIAN_POINT('',(-9.6,8.9,3.45));
#18836=CARTESIAN_POINT('',(-9.6,8.9,3.3));
#18837=CARTESIAN_POINT('',(-9.6,8.9,3.3));
#18838=CARTESIAN_POINT('',(-9.75729490168752,8.9,3.3));
#18839=CARTESIAN_POINT('',(-9.75729490168752,8.9,3.45));
#18840=CARTESIAN_POINT('',(-9.8914589803375,8.9,3.382917960675));
#18841=CARTESIAN_POINT('',(-9.8914589803375,8.9,3.382917960675));
#18842=CARTESIAN_POINT('',(-9.6,8.9,13.95));
#18843=CARTESIAN_POINT('',(-9.45,8.9,13.25));
#18844=CARTESIAN_POINT('',(-9.45,8.9,13.25));
#18845=CARTESIAN_POINT('',(-9.45,8.9,13.2));
#18846=CARTESIAN_POINT('',(-9.6,8.9,13.2));
#18847=CARTESIAN_POINT('',(-10.0427050983125,8.9,13.2));
#18848=CARTESIAN_POINT('',(-10.0427050983125,8.9,13.35));
#18849=CARTESIAN_POINT('',(-9.9085410196625,8.9,13.282917960675));
#18850=CARTESIAN_POINT('',(-9.9085410196625,8.9,13.282917960675));
#18851=CARTESIAN_POINT('',(-9.89145898033751,8.9,13.317082039325));
#18852=CARTESIAN_POINT('',(-9.75729490168753,8.9,13.25));
#18853=CARTESIAN_POINT('',(-9.75729490168752,8.9,13.4));
#18854=CARTESIAN_POINT('',(-9.75729490168752,8.9,13.4));
#18855=CARTESIAN_POINT('',(-9.6,8.9,13.4));
#18856=CARTESIAN_POINT('',(-9.6,8.9,13.25));
#18857=CARTESIAN_POINT('',(-9.6,8.9,13.95));
#18858=CARTESIAN_POINT('',(-10.0456925097228,8.9,13.35));
#18859=CARTESIAN_POINT('',(-10.0456925097228,8.9,13.2));
#18860=CARTESIAN_POINT('',(-10.1417201696725,8.9,13.2347668080604));
#18861=CARTESIAN_POINT('',(-9.6,8.9,13.2));
#18862=CARTESIAN_POINT('',(-10.0456925097228,8.9,13.85));
#18863=CARTESIAN_POINT('',(-10.1417201696725,8.9,13.9652331919396));
#18864=CARTESIAN_POINT('',(-10.1417201696725,8.9,13.9652331919396));
#18865=CARTESIAN_POINT('',(-10.3460276599497,8.9,13.7949769500419));
#18866=CARTESIAN_POINT('',(-10.25,8.9,13.6797437581023));
#18867=CARTESIAN_POINT('',(-10.4,8.9,13.6797437581023));
#18868=CARTESIAN_POINT('',(-10.4,8.9,13.6797437581023));
#18869=CARTESIAN_POINT('',(-10.4,8.9,13.5202562418977));
#18870=CARTESIAN_POINT('',(-10.25,8.9,13.5202562418977));
#18871=CARTESIAN_POINT('',(-10.3460276599497,8.9,13.4050230499581));
#18872=CARTESIAN_POINT('',(-10.3460276599497,8.9,13.4050230499581));
#18873=CARTESIAN_POINT('',(-9.45,8.9,13.25));
#18874=CARTESIAN_POINT('',(-9.45,8.9,13.2));
#18875=CARTESIAN_POINT('',(-9.45,8.9,13.25));
#18876=CARTESIAN_POINT('',(-9.45,8.9,4.));
#18877=CARTESIAN_POINT('',(-9.45,8.9,3.5));
#18878=CARTESIAN_POINT('',(-9.45,8.9,3.45));
#18879=CARTESIAN_POINT('',(-9.6,8.9,6.95));
#18880=CARTESIAN_POINT('',(-9.45,8.9,6.25));
#18881=CARTESIAN_POINT('',(-9.45,8.9,6.25));
#18882=CARTESIAN_POINT('',(-9.45,8.9,6.2));
#18883=CARTESIAN_POINT('',(-9.6,8.9,6.2));
#18884=CARTESIAN_POINT('',(-10.0427050983125,8.9,6.2));
#18885=CARTESIAN_POINT('',(-10.0427050983125,8.9,6.34999999999999));
#18886=CARTESIAN_POINT('',(-9.9085410196625,8.9,6.28291796067501));
#18887=CARTESIAN_POINT('',(-9.9085410196625,8.9,6.28291796067501));
#18888=CARTESIAN_POINT('',(-9.89145898033751,8.9,6.31708203932499));
#18889=CARTESIAN_POINT('',(-9.75729490168753,8.9,6.25000000000001));
#18890=CARTESIAN_POINT('',(-9.75729490168752,8.9,6.4));
#18891=CARTESIAN_POINT('',(-9.75729490168752,8.9,6.4));
#18892=CARTESIAN_POINT('',(-9.6,8.9,6.4));
#18893=CARTESIAN_POINT('',(-9.6,8.9,6.25));
#18894=CARTESIAN_POINT('',(-9.6,8.9,6.95));
#18895=CARTESIAN_POINT('',(-10.0456925097228,8.9,6.35));
#18896=CARTESIAN_POINT('',(-10.0456925097228,8.9,6.2));
#18897=CARTESIAN_POINT('',(-10.1417201696725,8.9,6.2347668080604));
#18898=CARTESIAN_POINT('',(-9.6,8.9,6.2));
#18899=CARTESIAN_POINT('',(-9.6,8.9,7.));
#18900=CARTESIAN_POINT('',(-10.0456925097228,8.9,7.));
#18901=CARTESIAN_POINT('',(-10.0456925097228,8.9,6.85000000000003));
#18902=CARTESIAN_POINT('',(-10.1417201696725,8.9,6.96523319193961));
#18903=CARTESIAN_POINT('',(-10.1417201696725,8.9,6.96523319193961));
#18904=CARTESIAN_POINT('',(-10.3460276599497,8.9,6.79497695004194));
#18905=CARTESIAN_POINT('',(-10.25,8.9,6.67974375810233));
#18906=CARTESIAN_POINT('',(-10.4,8.9,6.67974375810234));
#18907=CARTESIAN_POINT('',(-10.4,8.9,6.67974375810234));
#18908=CARTESIAN_POINT('',(-10.4,8.9,6.52025624189766));
#18909=CARTESIAN_POINT('',(-10.25,8.9,6.52025624189767));
#18910=CARTESIAN_POINT('',(-10.3460276599497,8.9,6.40502304995806));
#18911=CARTESIAN_POINT('',(-10.3460276599497,8.9,6.40502304995806));
#18912=CARTESIAN_POINT('',(-9.6,8.9,6.95));
#18913=CARTESIAN_POINT('',(-10.0427050983125,8.9,6.85));
#18914=CARTESIAN_POINT('',(-10.0427050983125,8.9,7.));
#18915=CARTESIAN_POINT('',(-9.9085410196625,8.9,6.917082039325));
#18916=CARTESIAN_POINT('',(-9.6,8.9,7.));
#18917=CARTESIAN_POINT('',(-9.45,8.9,7.));
#18918=CARTESIAN_POINT('',(-9.45,8.9,7.5));
#18919=CARTESIAN_POINT('',(-9.45,8.9,6.95));
#18920=CARTESIAN_POINT('',(-9.6,8.9,6.95));
#18921=CARTESIAN_POINT('',(-9.6,8.9,6.8));
#18922=CARTESIAN_POINT('',(-9.6,8.9,6.8));
#18923=CARTESIAN_POINT('',(-9.75729490168752,8.9,6.8));
#18924=CARTESIAN_POINT('',(-9.75729490168752,8.9,6.95));
#18925=CARTESIAN_POINT('',(-9.8914589803375,8.9,6.882917960675));
#18926=CARTESIAN_POINT('',(-9.8914589803375,8.9,6.882917960675));
#18927=CARTESIAN_POINT('',(-9.45,8.9,7.5));
#18928=CARTESIAN_POINT('',(-9.45,8.9,7.));
#18929=CARTESIAN_POINT('',(-9.45,8.9,6.95));
#18930=CARTESIAN_POINT('',(-9.45,8.9,6.25));
#18931=CARTESIAN_POINT('',(-9.45,8.9,6.2));
#18932=CARTESIAN_POINT('',(-9.45,8.9,6.25));
#18933=CARTESIAN_POINT('',(-9.6,8.9,10.45));
#18934=CARTESIAN_POINT('',(-9.45,8.9,9.75));
#18935=CARTESIAN_POINT('',(-9.45,8.9,9.75));
#18936=CARTESIAN_POINT('',(-9.45,8.9,9.7));
#18937=CARTESIAN_POINT('',(-9.6,8.9,9.7));
#18938=CARTESIAN_POINT('',(-10.0427050983125,8.9,9.7));
#18939=CARTESIAN_POINT('',(-10.0427050983125,8.9,9.84999999999999));
#18940=CARTESIAN_POINT('',(-9.9085410196625,8.9,9.78291796067501));
#18941=CARTESIAN_POINT('',(-9.9085410196625,8.9,9.78291796067501));
#18942=CARTESIAN_POINT('',(-9.89145898033751,8.9,9.81708203932499));
#18943=CARTESIAN_POINT('',(-9.75729490168753,8.9,9.75000000000001));
#18944=CARTESIAN_POINT('',(-9.75729490168752,8.9,9.9));
#18945=CARTESIAN_POINT('',(-9.75729490168752,8.9,9.9));
#18946=CARTESIAN_POINT('',(-9.6,8.9,9.9));
#18947=CARTESIAN_POINT('',(-9.6,8.9,9.75));
#18948=CARTESIAN_POINT('',(-9.6,8.9,10.45));
#18949=CARTESIAN_POINT('',(-10.0456925097228,8.9,9.85));
#18950=CARTESIAN_POINT('',(-10.0456925097228,8.9,9.7));
#18951=CARTESIAN_POINT('',(-10.1417201696725,8.9,9.7347668080604));
#18952=CARTESIAN_POINT('',(-9.6,8.9,9.7));
#18953=CARTESIAN_POINT('',(-9.6,8.9,10.5));
#18954=CARTESIAN_POINT('',(-10.0456925097228,8.9,10.5));
#18955=CARTESIAN_POINT('',(-10.0456925097228,8.9,10.35));
#18956=CARTESIAN_POINT('',(-10.1417201696725,8.9,10.4652331919396));
#18957=CARTESIAN_POINT('',(-10.1417201696725,8.9,10.4652331919396));
#18958=CARTESIAN_POINT('',(-10.3460276599497,8.9,10.2949769500419));
#18959=CARTESIAN_POINT('',(-10.25,8.9,10.1797437581023));
#18960=CARTESIAN_POINT('',(-10.4,8.9,10.1797437581023));
#18961=CARTESIAN_POINT('',(-10.4,8.9,10.1797437581023));
#18962=CARTESIAN_POINT('',(-10.4,8.9,10.0202562418977));
#18963=CARTESIAN_POINT('',(-10.25,8.9,10.0202562418977));
#18964=CARTESIAN_POINT('',(-10.3460276599497,8.9,9.90502304995806));
#18965=CARTESIAN_POINT('',(-10.3460276599497,8.9,9.90502304995806));
#18966=CARTESIAN_POINT('',(-9.6,8.9,10.45));
#18967=CARTESIAN_POINT('',(-10.0427050983125,8.9,10.35));
#18968=CARTESIAN_POINT('',(-10.0427050983125,8.9,10.5));
#18969=CARTESIAN_POINT('',(-9.9085410196625,8.9,10.417082039325));
#18970=CARTESIAN_POINT('',(-9.6,8.9,10.5));
#18971=CARTESIAN_POINT('',(-9.45,8.9,10.5));
#18972=CARTESIAN_POINT('',(-9.45,8.9,11.));
#18973=CARTESIAN_POINT('',(-9.45,8.9,10.45));
#18974=CARTESIAN_POINT('',(-9.6,8.9,10.45));
#18975=CARTESIAN_POINT('',(-9.6,8.9,10.3));
#18976=CARTESIAN_POINT('',(-9.6,8.9,10.3));
#18977=CARTESIAN_POINT('',(-9.75729490168752,8.9,10.3));
#18978=CARTESIAN_POINT('',(-9.75729490168752,8.9,10.45));
#18979=CARTESIAN_POINT('',(-9.8914589803375,8.9,10.382917960675));
#18980=CARTESIAN_POINT('',(-9.8914589803375,8.9,10.382917960675));
#18981=CARTESIAN_POINT('',(-9.45,8.9,11.));
#18982=CARTESIAN_POINT('',(-9.45,8.9,10.5));
#18983=CARTESIAN_POINT('',(-9.45,8.9,10.45));
#18984=CARTESIAN_POINT('',(-9.45,8.9,9.75));
#18985=CARTESIAN_POINT('',(-9.45,8.9,9.7));
#18986=CARTESIAN_POINT('',(-9.45,8.9,9.75));
#18987=CARTESIAN_POINT('',(-9.6,8.9,3.45));
#18988=CARTESIAN_POINT('',(-9.45,8.9,2.75));
#18989=CARTESIAN_POINT('',(-9.45,8.9,2.75));
#18990=CARTESIAN_POINT('',(-9.45,8.9,2.7));
#18991=CARTESIAN_POINT('',(-9.6,8.9,2.7));
#18992=CARTESIAN_POINT('',(-10.0427050983125,8.9,2.7));
#18993=CARTESIAN_POINT('',(-10.0427050983125,8.9,2.84999999999999));
#18994=CARTESIAN_POINT('',(-9.9085410196625,8.9,2.78291796067501));
#18995=CARTESIAN_POINT('',(-9.9085410196625,8.9,2.78291796067501));
#18996=CARTESIAN_POINT('',(-9.89145898033751,8.9,2.81708203932499));
#18997=CARTESIAN_POINT('',(-9.75729490168753,8.9,2.75000000000001));
#18998=CARTESIAN_POINT('',(-9.75729490168752,8.9,2.9));
#18999=CARTESIAN_POINT('',(-9.75729490168752,8.9,2.9));
#19000=CARTESIAN_POINT('',(-9.6,8.9,2.9));
#19001=CARTESIAN_POINT('',(-9.6,8.9,2.75));
#19002=CARTESIAN_POINT('',(-9.45,8.9,2.75));
#19003=CARTESIAN_POINT('',(-9.45,8.9,2.7));
#19004=CARTESIAN_POINT('',(-9.45,8.9,2.75));
#19005=CARTESIAN_POINT('',(-10.15,0.300000000000002,14.));
#19006=CARTESIAN_POINT('',(-10.15,4.87890977618477E-16,14.));
#19007=CARTESIAN_POINT('',(-10.15,0.,14.));
#19008=CARTESIAN_POINT('',(-9.85,0.,6.35));
#19009=CARTESIAN_POINT('',(-9.85,0.,6.35));
#19010=CARTESIAN_POINT('',(-9.85,0.,3.5));
#19011=CARTESIAN_POINT('',(-10.15,0.,6.35));
#19012=CARTESIAN_POINT('',(-8.2937171043519,0.,6.35));
#19013=CARTESIAN_POINT('',(-8.2937171043519,0.,6.35));
#19014=CARTESIAN_POINT('',(-8.2937171043519,0.,3.5));
#19015=CARTESIAN_POINT('',(-10.15,0.,3.5));
#19016=CARTESIAN_POINT('',(-7.1062828956481,0.,6.35));
#19017=CARTESIAN_POINT('',(-7.1062828956481,0.,6.35));
#19018=CARTESIAN_POINT('',(-7.1062828956481,0.,3.5));
#19019=CARTESIAN_POINT('',(-10.15,0.,6.35));
#19020=CARTESIAN_POINT('',(1.5,0.,6.35));
#19021=CARTESIAN_POINT('',(1.5,0.,6.35));
#19022=CARTESIAN_POINT('',(1.5,0.,3.5));
#19023=CARTESIAN_POINT('',(-10.15,0.,3.5));
#19024=CARTESIAN_POINT('',(-9.85,0.,9.85));
#19025=CARTESIAN_POINT('',(-9.85,0.,9.85));
#19026=CARTESIAN_POINT('',(-9.85,0.,7.));
#19027=CARTESIAN_POINT('',(-10.15,0.,9.85));
#19028=CARTESIAN_POINT('',(-8.2937171043519,0.,9.85));
#19029=CARTESIAN_POINT('',(-8.2937171043519,0.,9.85));
#19030=CARTESIAN_POINT('',(-8.2937171043519,0.,7.));
#19031=CARTESIAN_POINT('',(-10.15,0.,7.));
#19032=CARTESIAN_POINT('',(-7.1062828956481,0.,9.85));
#19033=CARTESIAN_POINT('',(-7.1062828956481,0.,9.85));
#19034=CARTESIAN_POINT('',(-7.1062828956481,0.,7.));
#19035=CARTESIAN_POINT('',(-10.15,0.,9.85));
#19036=CARTESIAN_POINT('',(1.5,0.,9.85));
#19037=CARTESIAN_POINT('',(1.5,0.,9.85));
#19038=CARTESIAN_POINT('',(1.5,0.,7.));
#19039=CARTESIAN_POINT('',(-10.15,0.,7.));
#19040=CARTESIAN_POINT('',(-9.85,0.,13.35));
#19041=CARTESIAN_POINT('',(-9.85,0.,13.35));
#19042=CARTESIAN_POINT('',(-9.85,0.,10.5));
#19043=CARTESIAN_POINT('',(-10.15,0.,13.35));
#19044=CARTESIAN_POINT('',(-8.2937171043519,0.,13.35));
#19045=CARTESIAN_POINT('',(-8.2937171043519,0.,13.35));
#19046=CARTESIAN_POINT('',(-8.2937171043519,0.,10.5));
#19047=CARTESIAN_POINT('',(-10.15,0.,10.5));
#19048=CARTESIAN_POINT('',(-7.1062828956481,0.,13.35));
#19049=CARTESIAN_POINT('',(-7.1062828956481,0.,13.35));
#19050=CARTESIAN_POINT('',(-7.1062828956481,0.,10.5));
#19051=CARTESIAN_POINT('',(-10.15,0.,13.35));
#19052=CARTESIAN_POINT('',(1.5,0.,13.35));
#19053=CARTESIAN_POINT('',(1.5,0.,13.35));
#19054=CARTESIAN_POINT('',(1.5,0.,10.5));
#19055=CARTESIAN_POINT('',(-10.15,0.,10.5));
#19056=CARTESIAN_POINT('',(-9.85,0.,2.85));
#19057=CARTESIAN_POINT('',(-9.85,0.,2.85));
#19058=CARTESIAN_POINT('',(-10.15,0.,2.85));
#19059=CARTESIAN_POINT('',(-8.2937171043519,0.,2.85));
#19060=CARTESIAN_POINT('',(-8.2937171043519,0.,2.85));
#19061=CARTESIAN_POINT('',(-7.1062828956481,0.,2.85));
#19062=CARTESIAN_POINT('',(-7.1062828956481,0.,2.85));
#19063=CARTESIAN_POINT('',(-10.15,0.,2.85));
#19064=CARTESIAN_POINT('',(1.5,0.,2.85));
#19065=CARTESIAN_POINT('',(1.5,0.,2.85));
#19066=CARTESIAN_POINT('',(2.,0.,14.));
#19067=CARTESIAN_POINT('',(2.,0.3,14.));
#19068=CARTESIAN_POINT('',(2.3,0.3,14.));
#19069=CARTESIAN_POINT('',(2.3,0.3,14.));
#19070=CARTESIAN_POINT('',(2.3,1.5,6.35));
#19071=CARTESIAN_POINT('',(2.3,1.5,6.35));
#19072=CARTESIAN_POINT('',(2.3,1.5,3.5));
#19073=CARTESIAN_POINT('',(2.3,0.3,6.35));
#19074=CARTESIAN_POINT('',(2.3,9.98253242135513,6.35));
#19075=CARTESIAN_POINT('',(2.3,9.98253242135513,6.35));
#19076=CARTESIAN_POINT('',(2.3,9.98253242135513,3.5));
#19077=CARTESIAN_POINT('',(2.3,0.3,3.5));
#19078=CARTESIAN_POINT('',(2.3,11.7174675786449,6.35));
#19079=CARTESIAN_POINT('',(2.3,11.7174675786449,6.35));
#19080=CARTESIAN_POINT('',(2.3,11.7174675786449,3.5));
#19081=CARTESIAN_POINT('',(2.3,0.3,6.35));
#19082=CARTESIAN_POINT('',(2.3,13.9,6.35));
#19083=CARTESIAN_POINT('',(2.3,13.9,6.35));
#19084=CARTESIAN_POINT('',(2.3,13.9,3.5));
#19085=CARTESIAN_POINT('',(2.3,0.3,3.5));
#19086=CARTESIAN_POINT('',(2.3,1.5,9.85));
#19087=CARTESIAN_POINT('',(2.3,1.5,9.85));
#19088=CARTESIAN_POINT('',(2.3,1.5,7.));
#19089=CARTESIAN_POINT('',(2.3,0.3,9.85));
#19090=CARTESIAN_POINT('',(2.3,9.98253242135513,9.85));
#19091=CARTESIAN_POINT('',(2.3,9.98253242135513,9.85));
#19092=CARTESIAN_POINT('',(2.3,9.98253242135513,7.));
#19093=CARTESIAN_POINT('',(2.3,0.3,7.));
#19094=CARTESIAN_POINT('',(2.3,11.7174675786449,9.85));
#19095=CARTESIAN_POINT('',(2.3,11.7174675786449,9.85));
#19096=CARTESIAN_POINT('',(2.3,11.7174675786449,7.));
#19097=CARTESIAN_POINT('',(2.3,0.3,9.85));
#19098=CARTESIAN_POINT('',(2.3,13.9,9.85));
#19099=CARTESIAN_POINT('',(2.3,13.9,9.85));
#19100=CARTESIAN_POINT('',(2.3,13.9,7.));
#19101=CARTESIAN_POINT('',(2.3,0.3,7.));
#19102=CARTESIAN_POINT('',(2.3,1.5,13.35));
#19103=CARTESIAN_POINT('',(2.3,1.5,13.35));
#19104=CARTESIAN_POINT('',(2.3,1.5,10.5));
#19105=CARTESIAN_POINT('',(2.3,0.3,13.35));
#19106=CARTESIAN_POINT('',(2.3,9.98253242135513,13.35));
#19107=CARTESIAN_POINT('',(2.3,9.98253242135513,13.35));
#19108=CARTESIAN_POINT('',(2.3,9.98253242135513,10.5));
#19109=CARTESIAN_POINT('',(2.3,0.3,10.5));
#19110=CARTESIAN_POINT('',(2.3,11.7174675786449,13.35));
#19111=CARTESIAN_POINT('',(2.3,11.7174675786449,13.35));
#19112=CARTESIAN_POINT('',(2.3,11.7174675786449,10.5));
#19113=CARTESIAN_POINT('',(2.3,0.3,13.35));
#19114=CARTESIAN_POINT('',(2.3,13.9,13.35));
#19115=CARTESIAN_POINT('',(2.3,13.9,13.35));
#19116=CARTESIAN_POINT('',(2.3,13.9,10.5));
#19117=CARTESIAN_POINT('',(2.3,0.3,10.5));
#19118=CARTESIAN_POINT('',(2.3,1.5,2.85));
#19119=CARTESIAN_POINT('',(2.3,1.5,2.85));
#19120=CARTESIAN_POINT('',(2.3,0.3,2.85));
#19121=CARTESIAN_POINT('',(2.3,9.98253242135513,2.85));
#19122=CARTESIAN_POINT('',(2.3,9.98253242135513,2.85));
#19123=CARTESIAN_POINT('',(2.3,11.7174675786449,2.85));
#19124=CARTESIAN_POINT('',(2.3,11.7174675786449,2.85));
#19125=CARTESIAN_POINT('',(2.3,0.3,2.85));
#19126=CARTESIAN_POINT('',(2.3,13.9,2.85));
#19127=CARTESIAN_POINT('',(2.3,13.9,2.85));
#19128=CARTESIAN_POINT('',(2.3,14.2,14.));
#19129=CARTESIAN_POINT('',(2.,14.2,14.));
#19130=CARTESIAN_POINT('',(-7.21010770255349,14.2,14.));
#19131=CARTESIAN_POINT('',(-9.85,1.2,2.85));
#19132=CARTESIAN_POINT('',(-9.85,1.2,0.));
#19133=CARTESIAN_POINT('',(-9.85,1.2,0.));
#19134=CARTESIAN_POINT('',(-9.85,1.2,2.85));
#19135=CARTESIAN_POINT('',(-9.85,1.2,2.85));
#19136=CARTESIAN_POINT('',(-9.85,1.2,2.85));
#19137=CARTESIAN_POINT('',(-9.09910685796332,1.2,2.85));
#19138=CARTESIAN_POINT('',(-9.09910685796332,1.2,0.));
#19139=CARTESIAN_POINT('',(-9.09910685796332,1.2,0.));
#19140=CARTESIAN_POINT('',(-9.09910685796332,1.2,2.85));
#19141=CARTESIAN_POINT('',(-9.09910685796332,1.2,2.85));
#19142=CARTESIAN_POINT('',(-9.09910685796332,1.2,2.85));
#19143=CARTESIAN_POINT('',(-9.09910685796332,1.05,2.85));
#19144=CARTESIAN_POINT('',(-9.09910685796332,1.05,0.));
#19145=CARTESIAN_POINT('',(-8.94920255175296,1.05535714285714,0.));
#19146=CARTESIAN_POINT('',(-8.94920255175296,1.05535714285714,2.85));
#19147=CARTESIAN_POINT('',(-8.94920255175296,1.05535714285714,2.85));
#19148=CARTESIAN_POINT('',(-9.09910685796332,1.05,2.85));
#19149=CARTESIAN_POINT('',(-7.69999999999999,1.1,2.85));
#19150=CARTESIAN_POINT('',(-7.69999999999999,1.1,0.));
#19151=CARTESIAN_POINT('',(-7.69999999999999,1.1,2.85));
#19152=CARTESIAN_POINT('',(1.35,0.351087470692395,2.85));
#19153=CARTESIAN_POINT('',(1.35,0.351087470692395,2.85));
#19154=CARTESIAN_POINT('',(-7.7,1.1,2.85));
#19155=CARTESIAN_POINT('',(-6.45079744824703,1.05535714285714,2.85));
#19156=CARTESIAN_POINT('',(-6.30089314203668,1.05,2.85));
#19157=CARTESIAN_POINT('',(-6.30089314203668,1.2,2.85));
#19158=CARTESIAN_POINT('',(-4.25,1.2,2.85));
#19159=CARTESIAN_POINT('',(-4.25,1.2,2.85));
#19160=CARTESIAN_POINT('',(-4.25,1.1,2.85));
#19161=CARTESIAN_POINT('',(-4.15,1.1,2.85));
#19162=CARTESIAN_POINT('',(-2.9,1.1,2.85));
#19163=CARTESIAN_POINT('',(-3.65,0.1,2.85));
#19164=CARTESIAN_POINT('',(-2.15,0.1,2.85));
#19165=CARTESIAN_POINT('',(-2.15,0.0999999999999994,2.85));
#19166=CARTESIAN_POINT('',(-2.9,1.1,2.85));
#19167=CARTESIAN_POINT('',(-1.65,1.1,2.85));
#19168=CARTESIAN_POINT('',(-1.55,1.1,2.85));
#19169=CARTESIAN_POINT('',(-1.55,1.2,2.85));
#19170=CARTESIAN_POINT('',(0.346060798583055,1.2,2.85));
#19171=CARTESIAN_POINT('',(0.346060798583055,1.2,2.85));
#19172=CARTESIAN_POINT('',(1.3,1.5,2.85));
#19173=CARTESIAN_POINT('',(1.34347825594613,0.500945626474773,2.85));
#19174=CARTESIAN_POINT('',(1.35,0.351087470692395,2.85));
#19175=CARTESIAN_POINT('',(1.5,0.351087470692394,2.85));
#19176=CARTESIAN_POINT('',(1.5,0.,2.85));
#19177=CARTESIAN_POINT('',(1.5,0.,2.85));
#19178=CARTESIAN_POINT('',(1.5,0.351087470692394,2.85));
#19179=CARTESIAN_POINT('',(1.5,0.351087470692394,0.));
#19180=CARTESIAN_POINT('',(1.5,0.,0.));
#19181=CARTESIAN_POINT('',(1.35,0.351087470692395,2.85));
#19182=CARTESIAN_POINT('',(1.35,0.351087470692395,0.));
#19183=CARTESIAN_POINT('',(1.34347825594613,0.500945626474773,0.));
#19184=CARTESIAN_POINT('',(1.34347825594613,0.500945626474773,2.85));
#19185=CARTESIAN_POINT('',(1.3,1.5,2.85));
#19186=CARTESIAN_POINT('',(1.3,1.5,0.));
#19187=CARTESIAN_POINT('',(0.346060798583055,1.2,0.));
#19188=CARTESIAN_POINT('',(0.346060798583055,1.2,2.85));
#19189=CARTESIAN_POINT('',(0.346060798583055,1.2,2.85));
#19190=CARTESIAN_POINT('',(0.25,1.2,0.56));
#19191=CARTESIAN_POINT('',(0.25,1.2,0.56));
#19192=CARTESIAN_POINT('',(0.25,1.2,1.56));
#19193=CARTESIAN_POINT('',(0.25,1.2,0.56));
#19194=CARTESIAN_POINT('',(-0.25,1.2,0.56));
#19195=CARTESIAN_POINT('',(-0.25,1.2,0.56));
#19196=CARTESIAN_POINT('',(-0.25,1.2,1.56));
#19197=CARTESIAN_POINT('',(0.25,1.2,1.56));
#19198=CARTESIAN_POINT('',(0.346060798583055,1.2,0.));
#19199=CARTESIAN_POINT('',(-1.55,1.2,0.));
#19200=CARTESIAN_POINT('',(-1.55,1.2,2.85));
#19201=CARTESIAN_POINT('',(-1.55,1.1,2.85));
#19202=CARTESIAN_POINT('',(-1.55,1.1,0.));
#19203=CARTESIAN_POINT('',(-1.65,1.1,0.));
#19204=CARTESIAN_POINT('',(-1.65,1.1,2.85));
#19205=CARTESIAN_POINT('',(-2.9,1.1,2.85));
#19206=CARTESIAN_POINT('',(-2.9,1.1,0.));
#19207=CARTESIAN_POINT('',(-2.15,0.0999999999999994,0.));
#19208=CARTESIAN_POINT('',(-2.15,0.0999999999999994,2.85));
#19209=CARTESIAN_POINT('',(-2.15,0.1,2.85));
#19210=CARTESIAN_POINT('',(-3.65,0.1,2.85));
#19211=CARTESIAN_POINT('',(-3.65,0.1,0.));
#19212=CARTESIAN_POINT('',(-4.5,0.1,0.));
#19213=CARTESIAN_POINT('',(-4.5,0.1,0.));
#19214=CARTESIAN_POINT('',(-4.5,0.1,-1.5));
#19215=CARTESIAN_POINT('',(-4.5,0.1,-1.5));
#19216=CARTESIAN_POINT('',(-4.5,0.1,-1.5));
#19217=CARTESIAN_POINT('',(1.9,0.1,-1.5));
#19218=CARTESIAN_POINT('',(1.9,0.1,-1.5));
#19219=CARTESIAN_POINT('',(-4.5,0.1,0.));
#19220=CARTESIAN_POINT('',(-2.9,1.1,2.85));
#19221=CARTESIAN_POINT('',(-2.9,1.1,0.));
#19222=CARTESIAN_POINT('',(-4.15,1.1,0.));
#19223=CARTESIAN_POINT('',(-4.15,1.1,2.85));
#19224=CARTESIAN_POINT('',(-4.25,1.1,2.85));
#19225=CARTESIAN_POINT('',(-4.25,1.1,0.));
#19226=CARTESIAN_POINT('',(-4.25,1.2,0.));
#19227=CARTESIAN_POINT('',(-4.25,1.2,2.85));
#19228=CARTESIAN_POINT('',(-4.25,1.2,2.85));
#19229=CARTESIAN_POINT('',(-4.75,1.2,0.56));
#19230=CARTESIAN_POINT('',(-4.75,1.2,0.56));
#19231=CARTESIAN_POINT('',(-4.75,1.2,1.56));
#19232=CARTESIAN_POINT('',(-4.75,1.2,0.56));
#19233=CARTESIAN_POINT('',(-5.25,1.2,0.56));
#19234=CARTESIAN_POINT('',(-5.25,1.2,0.56));
#19235=CARTESIAN_POINT('',(-5.25,1.2,1.56));
#19236=CARTESIAN_POINT('',(-4.75,1.2,1.56));
#19237=CARTESIAN_POINT('',(-4.25,1.2,0.));
#19238=CARTESIAN_POINT('',(-6.30089314203668,1.2,0.));
#19239=CARTESIAN_POINT('',(-6.30089314203668,1.2,2.85));
#19240=CARTESIAN_POINT('',(-6.30089314203668,1.05,2.85));
#19241=CARTESIAN_POINT('',(-6.30089314203668,1.05,0.));
#19242=CARTESIAN_POINT('',(-6.45079744824703,1.05535714285714,0.));
#19243=CARTESIAN_POINT('',(-6.45079744824703,1.05535714285714,2.85));
#19244=CARTESIAN_POINT('',(-7.7,1.1,2.85));
#19245=CARTESIAN_POINT('',(-7.7,1.1,0.));
#19246=CARTESIAN_POINT('',(1.35,0.351087470692395,13.35));
#19247=CARTESIAN_POINT('',(1.35,0.351087470692395,10.5));
#19248=CARTESIAN_POINT('',(1.5,0.351087470692394,10.5));
#19249=CARTESIAN_POINT('',(1.34347825594613,0.500945626474773,10.5));
#19250=CARTESIAN_POINT('',(1.5,0.351087470692394,13.35));
#19251=CARTESIAN_POINT('',(1.5,0.351087470692394,13.35));
#19252=CARTESIAN_POINT('',(1.35,0.351087470692395,13.35));
#19253=CARTESIAN_POINT('',(1.34347825594613,0.500945626474773,13.35));
#19254=CARTESIAN_POINT('',(1.34347825594613,0.500945626474773,13.35));
#19255=CARTESIAN_POINT('',(1.3,1.5,13.35));
#19256=CARTESIAN_POINT('',(1.3,1.5,10.5));
#19257=CARTESIAN_POINT('',(0.346060798583055,1.2,10.5));
#19258=CARTESIAN_POINT('',(1.3,1.5,13.35));
#19259=CARTESIAN_POINT('',(0.346060798583055,1.2,13.35));
#19260=CARTESIAN_POINT('',(0.346060798583055,1.2,13.35));
#19261=CARTESIAN_POINT('',(0.346060798583055,1.2,13.35));
#19262=CARTESIAN_POINT('',(0.25,1.2,11.06));
#19263=CARTESIAN_POINT('',(0.25,1.2,11.06));
#19264=CARTESIAN_POINT('',(0.25,1.2,12.06));
#19265=CARTESIAN_POINT('',(0.25,1.2,11.06));
#19266=CARTESIAN_POINT('',(-0.25,1.2,11.06));
#19267=CARTESIAN_POINT('',(-0.25,1.2,11.06));
#19268=CARTESIAN_POINT('',(-0.25,1.2,12.06));
#19269=CARTESIAN_POINT('',(0.25,1.2,12.06));
#19270=CARTESIAN_POINT('',(0.346060798583055,1.2,10.5));
#19271=CARTESIAN_POINT('',(-1.55,1.2,10.5));
#19272=CARTESIAN_POINT('',(0.346060798583055,1.2,13.35));
#19273=CARTESIAN_POINT('',(-1.55,1.2,13.35));
#19274=CARTESIAN_POINT('',(-1.55,1.2,13.35));
#19275=CARTESIAN_POINT('',(-1.55,1.1,13.35));
#19276=CARTESIAN_POINT('',(-1.55,1.1,10.5));
#19277=CARTESIAN_POINT('',(-1.65,1.1,10.5));
#19278=CARTESIAN_POINT('',(-1.55,1.1,13.35));
#19279=CARTESIAN_POINT('',(-1.65,1.1,13.35));
#19280=CARTESIAN_POINT('',(-1.65,1.1,13.35));
#19281=CARTESIAN_POINT('',(-2.9,1.1,13.35));
#19282=CARTESIAN_POINT('',(-2.9,1.1,10.5));
#19283=CARTESIAN_POINT('',(-2.15,0.0999999999999994,10.5));
#19284=CARTESIAN_POINT('',(-2.9,1.1,13.35));
#19285=CARTESIAN_POINT('',(-2.15,0.0999999999999994,13.35));
#19286=CARTESIAN_POINT('',(-2.15,0.0999999999999994,13.35));
#19287=CARTESIAN_POINT('',(-2.15,0.1,13.35));
#19288=CARTESIAN_POINT('',(-2.15,0.1,10.5));
#19289=CARTESIAN_POINT('',(-3.65,0.1,10.5));
#19290=CARTESIAN_POINT('',(-2.15,0.1,13.35));
#19291=CARTESIAN_POINT('',(-3.65,0.1,13.35));
#19292=CARTESIAN_POINT('',(-3.65,0.1,13.35));
#19293=CARTESIAN_POINT('',(-2.9,1.1,13.35));
#19294=CARTESIAN_POINT('',(-2.9,1.1,10.5));
#19295=CARTESIAN_POINT('',(-4.15,1.1,10.5));
#19296=CARTESIAN_POINT('',(-2.9,1.1,13.35));
#19297=CARTESIAN_POINT('',(-4.15,1.1,13.35));
#19298=CARTESIAN_POINT('',(-4.15,1.1,13.35));
#19299=CARTESIAN_POINT('',(-4.25,1.1,13.35));
#19300=CARTESIAN_POINT('',(-4.25,1.1,10.5));
#19301=CARTESIAN_POINT('',(-4.25,1.2,10.5));
#19302=CARTESIAN_POINT('',(-4.25,1.1,13.35));
#19303=CARTESIAN_POINT('',(-4.25,1.2,13.35));
#19304=CARTESIAN_POINT('',(-4.25,1.2,13.35));
#19305=CARTESIAN_POINT('',(-4.25,1.2,13.35));
#19306=CARTESIAN_POINT('',(-4.75,1.2,11.06));
#19307=CARTESIAN_POINT('',(-4.75,1.2,11.06));
#19308=CARTESIAN_POINT('',(-4.75,1.2,12.06));
#19309=CARTESIAN_POINT('',(-4.75,1.2,11.06));
#19310=CARTESIAN_POINT('',(-5.25,1.2,11.06));
#19311=CARTESIAN_POINT('',(-5.25,1.2,11.06));
#19312=CARTESIAN_POINT('',(-5.25,1.2,12.06));
#19313=CARTESIAN_POINT('',(-4.75,1.2,12.06));
#19314=CARTESIAN_POINT('',(-4.25,1.2,10.5));
#19315=CARTESIAN_POINT('',(-6.30089314203668,1.2,10.5));
#19316=CARTESIAN_POINT('',(-4.25,1.2,13.35));
#19317=CARTESIAN_POINT('',(-6.30089314203668,1.2,13.35));
#19318=CARTESIAN_POINT('',(-6.30089314203668,1.2,13.35));
#19319=CARTESIAN_POINT('',(-6.30089314203668,1.05,13.35));
#19320=CARTESIAN_POINT('',(-6.30089314203668,1.05,10.5));
#19321=CARTESIAN_POINT('',(-6.45079744824703,1.05535714285714,10.5));
#19322=CARTESIAN_POINT('',(-6.30089314203668,1.05,13.35));
#19323=CARTESIAN_POINT('',(-6.45079744824703,1.05535714285714,13.35));
#19324=CARTESIAN_POINT('',(-6.45079744824703,1.05535714285714,13.35));
#19325=CARTESIAN_POINT('',(1.35,0.351087470692395,13.35));
#19326=CARTESIAN_POINT('',(-7.7,1.1,13.35));
#19327=CARTESIAN_POINT('',(1.5,0.,13.35));
#19328=CARTESIAN_POINT('',(1.35,0.351087470692395,10.5));
#19329=CARTESIAN_POINT('',(1.5,0.,10.5));
#19330=CARTESIAN_POINT('',(-7.7,1.1,10.5));
#19331=CARTESIAN_POINT('',(-7.7,1.1,13.35));
#19332=CARTESIAN_POINT('',(1.5,0.,13.35));
#19333=CARTESIAN_POINT('',(1.35,0.351087470692395,13.35));
#19334=CARTESIAN_POINT('',(-9.85,1.2,13.35));
#19335=CARTESIAN_POINT('',(-9.85,1.2,13.35));
#19336=CARTESIAN_POINT('',(-9.09910685796332,1.2,13.35));
#19337=CARTESIAN_POINT('',(-9.09910685796332,1.2,13.35));
#19338=CARTESIAN_POINT('',(-9.09910685796332,1.05,13.35));
#19339=CARTESIAN_POINT('',(-8.94920255175296,1.05535714285714,13.35));
#19340=CARTESIAN_POINT('',(-7.69999999999999,1.1,13.35));
#19341=CARTESIAN_POINT('',(1.35,0.351087470692395,10.5));
#19342=CARTESIAN_POINT('',(-7.69999999999999,1.1,10.5));
#19343=CARTESIAN_POINT('',(-8.94920255175296,1.05535714285714,10.5));
#19344=CARTESIAN_POINT('',(-9.09910685796332,1.05,10.5));
#19345=CARTESIAN_POINT('',(-9.09910685796332,1.2,10.5));
#19346=CARTESIAN_POINT('',(-9.09910685796332,1.2,10.5));
#19347=CARTESIAN_POINT('',(-9.85,1.2,10.5));
#19348=CARTESIAN_POINT('',(-9.85,1.2,10.5));
#19349=CARTESIAN_POINT('',(-7.69999999999999,1.1,13.35));
#19350=CARTESIAN_POINT('',(-8.94920255175296,1.05535714285714,13.35));
#19351=CARTESIAN_POINT('',(-9.09910685796332,1.05,13.35));
#19352=CARTESIAN_POINT('',(-9.09910685796332,1.2,13.35));
#19353=CARTESIAN_POINT('',(-9.09910685796332,1.2,13.35));
#19354=CARTESIAN_POINT('',(-9.85,1.2,13.35));
#19355=CARTESIAN_POINT('',(-9.85,1.2,13.35));
#19356=CARTESIAN_POINT('',(1.35,0.351087470692395,9.85));
#19357=CARTESIAN_POINT('',(1.35,0.351087470692395,7.));
#19358=CARTESIAN_POINT('',(1.5,0.351087470692394,7.));
#19359=CARTESIAN_POINT('',(1.34347825594613,0.500945626474773,7.));
#19360=CARTESIAN_POINT('',(1.5,0.351087470692394,9.85));
#19361=CARTESIAN_POINT('',(1.5,0.351087470692394,9.85));
#19362=CARTESIAN_POINT('',(1.35,0.351087470692395,9.85));
#19363=CARTESIAN_POINT('',(1.34347825594613,0.500945626474773,9.85));
#19364=CARTESIAN_POINT('',(1.34347825594613,0.500945626474773,9.85));
#19365=CARTESIAN_POINT('',(1.3,1.5,9.85));
#19366=CARTESIAN_POINT('',(1.3,1.5,7.));
#19367=CARTESIAN_POINT('',(0.346060798583055,1.2,7.));
#19368=CARTESIAN_POINT('',(1.3,1.5,9.85));
#19369=CARTESIAN_POINT('',(0.346060798583055,1.2,9.85));
#19370=CARTESIAN_POINT('',(0.346060798583055,1.2,9.85));
#19371=CARTESIAN_POINT('',(0.346060798583055,1.2,9.85));
#19372=CARTESIAN_POINT('',(0.25,1.2,7.56));
#19373=CARTESIAN_POINT('',(0.25,1.2,7.56));
#19374=CARTESIAN_POINT('',(0.25,1.2,8.56));
#19375=CARTESIAN_POINT('',(0.25,1.2,7.56));
#19376=CARTESIAN_POINT('',(-0.25,1.2,7.56));
#19377=CARTESIAN_POINT('',(-0.25,1.2,7.56));
#19378=CARTESIAN_POINT('',(-0.25,1.2,8.56));
#19379=CARTESIAN_POINT('',(0.25,1.2,8.56));
#19380=CARTESIAN_POINT('',(0.346060798583055,1.2,7.));
#19381=CARTESIAN_POINT('',(-1.55,1.2,7.));
#19382=CARTESIAN_POINT('',(0.346060798583055,1.2,9.85));
#19383=CARTESIAN_POINT('',(-1.55,1.2,9.85));
#19384=CARTESIAN_POINT('',(-1.55,1.2,9.85));
#19385=CARTESIAN_POINT('',(-1.55,1.1,9.85));
#19386=CARTESIAN_POINT('',(-1.55,1.1,7.));
#19387=CARTESIAN_POINT('',(-1.65,1.1,7.));
#19388=CARTESIAN_POINT('',(-1.55,1.1,9.85));
#19389=CARTESIAN_POINT('',(-1.65,1.1,9.85));
#19390=CARTESIAN_POINT('',(-1.65,1.1,9.85));
#19391=CARTESIAN_POINT('',(-2.9,1.1,9.85));
#19392=CARTESIAN_POINT('',(-2.9,1.1,7.));
#19393=CARTESIAN_POINT('',(-2.15,0.0999999999999994,7.));
#19394=CARTESIAN_POINT('',(-2.9,1.1,9.85));
#19395=CARTESIAN_POINT('',(-2.15,0.0999999999999994,9.85));
#19396=CARTESIAN_POINT('',(-2.15,0.0999999999999994,9.85));
#19397=CARTESIAN_POINT('',(-2.15,0.1,9.85));
#19398=CARTESIAN_POINT('',(-2.15,0.1,7.));
#19399=CARTESIAN_POINT('',(-3.65,0.1,7.));
#19400=CARTESIAN_POINT('',(-2.15,0.1,9.85));
#19401=CARTESIAN_POINT('',(-3.65,0.1,9.85));
#19402=CARTESIAN_POINT('',(-3.65,0.1,9.85));
#19403=CARTESIAN_POINT('',(-2.9,1.1,9.85));
#19404=CARTESIAN_POINT('',(-2.9,1.1,7.));
#19405=CARTESIAN_POINT('',(-4.15,1.1,7.));
#19406=CARTESIAN_POINT('',(-2.9,1.1,9.85));
#19407=CARTESIAN_POINT('',(-4.15,1.1,9.85));
#19408=CARTESIAN_POINT('',(-4.15,1.1,9.85));
#19409=CARTESIAN_POINT('',(-4.25,1.1,9.85));
#19410=CARTESIAN_POINT('',(-4.25,1.1,7.));
#19411=CARTESIAN_POINT('',(-4.25,1.2,7.));
#19412=CARTESIAN_POINT('',(-4.25,1.1,9.85));
#19413=CARTESIAN_POINT('',(-4.25,1.2,9.85));
#19414=CARTESIAN_POINT('',(-4.25,1.2,9.85));
#19415=CARTESIAN_POINT('',(-4.25,1.2,9.85));
#19416=CARTESIAN_POINT('',(-4.75,1.2,7.56));
#19417=CARTESIAN_POINT('',(-4.75,1.2,7.56));
#19418=CARTESIAN_POINT('',(-4.75,1.2,8.56));
#19419=CARTESIAN_POINT('',(-4.75,1.2,7.56));
#19420=CARTESIAN_POINT('',(-5.25,1.2,7.56));
#19421=CARTESIAN_POINT('',(-5.25,1.2,7.56));
#19422=CARTESIAN_POINT('',(-5.25,1.2,8.56));
#19423=CARTESIAN_POINT('',(-4.75,1.2,8.56));
#19424=CARTESIAN_POINT('',(-4.25,1.2,7.));
#19425=CARTESIAN_POINT('',(-6.30089314203668,1.2,7.));
#19426=CARTESIAN_POINT('',(-4.25,1.2,9.85));
#19427=CARTESIAN_POINT('',(-6.30089314203668,1.2,9.85));
#19428=CARTESIAN_POINT('',(-6.30089314203668,1.2,9.85));
#19429=CARTESIAN_POINT('',(-6.30089314203668,1.05,9.85));
#19430=CARTESIAN_POINT('',(-6.30089314203668,1.05,7.));
#19431=CARTESIAN_POINT('',(-6.45079744824703,1.05535714285714,7.));
#19432=CARTESIAN_POINT('',(-6.30089314203668,1.05,9.85));
#19433=CARTESIAN_POINT('',(-6.45079744824703,1.05535714285714,9.85));
#19434=CARTESIAN_POINT('',(-6.45079744824703,1.05535714285714,9.85));
#19435=CARTESIAN_POINT('',(1.35,0.351087470692395,9.85));
#19436=CARTESIAN_POINT('',(-7.7,1.1,9.85));
#19437=CARTESIAN_POINT('',(1.5,0.,9.85));
#19438=CARTESIAN_POINT('',(1.35,0.351087470692395,7.));
#19439=CARTESIAN_POINT('',(1.5,0.,7.));
#19440=CARTESIAN_POINT('',(-7.7,1.1,7.));
#19441=CARTESIAN_POINT('',(-7.7,1.1,9.85));
#19442=CARTESIAN_POINT('',(1.5,0.,9.85));
#19443=CARTESIAN_POINT('',(1.35,0.351087470692395,9.85));
#19444=CARTESIAN_POINT('',(-9.85,1.2,9.85));
#19445=CARTESIAN_POINT('',(-9.85,1.2,9.85));
#19446=CARTESIAN_POINT('',(-9.09910685796332,1.2,9.85));
#19447=CARTESIAN_POINT('',(-9.09910685796332,1.2,9.85));
#19448=CARTESIAN_POINT('',(-9.09910685796332,1.05,9.85));
#19449=CARTESIAN_POINT('',(-8.94920255175296,1.05535714285714,9.85));
#19450=CARTESIAN_POINT('',(-7.69999999999999,1.1,9.85));
#19451=CARTESIAN_POINT('',(1.35,0.351087470692395,7.));
#19452=CARTESIAN_POINT('',(-7.69999999999999,1.1,7.));
#19453=CARTESIAN_POINT('',(-8.94920255175296,1.05535714285714,7.));
#19454=CARTESIAN_POINT('',(-9.09910685796332,1.05,7.));
#19455=CARTESIAN_POINT('',(-9.09910685796332,1.2,7.));
#19456=CARTESIAN_POINT('',(-9.09910685796332,1.2,7.));
#19457=CARTESIAN_POINT('',(-9.85,1.2,7.));
#19458=CARTESIAN_POINT('',(-9.85,1.2,7.));
#19459=CARTESIAN_POINT('',(-7.69999999999999,1.1,9.85));
#19460=CARTESIAN_POINT('',(-8.94920255175296,1.05535714285714,9.85));
#19461=CARTESIAN_POINT('',(-9.09910685796332,1.05,9.85));
#19462=CARTESIAN_POINT('',(-9.09910685796332,1.2,9.85));
#19463=CARTESIAN_POINT('',(-9.09910685796332,1.2,9.85));
#19464=CARTESIAN_POINT('',(-9.85,1.2,9.85));
#19465=CARTESIAN_POINT('',(-9.85,1.2,9.85));
#19466=CARTESIAN_POINT('',(1.35,0.351087470692395,6.35));
#19467=CARTESIAN_POINT('',(1.35,0.351087470692395,3.5));
#19468=CARTESIAN_POINT('',(1.5,0.351087470692394,3.5));
#19469=CARTESIAN_POINT('',(1.34347825594613,0.500945626474773,3.5));
#19470=CARTESIAN_POINT('',(1.5,0.351087470692394,6.35));
#19471=CARTESIAN_POINT('',(1.5,0.351087470692394,6.35));
#19472=CARTESIAN_POINT('',(1.35,0.351087470692395,6.35));
#19473=CARTESIAN_POINT('',(1.34347825594613,0.500945626474773,6.35));
#19474=CARTESIAN_POINT('',(1.34347825594613,0.500945626474773,6.35));
#19475=CARTESIAN_POINT('',(1.3,1.5,6.35));
#19476=CARTESIAN_POINT('',(1.3,1.5,3.5));
#19477=CARTESIAN_POINT('',(0.346060798583055,1.2,3.5));
#19478=CARTESIAN_POINT('',(1.3,1.5,6.35));
#19479=CARTESIAN_POINT('',(0.346060798583055,1.2,6.35));
#19480=CARTESIAN_POINT('',(0.346060798583055,1.2,6.35));
#19481=CARTESIAN_POINT('',(0.346060798583055,1.2,6.35));
#19482=CARTESIAN_POINT('',(0.25,1.2,4.06));
#19483=CARTESIAN_POINT('',(0.25,1.2,4.06));
#19484=CARTESIAN_POINT('',(0.25,1.2,5.06));
#19485=CARTESIAN_POINT('',(0.25,1.2,4.06));
#19486=CARTESIAN_POINT('',(-0.25,1.2,4.06));
#19487=CARTESIAN_POINT('',(-0.25,1.2,4.06));
#19488=CARTESIAN_POINT('',(-0.25,1.2,5.06));
#19489=CARTESIAN_POINT('',(0.25,1.2,5.06));
#19490=CARTESIAN_POINT('',(0.346060798583055,1.2,3.5));
#19491=CARTESIAN_POINT('',(-1.55,1.2,3.5));
#19492=CARTESIAN_POINT('',(0.346060798583055,1.2,6.35));
#19493=CARTESIAN_POINT('',(-1.55,1.2,6.35));
#19494=CARTESIAN_POINT('',(-1.55,1.2,6.35));
#19495=CARTESIAN_POINT('',(-1.55,1.1,6.35));
#19496=CARTESIAN_POINT('',(-1.55,1.1,3.5));
#19497=CARTESIAN_POINT('',(-1.65,1.1,3.5));
#19498=CARTESIAN_POINT('',(-1.55,1.1,6.35));
#19499=CARTESIAN_POINT('',(-1.65,1.1,6.35));
#19500=CARTESIAN_POINT('',(-1.65,1.1,6.35));
#19501=CARTESIAN_POINT('',(-2.9,1.1,6.35));
#19502=CARTESIAN_POINT('',(-2.9,1.1,3.5));
#19503=CARTESIAN_POINT('',(-2.15,0.0999999999999994,3.5));
#19504=CARTESIAN_POINT('',(-2.9,1.1,6.35));
#19505=CARTESIAN_POINT('',(-2.15,0.0999999999999994,6.35));
#19506=CARTESIAN_POINT('',(-2.15,0.0999999999999994,6.35));
#19507=CARTESIAN_POINT('',(-2.15,0.1,6.35));
#19508=CARTESIAN_POINT('',(-2.15,0.1,3.5));
#19509=CARTESIAN_POINT('',(-3.65,0.1,3.5));
#19510=CARTESIAN_POINT('',(-2.15,0.1,6.35));
#19511=CARTESIAN_POINT('',(-3.65,0.1,6.35));
#19512=CARTESIAN_POINT('',(-3.65,0.1,6.35));
#19513=CARTESIAN_POINT('',(-2.9,1.1,6.35));
#19514=CARTESIAN_POINT('',(-2.9,1.1,3.5));
#19515=CARTESIAN_POINT('',(-4.15,1.1,3.5));
#19516=CARTESIAN_POINT('',(-2.9,1.1,6.35));
#19517=CARTESIAN_POINT('',(-4.15,1.1,6.35));
#19518=CARTESIAN_POINT('',(-4.15,1.1,6.35));
#19519=CARTESIAN_POINT('',(-4.25,1.1,6.35));
#19520=CARTESIAN_POINT('',(-4.25,1.1,3.5));
#19521=CARTESIAN_POINT('',(-4.25,1.2,3.5));
#19522=CARTESIAN_POINT('',(-4.25,1.1,6.35));
#19523=CARTESIAN_POINT('',(-4.25,1.2,6.35));
#19524=CARTESIAN_POINT('',(-4.25,1.2,6.35));
#19525=CARTESIAN_POINT('',(-4.25,1.2,6.35));
#19526=CARTESIAN_POINT('',(-4.75,1.2,4.06));
#19527=CARTESIAN_POINT('',(-4.75,1.2,4.06));
#19528=CARTESIAN_POINT('',(-4.75,1.2,5.06));
#19529=CARTESIAN_POINT('',(-4.75,1.2,4.06));
#19530=CARTESIAN_POINT('',(-5.25,1.2,4.06));
#19531=CARTESIAN_POINT('',(-5.25,1.2,4.06));
#19532=CARTESIAN_POINT('',(-5.25,1.2,5.06));
#19533=CARTESIAN_POINT('',(-4.75,1.2,5.06));
#19534=CARTESIAN_POINT('',(-4.25,1.2,3.5));
#19535=CARTESIAN_POINT('',(-6.30089314203668,1.2,3.5));
#19536=CARTESIAN_POINT('',(-4.25,1.2,6.35));
#19537=CARTESIAN_POINT('',(-6.30089314203668,1.2,6.35));
#19538=CARTESIAN_POINT('',(-6.30089314203668,1.2,6.35));
#19539=CARTESIAN_POINT('',(-6.30089314203668,1.05,6.35));
#19540=CARTESIAN_POINT('',(-6.30089314203668,1.05,3.5));
#19541=CARTESIAN_POINT('',(-6.45079744824703,1.05535714285714,3.5));
#19542=CARTESIAN_POINT('',(-6.30089314203668,1.05,6.35));
#19543=CARTESIAN_POINT('',(-6.45079744824703,1.05535714285714,6.35));
#19544=CARTESIAN_POINT('',(-6.45079744824703,1.05535714285714,6.35));
#19545=CARTESIAN_POINT('',(1.35,0.351087470692395,6.35));
#19546=CARTESIAN_POINT('',(-7.7,1.1,6.35));
#19547=CARTESIAN_POINT('',(1.5,0.,6.35));
#19548=CARTESIAN_POINT('',(1.35,0.351087470692395,3.5));
#19549=CARTESIAN_POINT('',(1.5,0.,3.5));
#19550=CARTESIAN_POINT('',(-7.7,1.1,3.5));
#19551=CARTESIAN_POINT('',(-7.7,1.1,6.35));
#19552=CARTESIAN_POINT('',(1.5,0.,6.35));
#19553=CARTESIAN_POINT('',(1.35,0.351087470692395,6.35));
#19554=CARTESIAN_POINT('',(-9.85,1.2,6.35));
#19555=CARTESIAN_POINT('',(-9.85,1.2,6.35));
#19556=CARTESIAN_POINT('',(-9.09910685796332,1.2,6.35));
#19557=CARTESIAN_POINT('',(-9.09910685796332,1.2,6.35));
#19558=CARTESIAN_POINT('',(-9.09910685796332,1.05,6.35));
#19559=CARTESIAN_POINT('',(-8.94920255175296,1.05535714285714,6.35));
#19560=CARTESIAN_POINT('',(-7.69999999999999,1.1,6.35));
#19561=CARTESIAN_POINT('',(1.35,0.351087470692395,3.5));
#19562=CARTESIAN_POINT('',(-7.69999999999999,1.1,3.5));
#19563=CARTESIAN_POINT('',(-8.94920255175296,1.05535714285714,3.5));
#19564=CARTESIAN_POINT('',(-9.09910685796332,1.05,3.5));
#19565=CARTESIAN_POINT('',(-9.09910685796332,1.2,3.5));
#19566=CARTESIAN_POINT('',(-9.09910685796332,1.2,3.5));
#19567=CARTESIAN_POINT('',(-9.85,1.2,3.5));
#19568=CARTESIAN_POINT('',(-9.85,1.2,3.5));
#19569=CARTESIAN_POINT('',(-7.69999999999999,1.1,6.35));
#19570=CARTESIAN_POINT('',(-8.94920255175296,1.05535714285714,6.35));
#19571=CARTESIAN_POINT('',(-9.09910685796332,1.05,6.35));
#19572=CARTESIAN_POINT('',(-9.09910685796332,1.2,6.35));
#19573=CARTESIAN_POINT('',(-9.09910685796332,1.2,6.35));
#19574=CARTESIAN_POINT('',(-9.85,1.2,6.35));
#19575=CARTESIAN_POINT('',(-9.85,1.2,6.35));
#19576=CARTESIAN_POINT('',(1.25,13.75,2.85));
#19577=CARTESIAN_POINT('',(1.4,10.85,2.85));
#19578=CARTESIAN_POINT('',(1.2660714144676,12.0928045437547,2.85));
#19579=CARTESIAN_POINT('',(1.25,12.2419410907075,2.85));
#19580=CARTESIAN_POINT('',(1.1,12.2419410907075,2.85));
#19581=CARTESIAN_POINT('',(1.1,13.75,2.85));
#19582=CARTESIAN_POINT('',(1.1,13.75,2.85));
#19583=CARTESIAN_POINT('',(1.25,13.75,2.85));
#19584=CARTESIAN_POINT('',(1.25,13.9,2.85));
#19585=CARTESIAN_POINT('',(2.3,13.9,2.85));
#19586=CARTESIAN_POINT('',(2.3,13.9,2.85));
#19587=CARTESIAN_POINT('',(1.25,13.9,2.85));
#19588=CARTESIAN_POINT('',(1.25,13.9,0.));
#19589=CARTESIAN_POINT('',(2.3,13.9,0.));
#19590=CARTESIAN_POINT('',(1.4,10.85,2.85));
#19591=CARTESIAN_POINT('',(1.4,10.85,0.));
#19592=CARTESIAN_POINT('',(1.2660714144676,12.0928045437547,0.));
#19593=CARTESIAN_POINT('',(1.2660714144676,12.0928045437547,2.85));
#19594=CARTESIAN_POINT('',(1.25,12.2419410907075,2.85));
#19595=CARTESIAN_POINT('',(1.25,12.2419410907075,0.));
#19596=CARTESIAN_POINT('',(1.1,12.2419410907075,0.));
#19597=CARTESIAN_POINT('',(1.1,12.2419410907075,2.85));
#19598=CARTESIAN_POINT('',(1.1,13.75,2.85));
#19599=CARTESIAN_POINT('',(1.1,13.75,0.));
#19600=CARTESIAN_POINT('',(1.1,13.75,0.));
#19601=CARTESIAN_POINT('',(1.1,13.75,2.85));
#19602=CARTESIAN_POINT('',(1.25,13.75,2.85));
#19603=CARTESIAN_POINT('',(1.25,13.75,0.));
#19604=CARTESIAN_POINT('',(1.25,13.75,2.85));
#19605=CARTESIAN_POINT('',(1.3,1.5,2.85));
#19606=CARTESIAN_POINT('',(1.25652173913043,2.49905437331096,2.85));
#19607=CARTESIAN_POINT('',(1.25,2.64891252930761,2.85));
#19608=CARTESIAN_POINT('',(1.1,2.64891252930761,2.85));
#19609=CARTESIAN_POINT('',(1.1,5.10089314203668,2.85));
#19610=CARTESIAN_POINT('',(1.1,5.10089314203668,2.85));
#19611=CARTESIAN_POINT('',(1.25,5.10089314203668,2.85));
#19612=CARTESIAN_POINT('',(1.25535714285714,5.25079744824703,2.85));
#19613=CARTESIAN_POINT('',(1.3,6.5,2.85));
#19614=CARTESIAN_POINT('',(2.2,5.63253242135513,2.85));
#19615=CARTESIAN_POINT('',(2.2,7.36746757864487,2.85));
#19616=CARTESIAN_POINT('',(2.2,7.36746757864487,2.85));
#19617=CARTESIAN_POINT('',(1.3,6.5,2.85));
#19618=CARTESIAN_POINT('',(1.25535714285714,7.74920255175297,2.85));
#19619=CARTESIAN_POINT('',(1.25,7.89910685796333,2.85));
#19620=CARTESIAN_POINT('',(1.1,7.89910685796332,2.85));
#19621=CARTESIAN_POINT('',(1.1,9.51489700771813,2.85));
#19622=CARTESIAN_POINT('',(1.1,9.51489700771813,2.85));
#19623=CARTESIAN_POINT('',(1.2,9.51489700771813,2.85));
#19624=CARTESIAN_POINT('',(1.21481481481481,9.61379352566494,2.85));
#19625=CARTESIAN_POINT('',(1.4,10.85,2.85));
#19626=CARTESIAN_POINT('',(1.4,10.85,2.85));
#19627=CARTESIAN_POINT('',(1.4,10.85,0.));
#19628=CARTESIAN_POINT('',(1.21481481481481,9.61379352566494,0.));
#19629=CARTESIAN_POINT('',(1.21481481481481,9.61379352566494,2.85));
#19630=CARTESIAN_POINT('',(1.2,9.51489700771813,2.85));
#19631=CARTESIAN_POINT('',(1.2,9.51489700771813,0.));
#19632=CARTESIAN_POINT('',(1.1,9.51489700771813,0.));
#19633=CARTESIAN_POINT('',(1.1,9.51489700771813,2.85));
#19634=CARTESIAN_POINT('',(1.1,9.51489700771813,2.85));
#19635=CARTESIAN_POINT('',(1.1,9.51489700771813,0.));
#19636=CARTESIAN_POINT('',(1.1,7.89910685796332,0.));
#19637=CARTESIAN_POINT('',(1.1,7.89910685796332,2.85));
#19638=CARTESIAN_POINT('',(1.25,7.89910685796333,2.85));
#19639=CARTESIAN_POINT('',(1.25,7.89910685796333,0.));
#19640=CARTESIAN_POINT('',(1.25535714285714,7.74920255175297,0.));
#19641=CARTESIAN_POINT('',(1.25535714285714,7.74920255175297,2.85));
#19642=CARTESIAN_POINT('',(1.3,6.5,2.85));
#19643=CARTESIAN_POINT('',(1.3,6.5,0.));
#19644=CARTESIAN_POINT('',(2.2,7.36746757864487,0.));
#19645=CARTESIAN_POINT('',(2.2,7.36746757864487,2.85));
#19646=CARTESIAN_POINT('',(2.2,7.36746757864487,2.85));
#19647=CARTESIAN_POINT('',(2.2,5.63253242135513,2.85));
#19648=CARTESIAN_POINT('',(2.2,5.63253242135513,0.));
#19649=CARTESIAN_POINT('',(2.2,0.4,0.));
#19650=CARTESIAN_POINT('',(2.2,0.4,-1.5));
#19651=CARTESIAN_POINT('',(2.2,0.4,-1.5));
#19652=CARTESIAN_POINT('',(2.2,0.4,-1.5));
#19653=CARTESIAN_POINT('',(2.2,14.1,-1.5));
#19654=CARTESIAN_POINT('',(2.2,14.1,-1.5));
#19655=CARTESIAN_POINT('',(2.2,0.4,0.));
#19656=CARTESIAN_POINT('',(2.2,0.4,0.));
#19657=CARTESIAN_POINT('',(1.3,6.5,2.85));
#19658=CARTESIAN_POINT('',(1.3,6.5,0.));
#19659=CARTESIAN_POINT('',(1.25535714285714,5.25079744824703,0.));
#19660=CARTESIAN_POINT('',(1.25535714285714,5.25079744824703,2.85));
#19661=CARTESIAN_POINT('',(1.25,5.10089314203668,2.85));
#19662=CARTESIAN_POINT('',(1.25,5.10089314203668,0.));
#19663=CARTESIAN_POINT('',(1.1,5.10089314203668,0.));
#19664=CARTESIAN_POINT('',(1.1,5.10089314203668,2.85));
#19665=CARTESIAN_POINT('',(1.1,5.10089314203668,2.85));
#19666=CARTESIAN_POINT('',(1.1,5.10089314203668,0.));
#19667=CARTESIAN_POINT('',(1.1,2.64891252930761,0.));
#19668=CARTESIAN_POINT('',(1.1,2.64891252930761,2.85));
#19669=CARTESIAN_POINT('',(1.25,2.64891252930761,2.85));
#19670=CARTESIAN_POINT('',(1.25,2.64891252930761,0.));
#19671=CARTESIAN_POINT('',(1.25652173913043,2.49905437331096,0.));
#19672=CARTESIAN_POINT('',(1.25652173913043,2.49905437331096,2.85));
#19673=CARTESIAN_POINT('',(1.3,1.5,2.85));
#19674=CARTESIAN_POINT('',(1.3,1.5,0.));
#19675=CARTESIAN_POINT('',(1.25,13.75,13.35));
#19676=CARTESIAN_POINT('',(1.25,13.75,10.5));
#19677=CARTESIAN_POINT('',(1.25,13.9,10.5));
#19678=CARTESIAN_POINT('',(1.1,13.75,10.5));
#19679=CARTESIAN_POINT('',(1.25,13.9,13.35));
#19680=CARTESIAN_POINT('',(1.25,13.9,13.35));
#19681=CARTESIAN_POINT('',(1.25,13.75,13.35));
#19682=CARTESIAN_POINT('',(1.1,13.75,13.35));
#19683=CARTESIAN_POINT('',(1.1,13.75,13.35));
#19684=CARTESIAN_POINT('',(1.1,13.75,13.35));
#19685=CARTESIAN_POINT('',(1.1,13.75,10.5));
#19686=CARTESIAN_POINT('',(1.1,12.2419410907075,10.5));
#19687=CARTESIAN_POINT('',(1.1,13.75,13.35));
#19688=CARTESIAN_POINT('',(1.1,12.2419410907075,13.35));
#19689=CARTESIAN_POINT('',(1.1,12.2419410907075,13.35));
#19690=CARTESIAN_POINT('',(1.25,12.2419410907075,13.35));
#19691=CARTESIAN_POINT('',(1.25,12.2419410907075,10.5));
#19692=CARTESIAN_POINT('',(1.2660714144676,12.0928045437547,10.5));
#19693=CARTESIAN_POINT('',(1.25,12.2419410907075,13.35));
#19694=CARTESIAN_POINT('',(1.2660714144676,12.0928045437547,13.35));
#19695=CARTESIAN_POINT('',(1.2660714144676,12.0928045437547,13.35));
#19696=CARTESIAN_POINT('',(1.25,13.75,13.35));
#19697=CARTESIAN_POINT('',(1.4,10.85,13.35));
#19698=CARTESIAN_POINT('',(2.3,13.9,13.35));
#19699=CARTESIAN_POINT('',(1.25,13.75,10.5));
#19700=CARTESIAN_POINT('',(2.3,13.9,10.5));
#19701=CARTESIAN_POINT('',(1.4,10.85,10.5));
#19702=CARTESIAN_POINT('',(2.3,13.9,13.35));
#19703=CARTESIAN_POINT('',(1.4,10.85,13.35));
#19704=CARTESIAN_POINT('',(1.25,13.75,13.35));
#19705=CARTESIAN_POINT('',(1.3,1.5,13.35));
#19706=CARTESIAN_POINT('',(1.25652173913043,2.49905437331096,13.35));
#19707=CARTESIAN_POINT('',(1.25,2.64891252930761,13.35));
#19708=CARTESIAN_POINT('',(1.1,2.64891252930761,13.35));
#19709=CARTESIAN_POINT('',(1.1,5.10089314203668,13.35));
#19710=CARTESIAN_POINT('',(1.1,5.10089314203668,13.35));
#19711=CARTESIAN_POINT('',(1.25,5.10089314203668,13.35));
#19712=CARTESIAN_POINT('',(1.25535714285714,5.25079744824703,13.35));
#19713=CARTESIAN_POINT('',(1.3,6.5,13.35));
#19714=CARTESIAN_POINT('',(2.2,5.63253242135513,13.35));
#19715=CARTESIAN_POINT('',(2.2,7.36746757864487,13.35));
#19716=CARTESIAN_POINT('',(2.2,7.36746757864487,13.35));
#19717=CARTESIAN_POINT('',(1.3,6.5,13.35));
#19718=CARTESIAN_POINT('',(1.25535714285714,7.74920255175297,13.35));
#19719=CARTESIAN_POINT('',(1.25,7.89910685796333,13.35));
#19720=CARTESIAN_POINT('',(1.1,7.89910685796332,13.35));
#19721=CARTESIAN_POINT('',(1.1,9.51489700771813,13.35));
#19722=CARTESIAN_POINT('',(1.1,9.51489700771813,13.35));
#19723=CARTESIAN_POINT('',(1.2,9.51489700771813,13.35));
#19724=CARTESIAN_POINT('',(1.21481481481481,9.61379352566494,13.35));
#19725=CARTESIAN_POINT('',(1.4,10.85,13.35));
#19726=CARTESIAN_POINT('',(1.25,13.75,10.5));
#19727=CARTESIAN_POINT('',(1.4,10.85,10.5));
#19728=CARTESIAN_POINT('',(1.21481481481481,9.61379352566494,10.5));
#19729=CARTESIAN_POINT('',(1.2,9.51489700771813,10.5));
#19730=CARTESIAN_POINT('',(1.1,9.51489700771813,10.5));
#19731=CARTESIAN_POINT('',(1.1,9.51489700771813,10.5));
#19732=CARTESIAN_POINT('',(1.1,7.89910685796332,10.5));
#19733=CARTESIAN_POINT('',(1.25,7.89910685796333,10.5));
#19734=CARTESIAN_POINT('',(1.25535714285714,7.74920255175297,10.5));
#19735=CARTESIAN_POINT('',(1.3,6.5,10.5));
#19736=CARTESIAN_POINT('',(2.2,7.36746757864487,10.5));
#19737=CARTESIAN_POINT('',(2.2,7.36746757864487,10.5));
#19738=CARTESIAN_POINT('',(2.2,5.63253242135513,10.5));
#19739=CARTESIAN_POINT('',(1.3,6.5,10.5));
#19740=CARTESIAN_POINT('',(1.25535714285714,5.25079744824703,10.5));
#19741=CARTESIAN_POINT('',(1.25,5.10089314203668,10.5));
#19742=CARTESIAN_POINT('',(1.1,5.10089314203668,10.5));
#19743=CARTESIAN_POINT('',(1.1,5.10089314203668,10.5));
#19744=CARTESIAN_POINT('',(1.1,2.64891252930761,10.5));
#19745=CARTESIAN_POINT('',(1.25,2.64891252930761,10.5));
#19746=CARTESIAN_POINT('',(1.25652173913043,2.49905437331096,10.5));
#19747=CARTESIAN_POINT('',(1.3,1.5,10.5));
#19748=CARTESIAN_POINT('',(1.4,10.85,13.35));
#19749=CARTESIAN_POINT('',(1.21481481481481,9.61379352566494,13.35));
#19750=CARTESIAN_POINT('',(1.2,9.51489700771813,13.35));
#19751=CARTESIAN_POINT('',(1.1,9.51489700771813,13.35));
#19752=CARTESIAN_POINT('',(1.1,9.51489700771813,13.35));
#19753=CARTESIAN_POINT('',(1.1,7.89910685796332,13.35));
#19754=CARTESIAN_POINT('',(1.25,7.89910685796333,13.35));
#19755=CARTESIAN_POINT('',(1.25535714285714,7.74920255175297,13.35));
#19756=CARTESIAN_POINT('',(1.3,6.5,13.35));
#19757=CARTESIAN_POINT('',(2.2,7.36746757864487,13.35));
#19758=CARTESIAN_POINT('',(2.2,7.36746757864487,13.35));
#19759=CARTESIAN_POINT('',(2.2,5.63253242135513,13.35));
#19760=CARTESIAN_POINT('',(1.3,6.5,13.35));
#19761=CARTESIAN_POINT('',(1.25535714285714,5.25079744824703,13.35));
#19762=CARTESIAN_POINT('',(1.25,5.10089314203668,13.35));
#19763=CARTESIAN_POINT('',(1.1,5.10089314203668,13.35));
#19764=CARTESIAN_POINT('',(1.1,5.10089314203668,13.35));
#19765=CARTESIAN_POINT('',(1.1,2.64891252930761,13.35));
#19766=CARTESIAN_POINT('',(1.25,2.64891252930761,13.35));
#19767=CARTESIAN_POINT('',(1.25652173913043,2.49905437331096,13.35));
#19768=CARTESIAN_POINT('',(1.3,1.5,13.35));
#19769=CARTESIAN_POINT('',(1.25,13.75,9.85));
#19770=CARTESIAN_POINT('',(1.25,13.75,7.));
#19771=CARTESIAN_POINT('',(1.25,13.9,7.));
#19772=CARTESIAN_POINT('',(1.1,13.75,7.));
#19773=CARTESIAN_POINT('',(1.25,13.9,9.85));
#19774=CARTESIAN_POINT('',(1.25,13.9,9.85));
#19775=CARTESIAN_POINT('',(1.25,13.75,9.85));
#19776=CARTESIAN_POINT('',(1.1,13.75,9.85));
#19777=CARTESIAN_POINT('',(1.1,13.75,9.85));
#19778=CARTESIAN_POINT('',(1.1,13.75,9.85));
#19779=CARTESIAN_POINT('',(1.1,13.75,7.));
#19780=CARTESIAN_POINT('',(1.1,12.2419410907075,7.));
#19781=CARTESIAN_POINT('',(1.1,13.75,9.85));
#19782=CARTESIAN_POINT('',(1.1,12.2419410907075,9.85));
#19783=CARTESIAN_POINT('',(1.1,12.2419410907075,9.85));
#19784=CARTESIAN_POINT('',(1.25,12.2419410907075,9.85));
#19785=CARTESIAN_POINT('',(1.25,12.2419410907075,7.));
#19786=CARTESIAN_POINT('',(1.2660714144676,12.0928045437547,7.));
#19787=CARTESIAN_POINT('',(1.25,12.2419410907075,9.85));
#19788=CARTESIAN_POINT('',(1.2660714144676,12.0928045437547,9.85));
#19789=CARTESIAN_POINT('',(1.2660714144676,12.0928045437547,9.85));
#19790=CARTESIAN_POINT('',(1.25,13.75,9.85));
#19791=CARTESIAN_POINT('',(1.4,10.85,9.85));
#19792=CARTESIAN_POINT('',(2.3,13.9,9.85));
#19793=CARTESIAN_POINT('',(1.25,13.75,7.));
#19794=CARTESIAN_POINT('',(2.3,13.9,7.));
#19795=CARTESIAN_POINT('',(1.4,10.85,7.));
#19796=CARTESIAN_POINT('',(2.3,13.9,9.85));
#19797=CARTESIAN_POINT('',(1.4,10.85,9.85));
#19798=CARTESIAN_POINT('',(1.25,13.75,9.85));
#19799=CARTESIAN_POINT('',(1.3,1.5,9.85));
#19800=CARTESIAN_POINT('',(1.25652173913043,2.49905437331096,9.85));
#19801=CARTESIAN_POINT('',(1.25,2.64891252930761,9.85));
#19802=CARTESIAN_POINT('',(1.1,2.64891252930761,9.85));
#19803=CARTESIAN_POINT('',(1.1,5.10089314203668,9.85));
#19804=CARTESIAN_POINT('',(1.1,5.10089314203668,9.85));
#19805=CARTESIAN_POINT('',(1.25,5.10089314203668,9.85));
#19806=CARTESIAN_POINT('',(1.25535714285714,5.25079744824703,9.85));
#19807=CARTESIAN_POINT('',(1.3,6.5,9.85));
#19808=CARTESIAN_POINT('',(2.2,5.63253242135513,9.85));
#19809=CARTESIAN_POINT('',(2.2,7.36746757864487,9.85));
#19810=CARTESIAN_POINT('',(2.2,7.36746757864487,9.85));
#19811=CARTESIAN_POINT('',(1.3,6.5,9.85));
#19812=CARTESIAN_POINT('',(1.25535714285714,7.74920255175297,9.85));
#19813=CARTESIAN_POINT('',(1.25,7.89910685796333,9.85));
#19814=CARTESIAN_POINT('',(1.1,7.89910685796332,9.85));
#19815=CARTESIAN_POINT('',(1.1,9.51489700771813,9.85));
#19816=CARTESIAN_POINT('',(1.1,9.51489700771813,9.85));
#19817=CARTESIAN_POINT('',(1.2,9.51489700771813,9.85));
#19818=CARTESIAN_POINT('',(1.21481481481481,9.61379352566494,9.85));
#19819=CARTESIAN_POINT('',(1.4,10.85,9.85));
#19820=CARTESIAN_POINT('',(1.25,13.75,7.));
#19821=CARTESIAN_POINT('',(1.4,10.85,7.));
#19822=CARTESIAN_POINT('',(1.21481481481481,9.61379352566494,7.));
#19823=CARTESIAN_POINT('',(1.2,9.51489700771813,7.));
#19824=CARTESIAN_POINT('',(1.1,9.51489700771813,7.));
#19825=CARTESIAN_POINT('',(1.1,9.51489700771813,7.));
#19826=CARTESIAN_POINT('',(1.1,7.89910685796332,7.));
#19827=CARTESIAN_POINT('',(1.25,7.89910685796333,7.));
#19828=CARTESIAN_POINT('',(1.25535714285714,7.74920255175297,7.));
#19829=CARTESIAN_POINT('',(1.3,6.5,7.));
#19830=CARTESIAN_POINT('',(2.2,7.36746757864487,7.));
#19831=CARTESIAN_POINT('',(2.2,7.36746757864487,7.));
#19832=CARTESIAN_POINT('',(2.2,5.63253242135513,7.));
#19833=CARTESIAN_POINT('',(1.3,6.5,7.));
#19834=CARTESIAN_POINT('',(1.25535714285714,5.25079744824703,7.));
#19835=CARTESIAN_POINT('',(1.25,5.10089314203668,7.));
#19836=CARTESIAN_POINT('',(1.1,5.10089314203668,7.));
#19837=CARTESIAN_POINT('',(1.1,5.10089314203668,7.));
#19838=CARTESIAN_POINT('',(1.1,2.64891252930761,7.));
#19839=CARTESIAN_POINT('',(1.25,2.64891252930761,7.));
#19840=CARTESIAN_POINT('',(1.25652173913043,2.49905437331096,7.));
#19841=CARTESIAN_POINT('',(1.3,1.5,7.));
#19842=CARTESIAN_POINT('',(1.4,10.85,9.85));
#19843=CARTESIAN_POINT('',(1.21481481481481,9.61379352566494,9.85));
#19844=CARTESIAN_POINT('',(1.2,9.51489700771813,9.85));
#19845=CARTESIAN_POINT('',(1.1,9.51489700771813,9.85));
#19846=CARTESIAN_POINT('',(1.1,9.51489700771813,9.85));
#19847=CARTESIAN_POINT('',(1.1,7.89910685796332,9.85));
#19848=CARTESIAN_POINT('',(1.25,7.89910685796333,9.85));
#19849=CARTESIAN_POINT('',(1.25535714285714,7.74920255175297,9.85));
#19850=CARTESIAN_POINT('',(1.3,6.5,9.85));
#19851=CARTESIAN_POINT('',(2.2,7.36746757864487,9.85));
#19852=CARTESIAN_POINT('',(2.2,7.36746757864487,9.85));
#19853=CARTESIAN_POINT('',(2.2,5.63253242135513,9.85));
#19854=CARTESIAN_POINT('',(1.3,6.5,9.85));
#19855=CARTESIAN_POINT('',(1.25535714285714,5.25079744824703,9.85));
#19856=CARTESIAN_POINT('',(1.25,5.10089314203668,9.85));
#19857=CARTESIAN_POINT('',(1.1,5.10089314203668,9.85));
#19858=CARTESIAN_POINT('',(1.1,5.10089314203668,9.85));
#19859=CARTESIAN_POINT('',(1.1,2.64891252930761,9.85));
#19860=CARTESIAN_POINT('',(1.25,2.64891252930761,9.85));
#19861=CARTESIAN_POINT('',(1.25652173913043,2.49905437331096,9.85));
#19862=CARTESIAN_POINT('',(1.3,1.5,9.85));
#19863=CARTESIAN_POINT('',(1.25,13.75,6.35));
#19864=CARTESIAN_POINT('',(1.25,13.75,3.5));
#19865=CARTESIAN_POINT('',(1.25,13.9,3.5));
#19866=CARTESIAN_POINT('',(1.1,13.75,3.5));
#19867=CARTESIAN_POINT('',(1.25,13.9,6.35));
#19868=CARTESIAN_POINT('',(1.25,13.9,6.35));
#19869=CARTESIAN_POINT('',(1.25,13.75,6.35));
#19870=CARTESIAN_POINT('',(1.1,13.75,6.35));
#19871=CARTESIAN_POINT('',(1.1,13.75,6.35));
#19872=CARTESIAN_POINT('',(1.1,13.75,6.35));
#19873=CARTESIAN_POINT('',(1.1,13.75,3.5));
#19874=CARTESIAN_POINT('',(1.1,12.2419410907075,3.5));
#19875=CARTESIAN_POINT('',(1.1,13.75,6.35));
#19876=CARTESIAN_POINT('',(1.1,12.2419410907075,6.35));
#19877=CARTESIAN_POINT('',(1.1,12.2419410907075,6.35));
#19878=CARTESIAN_POINT('',(1.25,12.2419410907075,6.35));
#19879=CARTESIAN_POINT('',(1.25,12.2419410907075,3.5));
#19880=CARTESIAN_POINT('',(1.2660714144676,12.0928045437547,3.5));
#19881=CARTESIAN_POINT('',(1.25,12.2419410907075,6.35));
#19882=CARTESIAN_POINT('',(1.2660714144676,12.0928045437547,6.35));
#19883=CARTESIAN_POINT('',(1.2660714144676,12.0928045437547,6.35));
#19884=CARTESIAN_POINT('',(1.25,13.75,6.35));
#19885=CARTESIAN_POINT('',(1.4,10.85,6.35));
#19886=CARTESIAN_POINT('',(2.3,13.9,6.35));
#19887=CARTESIAN_POINT('',(1.25,13.75,3.5));
#19888=CARTESIAN_POINT('',(2.3,13.9,3.5));
#19889=CARTESIAN_POINT('',(1.4,10.85,3.5));
#19890=CARTESIAN_POINT('',(2.3,13.9,6.35));
#19891=CARTESIAN_POINT('',(1.4,10.85,6.35));
#19892=CARTESIAN_POINT('',(1.25,13.75,6.35));
#19893=CARTESIAN_POINT('',(1.3,1.5,6.35));
#19894=CARTESIAN_POINT('',(1.25652173913043,2.49905437331096,6.35));
#19895=CARTESIAN_POINT('',(1.25,2.64891252930761,6.35));
#19896=CARTESIAN_POINT('',(1.1,2.64891252930761,6.35));
#19897=CARTESIAN_POINT('',(1.1,5.10089314203668,6.35));
#19898=CARTESIAN_POINT('',(1.1,5.10089314203668,6.35));
#19899=CARTESIAN_POINT('',(1.25,5.10089314203668,6.35));
#19900=CARTESIAN_POINT('',(1.25535714285714,5.25079744824703,6.35));
#19901=CARTESIAN_POINT('',(1.3,6.5,6.35));
#19902=CARTESIAN_POINT('',(2.2,5.63253242135513,6.35));
#19903=CARTESIAN_POINT('',(2.2,7.36746757864487,6.35));
#19904=CARTESIAN_POINT('',(2.2,7.36746757864487,6.35));
#19905=CARTESIAN_POINT('',(1.3,6.5,6.35));
#19906=CARTESIAN_POINT('',(1.25535714285714,7.74920255175297,6.35));
#19907=CARTESIAN_POINT('',(1.25,7.89910685796333,6.35));
#19908=CARTESIAN_POINT('',(1.1,7.89910685796332,6.35));
#19909=CARTESIAN_POINT('',(1.1,9.51489700771813,6.35));
#19910=CARTESIAN_POINT('',(1.1,9.51489700771813,6.35));
#19911=CARTESIAN_POINT('',(1.2,9.51489700771813,6.35));
#19912=CARTESIAN_POINT('',(1.21481481481481,9.61379352566494,6.35));
#19913=CARTESIAN_POINT('',(1.4,10.85,6.35));
#19914=CARTESIAN_POINT('',(1.25,13.75,3.5));
#19915=CARTESIAN_POINT('',(1.4,10.85,3.5));
#19916=CARTESIAN_POINT('',(1.21481481481481,9.61379352566494,3.5));
#19917=CARTESIAN_POINT('',(1.2,9.51489700771813,3.5));
#19918=CARTESIAN_POINT('',(1.1,9.51489700771813,3.5));
#19919=CARTESIAN_POINT('',(1.1,9.51489700771813,3.5));
#19920=CARTESIAN_POINT('',(1.1,7.89910685796332,3.5));
#19921=CARTESIAN_POINT('',(1.25,7.89910685796333,3.5));
#19922=CARTESIAN_POINT('',(1.25535714285714,7.74920255175297,3.5));
#19923=CARTESIAN_POINT('',(1.3,6.5,3.5));
#19924=CARTESIAN_POINT('',(2.2,7.36746757864487,3.5));
#19925=CARTESIAN_POINT('',(2.2,7.36746757864487,3.5));
#19926=CARTESIAN_POINT('',(2.2,5.63253242135513,3.5));
#19927=CARTESIAN_POINT('',(1.3,6.5,3.5));
#19928=CARTESIAN_POINT('',(1.25535714285714,5.25079744824703,3.5));
#19929=CARTESIAN_POINT('',(1.25,5.10089314203668,3.5));
#19930=CARTESIAN_POINT('',(1.1,5.10089314203668,3.5));
#19931=CARTESIAN_POINT('',(1.1,5.10089314203668,3.5));
#19932=CARTESIAN_POINT('',(1.1,2.64891252930761,3.5));
#19933=CARTESIAN_POINT('',(1.25,2.64891252930761,3.5));
#19934=CARTESIAN_POINT('',(1.25652173913043,2.49905437331096,3.5));
#19935=CARTESIAN_POINT('',(1.3,1.5,3.5));
#19936=CARTESIAN_POINT('',(1.4,10.85,6.35));
#19937=CARTESIAN_POINT('',(1.21481481481481,9.61379352566494,6.35));
#19938=CARTESIAN_POINT('',(1.2,9.51489700771813,6.35));
#19939=CARTESIAN_POINT('',(1.1,9.51489700771813,6.35));
#19940=CARTESIAN_POINT('',(1.1,9.51489700771813,6.35));
#19941=CARTESIAN_POINT('',(1.1,7.89910685796332,6.35));
#19942=CARTESIAN_POINT('',(1.25,7.89910685796333,6.35));
#19943=CARTESIAN_POINT('',(1.25535714285714,7.74920255175297,6.35));
#19944=CARTESIAN_POINT('',(1.3,6.5,6.35));
#19945=CARTESIAN_POINT('',(2.2,7.36746757864487,6.35));
#19946=CARTESIAN_POINT('',(2.2,7.36746757864487,6.35));
#19947=CARTESIAN_POINT('',(2.2,5.63253242135513,6.35));
#19948=CARTESIAN_POINT('',(1.3,6.5,6.35));
#19949=CARTESIAN_POINT('',(1.25535714285714,5.25079744824703,6.35));
#19950=CARTESIAN_POINT('',(1.25,5.10089314203668,6.35));
#19951=CARTESIAN_POINT('',(1.1,5.10089314203668,6.35));
#19952=CARTESIAN_POINT('',(1.1,5.10089314203668,6.35));
#19953=CARTESIAN_POINT('',(1.1,2.64891252930761,6.35));
#19954=CARTESIAN_POINT('',(1.25,2.64891252930761,6.35));
#19955=CARTESIAN_POINT('',(1.25652173913043,2.49905437331096,6.35));
#19956=CARTESIAN_POINT('',(1.3,1.5,6.35));
#19957=CARTESIAN_POINT('',(-10.0456925097228,8.9,13.85));
#19958=CARTESIAN_POINT('',(-10.1417201696725,8.9,13.9652331919396));
#19959=CARTESIAN_POINT('',(-9.6,8.9,13.25));
#19960=CARTESIAN_POINT('',(-9.6,8.9,13.4));
#19961=CARTESIAN_POINT('',(-9.75729490168752,8.9,13.4));
#19962=CARTESIAN_POINT('',(-9.75729490168752,8.9,13.4));
#19963=CARTESIAN_POINT('',(-9.75729490168753,8.9,13.25));
#19964=CARTESIAN_POINT('',(-9.89145898033751,8.9,13.317082039325));
#19965=CARTESIAN_POINT('',(-9.9085410196625,8.9,13.282917960675));
#19966=CARTESIAN_POINT('',(-9.9085410196625,8.9,13.282917960675));
#19967=CARTESIAN_POINT('',(-10.0427050983125,8.9,13.35));
#19968=CARTESIAN_POINT('',(-10.0427050983125,8.9,13.2));
#19969=CARTESIAN_POINT('',(-10.0456925097228,8.9,13.2));
#19970=CARTESIAN_POINT('',(-8.6,14.5,13.2));
#19971=CARTESIAN_POINT('',(-8.6,3.45,13.2));
#19972=CARTESIAN_POINT('',(-8.6,3.45,13.2));
#19973=CARTESIAN_POINT('',(-10.0456925097228,8.9,13.2));
#19974=CARTESIAN_POINT('',(-10.0456925097228,8.9,13.35));
#19975=CARTESIAN_POINT('',(-10.1417201696725,8.9,13.2347668080604));
#19976=CARTESIAN_POINT('',(-10.3460276599497,8.9,13.4050230499581));
#19977=CARTESIAN_POINT('',(-10.3460276599497,8.9,13.4050230499581));
#19978=CARTESIAN_POINT('',(-10.25,8.9,13.5202562418977));
#19979=CARTESIAN_POINT('',(-10.4,8.9,13.5202562418977));
#19980=CARTESIAN_POINT('',(-10.4,8.9,13.6797437581023));
#19981=CARTESIAN_POINT('',(-10.4,8.9,13.6797437581023));
#19982=CARTESIAN_POINT('',(-10.25,8.9,13.6797437581023));
#19983=CARTESIAN_POINT('',(-10.3460276599497,8.9,13.7949769500419));
#19984=CARTESIAN_POINT('',(-10.1417201696725,8.9,13.9652331919396));
#19985=CARTESIAN_POINT('',(-9.6,8.9,13.95));
#19986=CARTESIAN_POINT('',(-9.6,8.9,13.8));
#19987=CARTESIAN_POINT('',(-9.6,8.9,13.8));
#19988=CARTESIAN_POINT('',(-9.6,8.9,13.95));
#19989=CARTESIAN_POINT('',(-9.45,8.9,13.95));
#19990=CARTESIAN_POINT('',(-9.45,8.9,13.95));
#19991=CARTESIAN_POINT('',(-9.6,8.9,13.8));
#19992=CARTESIAN_POINT('',(-9.75729490168752,8.9,13.8));
#19993=CARTESIAN_POINT('',(-9.75729490168752,8.9,13.8));
#19994=CARTESIAN_POINT('',(-9.6,8.9,13.8));
#19995=CARTESIAN_POINT('',(-9.75729490168752,8.9,13.95));
#19996=CARTESIAN_POINT('',(-9.8914589803375,8.9,13.882917960675));
#19997=CARTESIAN_POINT('',(-9.8914589803375,8.9,13.882917960675));
#19998=CARTESIAN_POINT('',(-9.75729490168752,8.9,13.95));
#19999=CARTESIAN_POINT('',(-9.8914589803375,8.9,13.882917960675));
#20000=CARTESIAN_POINT('',(-9.9085410196625,8.9,13.917082039325));
#20001=CARTESIAN_POINT('',(-9.9085410196625,8.9,13.917082039325));
#20002=CARTESIAN_POINT('',(-9.8914589803375,8.9,13.882917960675));
#20003=CARTESIAN_POINT('',(-9.45,8.9,14.5));
#20004=CARTESIAN_POINT('',(-9.45,8.9,14.5));
#20005=CARTESIAN_POINT('',(-10.0427050983125,8.9,13.85));
#20006=CARTESIAN_POINT('',(-10.0427050983125,8.9,13.85));
#20007=CARTESIAN_POINT('',(-9.6,8.9,13.95));
#20008=CARTESIAN_POINT('',(-9.6,8.9,3.45));
#20009=CARTESIAN_POINT('',(-9.6,8.9,3.3));
#20010=CARTESIAN_POINT('',(-9.6,8.9,3.3));
#20011=CARTESIAN_POINT('',(-9.75729490168752,8.9,3.3));
#20012=CARTESIAN_POINT('',(-9.75729490168752,8.9,3.45));
#20013=CARTESIAN_POINT('',(-9.8914589803375,8.9,3.382917960675));
#20014=CARTESIAN_POINT('',(-9.8914589803375,8.9,3.382917960675));
#20015=CARTESIAN_POINT('',(-9.9085410196625,8.9,3.417082039325));
#20016=CARTESIAN_POINT('',(-10.0427050983125,8.9,3.35));
#20017=CARTESIAN_POINT('',(-10.0427050983125,8.9,3.5));
#20018=CARTESIAN_POINT('',(-10.0427050983125,8.9,3.5));
#20019=CARTESIAN_POINT('',(-10.0456925097228,8.9,3.5));
#20020=CARTESIAN_POINT('',(-8.6,2.15,3.5));
#20021=CARTESIAN_POINT('',(-8.6,2.15,3.5));
#20022=CARTESIAN_POINT('',(-8.6,2.15,3.5));
#20023=CARTESIAN_POINT('',(-10.0456925097228,8.9,3.35000000000003));
#20024=CARTESIAN_POINT('',(-10.1417201696725,8.9,3.4652331919396));
#20025=CARTESIAN_POINT('',(-10.1417201696725,8.9,3.4652331919396));
#20026=CARTESIAN_POINT('',(-10.3460276599497,8.9,3.29497695004194));
#20027=CARTESIAN_POINT('',(-10.25,8.9,3.17974375810233));
#20028=CARTESIAN_POINT('',(-10.4,8.9,3.17974375810233));
#20029=CARTESIAN_POINT('',(-10.4,8.9,3.17974375810233));
#20030=CARTESIAN_POINT('',(-10.4,8.9,3.02025624189766));
#20031=CARTESIAN_POINT('',(-10.25,8.9,3.02025624189767));
#20032=CARTESIAN_POINT('',(-10.3460276599497,8.9,2.90502304995806));
#20033=CARTESIAN_POINT('',(-10.3460276599497,8.9,2.90502304995806));
#20034=CARTESIAN_POINT('',(-10.1417201696725,8.9,2.73476680806039));
#20035=CARTESIAN_POINT('',(-10.0456925097228,8.9,2.84999999999999));
#20036=CARTESIAN_POINT('',(-10.0456925097228,8.9,2.7));
#20037=CARTESIAN_POINT('',(-10.0456925097228,8.9,2.7));
#20038=CARTESIAN_POINT('',(-10.0427050983125,8.9,2.7));
#20039=CARTESIAN_POINT('',(-8.6,14.5,2.7));
#20040=CARTESIAN_POINT('',(-8.6,3.45,2.7));
#20041=CARTESIAN_POINT('',(-8.6,3.45,2.7));
#20042=CARTESIAN_POINT('',(-10.0427050983125,8.9,2.84999999999999));
#20043=CARTESIAN_POINT('',(-9.9085410196625,8.9,2.78291796067501));
#20044=CARTESIAN_POINT('',(-9.9085410196625,8.9,2.78291796067501));
#20045=CARTESIAN_POINT('',(-9.89145898033751,8.9,2.81708203932499));
#20046=CARTESIAN_POINT('',(-9.75729490168753,8.9,2.75000000000001));
#20047=CARTESIAN_POINT('',(-9.75729490168752,8.9,2.9));
#20048=CARTESIAN_POINT('',(-9.75729490168752,8.9,2.9));
#20049=CARTESIAN_POINT('',(-9.6,8.9,2.9));
#20050=CARTESIAN_POINT('',(-9.6,8.9,2.75));
#20051=CARTESIAN_POINT('',(-9.6,8.9,6.95));
#20052=CARTESIAN_POINT('',(-9.6,8.9,6.8));
#20053=CARTESIAN_POINT('',(-9.6,8.9,6.8));
#20054=CARTESIAN_POINT('',(-9.75729490168752,8.9,6.8));
#20055=CARTESIAN_POINT('',(-9.75729490168752,8.9,6.95));
#20056=CARTESIAN_POINT('',(-9.8914589803375,8.9,6.882917960675));
#20057=CARTESIAN_POINT('',(-9.8914589803375,8.9,6.882917960675));
#20058=CARTESIAN_POINT('',(-9.9085410196625,8.9,6.917082039325));
#20059=CARTESIAN_POINT('',(-10.0427050983125,8.9,6.85));
#20060=CARTESIAN_POINT('',(-10.0427050983125,8.9,7.));
#20061=CARTESIAN_POINT('',(-10.0427050983125,8.9,7.));
#20062=CARTESIAN_POINT('',(-10.0456925097228,8.9,7.));
#20063=CARTESIAN_POINT('',(-8.6,2.15,7.));
#20064=CARTESIAN_POINT('',(-8.6,2.15,7.));
#20065=CARTESIAN_POINT('',(-8.6,2.15,7.));
#20066=CARTESIAN_POINT('',(-10.0456925097228,8.9,6.85000000000003));
#20067=CARTESIAN_POINT('',(-10.1417201696725,8.9,6.96523319193961));
#20068=CARTESIAN_POINT('',(-10.1417201696725,8.9,6.96523319193961));
#20069=CARTESIAN_POINT('',(-10.3460276599497,8.9,6.79497695004194));
#20070=CARTESIAN_POINT('',(-10.25,8.9,6.67974375810233));
#20071=CARTESIAN_POINT('',(-10.4,8.9,6.67974375810234));
#20072=CARTESIAN_POINT('',(-10.4,8.9,6.67974375810234));
#20073=CARTESIAN_POINT('',(-10.4,8.9,6.52025624189766));
#20074=CARTESIAN_POINT('',(-10.25,8.9,6.52025624189767));
#20075=CARTESIAN_POINT('',(-10.3460276599497,8.9,6.40502304995806));
#20076=CARTESIAN_POINT('',(-10.3460276599497,8.9,6.40502304995806));
#20077=CARTESIAN_POINT('',(-10.1417201696725,8.9,6.2347668080604));
#20078=CARTESIAN_POINT('',(-10.0456925097228,8.9,6.35));
#20079=CARTESIAN_POINT('',(-10.0456925097228,8.9,6.2));
#20080=CARTESIAN_POINT('',(-10.0456925097228,8.9,6.2));
#20081=CARTESIAN_POINT('',(-10.0427050983125,8.9,6.2));
#20082=CARTESIAN_POINT('',(-8.6,14.5,6.2));
#20083=CARTESIAN_POINT('',(-8.6,3.45,6.2));
#20084=CARTESIAN_POINT('',(-8.6,3.45,6.2));
#20085=CARTESIAN_POINT('',(-10.0427050983125,8.9,6.34999999999999));
#20086=CARTESIAN_POINT('',(-9.9085410196625,8.9,6.28291796067501));
#20087=CARTESIAN_POINT('',(-9.9085410196625,8.9,6.28291796067501));
#20088=CARTESIAN_POINT('',(-9.89145898033751,8.9,6.31708203932499));
#20089=CARTESIAN_POINT('',(-9.75729490168753,8.9,6.25000000000001));
#20090=CARTESIAN_POINT('',(-9.75729490168752,8.9,6.4));
#20091=CARTESIAN_POINT('',(-9.75729490168752,8.9,6.4));
#20092=CARTESIAN_POINT('',(-9.6,8.9,6.4));
#20093=CARTESIAN_POINT('',(-9.6,8.9,6.25));
#20094=CARTESIAN_POINT('',(-9.6,8.9,10.45));
#20095=CARTESIAN_POINT('',(-9.6,8.9,10.3));
#20096=CARTESIAN_POINT('',(-9.6,8.9,10.3));
#20097=CARTESIAN_POINT('',(-9.75729490168752,8.9,10.3));
#20098=CARTESIAN_POINT('',(-9.75729490168752,8.9,10.45));
#20099=CARTESIAN_POINT('',(-9.8914589803375,8.9,10.382917960675));
#20100=CARTESIAN_POINT('',(-9.8914589803375,8.9,10.382917960675));
#20101=CARTESIAN_POINT('',(-9.9085410196625,8.9,10.417082039325));
#20102=CARTESIAN_POINT('',(-10.0427050983125,8.9,10.35));
#20103=CARTESIAN_POINT('',(-10.0427050983125,8.9,10.5));
#20104=CARTESIAN_POINT('',(-10.0427050983125,8.9,10.5));
#20105=CARTESIAN_POINT('',(-10.0456925097228,8.9,10.5));
#20106=CARTESIAN_POINT('',(-8.6,2.15,10.5));
#20107=CARTESIAN_POINT('',(-8.6,2.15,10.5));
#20108=CARTESIAN_POINT('',(-8.6,2.15,10.5));
#20109=CARTESIAN_POINT('',(-10.0456925097228,8.9,10.35));
#20110=CARTESIAN_POINT('',(-10.1417201696725,8.9,10.4652331919396));
#20111=CARTESIAN_POINT('',(-10.1417201696725,8.9,10.4652331919396));
#20112=CARTESIAN_POINT('',(-10.3460276599497,8.9,10.2949769500419));
#20113=CARTESIAN_POINT('',(-10.25,8.9,10.1797437581023));
#20114=CARTESIAN_POINT('',(-10.4,8.9,10.1797437581023));
#20115=CARTESIAN_POINT('',(-10.4,8.9,10.1797437581023));
#20116=CARTESIAN_POINT('',(-10.4,8.9,10.0202562418977));
#20117=CARTESIAN_POINT('',(-10.25,8.9,10.0202562418977));
#20118=CARTESIAN_POINT('',(-10.3460276599497,8.9,9.90502304995806));
#20119=CARTESIAN_POINT('',(-10.3460276599497,8.9,9.90502304995806));
#20120=CARTESIAN_POINT('',(-10.1417201696725,8.9,9.7347668080604));
#20121=CARTESIAN_POINT('',(-10.0456925097228,8.9,9.85));
#20122=CARTESIAN_POINT('',(-10.0456925097228,8.9,9.7));
#20123=CARTESIAN_POINT('',(-10.0456925097228,8.9,9.7));
#20124=CARTESIAN_POINT('',(-10.0427050983125,8.9,9.7));
#20125=CARTESIAN_POINT('',(-8.6,14.5,9.7));
#20126=CARTESIAN_POINT('',(-8.6,3.45,9.7));
#20127=CARTESIAN_POINT('',(-8.6,3.45,9.7));
#20128=CARTESIAN_POINT('',(-10.0427050983125,8.9,9.84999999999999));
#20129=CARTESIAN_POINT('',(-9.9085410196625,8.9,9.78291796067501));
#20130=CARTESIAN_POINT('',(-9.9085410196625,8.9,9.78291796067501));
#20131=CARTESIAN_POINT('',(-9.89145898033751,8.9,9.81708203932499));
#20132=CARTESIAN_POINT('',(-9.75729490168753,8.9,9.75000000000001));
#20133=CARTESIAN_POINT('',(-9.75729490168752,8.9,9.9));
#20134=CARTESIAN_POINT('',(-9.75729490168752,8.9,9.9));
#20135=CARTESIAN_POINT('',(-9.6,8.9,9.9));
#20136=CARTESIAN_POINT('',(-9.6,8.9,9.75));
#20137=CARTESIAN_POINT('',(-8.6,2.45,0.800000000000001));
#20138=CARTESIAN_POINT('',(-8.6,7.08,0.800000000000001));
#20139=CARTESIAN_POINT('',(-8.6,7.08,2.65));
#20140=CARTESIAN_POINT('',(-8.6,7.08,0.0499999999999999));
#20141=CARTESIAN_POINT('',(-8.6,2.45,2.65));
#20142=CARTESIAN_POINT('',(-8.6,3.64361658777286,2.65));
#20143=CARTESIAN_POINT('',(-8.6,3.64361658777286,2.65));
#20144=CARTESIAN_POINT('',(-8.6,3.64361658777286,0.0499999999999999));
#20145=CARTESIAN_POINT('',(-8.6,2.45,0.0499999999999999));
#20146=CARTESIAN_POINT('',(-8.6,2.15,0.));
#20147=CARTESIAN_POINT('',(-8.6,2.15,0.));
#20148=CARTESIAN_POINT('',(-8.6,2.15,0.8));
#20149=CARTESIAN_POINT('',(-8.6,2.15,0.8));
#20150=CARTESIAN_POINT('',(-8.6,2.45,0.800000000000001));
#20151=CARTESIAN_POINT('',(-8.6,2.45,1.1));
#20152=CARTESIAN_POINT('',(-8.6,3.45,1.1));
#20153=CARTESIAN_POINT('',(-8.6,3.45,1.1));
#20154=CARTESIAN_POINT('',(-8.6,3.45,2.7));
#20155=CARTESIAN_POINT('',(-8.6,3.45,2.7));
#20156=CARTESIAN_POINT('',(-8.6,3.45,1.1));
#20157=CARTESIAN_POINT('',(-8.6,3.45,1.1));
#20158=CARTESIAN_POINT('',(-8.6,2.45,1.1));
#20159=CARTESIAN_POINT('',(-8.6,2.45,0.800000000000001));
#20160=CARTESIAN_POINT('',(-8.6,2.15,0.8));
#20161=CARTESIAN_POINT('',(-8.6,2.15,0.8));
#20162=CARTESIAN_POINT('',(-8.6,2.15,0.));
#20163=CARTESIAN_POINT('',(-8.6,2.45,7.8));
#20164=CARTESIAN_POINT('',(-8.6,7.08,7.8));
#20165=CARTESIAN_POINT('',(-8.6,7.08,9.65));
#20166=CARTESIAN_POINT('',(-8.6,7.08,7.05));
#20167=CARTESIAN_POINT('',(-8.6,2.45,9.65));
#20168=CARTESIAN_POINT('',(-8.6,3.64361658777286,9.65));
#20169=CARTESIAN_POINT('',(-8.6,3.64361658777286,9.65));
#20170=CARTESIAN_POINT('',(-8.6,3.64361658777286,7.05));
#20171=CARTESIAN_POINT('',(-8.6,2.45,7.05));
#20172=CARTESIAN_POINT('',(-8.6,2.15,7.8));
#20173=CARTESIAN_POINT('',(-8.6,2.15,7.8));
#20174=CARTESIAN_POINT('',(-8.6,2.45,7.8));
#20175=CARTESIAN_POINT('',(-8.6,2.45,8.1));
#20176=CARTESIAN_POINT('',(-8.6,3.45,8.1));
#20177=CARTESIAN_POINT('',(-8.6,3.45,8.1));
#20178=CARTESIAN_POINT('',(-8.6,3.45,9.7));
#20179=CARTESIAN_POINT('',(-8.6,3.45,9.7));
#20180=CARTESIAN_POINT('',(-8.6,3.45,8.1));
#20181=CARTESIAN_POINT('',(-8.6,3.45,8.1));
#20182=CARTESIAN_POINT('',(-8.6,2.45,8.1));
#20183=CARTESIAN_POINT('',(-8.6,2.45,7.8));
#20184=CARTESIAN_POINT('',(-8.6,2.15,7.8));
#20185=CARTESIAN_POINT('',(-8.6,2.15,7.8));
#20186=CARTESIAN_POINT('',(-8.6,2.45,11.3));
#20187=CARTESIAN_POINT('',(-8.6,7.08,11.3));
#20188=CARTESIAN_POINT('',(-8.6,7.08,13.15));
#20189=CARTESIAN_POINT('',(-8.6,7.08,10.55));
#20190=CARTESIAN_POINT('',(-8.6,2.45,13.15));
#20191=CARTESIAN_POINT('',(-8.6,3.64361658777286,13.15));
#20192=CARTESIAN_POINT('',(-8.6,3.64361658777286,13.15));
#20193=CARTESIAN_POINT('',(-8.6,3.64361658777286,10.55));
#20194=CARTESIAN_POINT('',(-8.6,2.45,10.55));
#20195=CARTESIAN_POINT('',(-8.6,2.15,11.3));
#20196=CARTESIAN_POINT('',(-8.6,2.15,11.3));
#20197=CARTESIAN_POINT('',(-8.6,2.45,11.3));
#20198=CARTESIAN_POINT('',(-8.6,2.45,11.6));
#20199=CARTESIAN_POINT('',(-8.6,3.45,11.6));
#20200=CARTESIAN_POINT('',(-8.6,3.45,11.6));
#20201=CARTESIAN_POINT('',(-8.6,3.45,13.2));
#20202=CARTESIAN_POINT('',(-8.6,3.45,13.2));
#20203=CARTESIAN_POINT('',(-8.6,3.45,11.6));
#20204=CARTESIAN_POINT('',(-8.6,3.45,11.6));
#20205=CARTESIAN_POINT('',(-8.6,2.45,11.6));
#20206=CARTESIAN_POINT('',(-8.6,2.45,11.3));
#20207=CARTESIAN_POINT('',(-8.6,2.15,11.3));
#20208=CARTESIAN_POINT('',(-8.6,2.15,11.3));
#20209=CARTESIAN_POINT('',(-8.6,2.45,4.3));
#20210=CARTESIAN_POINT('',(-8.6,7.08,4.3));
#20211=CARTESIAN_POINT('',(-8.6,7.08,6.15));
#20212=CARTESIAN_POINT('',(-8.6,7.08,3.55));
#20213=CARTESIAN_POINT('',(-8.6,2.45,6.15));
#20214=CARTESIAN_POINT('',(-8.6,3.64361658777286,6.15));
#20215=CARTESIAN_POINT('',(-8.6,3.64361658777286,6.15));
#20216=CARTESIAN_POINT('',(-8.6,3.64361658777286,3.55));
#20217=CARTESIAN_POINT('',(-8.6,2.45,3.55));
#20218=CARTESIAN_POINT('',(-8.6,2.15,4.3));
#20219=CARTESIAN_POINT('',(-8.6,2.15,4.3));
#20220=CARTESIAN_POINT('',(-8.6,2.45,4.3));
#20221=CARTESIAN_POINT('',(-8.6,2.45,4.6));
#20222=CARTESIAN_POINT('',(-8.6,3.45,4.6));
#20223=CARTESIAN_POINT('',(-8.6,3.45,4.6));
#20224=CARTESIAN_POINT('',(-8.6,3.45,6.2));
#20225=CARTESIAN_POINT('',(-8.6,3.45,6.2));
#20226=CARTESIAN_POINT('',(-8.6,3.45,4.6));
#20227=CARTESIAN_POINT('',(-8.6,3.45,4.6));
#20228=CARTESIAN_POINT('',(-8.6,2.45,4.6));
#20229=CARTESIAN_POINT('',(-8.6,2.45,4.3));
#20230=CARTESIAN_POINT('',(-8.6,2.15,4.3));
#20231=CARTESIAN_POINT('',(-8.6,2.15,4.3));
#20232=CARTESIAN_POINT('',(-4.1,12.5,1.35));
#20233=CARTESIAN_POINT('',(-4.4,12.5,1.35));
#20234=CARTESIAN_POINT('',(-4.4,12.5,1.35));
#20235=CARTESIAN_POINT('',(-4.1,12.5,1.35));
#20236=CARTESIAN_POINT('',(-4.1,12.5,1.05));
#20237=CARTESIAN_POINT('',(-4.1,12.5,1.05));
#20238=CARTESIAN_POINT('',(-4.4,12.5,1.35));
#20239=CARTESIAN_POINT('',(-4.4,12.5,1.95));
#20240=CARTESIAN_POINT('',(-4.4,12.5,1.95));
#20241=CARTESIAN_POINT('',(-4.4,12.5,1.35));
#20242=CARTESIAN_POINT('',(-4.1,12.5,1.95));
#20243=CARTESIAN_POINT('',(-4.1,12.5,2.25));
#20244=CARTESIAN_POINT('',(-4.1,12.5,2.25));
#20245=CARTESIAN_POINT('',(-4.1,12.5,1.95));
#20246=CARTESIAN_POINT('',(-4.1,12.5,2.25));
#20247=CARTESIAN_POINT('',(-3.05,12.5,2.25));
#20248=CARTESIAN_POINT('',(-3.05,12.5,2.25));
#20249=CARTESIAN_POINT('',(-4.1,12.5,2.25));
#20250=CARTESIAN_POINT('',(-3.05,12.5,2.4));
#20251=CARTESIAN_POINT('',(-2.9,12.5,2.4));
#20252=CARTESIAN_POINT('',(-2.9,12.5,2.4));
#20253=CARTESIAN_POINT('',(-3.05,12.5,2.4));
#20254=CARTESIAN_POINT('',(-2.9,12.5,2.4));
#20255=CARTESIAN_POINT('',(-2.9,12.5,2.5));
#20256=CARTESIAN_POINT('',(-2.9,12.5,2.5));
#20257=CARTESIAN_POINT('',(-2.9,12.5,2.4));
#20258=CARTESIAN_POINT('',(-2.3,12.5,2.5));
#20259=CARTESIAN_POINT('',(-2.3,12.5,3.1));
#20260=CARTESIAN_POINT('',(-2.3,12.5,3.1));
#20261=CARTESIAN_POINT('',(-2.3,12.5,2.5));
#20262=CARTESIAN_POINT('',(-2.3,12.5,3.1));
#20263=CARTESIAN_POINT('',(0.1,12.5,3.1));
#20264=CARTESIAN_POINT('',(0.1,12.5,3.1));
#20265=CARTESIAN_POINT('',(-2.3,12.5,3.1));
#20266=CARTESIAN_POINT('',(0.0999999999999995,12.5,2.5));
#20267=CARTESIAN_POINT('',(0.7,12.5,2.5));
#20268=CARTESIAN_POINT('',(0.7,12.5,2.5));
#20269=CARTESIAN_POINT('',(0.0999999999999995,12.5,2.5));
#20270=CARTESIAN_POINT('',(0.7,12.5,2.5));
#20271=CARTESIAN_POINT('',(0.7,12.5,0.8));
#20272=CARTESIAN_POINT('',(0.7,12.5,0.8));
#20273=CARTESIAN_POINT('',(0.7,12.5,2.5));
#20274=CARTESIAN_POINT('',(0.0999999999999998,12.5,0.8));
#20275=CARTESIAN_POINT('',(0.0999999999999998,12.5,0.8));
#20276=CARTESIAN_POINT('',(-2.3,12.5,0.799999999999999));
#20277=CARTESIAN_POINT('',(-2.9,12.5,0.8));
#20278=CARTESIAN_POINT('',(-2.9,12.5,0.8));
#20279=CARTESIAN_POINT('',(-2.3,12.5,0.799999999999999));
#20280=CARTESIAN_POINT('',(-2.9,12.5,0.8));
#20281=CARTESIAN_POINT('',(-2.9,12.5,0.9));
#20282=CARTESIAN_POINT('',(-2.9,12.5,0.9));
#20283=CARTESIAN_POINT('',(-2.9,12.5,0.8));
#20284=CARTESIAN_POINT('',(-3.05,12.5,0.9));
#20285=CARTESIAN_POINT('',(-3.05,12.5,1.05));
#20286=CARTESIAN_POINT('',(-3.05,12.5,1.05));
#20287=CARTESIAN_POINT('',(-3.05,12.5,0.9));
#20288=CARTESIAN_POINT('',(-3.05,12.5,1.05));
#20289=CARTESIAN_POINT('',(-3.05,12.5,1.05));
#20290=CARTESIAN_POINT('',(-4.1,12.5,1.35));
#20291=CARTESIAN_POINT('',(-0.1,12.5,0.3));
#20292=CARTESIAN_POINT('',(-0.1,12.5,0.));
#20293=CARTESIAN_POINT('',(-2.1,12.5,0.));
#20294=CARTESIAN_POINT('',(-2.1,12.5,0.));
#20295=CARTESIAN_POINT('',(-2.1,12.5,0.3));
#20296=CARTESIAN_POINT('',(-4.1,12.5,11.85));
#20297=CARTESIAN_POINT('',(-4.4,12.5,11.85));
#20298=CARTESIAN_POINT('',(-4.4,12.5,11.85));
#20299=CARTESIAN_POINT('',(-4.1,12.5,11.85));
#20300=CARTESIAN_POINT('',(-4.1,12.5,11.55));
#20301=CARTESIAN_POINT('',(-4.1,12.5,11.55));
#20302=CARTESIAN_POINT('',(-4.4,12.5,11.85));
#20303=CARTESIAN_POINT('',(-4.4,12.5,12.45));
#20304=CARTESIAN_POINT('',(-4.4,12.5,12.45));
#20305=CARTESIAN_POINT('',(-4.4,12.5,11.85));
#20306=CARTESIAN_POINT('',(-4.1,12.5,12.45));
#20307=CARTESIAN_POINT('',(-4.1,12.5,12.75));
#20308=CARTESIAN_POINT('',(-4.1,12.5,12.75));
#20309=CARTESIAN_POINT('',(-4.1,12.5,12.45));
#20310=CARTESIAN_POINT('',(-4.1,12.5,12.75));
#20311=CARTESIAN_POINT('',(-3.05,12.5,12.75));
#20312=CARTESIAN_POINT('',(-3.05,12.5,12.75));
#20313=CARTESIAN_POINT('',(-4.1,12.5,12.75));
#20314=CARTESIAN_POINT('',(-3.05,12.5,12.9));
#20315=CARTESIAN_POINT('',(-2.9,12.5,12.9));
#20316=CARTESIAN_POINT('',(-2.9,12.5,12.9));
#20317=CARTESIAN_POINT('',(-3.05,12.5,12.9));
#20318=CARTESIAN_POINT('',(-2.9,12.5,12.9));
#20319=CARTESIAN_POINT('',(-2.9,12.5,13.));
#20320=CARTESIAN_POINT('',(-2.9,12.5,13.));
#20321=CARTESIAN_POINT('',(-2.9,12.5,12.9));
#20322=CARTESIAN_POINT('',(-2.3,12.5,13.));
#20323=CARTESIAN_POINT('',(-2.3,12.5,13.6));
#20324=CARTESIAN_POINT('',(-2.3,12.5,13.6));
#20325=CARTESIAN_POINT('',(-2.3,12.5,13.));
#20326=CARTESIAN_POINT('',(-2.3,12.5,13.6));
#20327=CARTESIAN_POINT('',(0.1,12.5,13.6));
#20328=CARTESIAN_POINT('',(0.1,12.5,13.6));
#20329=CARTESIAN_POINT('',(-2.3,12.5,13.6));
#20330=CARTESIAN_POINT('',(0.0999999999999995,12.5,13.));
#20331=CARTESIAN_POINT('',(0.7,12.5,13.));
#20332=CARTESIAN_POINT('',(0.7,12.5,13.));
#20333=CARTESIAN_POINT('',(0.0999999999999995,12.5,13.));
#20334=CARTESIAN_POINT('',(0.7,12.5,13.));
#20335=CARTESIAN_POINT('',(0.7,12.5,11.3));
#20336=CARTESIAN_POINT('',(0.7,12.5,11.3));
#20337=CARTESIAN_POINT('',(0.7,12.5,13.));
#20338=CARTESIAN_POINT('',(0.0999999999999998,12.5,11.3));
#20339=CARTESIAN_POINT('',(0.0999999999999998,12.5,11.3));
#20340=CARTESIAN_POINT('',(-2.3,12.5,11.3));
#20341=CARTESIAN_POINT('',(-2.9,12.5,11.3));
#20342=CARTESIAN_POINT('',(-2.9,12.5,11.3));
#20343=CARTESIAN_POINT('',(-2.3,12.5,11.3));
#20344=CARTESIAN_POINT('',(-2.9,12.5,11.3));
#20345=CARTESIAN_POINT('',(-2.9,12.5,11.4));
#20346=CARTESIAN_POINT('',(-2.9,12.5,11.4));
#20347=CARTESIAN_POINT('',(-2.9,12.5,11.3));
#20348=CARTESIAN_POINT('',(-3.05,12.5,11.4));
#20349=CARTESIAN_POINT('',(-3.05,12.5,11.55));
#20350=CARTESIAN_POINT('',(-3.05,12.5,11.55));
#20351=CARTESIAN_POINT('',(-3.05,12.5,11.4));
#20352=CARTESIAN_POINT('',(-3.05,12.5,11.55));
#20353=CARTESIAN_POINT('',(-3.05,12.5,11.55));
#20354=CARTESIAN_POINT('',(-4.1,12.5,11.85));
#20355=CARTESIAN_POINT('',(-0.1,12.5,10.8));
#20356=CARTESIAN_POINT('',(-0.1,12.5,10.5));
#20357=CARTESIAN_POINT('',(-2.1,12.5,10.5));
#20358=CARTESIAN_POINT('',(-2.1,12.5,10.5));
#20359=CARTESIAN_POINT('',(-2.1,12.5,10.8));
#20360=CARTESIAN_POINT('',(-4.1,12.5,8.35));
#20361=CARTESIAN_POINT('',(-4.4,12.5,8.35));
#20362=CARTESIAN_POINT('',(-4.4,12.5,8.35));
#20363=CARTESIAN_POINT('',(-4.1,12.5,8.35));
#20364=CARTESIAN_POINT('',(-4.1,12.5,8.05));
#20365=CARTESIAN_POINT('',(-4.1,12.5,8.05));
#20366=CARTESIAN_POINT('',(-4.4,12.5,8.35));
#20367=CARTESIAN_POINT('',(-4.4,12.5,8.95));
#20368=CARTESIAN_POINT('',(-4.4,12.5,8.95));
#20369=CARTESIAN_POINT('',(-4.4,12.5,8.35));
#20370=CARTESIAN_POINT('',(-4.1,12.5,8.95));
#20371=CARTESIAN_POINT('',(-4.1,12.5,9.25));
#20372=CARTESIAN_POINT('',(-4.1,12.5,9.25));
#20373=CARTESIAN_POINT('',(-4.1,12.5,8.95));
#20374=CARTESIAN_POINT('',(-4.1,12.5,9.25));
#20375=CARTESIAN_POINT('',(-3.05,12.5,9.25));
#20376=CARTESIAN_POINT('',(-3.05,12.5,9.25));
#20377=CARTESIAN_POINT('',(-4.1,12.5,9.25));
#20378=CARTESIAN_POINT('',(-3.05,12.5,9.4));
#20379=CARTESIAN_POINT('',(-2.9,12.5,9.4));
#20380=CARTESIAN_POINT('',(-2.9,12.5,9.4));
#20381=CARTESIAN_POINT('',(-3.05,12.5,9.4));
#20382=CARTESIAN_POINT('',(-2.9,12.5,9.4));
#20383=CARTESIAN_POINT('',(-2.9,12.5,9.5));
#20384=CARTESIAN_POINT('',(-2.9,12.5,9.5));
#20385=CARTESIAN_POINT('',(-2.9,12.5,9.4));
#20386=CARTESIAN_POINT('',(-2.3,12.5,9.5));
#20387=CARTESIAN_POINT('',(-2.3,12.5,10.1));
#20388=CARTESIAN_POINT('',(-2.3,12.5,10.1));
#20389=CARTESIAN_POINT('',(-2.3,12.5,9.5));
#20390=CARTESIAN_POINT('',(-2.3,12.5,10.1));
#20391=CARTESIAN_POINT('',(0.1,12.5,10.1));
#20392=CARTESIAN_POINT('',(0.1,12.5,10.1));
#20393=CARTESIAN_POINT('',(-2.3,12.5,10.1));
#20394=CARTESIAN_POINT('',(0.0999999999999995,12.5,9.5));
#20395=CARTESIAN_POINT('',(0.7,12.5,9.5));
#20396=CARTESIAN_POINT('',(0.7,12.5,9.5));
#20397=CARTESIAN_POINT('',(0.0999999999999995,12.5,9.5));
#20398=CARTESIAN_POINT('',(0.7,12.5,9.5));
#20399=CARTESIAN_POINT('',(0.7,12.5,7.8));
#20400=CARTESIAN_POINT('',(0.7,12.5,7.8));
#20401=CARTESIAN_POINT('',(0.7,12.5,9.5));
#20402=CARTESIAN_POINT('',(0.0999999999999998,12.5,7.8));
#20403=CARTESIAN_POINT('',(0.0999999999999998,12.5,7.8));
#20404=CARTESIAN_POINT('',(-2.3,12.5,7.8));
#20405=CARTESIAN_POINT('',(-2.9,12.5,7.8));
#20406=CARTESIAN_POINT('',(-2.9,12.5,7.8));
#20407=CARTESIAN_POINT('',(-2.3,12.5,7.8));
#20408=CARTESIAN_POINT('',(-2.9,12.5,7.8));
#20409=CARTESIAN_POINT('',(-2.9,12.5,7.9));
#20410=CARTESIAN_POINT('',(-2.9,12.5,7.9));
#20411=CARTESIAN_POINT('',(-2.9,12.5,7.8));
#20412=CARTESIAN_POINT('',(-3.05,12.5,7.9));
#20413=CARTESIAN_POINT('',(-3.05,12.5,8.05));
#20414=CARTESIAN_POINT('',(-3.05,12.5,8.05));
#20415=CARTESIAN_POINT('',(-3.05,12.5,7.9));
#20416=CARTESIAN_POINT('',(-3.05,12.5,8.05));
#20417=CARTESIAN_POINT('',(-3.05,12.5,8.05));
#20418=CARTESIAN_POINT('',(-4.1,12.5,8.35));
#20419=CARTESIAN_POINT('',(-0.1,12.5,7.3));
#20420=CARTESIAN_POINT('',(-0.1,12.5,7.));
#20421=CARTESIAN_POINT('',(-2.1,12.5,7.));
#20422=CARTESIAN_POINT('',(-2.1,12.5,7.));
#20423=CARTESIAN_POINT('',(-2.1,12.5,7.3));
#20424=CARTESIAN_POINT('',(-4.1,12.5,4.85));
#20425=CARTESIAN_POINT('',(-4.4,12.5,4.85));
#20426=CARTESIAN_POINT('',(-4.4,12.5,4.85));
#20427=CARTESIAN_POINT('',(-4.1,12.5,4.85));
#20428=CARTESIAN_POINT('',(-4.1,12.5,4.55));
#20429=CARTESIAN_POINT('',(-4.1,12.5,4.55));
#20430=CARTESIAN_POINT('',(-4.4,12.5,4.85));
#20431=CARTESIAN_POINT('',(-4.4,12.5,5.45));
#20432=CARTESIAN_POINT('',(-4.4,12.5,5.45));
#20433=CARTESIAN_POINT('',(-4.4,12.5,4.85));
#20434=CARTESIAN_POINT('',(-4.1,12.5,5.45));
#20435=CARTESIAN_POINT('',(-4.1,12.5,5.75));
#20436=CARTESIAN_POINT('',(-4.1,12.5,5.75));
#20437=CARTESIAN_POINT('',(-4.1,12.5,5.45));
#20438=CARTESIAN_POINT('',(-4.1,12.5,5.75));
#20439=CARTESIAN_POINT('',(-3.05,12.5,5.75));
#20440=CARTESIAN_POINT('',(-3.05,12.5,5.75));
#20441=CARTESIAN_POINT('',(-4.1,12.5,5.75));
#20442=CARTESIAN_POINT('',(-3.05,12.5,5.9));
#20443=CARTESIAN_POINT('',(-2.9,12.5,5.9));
#20444=CARTESIAN_POINT('',(-2.9,12.5,5.9));
#20445=CARTESIAN_POINT('',(-3.05,12.5,5.9));
#20446=CARTESIAN_POINT('',(-2.9,12.5,5.9));
#20447=CARTESIAN_POINT('',(-2.9,12.5,6.));
#20448=CARTESIAN_POINT('',(-2.9,12.5,6.));
#20449=CARTESIAN_POINT('',(-2.9,12.5,5.9));
#20450=CARTESIAN_POINT('',(-2.3,12.5,6.));
#20451=CARTESIAN_POINT('',(-2.3,12.5,6.6));
#20452=CARTESIAN_POINT('',(-2.3,12.5,6.6));
#20453=CARTESIAN_POINT('',(-2.3,12.5,6.));
#20454=CARTESIAN_POINT('',(-2.3,12.5,6.6));
#20455=CARTESIAN_POINT('',(0.1,12.5,6.6));
#20456=CARTESIAN_POINT('',(0.1,12.5,6.6));
#20457=CARTESIAN_POINT('',(-2.3,12.5,6.6));
#20458=CARTESIAN_POINT('',(0.0999999999999995,12.5,6.));
#20459=CARTESIAN_POINT('',(0.7,12.5,6.));
#20460=CARTESIAN_POINT('',(0.7,12.5,6.));
#20461=CARTESIAN_POINT('',(0.0999999999999995,12.5,6.));
#20462=CARTESIAN_POINT('',(0.7,12.5,6.));
#20463=CARTESIAN_POINT('',(0.7,12.5,4.3));
#20464=CARTESIAN_POINT('',(0.7,12.5,4.3));
#20465=CARTESIAN_POINT('',(0.7,12.5,6.));
#20466=CARTESIAN_POINT('',(0.0999999999999998,12.5,4.3));
#20467=CARTESIAN_POINT('',(0.0999999999999998,12.5,4.3));
#20468=CARTESIAN_POINT('',(-2.3,12.5,4.3));
#20469=CARTESIAN_POINT('',(-2.9,12.5,4.3));
#20470=CARTESIAN_POINT('',(-2.9,12.5,4.3));
#20471=CARTESIAN_POINT('',(-2.3,12.5,4.3));
#20472=CARTESIAN_POINT('',(-2.9,12.5,4.3));
#20473=CARTESIAN_POINT('',(-2.9,12.5,4.4));
#20474=CARTESIAN_POINT('',(-2.9,12.5,4.4));
#20475=CARTESIAN_POINT('',(-2.9,12.5,4.3));
#20476=CARTESIAN_POINT('',(-3.05,12.5,4.4));
#20477=CARTESIAN_POINT('',(-3.05,12.5,4.55));
#20478=CARTESIAN_POINT('',(-3.05,12.5,4.55));
#20479=CARTESIAN_POINT('',(-3.05,12.5,4.4));
#20480=CARTESIAN_POINT('',(-3.05,12.5,4.55));
#20481=CARTESIAN_POINT('',(-3.05,12.5,4.55));
#20482=CARTESIAN_POINT('',(-4.1,12.5,4.85));
#20483=CARTESIAN_POINT('',(-0.1,12.5,3.8));
#20484=CARTESIAN_POINT('',(-0.1,12.5,3.5));
#20485=CARTESIAN_POINT('',(-2.1,12.5,3.5));
#20486=CARTESIAN_POINT('',(-2.1,12.5,3.5));
#20487=CARTESIAN_POINT('',(-2.1,12.5,3.8));
#20488=CARTESIAN_POINT('',(-0.1,14.,0.3));
#20489=CARTESIAN_POINT('',(-0.1,14.,0.));
#20490=CARTESIAN_POINT('',(-0.1,14.,0.));
#20491=CARTESIAN_POINT('',(-0.1,14.,0.3));
#20492=CARTESIAN_POINT('',(-2.3,14.5,0.3));
#20493=CARTESIAN_POINT('',(-2.1,14.,0.3));
#20494=CARTESIAN_POINT('',(-2.1,14.,0.));
#20495=CARTESIAN_POINT('',(-2.3,14.5,0.));
#20496=CARTESIAN_POINT('',(-2.1,14.,0.3));
#20497=CARTESIAN_POINT('',(-2.1,14.,0.));
#20498=CARTESIAN_POINT('',(-0.1,12.5,0.3));
#20499=CARTESIAN_POINT('',(-0.1,12.5,0.));
#20500=CARTESIAN_POINT('',(-0.1,14.,3.8));
#20501=CARTESIAN_POINT('',(-0.1,14.,3.5));
#20502=CARTESIAN_POINT('',(-0.1,14.,3.5));
#20503=CARTESIAN_POINT('',(-0.1,14.,3.8));
#20504=CARTESIAN_POINT('',(-2.3,14.5,3.8));
#20505=CARTESIAN_POINT('',(-2.1,14.,3.8));
#20506=CARTESIAN_POINT('',(-2.1,14.,3.5));
#20507=CARTESIAN_POINT('',(-2.3,14.5,3.5));
#20508=CARTESIAN_POINT('',(-2.1,14.,3.8));
#20509=CARTESIAN_POINT('',(-2.1,14.,3.5));
#20510=CARTESIAN_POINT('',(-0.1,12.5,3.8));
#20511=CARTESIAN_POINT('',(-0.1,12.5,3.5));
#20512=CARTESIAN_POINT('',(0.,0.,3.5));
#20513=CARTESIAN_POINT('',(-0.1,14.,7.3));
#20514=CARTESIAN_POINT('',(-0.1,14.,7.));
#20515=CARTESIAN_POINT('',(-0.1,14.,7.));
#20516=CARTESIAN_POINT('',(-0.1,14.,7.3));
#20517=CARTESIAN_POINT('',(-2.3,14.5,7.3));
#20518=CARTESIAN_POINT('',(-2.1,14.,7.3));
#20519=CARTESIAN_POINT('',(-2.1,14.,7.));
#20520=CARTESIAN_POINT('',(-2.3,14.5,7.));
#20521=CARTESIAN_POINT('',(-2.1,14.,7.3));
#20522=CARTESIAN_POINT('',(-2.1,14.,7.));
#20523=CARTESIAN_POINT('',(-0.1,12.5,7.3));
#20524=CARTESIAN_POINT('',(-0.1,12.5,7.));
#20525=CARTESIAN_POINT('',(0.,0.,7.));
#20526=CARTESIAN_POINT('',(-0.1,14.,10.8));
#20527=CARTESIAN_POINT('',(-0.1,14.,10.5));
#20528=CARTESIAN_POINT('',(-0.1,14.,10.5));
#20529=CARTESIAN_POINT('',(-0.1,14.,10.8));
#20530=CARTESIAN_POINT('',(-2.3,14.5,10.8));
#20531=CARTESIAN_POINT('',(-2.1,14.,10.8));
#20532=CARTESIAN_POINT('',(-2.1,14.,10.5));
#20533=CARTESIAN_POINT('',(-2.3,14.5,10.5));
#20534=CARTESIAN_POINT('',(-2.1,14.,10.8));
#20535=CARTESIAN_POINT('',(-2.1,14.,10.5));
#20536=CARTESIAN_POINT('',(-0.1,12.5,10.8));
#20537=CARTESIAN_POINT('',(-0.1,12.5,10.5));
#20538=CARTESIAN_POINT('',(0.,0.,10.5));
#20539=CARTESIAN_POINT('',(-10.05,0.400000000000002,0.));
#20540=CARTESIAN_POINT('',(-10.05,0.1,0.));
#20541=CARTESIAN_POINT('',(-10.05,0.400000000000002,0.));
#20542=CARTESIAN_POINT('',(-10.05,0.1,0.));
#20543=CARTESIAN_POINT('',(-6.2,0.1,0.));
#20544=CARTESIAN_POINT('',(-6.,0.0999999999999981,0.));
#20545=CARTESIAN_POINT('',(-6.,0.3,0.));
#20546=CARTESIAN_POINT('',(-6.,0.3,0.));
#20547=CARTESIAN_POINT('',(-4.7,0.3,0.));
#20548=CARTESIAN_POINT('',(-4.7,0.0999999999999993,0.));
#20549=CARTESIAN_POINT('',(-10.05,0.400000000000002,0.));
#20550=CARTESIAN_POINT('',(-10.05,0.400000000000002,0.));
#20551=CARTESIAN_POINT('',(-10.05,0.400000000000002,0.));
#20552=CARTESIAN_POINT('',(-10.05,0.400000000000002,0.));
#20553=CARTESIAN_POINT('',(-9.45,0.400000000000002,0.));
#20554=CARTESIAN_POINT('',(-9.45,8.9,0.));
#20555=CARTESIAN_POINT('',(-9.45,11.9569051351819,0.));
#20556=CARTESIAN_POINT('',(-10.05,8.9,0.));
#20557=CARTESIAN_POINT('',(-10.05,8.9,3.52365706057789E-16));
#20558=CARTESIAN_POINT('',(-10.05,8.9,3.52365706057789E-16));
#20559=CARTESIAN_POINT('',(-10.05,11.2418529796253,1.76182853028894E-16));
#20560=CARTESIAN_POINT('',(-7.48992103548919,14.292836282906,0.));
#20561=CARTESIAN_POINT('',(-10.1,11.1822652999956,-2.16840434497101E-16));
#20562=CARTESIAN_POINT('',(-10.1,8.9,0.));
#20563=CARTESIAN_POINT('',(-10.1,8.9,0.));
#20564=CARTESIAN_POINT('',(-10.05,8.9,0.));
#20565=CARTESIAN_POINT('',(-7.48992103548919,14.292836282906,0.));
#20566=CARTESIAN_POINT('',(-10.05,0.400000000000002,0.));
#20567=CARTESIAN_POINT('',(-10.05,0.400000000000002,-1.5));
#20568=CARTESIAN_POINT('',(-10.05,0.400000000000002,-1.5));
#20569=CARTESIAN_POINT('',(-10.05,0.1,-1.5));
#20570=CARTESIAN_POINT('',(-10.05,0.1,-1.5));
#20571=CARTESIAN_POINT('',(-10.05,0.1,-1.5));
#20572=CARTESIAN_POINT('',(-10.05,0.1,-1.5));
#20573=CARTESIAN_POINT('',(-6.2,0.1,-1.5));
#20574=CARTESIAN_POINT('',(-6.2,0.1,-1.5));
#20575=CARTESIAN_POINT('',(-6.,0.0999999999999981,-1.5));
#20576=CARTESIAN_POINT('',(-6.,0.0999999999999981,-1.5));
#20577=CARTESIAN_POINT('',(-6.,0.3,-1.5));
#20578=CARTESIAN_POINT('',(-6.,0.3,-1.5));
#20579=CARTESIAN_POINT('',(-6.,0.3,-1.5));
#20580=CARTESIAN_POINT('',(-6.,0.3,-1.5));
#20581=CARTESIAN_POINT('',(-4.7,0.3,-1.5));
#20582=CARTESIAN_POINT('',(-4.7,0.3,-1.5));
#20583=CARTESIAN_POINT('',(-4.7,0.0999999999999993,-1.5));
#20584=CARTESIAN_POINT('',(-4.7,0.0999999999999993,-1.5));
#20585=CARTESIAN_POINT('',(1.9,0.4,-1.5));
#20586=CARTESIAN_POINT('',(1.9,0.4,-1.5));
#20587=CARTESIAN_POINT('',(1.9,14.1,-1.5));
#20588=CARTESIAN_POINT('',(1.9,14.1,-1.5));
#20589=CARTESIAN_POINT('',(1.9,14.4,-1.5));
#20590=CARTESIAN_POINT('',(1.9,14.4,-1.5));
#20591=CARTESIAN_POINT('',(1.9,14.4,-1.5));
#20592=CARTESIAN_POINT('',(1.9,14.4,-1.5));
#20593=CARTESIAN_POINT('',(-7.2601077025535,14.4,-1.5));
#20594=CARTESIAN_POINT('',(-7.2601077025535,14.4,-1.5));
#20595=CARTESIAN_POINT('',(1.9,14.4,0.));
#20596=CARTESIAN_POINT('',(-7.26010770255349,14.1,-1.5));
#20597=CARTESIAN_POINT('',(-7.26010770255349,14.1,-1.5));
#20598=CARTESIAN_POINT('',(-7.48992103548919,14.292836282906,-1.5));
#20599=CARTESIAN_POINT('',(-7.48992103548919,14.292836282906,-1.5));
#20600=CARTESIAN_POINT('',(-7.48992103548919,14.292836282906,-1.5));
#20601=CARTESIAN_POINT('',(-9.45,11.9569051351819,-1.5));
#20602=CARTESIAN_POINT('',(-9.45,11.9569051351819,-0.05));
#20603=CARTESIAN_POINT('',(-7.48992103548919,14.292836282906,-1.5));
#20604=CARTESIAN_POINT('',(-10.2798133329357,10.9679721144732,-1.5));
#20605=CARTESIAN_POINT('',(-10.2798133329357,10.9679721144732,-1.5));
#20606=CARTESIAN_POINT('',(-10.2798133329357,10.9679721144732,-0.122863136974627));
#20607=CARTESIAN_POINT('',(-8.2669846950548,13.3667678749442,1.25246558089557));
#20608=CARTESIAN_POINT('',(-10.05,11.2418529796253,-0.149999999999993));
#20609=CARTESIAN_POINT('',(-9.90857864667488,11.4103923855201,-0.0999999917630729));
#20610=CARTESIAN_POINT('',(-9.76715728752538,11.5789317983561,-0.0499999999999964));
#20611=CARTESIAN_POINT('',(-9.76715728752538,11.5789317983561,-0.2));
#20612=CARTESIAN_POINT('',(-7.48992103548919,14.292836282906,-0.2));
#20613=CARTESIAN_POINT('',(-9.6,11.7781420962927,-0.2));
#20614=CARTESIAN_POINT('',(-9.6,11.7781420962927,-0.0500000000000025));
#20615=CARTESIAN_POINT('',(-10.05,10.7751358315672,-1.5));
#20616=CARTESIAN_POINT('',(-10.05,10.7751358315672,0.0341640786499812));
#20617=CARTESIAN_POINT('',(-10.2846242057329,10.9620889863527,-0.1261503177058));
#20618=CARTESIAN_POINT('',(-10.05,10.7751358315672,-1.5));
#20619=CARTESIAN_POINT('',(-10.2846242057327,10.9620889863528,-0.126150317706901));
#20620=CARTESIAN_POINT('',(-10.3304494628249,10.9045787797983,-0.157461871455924));
#20621=CARTESIAN_POINT('',(-10.35,10.8394534217877,-0.204521100149661));
#20622=CARTESIAN_POINT('',(-10.35,10.7751358315672,-0.249999999999995));
#20623=CARTESIAN_POINT('',(-10.05,0.400000000000002,-1.5));
#20624=CARTESIAN_POINT('',(-10.05,0.400000000000002,0.));
#20625=CARTESIAN_POINT('',(-10.2,8.9,-0.249999999999995));
#20626=CARTESIAN_POINT('',(-10.2,8.9,-0.249999999999995));
#20627=CARTESIAN_POINT('',(-10.2846242057327,8.9,-0.126150317706901));
#20628=CARTESIAN_POINT('',(-10.2846242057327,8.9,-0.126150317706901));
#20629=CARTESIAN_POINT('',(-10.1,8.9,0.));
#20630=CARTESIAN_POINT('',(-10.1,8.9,0.));
#20631=CARTESIAN_POINT('',(-9.6,8.9,-0.0500000000000025));
#20632=CARTESIAN_POINT('',(-9.6,8.9,-0.0500000000000025));
#20633=CARTESIAN_POINT('',(-9.45,8.9,0.5));
#20634=CARTESIAN_POINT('',(-9.45,8.9,-0.05));
#20635=CARTESIAN_POINT('',(-9.6,8.9,-0.0500000000000025));
#20636=CARTESIAN_POINT('',(-9.6,8.9,-0.2));
#20637=CARTESIAN_POINT('',(-9.6,8.9,-0.2));
#20638=CARTESIAN_POINT('',(-9.76715728752538,8.9,-0.2));
#20639=CARTESIAN_POINT('',(-9.76715728752538,8.9,-0.0499999999999964));
#20640=CARTESIAN_POINT('',(-9.90857864667488,8.9,-0.0999999917630729));
#20641=CARTESIAN_POINT('',(-10.05,8.9,-0.149999999999993));
#20642=CARTESIAN_POINT('',(-9.45,8.9,0.5));
#20643=CARTESIAN_POINT('',(-9.45,8.9,-0.05));
#20644=CARTESIAN_POINT('',(-9.6,8.9,-0.0500000000000025));
#20645=CARTESIAN_POINT('',(-9.6,8.9,-0.2));
#20646=CARTESIAN_POINT('',(-9.6,8.9,-0.2));
#20647=CARTESIAN_POINT('',(-9.76715728752538,8.9,-0.2));
#20648=CARTESIAN_POINT('',(-9.76715728752538,8.9,-0.0499999999999964));
#20649=CARTESIAN_POINT('',(-9.90857864667488,8.9,-0.0999999917630729));
#20650=CARTESIAN_POINT('',(-10.05,8.9,-0.149999999999993));
#20651=CARTESIAN_POINT('',(0.25,1.2,12.06));
#20652=CARTESIAN_POINT('',(-0.25,1.2,12.06));
#20653=CARTESIAN_POINT('',(-0.25,-3.6,12.06));
#20654=CARTESIAN_POINT('',(0.25,-3.6,12.06));
#20655=CARTESIAN_POINT('',(0.25,-3.6,12.06));
#20656=CARTESIAN_POINT('',(0.25,1.2,12.06));
#20657=CARTESIAN_POINT('',(0.25,-3.6,12.06));
#20658=CARTESIAN_POINT('',(-0.25,-3.6,12.06));
#20659=CARTESIAN_POINT('',(-0.25,-3.6,11.06));
#20660=CARTESIAN_POINT('',(0.25,-3.6,11.06));
#20661=CARTESIAN_POINT('',(0.25,-3.6,11.06));
#20662=CARTESIAN_POINT('',(0.25,-3.6,12.06));
#20663=CARTESIAN_POINT('',(0.25,-3.6,11.06));
#20664=CARTESIAN_POINT('',(-0.25,-3.6,11.06));
#20665=CARTESIAN_POINT('',(0.25,-3.6,11.06));
#20666=CARTESIAN_POINT('',(0.25,0.,0.));
#20667=CARTESIAN_POINT('',(-0.25,0.,0.));
#20668=CARTESIAN_POINT('',(0.25,1.2,5.06));
#20669=CARTESIAN_POINT('',(-0.25,1.2,5.06));
#20670=CARTESIAN_POINT('',(-0.25,-3.6,5.06));
#20671=CARTESIAN_POINT('',(0.25,-3.6,5.06));
#20672=CARTESIAN_POINT('',(0.25,-3.6,5.06));
#20673=CARTESIAN_POINT('',(0.25,1.2,5.06));
#20674=CARTESIAN_POINT('',(0.25,-3.6,5.06));
#20675=CARTESIAN_POINT('',(-0.25,-3.6,5.06));
#20676=CARTESIAN_POINT('',(-0.25,-3.6,4.06));
#20677=CARTESIAN_POINT('',(0.25,-3.6,4.06));
#20678=CARTESIAN_POINT('',(0.25,-3.6,4.06));
#20679=CARTESIAN_POINT('',(0.25,-3.6,5.06));
#20680=CARTESIAN_POINT('',(0.25,-3.6,4.06));
#20681=CARTESIAN_POINT('',(-0.25,-3.6,4.06));
#20682=CARTESIAN_POINT('',(0.25,-3.6,4.06));
#20683=CARTESIAN_POINT('',(0.25,0.,-7.));
#20684=CARTESIAN_POINT('',(-0.25,0.,-7.));
#20685=CARTESIAN_POINT('',(0.25,1.2,8.56));
#20686=CARTESIAN_POINT('',(-0.25,1.2,8.56));
#20687=CARTESIAN_POINT('',(-0.25,-3.6,8.56));
#20688=CARTESIAN_POINT('',(0.25,-3.6,8.56));
#20689=CARTESIAN_POINT('',(0.25,-3.6,8.56));
#20690=CARTESIAN_POINT('',(0.25,1.2,8.56));
#20691=CARTESIAN_POINT('',(0.25,-3.6,8.56));
#20692=CARTESIAN_POINT('',(-0.25,-3.6,8.56));
#20693=CARTESIAN_POINT('',(-0.25,-3.6,7.56));
#20694=CARTESIAN_POINT('',(0.25,-3.6,7.56));
#20695=CARTESIAN_POINT('',(0.25,-3.6,7.56));
#20696=CARTESIAN_POINT('',(0.25,-3.6,8.56));
#20697=CARTESIAN_POINT('',(0.25,-3.6,7.56));
#20698=CARTESIAN_POINT('',(-0.25,-3.6,7.56));
#20699=CARTESIAN_POINT('',(0.25,-3.6,7.56));
#20700=CARTESIAN_POINT('',(0.25,0.,-3.5));
#20701=CARTESIAN_POINT('',(-0.25,0.,-3.5));
#20702=CARTESIAN_POINT('',(0.25,1.2,1.56));
#20703=CARTESIAN_POINT('',(-0.25,1.2,1.56));
#20704=CARTESIAN_POINT('',(-0.25,-3.6,1.56));
#20705=CARTESIAN_POINT('',(0.25,-3.6,1.56));
#20706=CARTESIAN_POINT('',(0.25,-3.6,1.56));
#20707=CARTESIAN_POINT('',(0.25,1.2,1.56));
#20708=CARTESIAN_POINT('',(0.25,-3.6,1.56));
#20709=CARTESIAN_POINT('',(-0.25,-3.6,1.56));
#20710=CARTESIAN_POINT('',(-0.25,-3.6,0.56));
#20711=CARTESIAN_POINT('',(0.25,-3.6,0.56));
#20712=CARTESIAN_POINT('',(0.25,-3.6,0.56));
#20713=CARTESIAN_POINT('',(0.25,-3.6,1.56));
#20714=CARTESIAN_POINT('',(0.25,-3.6,0.56));
#20715=CARTESIAN_POINT('',(-0.25,-3.6,0.56));
#20716=CARTESIAN_POINT('',(0.25,-3.6,0.56));
#20717=CARTESIAN_POINT('',(0.25,0.,-10.5));
#20718=CARTESIAN_POINT('',(-0.25,0.,-10.5));
#20719=CARTESIAN_POINT('',(-4.75,1.2,12.06));
#20720=CARTESIAN_POINT('',(-5.25,1.2,12.06));
#20721=CARTESIAN_POINT('',(-5.25,-3.6,12.06));
#20722=CARTESIAN_POINT('',(-4.75,-3.6,12.06));
#20723=CARTESIAN_POINT('',(-4.75,-3.6,12.06));
#20724=CARTESIAN_POINT('',(-4.75,1.2,12.06));
#20725=CARTESIAN_POINT('',(-4.75,-3.6,12.06));
#20726=CARTESIAN_POINT('',(-5.25,-3.6,12.06));
#20727=CARTESIAN_POINT('',(-5.25,-3.6,11.06));
#20728=CARTESIAN_POINT('',(-4.75,-3.6,11.06));
#20729=CARTESIAN_POINT('',(-4.75,-3.6,11.06));
#20730=CARTESIAN_POINT('',(-4.75,-3.6,12.06));
#20731=CARTESIAN_POINT('',(-4.75,-3.6,11.06));
#20732=CARTESIAN_POINT('',(-5.25,-3.6,11.06));
#20733=CARTESIAN_POINT('',(-4.75,-3.6,11.06));
#20734=CARTESIAN_POINT('',(-4.75,0.,0.));
#20735=CARTESIAN_POINT('',(-5.25,0.,0.));
#20736=CARTESIAN_POINT('',(-4.75,1.2,5.06));
#20737=CARTESIAN_POINT('',(-5.25,1.2,5.06));
#20738=CARTESIAN_POINT('',(-5.25,-3.6,5.06));
#20739=CARTESIAN_POINT('',(-4.75,-3.6,5.06));
#20740=CARTESIAN_POINT('',(-4.75,-3.6,5.06));
#20741=CARTESIAN_POINT('',(-4.75,1.2,5.06));
#20742=CARTESIAN_POINT('',(-4.75,-3.6,5.06));
#20743=CARTESIAN_POINT('',(-5.25,-3.6,5.06));
#20744=CARTESIAN_POINT('',(-5.25,-3.6,4.06));
#20745=CARTESIAN_POINT('',(-4.75,-3.6,4.06));
#20746=CARTESIAN_POINT('',(-4.75,-3.6,4.06));
#20747=CARTESIAN_POINT('',(-4.75,-3.6,5.06));
#20748=CARTESIAN_POINT('',(-4.75,-3.6,4.06));
#20749=CARTESIAN_POINT('',(-5.25,-3.6,4.06));
#20750=CARTESIAN_POINT('',(-4.75,-3.6,4.06));
#20751=CARTESIAN_POINT('',(-4.75,0.,-7.));
#20752=CARTESIAN_POINT('',(-5.25,0.,-7.));
#20753=CARTESIAN_POINT('',(-4.75,1.2,8.56));
#20754=CARTESIAN_POINT('',(-5.25,1.2,8.56));
#20755=CARTESIAN_POINT('',(-5.25,-3.6,8.56));
#20756=CARTESIAN_POINT('',(-4.75,-3.6,8.56));
#20757=CARTESIAN_POINT('',(-4.75,-3.6,8.56));
#20758=CARTESIAN_POINT('',(-4.75,1.2,8.56));
#20759=CARTESIAN_POINT('',(-4.75,-3.6,8.56));
#20760=CARTESIAN_POINT('',(-5.25,-3.6,8.56));
#20761=CARTESIAN_POINT('',(-5.25,-3.6,7.56));
#20762=CARTESIAN_POINT('',(-4.75,-3.6,7.56));
#20763=CARTESIAN_POINT('',(-4.75,-3.6,7.56));
#20764=CARTESIAN_POINT('',(-4.75,-3.6,8.56));
#20765=CARTESIAN_POINT('',(-4.75,-3.6,7.56));
#20766=CARTESIAN_POINT('',(-5.25,-3.6,7.56));
#20767=CARTESIAN_POINT('',(-4.75,-3.6,7.56));
#20768=CARTESIAN_POINT('',(-4.75,0.,-3.5));
#20769=CARTESIAN_POINT('',(-5.25,0.,-3.5));
#20770=CARTESIAN_POINT('',(-4.75,1.2,1.56));
#20771=CARTESIAN_POINT('',(-5.25,1.2,1.56));
#20772=CARTESIAN_POINT('',(-5.25,-3.6,1.56));
#20773=CARTESIAN_POINT('',(-4.75,-3.6,1.56));
#20774=CARTESIAN_POINT('',(-4.75,-3.6,1.56));
#20775=CARTESIAN_POINT('',(-4.75,1.2,1.56));
#20776=CARTESIAN_POINT('',(-4.75,-3.6,1.56));
#20777=CARTESIAN_POINT('',(-5.25,-3.6,1.56));
#20778=CARTESIAN_POINT('',(-5.25,-3.6,0.56));
#20779=CARTESIAN_POINT('',(-4.75,-3.6,0.56));
#20780=CARTESIAN_POINT('',(-4.75,-3.6,0.56));
#20781=CARTESIAN_POINT('',(-4.75,-3.6,1.56));
#20782=CARTESIAN_POINT('',(-4.75,-3.6,0.56));
#20783=CARTESIAN_POINT('',(-5.25,-3.6,0.56));
#20784=CARTESIAN_POINT('',(-4.75,-3.6,0.56));
#20785=CARTESIAN_POINT('',(-4.75,0.,-10.5));
#20786=CARTESIAN_POINT('',(-5.25,0.,-10.5));
#20787=CARTESIAN_POINT('',(-8.08404426231168,4.255,2.65));
#20788=CARTESIAN_POINT('',(-8.08404426231168,4.255,0.0499999999999999));
#20789=CARTESIAN_POINT('',(-8.79040233659882,3.87942274977129,0.0499999999999999));
#20790=CARTESIAN_POINT('',(-8.08404426231168,4.255,2.65));
#20791=CARTESIAN_POINT('',(-8.79040233659882,3.87942274977129,2.65));
#20792=CARTESIAN_POINT('',(-8.79040233659882,3.87942274977129,2.65));
#20793=CARTESIAN_POINT('',(-4.55,7.08,2.65));
#20794=CARTESIAN_POINT('',(-4.55,7.08,2.65));
#20795=CARTESIAN_POINT('',(-8.7,7.08,2.65));
#20796=CARTESIAN_POINT('',(-4.55,7.08,0.0499999999999999));
#20797=CARTESIAN_POINT('',(-8.7,7.08,0.0499999999999999));
#20798=CARTESIAN_POINT('',(-8.7,7.08,2.65));
#20799=CARTESIAN_POINT('',(-9.44999999999999,7.25,2.65));
#20800=CARTESIAN_POINT('',(-8.7,7.08,2.65));
#20801=CARTESIAN_POINT('',(-8.7,12.9925504069401,2.65));
#20802=CARTESIAN_POINT('',(-11.8375360147839,9.25338058942765,2.65));
#20803=CARTESIAN_POINT('',(-10.45,10.9069816199002,2.65));
#20804=CARTESIAN_POINT('',(-10.45,16.28,2.65));
#20805=CARTESIAN_POINT('',(-10.45,7.25,2.65));
#20806=CARTESIAN_POINT('',(-9.44999999999999,7.25,2.65));
#20807=CARTESIAN_POINT('',(-10.3329475928589,6.78052843721411,2.65));
#20808=CARTESIAN_POINT('',(-10.3329475928589,6.78052843721411,2.65));
#20809=CARTESIAN_POINT('',(-9.44999999999999,7.25,0.0499999999999999));
#20810=CARTESIAN_POINT('',(-11.8375360147839,9.25338058942765,0.0499999999999999));
#20811=CARTESIAN_POINT('',(-8.7,12.9925504069401,0.0500000000000001));
#20812=CARTESIAN_POINT('',(-10.45,10.9069816199002,0.0500000000000001));
#20813=CARTESIAN_POINT('',(-8.7,7.08,0.0499999999999999));
#20814=CARTESIAN_POINT('',(-10.3329475928589,6.78052843721411,0.0499999999999999));
#20815=CARTESIAN_POINT('',(-10.3329475928589,6.78052843721411,0.0499999999999999));
#20816=CARTESIAN_POINT('',(-9.44999999999999,7.25,0.0499999999999999));
#20817=CARTESIAN_POINT('',(-10.45,7.25,0.0499999999999999));
#20818=CARTESIAN_POINT('',(-10.45,16.28,0.0499999999999999));
#20819=CARTESIAN_POINT('',(-10.45,16.28,2.65));
#20820=CARTESIAN_POINT('',(-10.45,16.28,2.9));
#20821=CARTESIAN_POINT('',(-10.45,15.15,2.9));
#20822=CARTESIAN_POINT('',(-10.45,10.9069816199002,2.9));
#20823=CARTESIAN_POINT('',(-10.45,15.15,-0.100000000000033));
#20824=CARTESIAN_POINT('',(-10.45,16.1773872479629,2.71859458644253));
#20825=CARTESIAN_POINT('',(-10.45,16.0404022815679,2.34278197491685));
#20826=CARTESIAN_POINT('',(-10.45,16.28,2.66308329137079));
#20827=CARTESIAN_POINT('',(-10.45,16.28,2.65));
#20828=CARTESIAN_POINT('',(-10.45,16.28,0.0369167086292111));
#20829=CARTESIAN_POINT('',(-10.45,16.0404022815679,0.357218025083151));
#20830=CARTESIAN_POINT('',(-10.45,16.1773872479629,-0.0185945864425305));
#20831=CARTESIAN_POINT('',(-10.45,15.15,2.8));
#20832=CARTESIAN_POINT('',(-10.45,15.15,-0.199999999999999));
#20833=CARTESIAN_POINT('',(-10.45,16.28,-0.2));
#20834=CARTESIAN_POINT('',(-10.45,10.9069816199002,-0.2));
#20835=CARTESIAN_POINT('',(-10.45,10.9069816199002,2.9));
#20836=CARTESIAN_POINT('',(-10.45,7.25,2.65));
#20837=CARTESIAN_POINT('',(-10.45,10.9069816199002,2.9));
#20838=CARTESIAN_POINT('',(-9.44999999999999,7.25,2.65));
#20839=CARTESIAN_POINT('',(-10.3329475928589,6.78052843721411,2.65));
#20840=CARTESIAN_POINT('',(-10.3329475928589,6.78052843721411,2.65));
#20841=CARTESIAN_POINT('',(-8.7,7.08,2.65));
#20842=CARTESIAN_POINT('',(-8.7,12.9925504069401,2.65));
#20843=CARTESIAN_POINT('',(-8.7,12.9925504069401,2.65));
#20844=CARTESIAN_POINT('',(-10.45,10.9069816199002,-0.2));
#20845=CARTESIAN_POINT('',(-8.26697777844051,13.5086061951567,-0.2));
#20846=CARTESIAN_POINT('',(-8.26697777844051,13.5086061951567,2.65));
#20847=CARTESIAN_POINT('',(-8.26697777844051,13.5086061951567,2.9));
#20848=CARTESIAN_POINT('',(-10.45,10.9069816199002,2.9));
#20849=CARTESIAN_POINT('',(-8.65000000000001,13.83,2.65));
#20850=CARTESIAN_POINT('',(-8.65000000000001,13.83,-0.2));
#20851=CARTESIAN_POINT('',(-8.18624479629869,14.0168986651637,-0.2));
#20852=CARTESIAN_POINT('',(-8.18624479629869,14.0168986651637,2.65));
#20853=CARTESIAN_POINT('',(-8.18624479629869,14.0168986651637,2.9));
#20854=CARTESIAN_POINT('',(-8.65000000000001,13.83,2.9));
#20855=CARTESIAN_POINT('',(-8.18624479629869,14.0168986651637,2.65));
#20856=CARTESIAN_POINT('',(-9.00173995805945,16.0404022815679,2.34278197491685));
#20857=CARTESIAN_POINT('',(-9.14349396933635,16.3921391990982,2.53325806487639));
#20858=CARTESIAN_POINT('',(-9.05694647037972,16.1773872479629,2.71859458644253));
#20859=CARTESIAN_POINT('',(-8.64289762797769,15.15,-0.100000000000033));
#20860=CARTESIAN_POINT('',(-8.64289762797769,15.15,2.9));
#20861=CARTESIAN_POINT('',(-8.18624479629869,14.0168986651637,2.9));
#20862=CARTESIAN_POINT('',(-8.18624479629869,14.0168986651637,-0.2));
#20863=CARTESIAN_POINT('',(-8.6428976279777,15.15,-0.199999999999999));
#20864=CARTESIAN_POINT('',(-8.6428976279777,15.15,2.8));
#20865=CARTESIAN_POINT('',(-9.05694647037972,16.1773872479629,-0.0185945864425306));
#20866=CARTESIAN_POINT('',(-9.00173995805945,16.0404022815679,0.357218025083151));
#20867=CARTESIAN_POINT('',(-9.14349396933635,16.3921391990982,0.166741935123615));
#20868=CARTESIAN_POINT('',(-9.14349396933635,16.3921391990982,2.65));
#20869=CARTESIAN_POINT('',(-9.42174709155714,16.28,2.65));
#20870=CARTESIAN_POINT('',(-9.15905625566522,16.4248914239643,2.45309108324096));
#20871=CARTESIAN_POINT('',(-9.21678247988932,16.5295501379131,2.08829673595774));
#20872=CARTESIAN_POINT('',(-9.32076846222793,16.58,1.71872710860945));
#20873=CARTESIAN_POINT('',(-9.42174709155714,16.58,1.35));
#20874=CARTESIAN_POINT('',(-9.42174709155714,16.58,1.35));
#20875=CARTESIAN_POINT('',(-9.15905625566522,16.4248914239643,2.45309108324096));
#20876=CARTESIAN_POINT('',(-9.15905625566522,16.4248914239643,2.45309108324096));
#20877=CARTESIAN_POINT('',(-9.15461888817089,16.4168463944908,2.48113252541923));
#20878=CARTESIAN_POINT('',(-9.14905356966646,16.4059343408737,2.50778368304693));
#20879=CARTESIAN_POINT('',(-9.14349396933635,16.3921391990982,2.53325806487639));
#20880=CARTESIAN_POINT('',(-9.14349396933635,16.3921391990982,0.166741935123615));
#20881=CARTESIAN_POINT('',(-9.14905356966646,16.4059343408737,0.192216316953078));
#20882=CARTESIAN_POINT('',(-9.15461888817089,16.4168463944908,0.218867474580773));
#20883=CARTESIAN_POINT('',(-9.15905625566522,16.4248914239643,0.246908916759044));
#20884=CARTESIAN_POINT('',(-9.15905625566522,16.4248914239643,0.246908916759044));
#20885=CARTESIAN_POINT('',(-9.15905625566522,16.4248914239643,0.246908916759044));
#20886=CARTESIAN_POINT('',(-9.21678247988932,16.5295501379131,0.611703264042259));
#20887=CARTESIAN_POINT('',(-9.32076846222792,16.58,0.981272891390548));
#20888=CARTESIAN_POINT('',(-9.42174709155714,16.58,1.35));
#20889=CARTESIAN_POINT('',(-10.15,16.28,2.65));
#20890=CARTESIAN_POINT('',(-10.45,16.28,2.66308329137079));
#20891=CARTESIAN_POINT('',(-10.45,16.3508481659917,2.61008613508483));
#20892=CARTESIAN_POINT('',(-10.4259589144331,16.400836151766,2.53693720545305));
#20893=CARTESIAN_POINT('',(-10.4126908358919,16.4248914239643,2.45309108324096));
#20894=CARTESIAN_POINT('',(-10.4126908358919,16.4248914239643,2.45309108324096));
#20895=CARTESIAN_POINT('',(-10.4126908358919,16.4248914239643,2.45309108324096));
#20896=CARTESIAN_POINT('',(-10.3549646116678,16.5295501379131,2.08829673595774));
#20897=CARTESIAN_POINT('',(-10.2509786293331,16.58,1.71872710860839));
#20898=CARTESIAN_POINT('',(-10.15,16.58,1.35));
#20899=CARTESIAN_POINT('',(-10.15,16.58,1.35));
#20900=CARTESIAN_POINT('',(-10.4126908358919,16.4248914239643,0.246908916759044));
#20901=CARTESIAN_POINT('',(-10.3549646116678,16.5295501379131,0.611703264042259));
#20902=CARTESIAN_POINT('',(-10.2509786293331,16.58,0.981272891391609));
#20903=CARTESIAN_POINT('',(-10.15,16.58,1.35));
#20904=CARTESIAN_POINT('',(-10.4126908358919,16.4248914239643,0.246908916759044));
#20905=CARTESIAN_POINT('',(-10.4126908358919,16.4248914239643,0.246908916759044));
#20906=CARTESIAN_POINT('',(-10.4259932560519,16.4007738897749,0.16284577656961));
#20907=CARTESIAN_POINT('',(-10.45,16.3509664508333,0.0900023465314335));
#20908=CARTESIAN_POINT('',(-10.45,16.28,0.0369167086292106));
#20909=CARTESIAN_POINT('',(-8.08404426231168,4.255,6.15));
#20910=CARTESIAN_POINT('',(-8.08404426231168,4.255,3.55));
#20911=CARTESIAN_POINT('',(-8.79040233659882,3.87942274977129,3.55));
#20912=CARTESIAN_POINT('',(-8.08404426231168,4.255,6.15));
#20913=CARTESIAN_POINT('',(-8.79040233659882,3.87942274977129,6.15));
#20914=CARTESIAN_POINT('',(-8.79040233659882,3.87942274977129,6.15));
#20915=CARTESIAN_POINT('',(-4.55,7.08,6.15));
#20916=CARTESIAN_POINT('',(-4.55,7.08,6.15));
#20917=CARTESIAN_POINT('',(-8.7,7.08,6.15));
#20918=CARTESIAN_POINT('',(-4.55,7.08,3.55));
#20919=CARTESIAN_POINT('',(-8.7,7.08,3.55));
#20920=CARTESIAN_POINT('',(-8.7,7.08,6.15));
#20921=CARTESIAN_POINT('',(-9.44999999999999,7.25,6.15));
#20922=CARTESIAN_POINT('',(-8.7,7.08,6.15));
#20923=CARTESIAN_POINT('',(-8.7,12.9925504069401,6.15));
#20924=CARTESIAN_POINT('',(-11.8375360147839,9.25338058942765,6.15));
#20925=CARTESIAN_POINT('',(-10.45,10.9069816199002,6.15));
#20926=CARTESIAN_POINT('',(-10.45,16.28,6.15));
#20927=CARTESIAN_POINT('',(-10.45,7.25,6.15));
#20928=CARTESIAN_POINT('',(-9.44999999999999,7.25,6.15));
#20929=CARTESIAN_POINT('',(-10.3329475928589,6.78052843721411,6.15));
#20930=CARTESIAN_POINT('',(-10.3329475928589,6.78052843721411,6.15));
#20931=CARTESIAN_POINT('',(-9.44999999999999,7.25,3.55));
#20932=CARTESIAN_POINT('',(-11.8375360147839,9.25338058942765,3.55));
#20933=CARTESIAN_POINT('',(-8.7,12.9925504069401,3.55));
#20934=CARTESIAN_POINT('',(-10.45,10.9069816199002,3.55));
#20935=CARTESIAN_POINT('',(-8.7,7.08,3.55));
#20936=CARTESIAN_POINT('',(-10.3329475928589,6.78052843721411,3.55));
#20937=CARTESIAN_POINT('',(-10.3329475928589,6.78052843721411,3.55));
#20938=CARTESIAN_POINT('',(-9.44999999999999,7.25,3.55));
#20939=CARTESIAN_POINT('',(-10.45,7.25,3.55));
#20940=CARTESIAN_POINT('',(-10.45,16.28,3.55));
#20941=CARTESIAN_POINT('',(-10.45,16.28,6.15));
#20942=CARTESIAN_POINT('',(-10.45,16.28,6.4));
#20943=CARTESIAN_POINT('',(-10.45,15.15,6.4));
#20944=CARTESIAN_POINT('',(-10.45,10.9069816199002,6.4));
#20945=CARTESIAN_POINT('',(-10.45,15.15,3.39999999999997));
#20946=CARTESIAN_POINT('',(-10.45,16.1773872479629,6.21859458644253));
#20947=CARTESIAN_POINT('',(-10.45,16.0404022815679,5.84278197491685));
#20948=CARTESIAN_POINT('',(-10.45,16.28,6.16308329137079));
#20949=CARTESIAN_POINT('',(-10.45,16.28,6.15));
#20950=CARTESIAN_POINT('',(-10.45,16.28,3.53691670862921));
#20951=CARTESIAN_POINT('',(-10.45,16.0404022815679,3.85721802508315));
#20952=CARTESIAN_POINT('',(-10.45,16.1773872479629,3.48140541355747));
#20953=CARTESIAN_POINT('',(-10.45,15.15,6.3));
#20954=CARTESIAN_POINT('',(-10.45,15.15,3.3));
#20955=CARTESIAN_POINT('',(-10.45,16.28,3.3));
#20956=CARTESIAN_POINT('',(-10.45,10.9069816199002,3.3));
#20957=CARTESIAN_POINT('',(-10.45,10.9069816199002,6.4));
#20958=CARTESIAN_POINT('',(-10.45,7.25,6.15));
#20959=CARTESIAN_POINT('',(-10.45,10.9069816199002,6.4));
#20960=CARTESIAN_POINT('',(-9.44999999999999,7.25,6.15));
#20961=CARTESIAN_POINT('',(-10.3329475928589,6.78052843721411,6.15));
#20962=CARTESIAN_POINT('',(-10.3329475928589,6.78052843721411,6.15));
#20963=CARTESIAN_POINT('',(-8.7,7.08,6.15));
#20964=CARTESIAN_POINT('',(-8.7,12.9925504069401,6.15));
#20965=CARTESIAN_POINT('',(-8.7,12.9925504069401,6.15));
#20966=CARTESIAN_POINT('',(-10.45,10.9069816199002,3.3));
#20967=CARTESIAN_POINT('',(-8.26697777844051,13.5086061951567,3.3));
#20968=CARTESIAN_POINT('',(-8.26697777844051,13.5086061951567,6.15));
#20969=CARTESIAN_POINT('',(-8.26697777844051,13.5086061951567,6.4));
#20970=CARTESIAN_POINT('',(-10.45,10.9069816199002,6.4));
#20971=CARTESIAN_POINT('',(-8.65000000000001,13.83,6.15));
#20972=CARTESIAN_POINT('',(-8.65000000000001,13.83,3.3));
#20973=CARTESIAN_POINT('',(-8.18624479629869,14.0168986651637,3.3));
#20974=CARTESIAN_POINT('',(-8.18624479629869,14.0168986651637,6.15));
#20975=CARTESIAN_POINT('',(-8.18624479629869,14.0168986651637,6.4));
#20976=CARTESIAN_POINT('',(-8.65000000000001,13.83,6.4));
#20977=CARTESIAN_POINT('',(-8.18624479629869,14.0168986651637,6.15));
#20978=CARTESIAN_POINT('',(-9.00173995805945,16.0404022815679,5.84278197491685));
#20979=CARTESIAN_POINT('',(-9.14349396933635,16.3921391990982,6.03325806487639));
#20980=CARTESIAN_POINT('',(-9.05694647037972,16.1773872479629,6.21859458644253));
#20981=CARTESIAN_POINT('',(-8.64289762797769,15.15,3.39999999999997));
#20982=CARTESIAN_POINT('',(-8.64289762797769,15.15,6.4));
#20983=CARTESIAN_POINT('',(-8.18624479629869,14.0168986651637,6.4));
#20984=CARTESIAN_POINT('',(-8.18624479629869,14.0168986651637,3.3));
#20985=CARTESIAN_POINT('',(-8.6428976279777,15.15,3.3));
#20986=CARTESIAN_POINT('',(-8.6428976279777,15.15,6.3));
#20987=CARTESIAN_POINT('',(-9.05694647037972,16.1773872479629,3.48140541355747));
#20988=CARTESIAN_POINT('',(-9.00173995805945,16.0404022815679,3.85721802508315));
#20989=CARTESIAN_POINT('',(-9.14349396933635,16.3921391990982,3.66674193512362));
#20990=CARTESIAN_POINT('',(-9.14349396933635,16.3921391990982,6.15));
#20991=CARTESIAN_POINT('',(-9.42174709155714,16.28,6.15));
#20992=CARTESIAN_POINT('',(-9.15905625566522,16.4248914239643,5.95309108324096));
#20993=CARTESIAN_POINT('',(-9.21678247988932,16.5295501379131,5.58829673595774));
#20994=CARTESIAN_POINT('',(-9.32076846222797,16.58,5.21872710860946));
#20995=CARTESIAN_POINT('',(-9.42174709155714,16.58,4.85));
#20996=CARTESIAN_POINT('',(-9.42174709155714,16.58,4.85));
#20997=CARTESIAN_POINT('',(-9.15905625566522,16.4248914239643,5.95309108324096));
#20998=CARTESIAN_POINT('',(-9.15905625566522,16.4248914239643,5.95309108324096));
#20999=CARTESIAN_POINT('',(-9.15461888817089,16.4168463944908,5.98113252541923));
#21000=CARTESIAN_POINT('',(-9.14905356966646,16.4059343408737,6.00778368304692));
#21001=CARTESIAN_POINT('',(-9.14349396933635,16.3921391990982,6.03325806487639));
#21002=CARTESIAN_POINT('',(-9.14349396933635,16.3921391990982,3.66674193512362));
#21003=CARTESIAN_POINT('',(-9.14905356966646,16.4059343408737,3.69221631695308));
#21004=CARTESIAN_POINT('',(-9.15461888817089,16.4168463944908,3.71886747458077));
#21005=CARTESIAN_POINT('',(-9.15905625566522,16.4248914239643,3.74690891675904));
#21006=CARTESIAN_POINT('',(-9.15905625566522,16.4248914239643,3.74690891675904));
#21007=CARTESIAN_POINT('',(-9.15905625566522,16.4248914239643,3.74690891675904));
#21008=CARTESIAN_POINT('',(-9.21678247988932,16.5295501379131,4.11170326404226));
#21009=CARTESIAN_POINT('',(-9.32076846222792,16.58,4.48127289139055));
#21010=CARTESIAN_POINT('',(-9.42174709155714,16.58,4.85));
#21011=CARTESIAN_POINT('',(-10.15,16.28,6.15));
#21012=CARTESIAN_POINT('',(-10.45,16.28,6.16308329137079));
#21013=CARTESIAN_POINT('',(-10.45,16.3508481659917,6.11008613508483));
#21014=CARTESIAN_POINT('',(-10.4259589144331,16.400836151766,6.03693720545305));
#21015=CARTESIAN_POINT('',(-10.4126908358919,16.4248914239643,5.95309108324095));
#21016=CARTESIAN_POINT('',(-10.4126908358919,16.4248914239643,5.95309108324096));
#21017=CARTESIAN_POINT('',(-10.4126908358919,16.4248914239643,5.95309108324096));
#21018=CARTESIAN_POINT('',(-10.3549646116678,16.5295501379131,5.58829673595774));
#21019=CARTESIAN_POINT('',(-10.2509786293331,16.58,5.21872710860839));
#21020=CARTESIAN_POINT('',(-10.15,16.58,4.85));
#21021=CARTESIAN_POINT('',(-10.15,16.58,4.85));
#21022=CARTESIAN_POINT('',(-10.4126908358919,16.4248914239643,3.74690891675904));
#21023=CARTESIAN_POINT('',(-10.3549646116678,16.5295501379131,4.11170326404226));
#21024=CARTESIAN_POINT('',(-10.2509786293331,16.58,4.48127289139161));
#21025=CARTESIAN_POINT('',(-10.15,16.58,4.85));
#21026=CARTESIAN_POINT('',(-10.4126908358919,16.4248914239643,3.74690891675904));
#21027=CARTESIAN_POINT('',(-10.4126908358919,16.4248914239643,3.74690891675904));
#21028=CARTESIAN_POINT('',(-10.4259932560519,16.4007738897749,3.66284577656961));
#21029=CARTESIAN_POINT('',(-10.45,16.3509664508333,3.59000234653143));
#21030=CARTESIAN_POINT('',(-10.45,16.28,3.53691670862921));
#21031=CARTESIAN_POINT('',(-8.08404426231168,4.255,13.15));
#21032=CARTESIAN_POINT('',(-8.08404426231168,4.255,10.55));
#21033=CARTESIAN_POINT('',(-8.79040233659882,3.87942274977129,10.55));
#21034=CARTESIAN_POINT('',(-8.08404426231168,4.255,13.15));
#21035=CARTESIAN_POINT('',(-8.79040233659882,3.87942274977129,13.15));
#21036=CARTESIAN_POINT('',(-8.79040233659882,3.87942274977129,13.15));
#21037=CARTESIAN_POINT('',(-4.55,7.08,13.15));
#21038=CARTESIAN_POINT('',(-4.55,7.08,13.15));
#21039=CARTESIAN_POINT('',(-8.7,7.08,13.15));
#21040=CARTESIAN_POINT('',(-4.55,7.08,10.55));
#21041=CARTESIAN_POINT('',(-8.7,7.08,10.55));
#21042=CARTESIAN_POINT('',(-8.7,7.08,13.15));
#21043=CARTESIAN_POINT('',(-9.44999999999999,7.25,13.15));
#21044=CARTESIAN_POINT('',(-8.7,7.08,13.15));
#21045=CARTESIAN_POINT('',(-8.7,12.9925504069401,13.15));
#21046=CARTESIAN_POINT('',(-11.8375360147839,9.25338058942765,13.15));
#21047=CARTESIAN_POINT('',(-10.45,10.9069816199002,13.15));
#21048=CARTESIAN_POINT('',(-10.45,16.28,13.15));
#21049=CARTESIAN_POINT('',(-10.45,7.25,13.15));
#21050=CARTESIAN_POINT('',(-9.44999999999999,7.25,13.15));
#21051=CARTESIAN_POINT('',(-10.3329475928589,6.78052843721411,13.15));
#21052=CARTESIAN_POINT('',(-10.3329475928589,6.78052843721411,13.15));
#21053=CARTESIAN_POINT('',(-9.44999999999999,7.25,10.55));
#21054=CARTESIAN_POINT('',(-11.8375360147839,9.25338058942765,10.55));
#21055=CARTESIAN_POINT('',(-8.7,12.9925504069401,10.55));
#21056=CARTESIAN_POINT('',(-10.45,10.9069816199002,10.55));
#21057=CARTESIAN_POINT('',(-8.7,7.08,10.55));
#21058=CARTESIAN_POINT('',(-10.3329475928589,6.78052843721411,10.55));
#21059=CARTESIAN_POINT('',(-10.3329475928589,6.78052843721411,10.55));
#21060=CARTESIAN_POINT('',(-9.44999999999999,7.25,10.55));
#21061=CARTESIAN_POINT('',(-10.45,7.25,10.55));
#21062=CARTESIAN_POINT('',(-10.45,16.28,10.55));
#21063=CARTESIAN_POINT('',(-10.45,16.28,13.15));
#21064=CARTESIAN_POINT('',(-10.45,16.28,13.4));
#21065=CARTESIAN_POINT('',(-10.45,15.15,13.4));
#21066=CARTESIAN_POINT('',(-10.45,10.9069816199002,13.4));
#21067=CARTESIAN_POINT('',(-10.45,15.15,10.4));
#21068=CARTESIAN_POINT('',(-10.45,16.1773872479629,13.2185945864425));
#21069=CARTESIAN_POINT('',(-10.45,16.0404022815679,12.8427819749168));
#21070=CARTESIAN_POINT('',(-10.45,16.28,13.1630832913708));
#21071=CARTESIAN_POINT('',(-10.45,16.28,13.15));
#21072=CARTESIAN_POINT('',(-10.45,16.28,10.5369167086292));
#21073=CARTESIAN_POINT('',(-10.45,16.0404022815679,10.8572180250832));
#21074=CARTESIAN_POINT('',(-10.45,16.1773872479629,10.4814054135575));
#21075=CARTESIAN_POINT('',(-10.45,15.15,13.3));
#21076=CARTESIAN_POINT('',(-10.45,15.15,10.3));
#21077=CARTESIAN_POINT('',(-10.45,16.28,10.3));
#21078=CARTESIAN_POINT('',(-10.45,10.9069816199002,10.3));
#21079=CARTESIAN_POINT('',(-10.45,10.9069816199002,13.4));
#21080=CARTESIAN_POINT('',(-10.45,7.25,13.15));
#21081=CARTESIAN_POINT('',(-10.45,10.9069816199002,13.4));
#21082=CARTESIAN_POINT('',(-9.44999999999999,7.25,13.15));
#21083=CARTESIAN_POINT('',(-10.3329475928589,6.78052843721411,13.15));
#21084=CARTESIAN_POINT('',(-10.3329475928589,6.78052843721411,13.15));
#21085=CARTESIAN_POINT('',(-8.7,7.08,13.15));
#21086=CARTESIAN_POINT('',(-8.7,12.9925504069401,13.15));
#21087=CARTESIAN_POINT('',(-8.7,12.9925504069401,13.15));
#21088=CARTESIAN_POINT('',(-10.45,10.9069816199002,10.3));
#21089=CARTESIAN_POINT('',(-8.26697777844051,13.5086061951567,10.3));
#21090=CARTESIAN_POINT('',(-8.26697777844051,13.5086061951567,13.15));
#21091=CARTESIAN_POINT('',(-8.26697777844051,13.5086061951567,13.4));
#21092=CARTESIAN_POINT('',(-10.45,10.9069816199002,13.4));
#21093=CARTESIAN_POINT('',(-8.65000000000001,13.83,13.15));
#21094=CARTESIAN_POINT('',(-8.65000000000001,13.83,10.3));
#21095=CARTESIAN_POINT('',(-8.18624479629869,14.0168986651637,10.3));
#21096=CARTESIAN_POINT('',(-8.18624479629869,14.0168986651637,13.15));
#21097=CARTESIAN_POINT('',(-8.18624479629869,14.0168986651637,13.4));
#21098=CARTESIAN_POINT('',(-8.65000000000001,13.83,13.4));
#21099=CARTESIAN_POINT('',(-8.18624479629869,14.0168986651637,13.15));
#21100=CARTESIAN_POINT('',(-9.00173995805945,16.0404022815679,12.8427819749168));
#21101=CARTESIAN_POINT('',(-9.14349396933635,16.3921391990982,13.0332580648764));
#21102=CARTESIAN_POINT('',(-9.05694647037972,16.1773872479629,13.2185945864425));
#21103=CARTESIAN_POINT('',(-8.64289762797769,15.15,10.4));
#21104=CARTESIAN_POINT('',(-8.64289762797769,15.15,13.4));
#21105=CARTESIAN_POINT('',(-8.18624479629869,14.0168986651637,13.4));
#21106=CARTESIAN_POINT('',(-8.18624479629869,14.0168986651637,10.3));
#21107=CARTESIAN_POINT('',(-8.6428976279777,15.15,10.3));
#21108=CARTESIAN_POINT('',(-8.6428976279777,15.15,13.3));
#21109=CARTESIAN_POINT('',(-9.05694647037972,16.1773872479629,10.4814054135575));
#21110=CARTESIAN_POINT('',(-9.00173995805945,16.0404022815679,10.8572180250832));
#21111=CARTESIAN_POINT('',(-9.14349396933635,16.3921391990982,10.6667419351236));
#21112=CARTESIAN_POINT('',(-9.14349396933635,16.3921391990982,13.15));
#21113=CARTESIAN_POINT('',(-9.42174709155714,16.28,13.15));
#21114=CARTESIAN_POINT('',(-9.15905625566522,16.4248914239643,12.953091083241));
#21115=CARTESIAN_POINT('',(-9.21678247988932,16.5295501379131,12.5882967359577));
#21116=CARTESIAN_POINT('',(-9.32076846222794,16.58,12.2187271086095));
#21117=CARTESIAN_POINT('',(-9.42174709155714,16.58,11.85));
#21118=CARTESIAN_POINT('',(-9.42174709155714,16.58,11.85));
#21119=CARTESIAN_POINT('',(-9.15905625566522,16.4248914239643,12.953091083241));
#21120=CARTESIAN_POINT('',(-9.15905625566522,16.4248914239643,12.953091083241));
#21121=CARTESIAN_POINT('',(-9.15461888817089,16.4168463944908,12.9811325254192));
#21122=CARTESIAN_POINT('',(-9.14905356966646,16.4059343408737,13.0077836830469));
#21123=CARTESIAN_POINT('',(-9.14349396933635,16.3921391990982,13.0332580648764));
#21124=CARTESIAN_POINT('',(-9.14349396933635,16.3921391990982,10.6667419351236));
#21125=CARTESIAN_POINT('',(-9.14905356966646,16.4059343408737,10.6922163169531));
#21126=CARTESIAN_POINT('',(-9.15461888817089,16.4168463944908,10.7188674745808));
#21127=CARTESIAN_POINT('',(-9.15905625566522,16.4248914239643,10.746908916759));
#21128=CARTESIAN_POINT('',(-9.15905625566522,16.4248914239643,10.746908916759));
#21129=CARTESIAN_POINT('',(-9.15905625566522,16.4248914239643,10.746908916759));
#21130=CARTESIAN_POINT('',(-9.21678247988932,16.5295501379131,11.1117032640423));
#21131=CARTESIAN_POINT('',(-9.32076846222792,16.58,11.4812728913906));
#21132=CARTESIAN_POINT('',(-9.42174709155714,16.58,11.85));
#21133=CARTESIAN_POINT('',(-10.15,16.28,13.15));
#21134=CARTESIAN_POINT('',(-10.45,16.28,13.1630832913708));
#21135=CARTESIAN_POINT('',(-10.45,16.3508481659917,13.1100861350848));
#21136=CARTESIAN_POINT('',(-10.4259589144331,16.400836151766,13.036937205453));
#21137=CARTESIAN_POINT('',(-10.4126908358919,16.4248914239643,12.953091083241));
#21138=CARTESIAN_POINT('',(-10.4126908358919,16.4248914239643,12.953091083241));
#21139=CARTESIAN_POINT('',(-10.4126908358919,16.4248914239643,12.953091083241));
#21140=CARTESIAN_POINT('',(-10.3549646116678,16.5295501379131,12.5882967359577));
#21141=CARTESIAN_POINT('',(-10.2509786293331,16.58,12.2187271086084));
#21142=CARTESIAN_POINT('',(-10.15,16.58,11.85));
#21143=CARTESIAN_POINT('',(-10.15,16.58,11.85));
#21144=CARTESIAN_POINT('',(-10.4126908358919,16.4248914239643,10.746908916759));
#21145=CARTESIAN_POINT('',(-10.3549646116678,16.5295501379131,11.1117032640423));
#21146=CARTESIAN_POINT('',(-10.2509786293331,16.58,11.4812728913916));
#21147=CARTESIAN_POINT('',(-10.15,16.58,11.85));
#21148=CARTESIAN_POINT('',(-10.4126908358919,16.4248914239643,10.746908916759));
#21149=CARTESIAN_POINT('',(-10.4126908358919,16.4248914239643,10.746908916759));
#21150=CARTESIAN_POINT('',(-10.4259932560519,16.4007738897749,10.6628457765696));
#21151=CARTESIAN_POINT('',(-10.45,16.3509664508333,10.5900023465314));
#21152=CARTESIAN_POINT('',(-10.45,16.28,10.5369167086292));
#21153=CARTESIAN_POINT('',(-8.08404426231168,4.255,9.65));
#21154=CARTESIAN_POINT('',(-8.08404426231168,4.255,7.05));
#21155=CARTESIAN_POINT('',(-8.79040233659882,3.87942274977129,7.05));
#21156=CARTESIAN_POINT('',(-8.08404426231168,4.255,9.65));
#21157=CARTESIAN_POINT('',(-8.79040233659882,3.87942274977129,9.65));
#21158=CARTESIAN_POINT('',(-8.79040233659882,3.87942274977129,9.65));
#21159=CARTESIAN_POINT('',(-4.55,7.08,9.65));
#21160=CARTESIAN_POINT('',(-4.55,7.08,9.65));
#21161=CARTESIAN_POINT('',(-8.7,7.08,9.65));
#21162=CARTESIAN_POINT('',(-4.55,7.08,7.05));
#21163=CARTESIAN_POINT('',(-8.7,7.08,7.05));
#21164=CARTESIAN_POINT('',(-8.7,7.08,9.65));
#21165=CARTESIAN_POINT('',(-9.44999999999999,7.25,9.65));
#21166=CARTESIAN_POINT('',(-8.7,7.08,9.65));
#21167=CARTESIAN_POINT('',(-8.7,12.9925504069401,9.65));
#21168=CARTESIAN_POINT('',(-11.8375360147839,9.25338058942765,9.65));
#21169=CARTESIAN_POINT('',(-10.45,10.9069816199002,9.65));
#21170=CARTESIAN_POINT('',(-10.45,16.28,9.65));
#21171=CARTESIAN_POINT('',(-10.45,7.25,9.65));
#21172=CARTESIAN_POINT('',(-9.44999999999999,7.25,9.65));
#21173=CARTESIAN_POINT('',(-10.3329475928589,6.78052843721411,9.65));
#21174=CARTESIAN_POINT('',(-10.3329475928589,6.78052843721411,9.65));
#21175=CARTESIAN_POINT('',(-9.44999999999999,7.25,7.05));
#21176=CARTESIAN_POINT('',(-11.8375360147839,9.25338058942765,7.05));
#21177=CARTESIAN_POINT('',(-8.7,12.9925504069401,7.05));
#21178=CARTESIAN_POINT('',(-10.45,10.9069816199002,7.05));
#21179=CARTESIAN_POINT('',(-8.7,7.08,7.05));
#21180=CARTESIAN_POINT('',(-10.3329475928589,6.78052843721411,7.05));
#21181=CARTESIAN_POINT('',(-10.3329475928589,6.78052843721411,7.05));
#21182=CARTESIAN_POINT('',(-9.44999999999999,7.25,7.05));
#21183=CARTESIAN_POINT('',(-10.45,7.25,7.05));
#21184=CARTESIAN_POINT('',(-10.45,16.28,7.05));
#21185=CARTESIAN_POINT('',(-10.45,16.28,9.65));
#21186=CARTESIAN_POINT('',(-10.45,16.28,9.9));
#21187=CARTESIAN_POINT('',(-10.45,15.15,9.9));
#21188=CARTESIAN_POINT('',(-10.45,10.9069816199002,9.9));
#21189=CARTESIAN_POINT('',(-10.45,15.15,6.89999999999997));
#21190=CARTESIAN_POINT('',(-10.45,16.1773872479629,9.71859458644253));
#21191=CARTESIAN_POINT('',(-10.45,16.0404022815679,9.34278197491685));
#21192=CARTESIAN_POINT('',(-10.45,16.28,9.66308329137079));
#21193=CARTESIAN_POINT('',(-10.45,16.28,9.65));
#21194=CARTESIAN_POINT('',(-10.45,16.28,7.03691670862921));
#21195=CARTESIAN_POINT('',(-10.45,16.0404022815679,7.35721802508315));
#21196=CARTESIAN_POINT('',(-10.45,16.1773872479629,6.98140541355747));
#21197=CARTESIAN_POINT('',(-10.45,15.15,9.8));
#21198=CARTESIAN_POINT('',(-10.45,15.15,6.8));
#21199=CARTESIAN_POINT('',(-10.45,16.28,6.8));
#21200=CARTESIAN_POINT('',(-10.45,10.9069816199002,6.8));
#21201=CARTESIAN_POINT('',(-10.45,10.9069816199002,9.9));
#21202=CARTESIAN_POINT('',(-10.45,7.25,9.65));
#21203=CARTESIAN_POINT('',(-10.45,10.9069816199002,9.9));
#21204=CARTESIAN_POINT('',(-9.44999999999999,7.25,9.65));
#21205=CARTESIAN_POINT('',(-10.3329475928589,6.78052843721411,9.65));
#21206=CARTESIAN_POINT('',(-10.3329475928589,6.78052843721411,9.65));
#21207=CARTESIAN_POINT('',(-8.7,7.08,9.65));
#21208=CARTESIAN_POINT('',(-8.7,12.9925504069401,9.65));
#21209=CARTESIAN_POINT('',(-8.7,12.9925504069401,9.65));
#21210=CARTESIAN_POINT('',(-10.45,10.9069816199002,6.8));
#21211=CARTESIAN_POINT('',(-8.26697777844051,13.5086061951567,6.8));
#21212=CARTESIAN_POINT('',(-8.26697777844051,13.5086061951567,9.65));
#21213=CARTESIAN_POINT('',(-8.26697777844051,13.5086061951567,9.9));
#21214=CARTESIAN_POINT('',(-10.45,10.9069816199002,9.9));
#21215=CARTESIAN_POINT('',(-8.65000000000001,13.83,9.65));
#21216=CARTESIAN_POINT('',(-8.65000000000001,13.83,6.8));
#21217=CARTESIAN_POINT('',(-8.18624479629869,14.0168986651637,6.8));
#21218=CARTESIAN_POINT('',(-8.18624479629869,14.0168986651637,9.65));
#21219=CARTESIAN_POINT('',(-8.18624479629869,14.0168986651637,9.9));
#21220=CARTESIAN_POINT('',(-8.65000000000001,13.83,9.9));
#21221=CARTESIAN_POINT('',(-8.18624479629869,14.0168986651637,9.65));
#21222=CARTESIAN_POINT('',(-9.00173995805945,16.0404022815679,9.34278197491685));
#21223=CARTESIAN_POINT('',(-9.14349396933635,16.3921391990982,9.53325806487639));
#21224=CARTESIAN_POINT('',(-9.05694647037972,16.1773872479629,9.71859458644253));
#21225=CARTESIAN_POINT('',(-8.64289762797769,15.15,6.89999999999997));
#21226=CARTESIAN_POINT('',(-8.64289762797769,15.15,9.9));
#21227=CARTESIAN_POINT('',(-8.18624479629869,14.0168986651637,9.9));
#21228=CARTESIAN_POINT('',(-8.18624479629869,14.0168986651637,6.8));
#21229=CARTESIAN_POINT('',(-8.6428976279777,15.15,6.8));
#21230=CARTESIAN_POINT('',(-8.6428976279777,15.15,9.8));
#21231=CARTESIAN_POINT('',(-9.05694647037972,16.1773872479629,6.98140541355747));
#21232=CARTESIAN_POINT('',(-9.00173995805945,16.0404022815679,7.35721802508315));
#21233=CARTESIAN_POINT('',(-9.14349396933635,16.3921391990982,7.16674193512362));
#21234=CARTESIAN_POINT('',(-9.14349396933635,16.3921391990982,9.65));
#21235=CARTESIAN_POINT('',(-9.42174709155714,16.28,9.65));
#21236=CARTESIAN_POINT('',(-9.15905625566522,16.4248914239643,9.45309108324096));
#21237=CARTESIAN_POINT('',(-9.21678247988932,16.5295501379131,9.08829673595774));
#21238=CARTESIAN_POINT('',(-9.32076846222794,16.58,8.71872710860946));
#21239=CARTESIAN_POINT('',(-9.42174709155714,16.58,8.35));
#21240=CARTESIAN_POINT('',(-9.42174709155714,16.58,8.35));
#21241=CARTESIAN_POINT('',(-9.15905625566522,16.4248914239643,9.45309108324096));
#21242=CARTESIAN_POINT('',(-9.15905625566522,16.4248914239643,9.45309108324096));
#21243=CARTESIAN_POINT('',(-9.15461888817089,16.4168463944908,9.48113252541923));
#21244=CARTESIAN_POINT('',(-9.14905356966646,16.4059343408737,9.50778368304693));
#21245=CARTESIAN_POINT('',(-9.14349396933635,16.3921391990982,9.53325806487639));
#21246=CARTESIAN_POINT('',(-9.14349396933635,16.3921391990982,7.16674193512362));
#21247=CARTESIAN_POINT('',(-9.14905356966646,16.4059343408737,7.19221631695308));
#21248=CARTESIAN_POINT('',(-9.15461888817089,16.4168463944908,7.21886747458077));
#21249=CARTESIAN_POINT('',(-9.15905625566522,16.4248914239643,7.24690891675905));
#21250=CARTESIAN_POINT('',(-9.15905625566522,16.4248914239643,7.24690891675904));
#21251=CARTESIAN_POINT('',(-9.15905625566522,16.4248914239643,7.24690891675904));
#21252=CARTESIAN_POINT('',(-9.21678247988932,16.5295501379131,7.61170326404226));
#21253=CARTESIAN_POINT('',(-9.32076846222792,16.58,7.98127289139055));
#21254=CARTESIAN_POINT('',(-9.42174709155714,16.58,8.35));
#21255=CARTESIAN_POINT('',(-10.15,16.28,9.65));
#21256=CARTESIAN_POINT('',(-10.45,16.28,9.66308329137079));
#21257=CARTESIAN_POINT('',(-10.45,16.3508481659917,9.61008613508483));
#21258=CARTESIAN_POINT('',(-10.4259589144331,16.400836151766,9.53693720545305));
#21259=CARTESIAN_POINT('',(-10.4126908358919,16.4248914239643,9.45309108324095));
#21260=CARTESIAN_POINT('',(-10.4126908358919,16.4248914239643,9.45309108324096));
#21261=CARTESIAN_POINT('',(-10.4126908358919,16.4248914239643,9.45309108324096));
#21262=CARTESIAN_POINT('',(-10.3549646116678,16.5295501379131,9.08829673595774));
#21263=CARTESIAN_POINT('',(-10.2509786293331,16.58,8.71872710860839));
#21264=CARTESIAN_POINT('',(-10.15,16.58,8.35));
#21265=CARTESIAN_POINT('',(-10.15,16.58,8.35));
#21266=CARTESIAN_POINT('',(-10.4126908358919,16.4248914239643,7.24690891675904));
#21267=CARTESIAN_POINT('',(-10.3549646116678,16.5295501379131,7.61170326404226));
#21268=CARTESIAN_POINT('',(-10.2509786293331,16.58,7.98127289139161));
#21269=CARTESIAN_POINT('',(-10.15,16.58,8.35));
#21270=CARTESIAN_POINT('',(-10.4126908358919,16.4248914239643,7.24690891675904));
#21271=CARTESIAN_POINT('',(-10.4126908358919,16.4248914239643,7.24690891675904));
#21272=CARTESIAN_POINT('',(-10.4259932560519,16.4007738897749,7.16284577656961));
#21273=CARTESIAN_POINT('',(-10.45,16.3509664508333,7.09000234653143));
#21274=CARTESIAN_POINT('',(-10.45,16.28,7.03691670862921));
#21275=CARTESIAN_POINT('',(-8.65000000000001,13.83,-0.2));
#21276=CARTESIAN_POINT('',(-7.95,15.15,-0.199999999999999));
#21277=CARTESIAN_POINT('',(-8.65000000000001,13.83,2.9));
#21278=CARTESIAN_POINT('',(-7.95,15.15,2.9));
#21279=CARTESIAN_POINT('',(-8.65000000000001,13.83,6.8));
#21280=CARTESIAN_POINT('',(-7.95,15.15,6.8));
#21281=CARTESIAN_POINT('',(-8.65000000000001,13.83,9.9));
#21282=CARTESIAN_POINT('',(-7.95,15.15,9.9));
#21283=CARTESIAN_POINT('',(-8.65000000000001,13.83,10.3));
#21284=CARTESIAN_POINT('',(-7.95,15.15,10.3));
#21285=CARTESIAN_POINT('',(-8.65000000000001,13.83,13.4));
#21286=CARTESIAN_POINT('',(-7.95,15.15,13.4));
#21287=CARTESIAN_POINT('',(-8.65000000000001,13.83,3.3));
#21288=CARTESIAN_POINT('',(-7.95,15.15,3.3));
#21289=CARTESIAN_POINT('',(-8.65000000000001,13.83,6.4));
#21290=CARTESIAN_POINT('',(-7.95,15.15,6.4));
#21291=CARTESIAN_POINT('',(-7.95,16.0404022815679,2.34278197491685));
#21292=CARTESIAN_POINT('',(-7.95,16.4248914239643,2.45309108324096));
#21293=CARTESIAN_POINT('',(-7.95,16.1773872479629,2.71859458644253));
#21294=CARTESIAN_POINT('',(-7.95,12.58,1.35));
#21295=CARTESIAN_POINT('',(-7.95,16.4248914239643,0.246908916759044));
#21296=CARTESIAN_POINT('',(-7.95,16.0404022815679,0.357218025083151));
#21297=CARTESIAN_POINT('',(-7.95,16.1773872479629,-0.0185945864425305));
#21298=CARTESIAN_POINT('',(-7.95,15.15,2.8));
#21299=CARTESIAN_POINT('',(-7.95,15.15,-0.100000000000033));
#21300=CARTESIAN_POINT('',(-7.95,16.0404022815679,5.84278197491685));
#21301=CARTESIAN_POINT('',(-7.95,16.4248914239643,5.95309108324096));
#21302=CARTESIAN_POINT('',(-7.95,16.1773872479629,6.21859458644253));
#21303=CARTESIAN_POINT('',(-7.95,12.58,4.85));
#21304=CARTESIAN_POINT('',(-7.95,16.4248914239643,3.74690891675904));
#21305=CARTESIAN_POINT('',(-7.95,16.0404022815679,3.85721802508315));
#21306=CARTESIAN_POINT('',(-7.95,16.1773872479629,3.48140541355747));
#21307=CARTESIAN_POINT('',(-7.95,15.15,6.3));
#21308=CARTESIAN_POINT('',(-7.95,15.15,3.39999999999997));
#21309=CARTESIAN_POINT('',(-7.95,16.0404022815679,12.8427819749168));
#21310=CARTESIAN_POINT('',(-7.95,16.4248914239643,12.953091083241));
#21311=CARTESIAN_POINT('',(-7.95,16.1773872479629,13.2185945864425));
#21312=CARTESIAN_POINT('',(-7.95,12.58,11.85));
#21313=CARTESIAN_POINT('',(-7.95,16.4248914239643,10.746908916759));
#21314=CARTESIAN_POINT('',(-7.95,16.0404022815679,10.8572180250832));
#21315=CARTESIAN_POINT('',(-7.95,16.1773872479629,10.4814054135575));
#21316=CARTESIAN_POINT('',(-7.95,15.15,13.3));
#21317=CARTESIAN_POINT('',(-7.95,15.15,10.4));
#21318=CARTESIAN_POINT('',(-7.95,16.0404022815679,9.34278197491685));
#21319=CARTESIAN_POINT('',(-7.95,16.4248914239643,9.45309108324096));
#21320=CARTESIAN_POINT('',(-7.95,16.1773872479629,9.71859458644253));
#21321=CARTESIAN_POINT('',(-7.95,12.58,8.35));
#21322=CARTESIAN_POINT('',(-7.95,16.4248914239643,7.24690891675904));
#21323=CARTESIAN_POINT('',(-7.95,16.0404022815679,7.35721802508315));
#21324=CARTESIAN_POINT('',(-7.95,16.1773872479629,6.98140541355747));
#21325=CARTESIAN_POINT('',(-7.95,15.15,9.8));
#21326=CARTESIAN_POINT('',(-7.95,15.15,6.89999999999997));
#21327=CARTESIAN_POINT('',(-0.55,8.25,14.5));
#21328=CARTESIAN_POINT('',(-2.35,9.1839,14.5));
#21329=CARTESIAN_POINT('',(-2.35,9.1839,14.5));
#21330=CARTESIAN_POINT('',(-0.55,8.25,14.5));
#21331=CARTESIAN_POINT('',(-0.55,8.25,14.5));
#21332=CARTESIAN_POINT('',(-0.55,8.25,14.5));
#21333=CARTESIAN_POINT('',(-2.35,9.1839,14.5));
#21334=CARTESIAN_POINT('',(-2.35,7.45,14.5));
#21335=CARTESIAN_POINT('',(-2.35,7.45,14.5));
#21336=CARTESIAN_POINT('',(-2.35,9.1839,14.5));
#21337=CARTESIAN_POINT('',(-2.35,7.45,14.5));
#21338=CARTESIAN_POINT('',(0.2,7.45,14.5));
#21339=CARTESIAN_POINT('',(0.2,7.45,14.5));
#21340=CARTESIAN_POINT('',(-2.35,7.45,14.5));
#21341=CARTESIAN_POINT('',(0.2,7.45,14.5));
#21342=CARTESIAN_POINT('',(0.2,8.25,14.5));
#21343=CARTESIAN_POINT('',(0.2,8.25,14.5));
#21344=CARTESIAN_POINT('',(0.2,7.45,14.5));
#21345=CARTESIAN_POINT('',(0.2,8.25,14.5));
#21346=CARTESIAN_POINT('',(0.2,8.25,14.5));
#21347=CARTESIAN_POINT('',(0.,0.,14.5));
#21348=CARTESIAN_POINT('',(-7.4,5.4,14.75));
#21349=CARTESIAN_POINT('',(-7.4,5.4,14.75));
#21350=CARTESIAN_POINT('',(-6.95,5.4,14.75));
#21351=CARTESIAN_POINT('',(-7.4,5.4,14.75));
#21352=CARTESIAN_POINT('',(-4.25,4.24939033455901,14.55));
#21353=CARTESIAN_POINT('',(-5.85,4.24939033455901,14.55));
#21354=CARTESIAN_POINT('',(-5.85,4.24939033455901,14.55));
#21355=CARTESIAN_POINT('',(-4.25,4.24939033455901,14.55));
#21356=CARTESIAN_POINT('',(-5.38137084989848,5.38076118445749,14.55));
#21357=CARTESIAN_POINT('',(-5.38137084989848,5.38076118445749,14.55));
#21358=CARTESIAN_POINT('',(-5.85,4.24939033455901,14.55));
#21359=CARTESIAN_POINT('',(-5.85,3.45,14.55));
#21360=CARTESIAN_POINT('',(-5.85,3.45,14.55));
#21361=CARTESIAN_POINT('',(-5.85,4.24939033455901,14.55));
#21362=CARTESIAN_POINT('',(-5.85,3.45,14.55));
#21363=CARTESIAN_POINT('',(-5.35,3.45,14.55));
#21364=CARTESIAN_POINT('',(-5.35,3.45,14.55));
#21365=CARTESIAN_POINT('',(-5.85,3.45,14.55));
#21366=CARTESIAN_POINT('',(-5.35,3.95,14.55));
#21367=CARTESIAN_POINT('',(-4.85,3.95,14.55));
#21368=CARTESIAN_POINT('',(-4.85,3.95,14.55));
#21369=CARTESIAN_POINT('',(-5.35,3.95,14.55));
#21370=CARTESIAN_POINT('',(-4.85,3.95,14.55));
#21371=CARTESIAN_POINT('',(-4.85,5.55,14.55));
#21372=CARTESIAN_POINT('',(-4.85,5.55,14.55));
#21373=CARTESIAN_POINT('',(-4.85,3.95,14.55));
#21374=CARTESIAN_POINT('',(-5.,5.55,14.55));
#21375=CARTESIAN_POINT('',(-5.10606601717798,5.65606601717798,14.55));
#21376=CARTESIAN_POINT('',(-5.10606601717798,5.65606601717798,14.55));
#21377=CARTESIAN_POINT('',(-5.,5.55,14.55));
#21378=CARTESIAN_POINT('',(-5.10606601717798,5.65606601717798,14.55));
#21379=CARTESIAN_POINT('',(-5.10606601717798,5.65606601717798,14.55));
#21380=CARTESIAN_POINT('',(-4.25,4.24939033455901,14.55));
#21381=MECHANICAL_DESIGN_GEOMETRIC_PRESENTATION_REPRESENTATION('',(#9882,
#9883,#9884,#9885,#9886,#9887,#9888,#9889,#9890,#9891,#9892,#9893,#9894,
#9895,#9896,#9897,#9898,#9899,#9900,#9901,#9902,#9903,#9904,#9905,#9906,
#9907,#9908,#9909,#9910,#9911,#9912,#9913,#9914,#9915,#9916,#9917,#9918,
#9919,#9920,#9921,#9922,#9923,#9924,#9925,#9926,#9927,#9928,#9929,#9930,
#9931,#9932,#9933,#9934,#9935,#9936,#9937,#9938,#9939,#9940,#9941,#9942,
#9943,#9944,#9945,#9946,#9947,#9948,#9949,#9950,#9951,#9952,#9953,#9954,
#9955,#9956,#9957,#9958,#9959,#9960,#9961,#9962,#9963,#9964,#9965,#9966,
#9967,#9968,#9969,#9970,#9971,#9972,#9973,#9974,#9975,#9976,#9977,#9978,
#9979,#9980,#9981,#9982,#9983,#9984,#9985,#9986,#9987,#9988,#9989,#9990,
#9991,#9992,#9993,#9994,#9995,#9996,#9997,#9998,#9999,#10000,#10001,#10002,
#10003,#10004,#10005,#10006,#10007,#10008,#10009,#10010,#10011,#10012,#10013,
#10014,#10015,#10016,#10017,#10018,#10019,#10020,#10021,#10022,#10023,#10024,
#10025,#10026,#10027,#10028,#10029,#10030,#10031,#10032,#10033,#10034,#10035,
#10036,#10037,#10038,#10039,#10040,#10041,#10042,#10043,#10044,#10045,#10046,
#10047,#10048,#10049,#10050,#10051,#10052,#10053,#10054,#10055,#10056,#10057,
#10058,#10059,#10060,#10061,#10062,#10063,#10064,#10065,#10066,#10067,#10068,
#10069,#10070,#10071,#10072,#10073,#10074,#10075,#10076,#10077,#10078,#10079,
#10080,#10081,#10082,#10083,#10084,#10085,#10086,#10087,#10088,#10089,#10090,
#10091,#10092,#10093,#10094,#10095,#10096,#10097,#10098,#10099,#10100,#10101,
#10102,#10103,#10104,#10105,#10106,#10107,#10108,#10109,#10110,#10111,#10112,
#10113,#10114,#10115,#10116,#10117,#10118,#10119,#10120,#10121,#10122,#10123,
#10124,#10125,#10126,#10127,#10128,#10129,#10130,#10131,#10132,#10133,#10134,
#10135,#10136,#10137,#10138,#10139,#10140,#10141,#10142,#10143,#10144,#10145,
#10146,#10147,#10148,#10149,#10150,#10151,#10152,#10153,#10154,#10155,#10156,
#10157,#10158,#10159,#10160,#10161,#10162,#10163,#10164,#10165,#10166,#10167,
#10168,#10169,#10170,#10171,#10172,#10173,#10174,#10175,#10176,#10177,#10178,
#10179,#10180,#10181,#10182,#10183,#10184,#10185,#10186,#10187,#10188,#10189,
#10190,#10191,#10192,#10193,#10194,#10195,#10196,#10197,#10198,#10199,#10200,
#10201,#10202,#10203,#10204,#10205,#10206,#10207,#10208,#10209,#10210,#10211,
#10212,#10213,#10214,#10215,#10216,#10217,#10218,#10219,#10220,#10221,#10222,
#10223,#10224,#10225,#10226,#10227,#10228,#10229,#10230,#10231,#10232,#10233,
#10234,#10235,#10236,#10237,#10238,#10239,#10240,#10241,#10242,#10243,#10244,
#10245,#10246,#10247,#10248,#10249,#10250,#10251,#10252,#10253,#10254,#10255,
#10256,#10257,#10258,#10259,#10260,#10261,#10262,#10263,#10264,#10265,#10266,
#10267,#10268,#10269,#10270,#10271,#10272,#10273,#10274,#10275,#10276,#10277,
#10278,#10279,#10280,#10281,#10282,#10283,#10284,#10285,#10286,#10287,#10288,
#10289,#10290,#10291,#10292,#10293,#10294,#10295,#10296,#10297,#10298,#10299,
#10300,#10301,#10302,#10303,#10304,#10305,#10306,#10307,#10308,#10309,#10310,
#10311,#10312,#10313,#10314,#10315,#10316,#10317,#10318,#10319,#10320,#10321,
#10322,#10323,#10324,#10325,#10326,#10327,#10328,#10329,#10330,#10331,#10332,
#10333,#10334,#10335,#10336,#10337,#10338,#10339,#10340,#10341,#10342,#10343,
#10344,#10345,#10346,#10347,#10348,#10349,#10350,#10351,#10352,#10353,#10354,
#10355,#10356,#10357,#10358,#10359,#10360,#10361,#10362,#10363,#10364,#10365,
#10366,#10367,#10368,#10369,#10370,#10371,#10372,#10373,#10374,#10375,#10376,
#10377,#10378,#10379,#10380,#10381,#10382,#10383,#10384,#10385,#10386,#10387,
#10388,#10389,#10390,#10391,#10392,#10393,#10394,#10395,#10396,#10397,#10398,
#10399,#10400,#10401,#10402,#10403,#10404,#10405,#10406,#10407,#10408,#10409,
#10410,#10411,#10412,#10413,#10414,#10415,#10416,#10417,#10418,#10419,#10420,
#10421,#10422,#10423,#10424,#10425),#21382);
#21382=(
GEOMETRIC_REPRESENTATION_CONTEXT(3)
GLOBAL_UNCERTAINTY_ASSIGNED_CONTEXT((#21383))
GLOBAL_UNIT_ASSIGNED_CONTEXT((#21386,#21385,#21384))
REPRESENTATION_CONTEXT('2601-3104','TOP_LEVEL_ASSEMBLY_PART')
);
#21383=UNCERTAINTY_MEASURE_WITH_UNIT(LENGTH_MEASURE(1.E-5),#21386,
'DISTANCE_ACCURACY_VALUE','Maximum Tolerance applied to model');
#21384=(
NAMED_UNIT(*)
SI_UNIT($,.STERADIAN.)
SOLID_ANGLE_UNIT()
);
#21385=(
NAMED_UNIT(*)
PLANE_ANGLE_UNIT()
SI_UNIT($,.RADIAN.)
);
#21386=(
LENGTH_UNIT()
NAMED_UNIT(*)
SI_UNIT(.MILLI.,.METRE.)
);
#21387=PRODUCT_DEFINITION_SHAPE('','',#21388);
#21388=PRODUCT_DEFINITION('','',#21390,#21389);
#21389=PRODUCT_DEFINITION_CONTEXT('',#21396,'design');
#21390=PRODUCT_DEFINITION_FORMATION_WITH_SPECIFIED_SOURCE('','',#21392,
 .NOT_KNOWN.);
#21391=PRODUCT_RELATED_PRODUCT_CATEGORY('','',(#21392));
#21392=PRODUCT('2601-3104','2601-3104','2601-3104',(#21394));
#21393=PRODUCT_CATEGORY('','');
#21394=PRODUCT_CONTEXT('',#21396,'mechanical');
#21395=APPLICATION_PROTOCOL_DEFINITION('international standard',
'ap242_managed_model_based_3d_engineering',2011,#21396);
#21396=APPLICATION_CONTEXT('managed model based 3d engineering');
ENDSEC;
END-ISO-10303-21;
